row_idx,category,y_qwen,y_internvl,p_qwen,p_internvl,agreement_case
0,descriptive,1,1,0.8742938084437004,0.9456993074628653,both_correct
1,descriptive,1,1,0.832734088635087,0.9425453621232559,both_correct
2,descriptive,1,1,0.7412104930437022,0.8341406128278017,both_correct
3,descriptive,1,1,0.8950746049058409,0.9001928543844364,both_correct
4,descriptive,1,1,0.8968954126584778,0.8867229415348337,both_correct
5,descriptive,1,1,0.8531275742800913,0.860031048766112,both_correct
6,descriptive,1,1,0.9262274274707515,0.9165135575680976,both_correct
7,descriptive,1,1,0.9563933106858922,0.9647895380646021,both_correct
8,descriptive,1,1,0.977295761548543,0.9241039990717054,both_correct
9,descriptive,1,1,0.9282628566361627,0.9421188597182275,both_correct
10,descriptive,1,1,0.9562975777255143,0.9624755286184689,both_correct
11,descriptive,1,1,0.9300622996917024,0.937725719916479,both_correct
12,descriptive,1,1,0.9655710096692942,0.9266472083397389,both_correct
13,descriptive,1,0,0.6778288784736665,0.2463510358241647,qwen_only
14,descriptive,1,1,0.9479122681832113,0.920735595929426,both_correct
15,descriptive,1,1,0.9394571745432652,0.8941872108763707,both_correct
16,descriptive,1,1,0.7859740564045699,0.783276099672034,both_correct
17,descriptive,0,0,0.7832050776979798,0.7582377273425756,both_wrong
18,descriptive,0,1,0.8232407764589429,0.7872265882600176,internvl_only
19,descriptive,1,1,0.9509884641166078,0.9337116237069493,both_correct
20,descriptive,1,1,0.803458638556755,0.8373267488353675,both_correct
21,descriptive,0,1,0.9214083515392172,0.8190936355549016,internvl_only
22,descriptive,1,1,0.90437363063587,0.9493670675832809,both_correct
23,descriptive,1,1,0.8608967142608035,0.49950663774534587,both_correct
24,descriptive,1,1,0.814420675274288,0.6965952199989299,both_correct
25,descriptive,1,1,0.9195017674492952,0.8919202565113554,both_correct
26,descriptive,1,1,0.8727578879682008,0.832918827725804,both_correct
27,descriptive,1,1,0.7702264169365526,0.7807842176238006,both_correct
28,descriptive,1,1,0.9412927891813034,0.7952484786118171,both_correct
29,descriptive,1,1,0.8428699427998592,0.8363585751776462,both_correct
30,descriptive,1,1,0.9719547874625032,0.9268317644277999,both_correct
31,descriptive,1,1,0.9552550384598727,0.9192804917135392,both_correct
32,descriptive,1,1,0.9214083515392172,0.8190936355549016,both_correct
33,descriptive,1,1,0.937767467546815,0.8992920410554617,both_correct
34,descriptive,0,0,0.6318860868285425,0.2184535284377075,both_wrong
35,descriptive,1,1,0.869008067407418,0.8923082470527177,both_correct
36,descriptive,1,1,0.9150291487967975,0.8351621131953427,both_correct
37,descriptive,1,0,0.7739578778044044,0.7264721790231464,qwen_only
38,descriptive,1,1,0.9681781396012684,0.9663439481862084,both_correct
39,descriptive,1,1,0.9196124907387676,0.9347903903421649,both_correct
40,descriptive,1,1,0.8836360876641607,0.8938401118081128,both_correct
41,descriptive,1,1,0.9662782730449226,0.9417481464200342,both_correct
42,descriptive,1,1,0.9214083515392172,0.8190936355549016,both_correct
43,descriptive,0,1,0.9551079696871884,0.9353172070979677,internvl_only
44,descriptive,1,1,0.8805170113737754,0.9538511994789284,both_correct
45,descriptive,1,1,0.907189059672216,0.6746412964867979,both_correct
46,descriptive,0,1,0.7749068663926056,0.912427198096869,internvl_only
47,descriptive,1,1,0.9564656075267064,0.9571526190862771,both_correct
48,descriptive,1,1,0.8278663628957528,0.7943471283574502,both_correct
49,descriptive,1,1,0.917584864367223,0.852712467077521,both_correct
50,descriptive,1,1,0.8858432596084632,0.9370956631489069,both_correct
51,descriptive,0,1,0.8512676819309611,0.7391044191952134,internvl_only
52,descriptive,1,1,0.9178729208159856,0.86321056431659,both_correct
53,descriptive,1,1,0.9747936184734267,0.9801005302717348,both_correct
54,descriptive,1,1,0.8836394753330438,0.9113117890829077,both_correct
55,descriptive,1,1,0.8257156830870123,0.9092439221501698,both_correct
56,descriptive,1,1,0.9018168673789684,0.5865223400643358,both_correct
57,descriptive,0,0,0.6318860868285425,0.2184535284377075,both_wrong
58,descriptive,1,1,0.8727031179007294,0.7066650530983505,both_correct
59,descriptive,1,1,0.8877526320797495,0.8152035954423182,both_correct
60,descriptive,1,1,0.8437130340897592,0.7765603604234984,both_correct
61,descriptive,1,1,0.9062165833590786,0.9459482200628961,both_correct
62,descriptive,1,1,0.8876920867090565,0.9397427982000155,both_correct
63,descriptive,1,1,0.9842971296249172,0.9529760609623998,both_correct
64,descriptive,1,1,0.9811023026068252,0.9473013559545798,both_correct
65,descriptive,1,1,0.9471064501544846,0.9572605067131182,both_correct
66,descriptive,1,1,0.94103769564575,0.8939753109459582,both_correct
67,descriptive,1,1,0.8715666960038267,0.9070204592018432,both_correct
68,descriptive,1,1,0.8846063620245936,0.6962020624896333,both_correct
69,descriptive,1,1,0.8155760630173488,0.6183077697608819,both_correct
70,descriptive,1,1,0.7438411796938995,0.6392849170458133,both_correct
71,descriptive,1,1,0.9567644053908617,0.9483701432676671,both_correct
72,descriptive,0,1,0.8287395658623257,0.7537991586836811,internvl_only
73,descriptive,1,0,0.7945060067057906,0.7111733852021493,qwen_only
74,descriptive,1,1,0.9463853647614554,0.918784147432595,both_correct
75,descriptive,1,1,0.9805667446304486,0.9620750028600566,both_correct
76,descriptive,1,1,0.9690966767076895,0.9561253948546546,both_correct
77,descriptive,1,1,0.9034322313858384,0.9286574347247384,both_correct
78,descriptive,1,1,0.9018168673789684,0.5865223400643358,both_correct
79,descriptive,1,1,0.8251424038287691,0.5937420258127423,both_correct
80,descriptive,1,1,0.9006786163558698,0.7731848715367188,both_correct
81,descriptive,1,1,0.8558987140356058,0.8367886256245588,both_correct
82,descriptive,1,1,0.9457296776418683,0.9615879992809174,both_correct
83,descriptive,1,1,0.862319243935521,0.8871514207163212,both_correct
84,descriptive,1,1,0.8795161616932285,0.9193906122082912,both_correct
85,descriptive,1,1,0.9812326403724485,0.9597350330390154,both_correct
86,descriptive,1,0,0.9656550716456932,0.9663617651130443,qwen_only
87,descriptive,1,1,0.8957312252426519,0.9441745222131812,both_correct
88,descriptive,1,1,0.8981666220593908,0.9349821974514767,both_correct
89,descriptive,1,1,0.8450143516243752,0.9483528662511351,both_correct
90,descriptive,0,0,0.6778288784736665,0.2463510358241647,both_wrong
91,descriptive,1,1,0.9150670116197404,0.9190829815720857,both_correct
92,descriptive,1,1,0.6993975172476053,0.6754373261265424,both_correct
93,descriptive,1,1,0.9553946889701957,0.9511632635025684,both_correct
94,descriptive,1,1,0.8825530165552042,0.9052723314168057,both_correct
95,descriptive,1,1,0.8870416357906663,0.9321976698881754,both_correct
96,descriptive,1,1,0.9803396500147391,0.9370291733469313,both_correct
97,descriptive,1,1,0.8960441421899764,0.9002634590962688,both_correct
98,descriptive,1,1,0.9309867470140405,0.8425714335972577,both_correct
99,descriptive,1,1,0.9082711253122923,0.9338786682532114,both_correct
100,descriptive,1,0,0.6318860868285425,0.2184535284377075,qwen_only
101,descriptive,1,1,0.7611101692501476,0.6607906174415445,both_correct
102,descriptive,1,1,0.9703780160340237,0.9767463642426598,both_correct
103,descriptive,1,1,0.9558811433292127,0.9559535302766946,both_correct
104,descriptive,1,1,0.9003150358406259,0.776625943241074,both_correct
105,descriptive,0,1,0.9252210589492571,0.9631898802132867,internvl_only
106,descriptive,1,1,0.9108457889006277,0.9545108770893845,both_correct
107,descriptive,0,0,0.9217373463528734,0.9385407911633776,both_wrong
108,descriptive,1,1,0.9386580709177385,0.9842948355192777,both_correct
109,descriptive,1,1,0.7761880206626893,0.7745557890246149,both_correct
110,descriptive,1,1,0.9316803996507032,0.9130409216239389,both_correct
111,descriptive,1,1,0.9031022266723691,0.7058188031326872,both_correct
112,descriptive,0,1,0.7673512740388101,0.9015852065099982,internvl_only
113,descriptive,1,1,0.8877526320797495,0.8152035954423182,both_correct
114,descriptive,1,1,0.8373672336276448,0.757965578389301,both_correct
115,descriptive,1,1,0.8942948425137061,0.9096881425977977,both_correct
116,descriptive,1,1,0.8827752093721026,0.8942432097299485,both_correct
117,descriptive,1,1,0.8827577834928848,0.9238579074692318,both_correct
118,descriptive,1,1,0.9702799771632957,0.9349996718331048,both_correct
119,descriptive,1,1,0.9434236510116664,0.8298967423986079,both_correct
120,descriptive,1,1,0.8934398117258725,0.9032040582680072,both_correct
121,descriptive,1,1,0.933585872439723,0.9057034171648927,both_correct
122,descriptive,1,1,0.8924165126847964,0.9389324357032703,both_correct
123,descriptive,1,1,0.8609885576184121,0.5529347531823334,both_correct
124,descriptive,1,0,0.8568984664791517,0.7822069288630161,qwen_only
125,descriptive,1,0,0.7711488327342545,0.6739427810879711,qwen_only
126,descriptive,1,1,0.8282345690492319,0.7413719057625111,both_correct
127,descriptive,1,0,0.7953656427430259,0.5840647041038279,qwen_only
128,descriptive,1,1,0.910393489453406,0.9159549882710695,both_correct
129,descriptive,1,1,0.9602027068054205,0.961392987068789,both_correct
130,descriptive,1,1,0.9617237245788645,0.9798701933096827,both_correct
131,descriptive,1,1,0.9265441207370543,0.9535801000348434,both_correct
132,descriptive,1,1,0.9447180301297086,0.9523377446543797,both_correct
133,descriptive,1,0,0.8294606019357269,0.7483343884631665,qwen_only
134,descriptive,1,0,0.6337311736013617,0.8131152293532544,qwen_only
135,descriptive,1,1,0.8948612993509181,0.8606491528072755,both_correct
136,descriptive,1,1,0.8941265408432987,0.8899289927558623,both_correct
137,descriptive,1,1,0.8877526320797495,0.8152035954423182,both_correct
138,descriptive,1,1,0.8796085516961174,0.8937122287080271,both_correct
139,descriptive,1,1,0.8780978773985302,0.7645438747449387,both_correct
140,descriptive,1,1,0.9673232473706687,0.8841785846825158,both_correct
141,descriptive,1,1,0.9214083515392172,0.8190936355549016,both_correct
142,descriptive,1,1,0.9282628566361627,0.9421188597182275,both_correct
143,descriptive,1,1,0.9417166463549259,0.8652898050074465,both_correct
144,descriptive,1,0,0.7704719882675767,0.7779192860243362,qwen_only
145,descriptive,0,1,0.5206434534847623,0.49341396990657516,internvl_only
146,descriptive,1,1,0.8994352110731338,0.9082336712300517,both_correct
147,descriptive,1,1,0.7314358343585036,0.77320037760788,both_correct
148,descriptive,1,1,0.9213148513913576,0.912452245851978,both_correct
149,descriptive,1,1,0.8209105966596537,0.807131730010098,both_correct
150,descriptive,0,0,0.8634559115823162,0.8770037541943027,both_wrong
151,descriptive,1,1,0.9662782730449226,0.9417481464200342,both_correct
152,descriptive,1,1,0.803458638556755,0.8373267488353675,both_correct
153,descriptive,1,1,0.9755357902417607,0.9678858691015728,both_correct
154,descriptive,1,1,0.9514091602343128,0.9464671686500484,both_correct
155,descriptive,1,1,0.8971446194348414,0.92259086900526,both_correct
156,descriptive,1,0,0.776305022577724,0.6151716451759227,qwen_only
157,descriptive,1,1,0.9296024500033951,0.8553999880105767,both_correct
158,descriptive,1,1,0.9023722086967172,0.7957608592410186,both_correct
159,descriptive,1,0,0.7940881455094937,0.5908803918872186,qwen_only
160,descriptive,1,1,0.8400283898849676,0.8785026381450334,both_correct
161,descriptive,0,0,0.8685257388549462,0.8539228153020542,both_wrong
162,descriptive,1,1,0.9694739220575983,0.957104114900218,both_correct
163,descriptive,1,1,0.9656550716456932,0.9663617651130443,both_correct
164,descriptive,1,0,0.9214083515392172,0.8190936355549016,qwen_only
165,descriptive,1,1,0.8152542040211336,0.899457057536945,both_correct
166,descriptive,1,1,0.7673512740388101,0.9015852065099982,both_correct
167,descriptive,1,1,0.9212538029625679,0.9325956584823233,both_correct
168,descriptive,1,1,0.82710144267204,0.7086832789332371,both_correct
169,descriptive,1,1,0.8522525513070089,0.7559531312955273,both_correct
170,descriptive,1,0,0.702115818051133,0.6666841853563469,qwen_only
171,descriptive,1,1,0.8242213539338143,0.8613442056885574,both_correct
172,descriptive,1,1,0.8145184851482848,0.7825778286915052,both_correct
173,descriptive,1,1,0.987230343501954,0.9511602436591653,both_correct
174,descriptive,1,1,0.9750739640639086,0.9635709980009444,both_correct
175,descriptive,1,1,0.9463353177890124,0.9291578994693942,both_correct
176,descriptive,1,1,0.8805170113737754,0.9538511994789284,both_correct
177,descriptive,1,1,0.8561571761083631,0.9291485389301055,both_correct
178,descriptive,0,0,0.6778288784736665,0.2463510358241647,both_wrong
179,descriptive,1,1,0.8792709494476401,0.7737380471753746,both_correct
180,descriptive,1,1,0.7720586556604904,0.6348370824780165,both_correct
181,descriptive,0,0,0.895579303703006,0.9175297476315527,both_wrong
182,descriptive,1,1,0.9550542468623223,0.9551541061765124,both_correct
183,descriptive,1,1,0.8538091821577795,0.9331497670173294,both_correct
184,descriptive,1,1,0.9826177760912984,0.9386532588822198,both_correct
185,descriptive,1,1,0.9803759868440809,0.9864223429422898,both_correct
186,descriptive,1,1,0.960157880025418,0.981570013245209,both_correct
187,descriptive,1,1,0.949049254657884,0.9071024827327469,both_correct
188,descriptive,1,0,0.7603066014772738,0.20035391027861388,qwen_only
189,descriptive,1,0,0.6778288784736665,0.2463510358241647,qwen_only
190,descriptive,1,1,0.8493660436367702,0.7751471374915234,both_correct
191,descriptive,0,1,0.6993975172476053,0.6754373261265424,internvl_only
192,descriptive,1,1,0.9183281655795896,0.9470487311091517,both_correct
193,descriptive,1,1,0.836050462000187,0.9089029873371044,both_correct
194,descriptive,0,1,0.7939507661622072,0.7557245840417447,internvl_only
195,descriptive,1,1,0.9548278521261818,0.9263136711806107,both_correct
196,descriptive,1,1,0.9214083515392172,0.8190936355549016,both_correct
197,descriptive,1,0,0.8960441421899764,0.9002634590962688,qwen_only
198,descriptive,1,1,0.9554988133786235,0.9132548374420695,both_correct
199,descriptive,1,1,0.7205143811166697,0.8704695605938394,both_correct
200,descriptive,1,1,0.8006231152021659,0.8992355956133584,both_correct
201,descriptive,1,0,0.6993975172476053,0.6754373261265424,qwen_only
202,descriptive,1,1,0.9003150358406259,0.776625943241074,both_correct
203,descriptive,0,0,0.731037878709804,0.6534319551730559,both_wrong
204,descriptive,1,1,0.937324361108403,0.9533354139635775,both_correct
205,descriptive,1,1,0.9089462251384798,0.916352864056517,both_correct
206,descriptive,1,1,0.9594530121165581,0.8843403666482408,both_correct
207,descriptive,0,1,0.8496852557236599,0.8174101114001149,internvl_only
208,descriptive,1,1,0.9214083515392172,0.8190936355549016,both_correct
209,descriptive,1,1,0.9500007632856969,0.9144498160166443,both_correct
210,descriptive,1,1,0.8944743204993902,0.9257114141490175,both_correct
211,descriptive,1,1,0.9162075329764873,0.7702570906483106,both_correct
212,descriptive,1,1,0.8792709494476401,0.7737380471753746,both_correct
213,descriptive,1,1,0.8829871560826256,0.8898368343733618,both_correct
214,descriptive,1,1,0.917253856300042,0.8086337998389656,both_correct
215,descriptive,1,1,0.8522929772643315,0.8484797725486733,both_correct
216,descriptive,1,1,0.8486702082496917,0.9306995718732671,both_correct
217,descriptive,1,1,0.9604734858633112,0.9260621882800135,both_correct
218,descriptive,1,0,0.803458638556755,0.8373267488353675,qwen_only
219,descriptive,1,1,0.9214083515392172,0.8190936355549016,both_correct
220,descriptive,1,0,0.8695422629769468,0.8116485195768771,qwen_only
221,descriptive,0,1,0.5206434534847623,0.49341396990657516,internvl_only
222,descriptive,1,1,0.9458568928682456,0.9689414089080355,both_correct
223,descriptive,1,1,0.8037461910837047,0.740093800052822,both_correct
224,descriptive,0,1,0.7780149802679815,0.7399755655542525,internvl_only
225,descriptive,1,1,0.8856329684814056,0.7960805920118402,both_correct
226,descriptive,1,1,0.8685387518014062,0.9219598202841762,both_correct
227,descriptive,1,1,0.8535742709634292,0.7972428730697211,both_correct
228,descriptive,1,1,0.9454765857940253,0.9804411469383149,both_correct
229,descriptive,1,1,0.8855004469584228,0.8829012649545138,both_correct
230,descriptive,1,1,0.9116304232453125,0.8670302455145653,both_correct
231,descriptive,0,0,0.749247461208811,0.8906636345247106,both_wrong
232,descriptive,0,0,0.700315339748906,0.4107978719516644,both_wrong
233,descriptive,1,1,0.8729674953626568,0.8227178488814312,both_correct
234,descriptive,1,0,0.8468622480704718,0.7161608772748894,qwen_only
235,descriptive,0,0,0.7849911470346679,0.6317250163185941,both_wrong
236,descriptive,0,0,0.8818516497816025,0.7546829843451127,both_wrong
237,descriptive,1,1,0.871850511280218,0.7802472755645894,both_correct
238,descriptive,1,1,0.874920085413049,0.870507135450502,both_correct
239,descriptive,1,1,0.9866925144024347,0.9669391136653933,both_correct
240,descriptive,1,1,0.803458638556755,0.8373267488353675,both_correct
241,descriptive,1,1,0.9214083515392172,0.8190936355549016,both_correct
242,descriptive,1,0,0.9312931224024181,0.919912304022712,qwen_only
243,descriptive,1,0,0.6318860868285425,0.2184535284377075,qwen_only
244,descriptive,1,1,0.8849900444801138,0.963768592251381,both_correct
245,descriptive,1,1,0.8132493654792126,0.7417075381773554,both_correct
246,descriptive,1,1,0.8551894136497218,0.8266603452773166,both_correct
247,descriptive,1,1,0.9103040164660958,0.919043383381361,both_correct
248,descriptive,1,1,0.8362596466850746,0.7891170261238626,both_correct
249,descriptive,1,1,0.8843275747710668,0.8721746890318394,both_correct
250,descriptive,1,1,0.9618528274339545,0.9590813690501729,both_correct
251,descriptive,1,1,0.9488479740523573,0.9558134698127733,both_correct
252,descriptive,1,1,0.9214083515392172,0.8190936355549016,both_correct
253,descriptive,1,1,0.8575043685832273,0.9283432415072748,both_correct
254,descriptive,1,1,0.814420675274288,0.6965952199989299,both_correct
255,descriptive,0,0,0.776305022577724,0.6151716451759227,both_wrong
256,descriptive,1,1,0.9179869278301152,0.9373755338578598,both_correct
257,descriptive,0,1,0.8024739051140588,0.6271063558073549,internvl_only
258,descriptive,1,1,0.9150291487967975,0.8351621131953427,both_correct
259,descriptive,0,1,0.9312264671453372,0.934111440234561,internvl_only
260,descriptive,1,1,0.8550310431512274,0.816135815118038,both_correct
261,descriptive,1,1,0.9033685861324297,0.8880894496261064,both_correct
262,descriptive,0,1,0.8957312252426519,0.9441745222131812,internvl_only
263,descriptive,0,1,0.803458638556755,0.8373267488353675,internvl_only
264,descriptive,1,1,0.7927065661855106,0.953646826347773,both_correct
265,descriptive,1,1,0.8045162870467362,0.6419299268850136,both_correct
266,descriptive,0,1,0.700315339748906,0.4107978719516644,internvl_only
267,descriptive,1,0,0.863747136443219,0.7670837172592297,qwen_only
268,descriptive,1,1,0.9066285767225738,0.9202644046713873,both_correct
269,descriptive,1,1,0.7905128975793836,0.7496871094220474,both_correct
270,descriptive,1,1,0.9152217932983198,0.9120867453390807,both_correct
271,descriptive,1,1,0.8332811377398008,0.7374412957029167,both_correct
272,descriptive,1,1,0.9796694455109103,0.9740325640570286,both_correct
273,descriptive,1,1,0.9794000604499196,0.9751430769062245,both_correct
274,descriptive,1,1,0.803458638556755,0.8373267488353675,both_correct
275,descriptive,0,1,0.8438422544190647,0.6616329280190754,internvl_only
276,descriptive,1,0,0.8856696133118621,0.5590710273855578,qwen_only
277,descriptive,1,1,0.7749068663926056,0.912427198096869,both_correct
278,descriptive,1,1,0.9195017674492952,0.8919202565113554,both_correct
279,descriptive,1,1,0.8985398188210523,0.8896675725033291,both_correct
280,descriptive,1,1,0.8986626834172364,0.8497400930072954,both_correct
281,descriptive,1,0,0.8522929772643315,0.8484797725486733,qwen_only
282,descriptive,1,1,0.8835265035048663,0.8851109704021435,both_correct
283,descriptive,0,0,0.9509884641166078,0.9337116237069493,both_wrong
284,descriptive,1,1,0.9214083515392172,0.8190936355549016,both_correct
285,descriptive,1,1,0.9705565770157281,0.9626230922965372,both_correct
286,descriptive,1,1,0.8742938084437004,0.9456993074628653,both_correct
287,descriptive,0,0,0.6519284365779575,0.1758396239440739,both_wrong
288,descriptive,1,1,0.9072499661981175,0.9501623845945432,both_correct
289,descriptive,0,0,0.7526319397787454,0.6247098003798387,both_wrong
290,descriptive,1,1,0.8326349697118323,0.7137004403562833,both_correct
291,descriptive,1,1,0.879666814925724,0.8795178481385947,both_correct
292,descriptive,1,1,0.7939507661622072,0.7557245840417447,both_correct
293,descriptive,1,1,0.8700670220965605,0.8392126074070647,both_correct
294,descriptive,1,1,0.9781065101735181,0.9571235546757463,both_correct
295,descriptive,1,1,0.803458638556755,0.8373267488353675,both_correct
296,descriptive,1,1,0.9735651866576689,0.9395212445021067,both_correct
297,descriptive,0,0,0.8570102123835962,0.946231199579179,both_wrong
298,descriptive,1,1,0.9115342842142313,0.9553003154735658,both_correct
299,descriptive,1,0,0.9480306529843708,0.6253986919983816,qwen_only
300,descriptive,1,1,0.8877526320797495,0.8152035954423182,both_correct
301,descriptive,1,0,0.8792709494476401,0.7737380471753746,qwen_only
302,descriptive,1,1,0.9485891168122944,0.9379426845500264,both_correct
303,descriptive,1,1,0.9338680702244144,0.955330064804894,both_correct
304,descriptive,1,1,0.9540867617758054,0.9480144572354389,both_correct
305,descriptive,1,1,0.9644907971435127,0.9417636902155011,both_correct
306,descriptive,1,1,0.9214083515392172,0.8190936355549016,both_correct
307,descriptive,1,1,0.9690966767076895,0.9561253948546546,both_correct
308,descriptive,1,1,0.7919523277222623,0.8725634528815254,both_correct
309,descriptive,1,1,0.9024982587866018,0.496066879999921,both_correct
310,descriptive,1,1,0.6318860868285425,0.2184535284377075,both_correct
311,descriptive,1,1,0.7548252260234163,0.6445863098926328,both_correct
312,descriptive,1,1,0.8941999200636365,0.8133927252227164,both_correct
313,descriptive,1,1,0.8663695502278828,0.7222442834177585,both_correct
314,descriptive,0,0,0.8670803038392815,0.7869887629541417,both_wrong
315,descriptive,1,1,0.8743794377407506,0.7918720705318678,both_correct
316,descriptive,1,1,0.9535036302611736,0.9049015870819446,both_correct
317,descriptive,0,1,0.8960441421899764,0.9002634590962688,internvl_only
318,descriptive,1,1,0.900987345028395,0.9450128052571437,both_correct
319,descriptive,1,1,0.9010654398436128,0.9372837280012268,both_correct
320,descriptive,1,0,0.7603066014772738,0.20035391027861388,qwen_only
321,descriptive,1,1,0.9201533174856377,0.8668738645070194,both_correct
322,descriptive,1,1,0.8388410536811565,0.7987164211505456,both_correct
323,descriptive,1,1,0.6498216470083442,0.6525781202419642,both_correct
324,descriptive,1,1,0.9183281655795896,0.9470487311091517,both_correct
325,descriptive,1,1,0.7823583845100123,0.7848310728705739,both_correct
326,descriptive,1,1,0.8852358364650932,0.9496053747879032,both_correct
327,descriptive,1,1,0.9524804314337332,0.9598832795249507,both_correct
328,descriptive,1,1,0.9434236510116664,0.8298967423986079,both_correct
329,descriptive,1,1,0.9323727285277106,0.9245546245724507,both_correct
330,descriptive,1,1,0.9256346651155437,0.8560332015898151,both_correct
331,descriptive,1,1,0.8926045382219022,0.8005539439994943,both_correct
332,descriptive,1,1,0.8856696133118621,0.5590710273855578,both_correct
333,descriptive,1,1,0.8005326550709334,0.639047866042429,both_correct
334,descriptive,1,1,0.8982633931718125,0.9279376624695549,both_correct
335,descriptive,1,1,0.9327038503440792,0.885048992787762,both_correct
336,descriptive,1,1,0.8660216540080351,0.8668399678262008,both_correct
337,descriptive,1,0,0.8588050232050539,0.7948208623250932,qwen_only
338,descriptive,1,1,0.9688241535706136,0.9322735279938944,both_correct
339,descriptive,1,1,0.9551079696871884,0.9353172070979677,both_correct
340,descriptive,1,1,0.9214083515392172,0.8190936355549016,both_correct
341,descriptive,1,1,0.9044995017661991,0.935370783871359,both_correct
342,descriptive,1,0,0.8608967142608035,0.49950663774534587,qwen_only
343,descriptive,1,1,0.4678730400319151,0.5819074870751276,both_correct
344,descriptive,1,1,0.8912077993564463,0.7912891607278154,both_correct
345,descriptive,0,1,0.9257014329436662,0.9219496327528413,internvl_only
346,descriptive,1,1,0.893881741815689,0.8429675372741225,both_correct
347,descriptive,1,1,0.8884464904459118,0.8966807354346809,both_correct
348,descriptive,1,1,0.869591595240981,0.9249335635403257,both_correct
349,descriptive,1,1,0.9589722058058213,0.9162721790133064,both_correct
350,descriptive,1,1,0.9603811095031736,0.9628304572668704,both_correct
351,descriptive,1,1,0.8438311420267284,0.8454911383922833,both_correct
352,descriptive,0,1,0.933585872439723,0.9057034171648927,internvl_only
353,descriptive,1,1,0.8178307060325808,0.8904101081485744,both_correct
354,descriptive,0,0,0.6318860868285425,0.2184535284377075,both_wrong
355,descriptive,1,1,0.7739578778044044,0.7264721790231464,both_correct
356,descriptive,1,1,0.8877526320797495,0.8152035954423182,both_correct
357,descriptive,1,1,0.9131926752039778,0.9111961255656531,both_correct
358,descriptive,1,1,0.8896122245535114,0.8291209632133447,both_correct
359,descriptive,1,1,0.8670444812000044,0.8921026665828108,both_correct
360,descriptive,1,1,0.9411473128886247,0.9562338762937176,both_correct
361,descriptive,1,0,0.9441046602459776,0.9107497596237868,qwen_only
362,descriptive,1,1,0.9074533364991051,0.9246542924749832,both_correct
363,descriptive,1,1,0.748209064173035,0.8771538137203794,both_correct
364,descriptive,1,1,0.8449623806651042,0.665819849635463,both_correct
365,descriptive,1,1,0.7159195955889369,0.9124015002690998,both_correct
366,descriptive,1,1,0.9332405146200963,0.9490172819841982,both_correct
367,descriptive,1,1,0.8792012095309235,0.7614359622355807,both_correct
368,descriptive,1,0,0.9003150358406259,0.776625943241074,qwen_only
369,descriptive,0,0,0.8137187554297443,0.6455754368185734,both_wrong
370,descriptive,1,1,0.916800595335877,0.9485639418292348,both_correct
371,descriptive,0,1,0.9292200121484236,0.9290631480716375,internvl_only
372,descriptive,1,1,0.8934398117258725,0.9032040582680072,both_correct
373,descriptive,1,1,0.9551079696871884,0.9353172070979677,both_correct
374,descriptive,1,1,0.9300622996917024,0.937725719916479,both_correct
375,descriptive,0,1,0.5456328704070382,0.6717872613942067,internvl_only
376,descriptive,1,0,0.6778288784736665,0.2463510358241647,qwen_only
377,descriptive,1,1,0.9124404013515537,0.8605315656099561,both_correct
378,descriptive,1,1,0.8874060673262033,0.9157654923330505,both_correct
379,descriptive,1,1,0.940931910075358,0.9198727688323385,both_correct
380,descriptive,1,0,0.8608571427075035,0.9392002014161478,qwen_only
381,descriptive,1,1,0.8437074636456687,0.897096320680454,both_correct
382,descriptive,1,1,0.9866925144024347,0.9669391136653933,both_correct
383,descriptive,1,1,0.9551079696871884,0.9353172070979677,both_correct
384,descriptive,1,1,0.803458638556755,0.8373267488353675,both_correct
385,descriptive,1,1,0.9631080025235933,0.9086332875380096,both_correct
386,descriptive,1,1,0.6519284365779575,0.1758396239440739,both_correct
387,descriptive,1,1,0.8449623806651042,0.665819849635463,both_correct
388,descriptive,1,1,0.902286450637819,0.9143032281394462,both_correct
389,descriptive,1,1,0.8877526320797495,0.8152035954423182,both_correct
390,descriptive,1,1,0.902177092668916,0.9025990657980386,both_correct
391,descriptive,1,1,0.8482133232432673,0.8936646683597814,both_correct
392,descriptive,1,1,0.8570606065656815,0.9608648710916217,both_correct
393,descriptive,1,1,0.9666902761585716,0.9751206826481829,both_correct
394,descriptive,1,1,0.9214083515392172,0.8190936355549016,both_correct
395,descriptive,0,1,0.803458638556755,0.8373267488353675,internvl_only
396,descriptive,1,1,0.8964416623869372,0.9127866753851266,both_correct
397,descriptive,1,1,0.8694984105551726,0.8220331775425629,both_correct
398,descriptive,1,1,0.5940567098277432,0.7960429798621157,both_correct
399,descriptive,1,1,0.9438128154556329,0.9042198790143173,both_correct
400,descriptive,0,1,0.8142782429679909,0.6795638823467726,internvl_only
401,descriptive,1,0,0.9237282904633917,0.8883374313901024,qwen_only
402,descriptive,1,1,0.8312903606799968,0.8910190560295902,both_correct
403,descriptive,1,1,0.8372209744404858,0.7150371434812213,both_correct
404,descriptive,1,1,0.9295016419657461,0.8724338197937604,both_correct
405,descriptive,1,1,0.9254685824776189,0.970045201256715,both_correct
406,descriptive,0,1,0.883251199831693,0.8825650403451448,internvl_only
407,descriptive,1,1,0.9104513195621221,0.9022475993437126,both_correct
408,descriptive,1,0,0.9018168673789684,0.5865223400643358,qwen_only
409,descriptive,1,0,0.6519284365779575,0.1758396239440739,qwen_only
410,descriptive,1,1,0.7697709325179145,0.46235608878483586,both_correct
411,descriptive,1,1,0.8071242881465156,0.6343903622280114,both_correct
412,descriptive,1,1,0.844908015298285,0.6746719557476751,both_correct
413,descriptive,1,1,0.8742745391095164,0.8048138358057567,both_correct
414,descriptive,1,1,0.8956229998242794,0.8479346266567563,both_correct
415,descriptive,1,1,0.9602027068054205,0.961392987068789,both_correct
416,descriptive,1,1,0.9366757145383111,0.8908070575637139,both_correct
417,descriptive,0,0,0.803458638556755,0.8373267488353675,both_wrong
418,descriptive,1,1,0.7927065661855106,0.953646826347773,both_correct
419,descriptive,1,1,0.662542591205381,0.8767269648262724,both_correct
420,descriptive,1,1,0.9024982587866018,0.496066879999921,both_correct
421,descriptive,0,1,0.7358793781419065,0.5540056397591501,internvl_only
422,descriptive,1,1,0.8954982013619229,0.8556865691988759,both_correct
423,descriptive,1,0,0.8215561593002768,0.6917636366084693,qwen_only
424,descriptive,1,1,0.8153191022754961,0.8486667838502848,both_correct
425,descriptive,0,0,0.8621856244433558,0.953890409648487,both_wrong
426,descriptive,1,1,0.9441327588873806,0.9796286202788197,both_correct
427,descriptive,1,1,0.9551079696871884,0.9353172070979677,both_correct
428,descriptive,1,1,0.9656550716456932,0.9663617651130443,both_correct
429,descriptive,1,1,0.9515275081250014,0.878961639175585,both_correct
430,descriptive,1,1,0.7005197919818511,0.8671261508616477,both_correct
431,descriptive,1,1,0.898713033242534,0.9543247627447339,both_correct
432,descriptive,1,0,0.8220286162640865,0.7999160401036429,qwen_only
433,descriptive,1,1,0.8792709494476401,0.7737380471753746,both_correct
434,descriptive,1,1,0.8904683435113553,0.8295880512256659,both_correct
435,descriptive,1,1,0.9101355977663973,0.9506355961679815,both_correct
436,descriptive,1,0,0.7953090423821423,0.7057741648846615,qwen_only
437,descriptive,1,1,0.9521856499991777,0.9248200416741198,both_correct
438,descriptive,1,1,0.8957312252426519,0.9441745222131812,both_correct
439,descriptive,1,1,0.9214083515392172,0.8190936355549016,both_correct
440,descriptive,1,0,0.919567076907496,0.858279396223379,qwen_only
441,descriptive,1,0,0.8251424038287691,0.5937420258127423,qwen_only
442,descriptive,0,0,0.754672100478066,0.623238843707579,both_wrong
443,descriptive,1,0,0.901473991731449,0.7863511205560909,qwen_only
444,descriptive,1,0,0.817216432836556,0.7796718040631304,qwen_only
445,descriptive,1,1,0.8701751719858455,0.8158831515489899,both_correct
446,descriptive,1,1,0.8871905949341107,0.8835580651291602,both_correct
447,descriptive,1,1,0.8102295433987975,0.7783437550598854,both_correct
448,descriptive,1,1,0.9635316511051794,0.9348074909049008,both_correct
449,descriptive,1,0,0.9214083515392172,0.8190936355549016,qwen_only
450,descriptive,1,1,0.803458638556755,0.8373267488353675,both_correct
451,descriptive,1,1,0.8614015174568113,0.9355769381745888,both_correct
452,descriptive,1,1,0.8815217423209385,0.971143508490244,both_correct
453,descriptive,1,1,0.9171351287542995,0.8682263084195294,both_correct
454,descriptive,1,1,0.9290258584011785,0.8946895065757974,both_correct
455,descriptive,1,1,0.9186190067800076,0.916488988583902,both_correct
456,descriptive,1,1,0.9374522110533641,0.9353420827142425,both_correct
457,descriptive,0,0,0.8775461480144056,0.9070592558838881,both_wrong
458,descriptive,0,0,0.8783578341710916,0.6376120066423518,both_wrong
459,descriptive,1,1,0.9697440019740798,0.9630871858360118,both_correct
460,descriptive,1,1,0.9725495135552291,0.9526830133835481,both_correct
461,descriptive,1,1,0.9441046602459776,0.9107497596237868,both_correct
462,descriptive,1,1,0.9644494737213345,0.9011979568463759,both_correct
463,descriptive,0,0,0.814420675274288,0.6965952199989299,both_wrong
464,descriptive,1,1,0.8784235728591075,0.5633201529148181,both_correct
465,descriptive,1,1,0.9113592006771739,0.7968474975469847,both_correct
466,descriptive,1,1,0.8941999200636365,0.8133927252227164,both_correct
467,descriptive,1,1,0.8913148597230232,0.8727711504441538,both_correct
468,descriptive,0,1,0.8039653224945237,0.7966606448486172,internvl_only
469,descriptive,1,1,0.8651453137282092,0.8967754679979101,both_correct
470,descriptive,1,1,0.9754902414348829,0.9565673574596323,both_correct
471,descriptive,1,1,0.9035357683417431,0.8855869611475365,both_correct
472,descriptive,1,1,0.951379886530141,0.967966744015307,both_correct
473,descriptive,1,1,0.9689022640990427,0.9386243735447409,both_correct
474,descriptive,1,1,0.9254167312032102,0.9459994560333707,both_correct
475,descriptive,1,1,0.9024982587866018,0.496066879999921,both_correct
476,descriptive,1,1,0.6538683771800579,0.6149508596879426,both_correct
477,descriptive,1,1,0.6669657465091168,0.7008509905194014,both_correct
478,descriptive,1,1,0.8577318123176952,0.7650698026462796,both_correct
479,descriptive,1,1,0.9145998262233719,0.9146737176805306,both_correct
480,descriptive,1,1,0.9473553320049664,0.9469172489203028,both_correct
481,descriptive,1,1,0.9569040035847854,0.8722613889117815,both_correct
482,descriptive,1,1,0.9670575432457849,0.9538100552525696,both_correct
483,descriptive,1,1,0.8957312252426519,0.9441745222131812,both_correct
484,descriptive,1,1,0.9501228868633158,0.892618664998371,both_correct
485,descriptive,1,1,0.8006794112571977,0.8424025375581055,both_correct
486,descriptive,1,0,0.807319813686962,0.767056445345945,qwen_only
487,descriptive,1,1,0.9488475462254746,0.9535237712735534,both_correct
488,descriptive,1,1,0.8078307348627505,0.6863536725703044,both_correct
489,descriptive,1,1,0.895579303703006,0.9175297476315527,both_correct
490,descriptive,1,1,0.8848217064663001,0.9485575142155109,both_correct
491,descriptive,1,0,0.8563176809340314,0.9098600065926541,qwen_only
492,descriptive,1,1,0.947919831372538,0.9388042762475484,both_correct
493,descriptive,1,1,0.9573645533634536,0.9535542582102192,both_correct
494,descriptive,1,1,0.803458638556755,0.8373267488353675,both_correct
495,descriptive,1,1,0.9425595792535388,0.9350765115689853,both_correct
496,descriptive,0,0,0.5922182118727337,0.6776750729294934,both_wrong
497,descriptive,1,1,0.8781801889468253,0.8055722137123583,both_correct
498,descriptive,1,1,0.9634260691609426,0.9620377676135046,both_correct
499,descriptive,0,1,0.9009915418402092,0.8300180823014875,internvl_only
500,descriptive,1,1,0.848584008806871,0.7291453256717082,both_correct
501,descriptive,1,1,0.8830292325420172,0.9032245315059804,both_correct
502,descriptive,1,1,0.9329766015401262,0.9177560701822847,both_correct
503,descriptive,1,1,0.9383178302025837,0.9477477400590368,both_correct
504,descriptive,1,1,0.8386619277017784,0.8539688844169631,both_correct
505,descriptive,1,1,0.803458638556755,0.8373267488353675,both_correct
506,descriptive,1,1,0.7710098899755771,0.918732404986349,both_correct
507,descriptive,1,1,0.8449623806651042,0.665819849635463,both_correct
508,descriptive,1,1,0.6316724262386335,0.9058223096829461,both_correct
509,descriptive,1,0,0.8737893990888164,0.7344784611777787,qwen_only
510,descriptive,1,1,0.7093477006196687,0.7110010301880628,both_correct
511,descriptive,1,0,0.7804457932457607,0.7051618951660568,qwen_only
512,descriptive,1,0,0.8663554478119755,0.7782728313328797,qwen_only
513,descriptive,1,1,0.9391991939496119,0.9587626680762642,both_correct
514,descriptive,1,1,0.9509884641166078,0.9337116237069493,both_correct
515,descriptive,1,1,0.9401386386690629,0.9604211165395765,both_correct
516,descriptive,1,0,0.9214083515392172,0.8190936355549016,qwen_only
517,descriptive,1,0,0.9529258545214576,0.8422773985482512,qwen_only
518,descriptive,1,1,0.8920585195656107,0.8086611751429943,both_correct
519,descriptive,1,1,0.7899489840681466,0.8593836114719745,both_correct
520,descriptive,1,1,0.9440135766936569,0.8503400760221298,both_correct
521,descriptive,1,1,0.9595126347387997,0.8806131821717011,both_correct
522,descriptive,1,1,0.9113592006771739,0.7968474975469847,both_correct
523,descriptive,1,1,0.7953090423821423,0.7057741648846615,both_correct
524,descriptive,1,1,0.8777159209842417,0.8903327080947527,both_correct
525,descriptive,1,1,0.975432185472052,0.9230972987678716,both_correct
526,descriptive,1,1,0.9214083515392172,0.8190936355549016,both_correct
527,descriptive,1,1,0.9309867470140405,0.8425714335972577,both_correct
528,descriptive,1,1,0.8981545408545722,0.9441751329538292,both_correct
529,descriptive,1,0,0.6318860868285425,0.2184535284377075,qwen_only
530,descriptive,1,1,0.6617789562699736,0.8003396410803448,both_correct
531,descriptive,0,1,0.8755433824185956,0.9321253707252213,internvl_only
532,descriptive,0,0,0.8791883784294112,0.8388655075513407,both_wrong
533,descriptive,0,0,0.8170926325878686,0.6919125463507898,both_wrong
534,descriptive,1,0,0.762341814724393,0.5817810655028319,qwen_only
535,descriptive,1,1,0.9377496941772587,0.9345375322773066,both_correct
536,descriptive,1,1,0.9512146425694753,0.9477062020923716,both_correct
537,descriptive,1,1,0.8957312252426519,0.9441745222131812,both_correct
538,descriptive,1,1,0.9282628566361627,0.9421188597182275,both_correct
539,descriptive,1,1,0.7919523277222623,0.8725634528815254,both_correct
540,descriptive,1,1,0.7679681015725508,0.8701482624539388,both_correct
541,descriptive,1,1,0.7615358675386064,0.8550000130674926,both_correct
542,descriptive,0,1,0.6812154226029749,0.7254779139327118,internvl_only
543,descriptive,1,1,0.8015544283931054,0.6438262655667412,both_correct
544,descriptive,1,1,0.9553946889701957,0.9511632635025684,both_correct
545,descriptive,1,1,0.8863187799223865,0.9410805978641109,both_correct
546,descriptive,1,1,0.849980321003906,0.8338107645686831,both_correct
547,descriptive,1,1,0.946480511349799,0.9038722377874848,both_correct
548,descriptive,1,1,0.803458638556755,0.8373267488353675,both_correct
549,descriptive,1,1,0.9453287471836355,0.9129808475450082,both_correct
550,descriptive,1,1,0.9432215200788595,0.9219573671131359,both_correct
551,descriptive,1,1,0.8536974330809833,0.8627840399719227,both_correct
552,descriptive,1,1,0.7249345154367608,0.9046223385883829,both_correct
553,descriptive,1,1,0.9194938298167535,0.8579594867781976,both_correct
554,descriptive,1,1,0.8727578879682008,0.832918827725804,both_correct
555,descriptive,1,1,0.6793345043390308,0.6903179218617362,both_correct
556,descriptive,1,1,0.7682075954883829,0.7103527426539304,both_correct
557,descriptive,1,1,0.9097488441853376,0.9397967975301229,both_correct
558,descriptive,1,1,0.965550444573199,0.9443158002541311,both_correct
559,descriptive,1,1,0.8423186135189836,0.8316986700914377,both_correct
560,descriptive,0,1,0.803458638556755,0.8373267488353675,internvl_only
561,descriptive,1,1,0.8565100278094002,0.9228676783040478,both_correct
562,descriptive,1,0,0.6318860868285425,0.2184535284377075,qwen_only
563,descriptive,1,1,0.8015295168125361,0.8694446820895761,both_correct
564,descriptive,1,1,0.9657927181927299,0.9316916517556432,both_correct
565,descriptive,1,1,0.9614140965881625,0.9652954739097792,both_correct
566,descriptive,1,1,0.9567644053908617,0.9483701432676671,both_correct
567,descriptive,1,0,0.8737320799212647,0.6684882979804668,qwen_only
568,descriptive,1,1,0.8287395658623257,0.7537991586836811,both_correct
569,descriptive,1,1,0.974790380342388,0.9545382266466563,both_correct
570,descriptive,1,1,0.803458638556755,0.8373267488353675,both_correct
571,descriptive,1,1,0.9721492776901868,0.9710726323012373,both_correct
572,descriptive,1,1,0.9631080025235933,0.9086332875380096,both_correct
573,descriptive,0,0,0.6318860868285425,0.2184535284377075,both_wrong
574,descriptive,1,1,0.9173732100112095,0.8214921855801177,both_correct
575,descriptive,1,1,0.8791883784294112,0.8388655075513407,both_correct
576,descriptive,1,1,0.879666814925724,0.8795178481385947,both_correct
577,descriptive,0,0,0.8899394479001086,0.8879105926635761,both_wrong
578,descriptive,1,1,0.9002324237582366,0.8937672088001556,both_correct
579,descriptive,1,1,0.8611898563452982,0.7760374479835047,both_correct
580,descriptive,1,1,0.9781065101735181,0.9571235546757463,both_correct
581,descriptive,1,0,0.9216728434359166,0.842423298073923,qwen_only
582,descriptive,1,1,0.9282628566361627,0.9421188597182275,both_correct
583,descriptive,1,1,0.937767467546815,0.8992920410554617,both_correct
584,descriptive,1,1,0.9103094611286134,0.949183427224861,both_correct
585,descriptive,1,1,0.8808675371441309,0.7109071192088114,both_correct
586,descriptive,1,1,0.8610764735012488,0.7457703158240113,both_correct
587,descriptive,1,0,0.9440135766936569,0.8503400760221298,qwen_only
588,descriptive,0,0,0.9519581100242754,0.9255527703467392,both_wrong
589,descriptive,1,1,0.7945060067057906,0.7111733852021493,both_correct
590,descriptive,1,1,0.8685257388549462,0.8539228153020542,both_correct
591,descriptive,1,0,0.9800919626859979,0.9598779119758983,qwen_only
592,descriptive,1,1,0.803458638556755,0.8373267488353675,both_correct
593,descriptive,1,1,0.972826661655285,0.9623283780613284,both_correct
594,descriptive,1,1,0.8805170113737754,0.9538511994789284,both_correct
595,descriptive,1,1,0.8856696133118621,0.5590710273855578,both_correct
596,descriptive,1,1,0.814420675274288,0.6965952199989299,both_correct
597,descriptive,1,1,0.8171426195997257,0.6298302615015599,both_correct
598,descriptive,1,1,0.9210950904468069,0.9383625845397907,both_correct
599,descriptive,1,0,0.6812154226029749,0.7254779139327118,qwen_only
600,descriptive,1,1,0.8588050232050539,0.7948208623250932,both_correct
601,descriptive,1,1,0.8797057667050374,0.9292655351655595,both_correct
602,descriptive,1,1,0.9662826165058063,0.9323880162173269,both_correct
603,descriptive,1,1,0.9668264664378048,0.9676087972589784,both_correct
604,descriptive,1,1,0.9703193463217167,0.9708221016445485,both_correct
605,descriptive,1,1,0.9291578082048602,0.961692655455917,both_correct
606,descriptive,0,1,0.8251424038287691,0.5937420258127423,internvl_only
607,descriptive,1,1,0.954956146545114,0.9351479017696995,both_correct
608,descriptive,1,1,0.7920440332442413,0.8026528084729734,both_correct
609,descriptive,1,0,0.8338880695291037,0.5810866017451497,qwen_only
610,descriptive,1,1,0.9271711117962813,0.936034929903412,both_correct
611,descriptive,1,1,0.9245155588291957,0.942849697044352,both_correct
612,descriptive,1,1,0.8985417587987563,0.8810127773972772,both_correct
613,descriptive,1,0,0.9549364411367828,0.9237300254541555,qwen_only
614,descriptive,1,1,0.9505684785820997,0.9661783213457092,both_correct
615,descriptive,0,1,0.8871295168304059,0.8445833417431389,internvl_only
616,descriptive,1,1,0.8977245112366599,0.924101889032353,both_correct
617,descriptive,1,0,0.6318860868285425,0.2184535284377075,qwen_only
618,descriptive,0,1,0.8609254830119213,0.8602602046144993,internvl_only
619,descriptive,1,1,0.816895741130436,0.7283564844957658,both_correct
620,descriptive,1,1,0.948985420417853,0.9362460056921696,both_correct
621,descriptive,1,1,0.7933060924330497,0.715525770249321,both_correct
622,descriptive,1,1,0.7902755581553054,0.7443700585907628,both_correct
623,descriptive,1,1,0.9051699053046713,0.9076960488539627,both_correct
624,descriptive,1,1,0.9665799943514832,0.984885139952257,both_correct
625,descriptive,1,1,0.9343388547181355,0.9275843130791659,both_correct
626,descriptive,1,1,0.803458638556755,0.8373267488353675,both_correct
627,descriptive,1,1,0.8900991349852653,0.9690510254887027,both_correct
628,descriptive,1,1,0.8483357765554367,0.5812724649030852,both_correct
629,descriptive,1,1,0.871763356821045,0.6064644823275855,both_correct
630,descriptive,1,1,0.8752431171297178,0.7835908553778899,both_correct
631,descriptive,1,1,0.9003150358406259,0.776625943241074,both_correct
632,descriptive,1,1,0.7439506615719462,0.707985407702254,both_correct
633,descriptive,1,1,0.8892565546830535,0.9221043324237536,both_correct
634,descriptive,1,1,0.8481421148092799,0.9107253366417581,both_correct
635,descriptive,1,1,0.9694024071274587,0.9561768985925069,both_correct
636,descriptive,1,0,0.9214083515392172,0.8190936355549016,qwen_only
637,descriptive,1,1,0.9773486634897186,0.9623495044540264,both_correct
638,descriptive,1,1,0.8396434642487025,0.9069934837174192,both_correct
639,descriptive,1,0,0.6778288784736665,0.2463510358241647,qwen_only
640,descriptive,1,0,0.9260837869307003,0.6819410481192876,qwen_only
641,descriptive,1,1,0.7926421423865779,0.6860452701837073,both_correct
642,descriptive,1,0,0.8056786587520756,0.7175730607424318,qwen_only
643,descriptive,1,1,0.9170369304885038,0.9041347558083509,both_correct
644,descriptive,1,1,0.8931963977940194,0.883608661709522,both_correct
645,descriptive,0,1,0.7852176925623172,0.7325060720080259,internvl_only
646,descriptive,1,1,0.9411473128886247,0.9562338762937176,both_correct
647,descriptive,1,1,0.9593739530139214,0.9848015043628369,both_correct
648,descriptive,1,1,0.8256151079269847,0.8993848856284299,both_correct
649,descriptive,1,1,0.9094048721577283,0.8963970059100871,both_correct
650,descriptive,1,1,0.8670644914734591,0.902254151872629,both_correct
651,descriptive,1,1,0.8189773858580058,0.921477882468064,both_correct
652,descriptive,1,1,0.8491767006792932,0.8831238517062631,both_correct
653,descriptive,1,1,0.7636765475809607,0.5682881740823557,both_correct
654,descriptive,1,1,0.8023873842736876,0.7998102111087896,both_correct
655,descriptive,1,1,0.8742745391095164,0.8048138358057567,both_correct
656,descriptive,1,1,0.8457966007637997,0.8065536987868643,both_correct
657,descriptive,1,1,0.9666691289493788,0.9405086937921687,both_correct
658,descriptive,1,1,0.9640398212510722,0.970697761973865,both_correct
659,descriptive,1,1,0.8957312252426519,0.9441745222131812,both_correct
660,descriptive,1,1,0.9079778492348315,0.9467606819036601,both_correct
661,descriptive,1,1,0.8603612621235456,0.9465253949530037,both_correct
662,descriptive,1,0,0.8775891043468684,0.5234588404509594,qwen_only
663,descriptive,0,0,0.8445295727824854,0.7686994501599097,both_wrong
664,descriptive,1,0,0.8024739051140588,0.6271063558073549,qwen_only
665,descriptive,1,1,0.844908015298285,0.6746719557476751,both_correct
666,descriptive,1,1,0.8504528940766268,0.8696745751423868,both_correct
667,descriptive,1,1,0.877942201430838,0.9057560810439822,both_correct
668,descriptive,1,1,0.9651008313425536,0.9562571261311187,both_correct
669,descriptive,1,1,0.8960441421899764,0.9002634590962688,both_correct
670,descriptive,1,1,0.969044728188602,0.9560026934489244,both_correct
671,descriptive,1,1,0.9202292411038239,0.974410610694485,both_correct
672,descriptive,0,0,0.6778288784736665,0.2463510358241647,both_wrong
673,descriptive,1,1,0.924100957077269,0.8991818613309666,both_correct
674,descriptive,1,1,0.8899394479001086,0.8879105926635761,both_correct
675,descriptive,1,1,0.7358793781419065,0.5540056397591501,both_correct
676,descriptive,1,1,0.8959369637576511,0.8924208793426763,both_correct
677,descriptive,1,1,0.881426694635354,0.8544228556652219,both_correct
678,descriptive,1,1,0.866713116140225,0.9188934898146661,both_correct
679,descriptive,1,1,0.9411809216469216,0.9652187824621427,both_correct
680,descriptive,1,1,0.900861797230325,0.8826800754365413,both_correct
681,descriptive,1,1,0.975248956277595,0.9830787615311319,both_correct
682,descriptive,1,1,0.9462773424482149,0.9103003822896318,both_correct
683,descriptive,1,0,0.6778288784736665,0.2463510358241647,qwen_only
684,descriptive,1,1,0.822710480296294,0.8845473784427245,both_correct
685,descriptive,1,1,0.9571710997135269,0.9112357752005936,both_correct
686,descriptive,1,1,0.8489712721815714,0.8546593851064312,both_correct
687,descriptive,1,0,0.8493660436367702,0.7751471374915234,qwen_only
688,descriptive,0,1,0.8175216200500354,0.9479341226489939,internvl_only
689,descriptive,1,1,0.894315057800579,0.9684384988290232,both_correct
690,descriptive,1,1,0.9796694455109103,0.9740325640570286,both_correct
691,descriptive,1,1,0.9842501179116095,0.9709746038724975,both_correct
692,descriptive,1,1,0.9043664372504159,0.9478747652251206,both_correct
693,descriptive,1,1,0.9569124118479813,0.9361409370594014,both_correct
694,descriptive,1,1,0.8602567751920337,0.8129111937986273,both_correct
695,descriptive,0,0,0.6778288784736665,0.2463510358241647,both_wrong
696,descriptive,1,1,0.9507911866947345,0.9486983671096851,both_correct
697,descriptive,1,1,0.9143892158057271,0.7653850368316953,both_correct
698,descriptive,0,1,0.8493660436367702,0.7751471374915234,internvl_only
699,descriptive,1,1,0.9063217656932869,0.9409419865488494,both_correct
700,descriptive,1,1,0.8020650739974697,0.7578483782001291,both_correct
701,descriptive,1,1,0.9781065101735181,0.9571235546757463,both_correct
702,descriptive,1,1,0.9441046602459776,0.9107497596237868,both_correct
703,descriptive,1,1,0.8216540347839217,0.896979786457711,both_correct
704,descriptive,0,0,0.8261882441735173,0.9050252544164527,both_wrong
705,descriptive,1,0,0.907189059672216,0.6746412964867979,qwen_only
706,descriptive,1,1,0.8757045176271996,0.5859851194065518,both_correct
707,descriptive,1,1,0.8813132244849886,0.9037134577414633,both_correct
708,descriptive,1,1,0.9405627906280524,0.945453680366181,both_correct
709,descriptive,1,1,0.7940881455094937,0.5908803918872186,both_correct
710,descriptive,0,0,0.8513420340179372,0.8882943050547747,both_wrong
711,descriptive,1,1,0.8634559115823162,0.8770037541943027,both_correct
712,descriptive,1,1,0.9842806626577033,0.9517889511144508,both_correct
713,descriptive,1,1,0.9214083515392172,0.8190936355549016,both_correct
714,descriptive,1,1,0.9434920262491887,0.957515966400948,both_correct
715,descriptive,1,1,0.869416073603111,0.9380401765723133,both_correct
716,descriptive,1,1,0.7069197658526609,0.8131129496127095,both_correct
717,descriptive,1,0,0.9319383393509341,0.7914683438020235,qwen_only
718,descriptive,1,1,0.9252287865617381,0.9041352470696061,both_correct
719,descriptive,1,1,0.9474758055711615,0.9479188663398582,both_correct
720,descriptive,1,1,0.9595373238523502,0.9646469115190056,both_correct
721,descriptive,0,0,0.8468025600553801,0.7933396519166599,both_wrong
722,descriptive,1,1,0.8712281724728121,0.8938364542526591,both_correct
723,descriptive,1,1,0.9635316511051794,0.9348074909049008,both_correct
724,descriptive,1,1,0.9214083515392172,0.8190936355549016,both_correct
725,descriptive,1,1,0.9238764030051078,0.8516666329289173,both_correct
726,descriptive,1,1,0.849217911241381,0.9402259697714768,both_correct
727,descriptive,1,1,0.8645198552236191,0.7932452845152307,both_correct
728,descriptive,1,0,0.6778288784736665,0.2463510358241647,qwen_only
729,descriptive,0,1,0.8108096517319837,0.7467600410317676,internvl_only
730,descriptive,1,1,0.816895741130436,0.7283564844957658,both_correct
731,descriptive,1,1,0.8589748882879688,0.6828376295181455,both_correct
732,descriptive,1,1,0.8679963514198217,0.8994604904634564,both_correct
733,descriptive,1,1,0.875548304592973,0.8849113141113808,both_correct
734,descriptive,1,1,0.9667100361242015,0.9844107712094798,both_correct
735,descriptive,1,1,0.9217937165170956,0.9735340457806743,both_correct
736,descriptive,1,1,0.9666336099864102,0.9813962887781981,both_correct
737,descriptive,1,1,0.9631080025235933,0.9086332875380096,both_correct
738,descriptive,1,1,0.9072689151761044,0.9168570143477707,both_correct
739,descriptive,1,0,0.9173732100112095,0.8214921855801177,qwen_only
740,descriptive,1,1,0.9332405146200963,0.9490172819841982,both_correct
741,descriptive,1,1,0.9496694564141595,0.8512879550796036,both_correct
742,descriptive,1,1,0.9038315962996154,0.9216096770934599,both_correct
743,descriptive,1,0,0.8813746633737662,0.8251237834245821,qwen_only
744,descriptive,1,1,0.863163338957732,0.9396026724780633,both_correct
745,descriptive,1,1,0.9602027068054205,0.961392987068789,both_correct
746,descriptive,1,1,0.803458638556755,0.8373267488353675,both_correct
747,descriptive,1,1,0.9786726793679688,0.9442471726014882,both_correct
748,descriptive,0,1,0.8304909781602878,0.9124262269767964,internvl_only
749,descriptive,1,1,0.8383274878707233,0.9352096321218144,both_correct
750,descriptive,1,0,0.8110773451973945,0.8733152457721638,qwen_only
751,descriptive,1,1,0.8338880695291037,0.5810866017451497,both_correct
752,descriptive,1,0,0.7463440831078114,0.6501728128555371,qwen_only
753,descriptive,1,1,0.8216794351076262,0.8594040054735618,both_correct
754,descriptive,1,1,0.8584665546904112,0.8911615213834312,both_correct
755,descriptive,1,1,0.921011112549935,0.8998699843228386,both_correct
756,descriptive,1,0,0.9672895947046166,0.9607018537754173,qwen_only
757,descriptive,1,1,0.9441046602459776,0.9107497596237868,both_correct
758,descriptive,1,1,0.9466816339348816,0.9477010067481302,both_correct
759,descriptive,1,1,0.9084606824870602,0.8962416236433769,both_correct
760,descriptive,0,0,0.6778288784736665,0.2463510358241647,both_wrong
761,descriptive,1,1,0.8544113027220528,0.7830955986734619,both_correct
762,descriptive,1,1,0.7821950555177425,0.6863723955814744,both_correct
763,descriptive,1,1,0.8024739051140588,0.6271063558073549,both_correct
764,descriptive,1,1,0.8792709494476401,0.7737380471753746,both_correct
765,descriptive,1,0,0.8763212420911147,0.8758110787135935,qwen_only
766,descriptive,1,1,0.9198356332362371,0.9479189550141282,both_correct
767,descriptive,1,1,0.9444530960428199,0.9388927734986185,both_correct
768,descriptive,1,1,0.9098157378075832,0.8869637061084094,both_correct
769,descriptive,1,1,0.9386541079698899,0.9600921260547609,both_correct
770,descriptive,1,1,0.949049254657884,0.9071024827327469,both_correct
771,descriptive,1,1,0.7577269200209458,0.9169678858019021,both_correct
772,descriptive,0,0,0.7676034569273694,0.7255248328340349,both_wrong
773,descriptive,1,1,0.905943937940664,0.8797667324866403,both_correct
774,descriptive,1,1,0.8792709494476401,0.7737380471753746,both_correct
775,descriptive,1,0,0.8181092386742149,0.5994245056659264,qwen_only
776,descriptive,1,1,0.861702530832718,0.8815355680241855,both_correct
777,descriptive,1,1,0.8012468693588736,0.7710109836667187,both_correct
778,descriptive,1,1,0.9718152565659601,0.9244657929205824,both_correct
779,descriptive,1,1,0.9214083515392172,0.8190936355549016,both_correct
780,descriptive,1,1,0.8942215295377625,0.8238909022284243,both_correct
781,descriptive,1,1,0.9359674654563176,0.9360884416934648,both_correct
782,descriptive,1,1,0.8866449000678907,0.8927105127759315,both_correct
783,descriptive,1,1,0.757609314536082,0.9102839789385752,both_correct
784,descriptive,1,1,0.876525742830481,0.8209784321003812,both_correct
785,descriptive,1,1,0.9066285767225738,0.9202644046713873,both_correct
786,descriptive,1,1,0.8049461997526233,0.7093072659861125,both_correct
787,descriptive,1,1,0.8361626297930888,0.902539320490154,both_correct
788,descriptive,1,1,0.8820072948733146,0.9242865255185153,both_correct
789,descriptive,1,1,0.9675550162364546,0.8646048742821015,both_correct
790,descriptive,1,0,0.9309867470140405,0.8425714335972577,qwen_only
791,descriptive,1,1,0.9315337144005676,0.8982679090825259,both_correct
792,descriptive,1,1,0.937767467546815,0.8992920410554617,both_correct
793,descriptive,1,1,0.7749068663926056,0.912427198096869,both_correct
794,descriptive,0,0,0.6519284365779575,0.1758396239440739,both_wrong
795,descriptive,0,0,0.7933060924330497,0.715525770249321,both_wrong
796,descriptive,1,1,0.9703780160340237,0.9767463642426598,both_correct
797,descriptive,1,1,0.7950272179604351,0.7307872850810554,both_correct
798,descriptive,1,1,0.8457966007637997,0.8065536987868643,both_correct
799,descriptive,1,1,0.9132735018099921,0.8585207695267928,both_correct
800,descriptive,1,1,0.9589722058058213,0.9162721790133064,both_correct
801,descriptive,0,0,0.803458638556755,0.8373267488353675,both_wrong
802,descriptive,1,1,0.9776766889146015,0.965135922443296,both_correct
803,descriptive,1,1,0.8504299355106398,0.8774040419008768,both_correct
804,descriptive,1,1,0.776305022577724,0.6151716451759227,both_correct
805,descriptive,0,0,0.6519284365779575,0.1758396239440739,both_wrong
806,descriptive,1,1,0.7705272576549833,0.6202579255145177,both_correct
807,descriptive,1,1,0.9204257758775889,0.951891135255834,both_correct
808,descriptive,1,1,0.9094291838534299,0.8331103368522687,both_correct
809,descriptive,1,1,0.9344917689625865,0.9377710728225395,both_correct
810,descriptive,1,1,0.8797057667050374,0.9292655351655595,both_correct
811,descriptive,1,1,0.9822491672087712,0.9463068364235706,both_correct
812,descriptive,1,1,0.9656826183559446,0.9547513043740382,both_correct
813,descriptive,1,1,0.9679407002586079,0.9729049806555023,both_correct
814,descriptive,1,1,0.8888929607191023,0.9417502494581501,both_correct
815,descriptive,0,1,0.7182973153828879,0.8755791440867005,internvl_only
816,descriptive,1,1,0.9083434062001857,0.9383703805024489,both_correct
817,descriptive,1,1,0.7743898800545221,0.6357870770463693,both_correct
818,descriptive,1,1,0.8206084076583002,0.7643791893555735,both_correct
819,descriptive,1,1,0.8941265408432987,0.8899289927558623,both_correct
820,descriptive,1,1,0.9424638108356058,0.9608109692864552,both_correct
821,descriptive,1,1,0.8883050945571412,0.898519410773062,both_correct
822,descriptive,1,1,0.9558179705799661,0.9490545507392701,both_correct
823,descriptive,1,1,0.9134012535473002,0.8724956995522242,both_correct
824,descriptive,1,1,0.803458638556755,0.8373267488353675,both_correct
825,descriptive,1,1,0.9104513195621221,0.9022475993437126,both_correct
826,descriptive,1,0,0.8609885576184121,0.5529347531823334,qwen_only
827,descriptive,1,0,0.8497294160878072,0.6776293829034883,qwen_only
828,descriptive,1,1,0.7548252260234163,0.6445863098926328,both_correct
829,descriptive,1,0,0.7677908257615896,0.7324922379763842,qwen_only
830,descriptive,1,1,0.9453807807004582,0.8715391435283432,both_correct
831,descriptive,1,1,0.7832336734368421,0.7960288591176855,both_correct
832,descriptive,1,1,0.9230021001347809,0.9504515215124829,both_correct
833,descriptive,1,1,0.9554699552227583,0.9539520872640945,both_correct
834,descriptive,1,1,0.9691725382646513,0.9583105769951576,both_correct
835,descriptive,1,1,0.9201179500391278,0.8898177935763649,both_correct
836,descriptive,1,1,0.8795787964146,0.7993898182864715,both_correct
837,descriptive,1,0,0.6318860868285425,0.2184535284377075,qwen_only
838,descriptive,1,0,0.9027793423337569,0.6943716106854011,qwen_only
839,descriptive,1,1,0.8018454389500471,0.7637804458657206,both_correct
840,descriptive,1,1,0.8689520627275235,0.7005103406820633,both_correct
841,descriptive,1,1,0.7626101184836744,0.6171251937676905,both_correct
842,descriptive,1,1,0.8518499063775122,0.950229272634624,both_correct
843,descriptive,1,0,0.8783578341710916,0.6376120066423518,qwen_only
844,descriptive,1,1,0.974497381316997,0.9310296012374789,both_correct
845,descriptive,1,1,0.9618273866194993,0.9572824063161184,both_correct
846,descriptive,1,1,0.9067764391562446,0.8860168253921283,both_correct
847,descriptive,0,0,0.7861031064469589,0.834849319296987,both_wrong
848,descriptive,1,1,0.872159710953861,0.8875280569679159,both_correct
849,descriptive,1,1,0.9365247754957308,0.8806693406367506,both_correct
850,descriptive,1,0,0.8142782429679909,0.6795638823467726,qwen_only
851,descriptive,1,0,0.8351289463526732,0.7687369329225784,qwen_only
852,descriptive,1,1,0.8405713665751098,0.7986028330203806,both_correct
853,descriptive,1,1,0.9085569594543186,0.9250231530467676,both_correct
854,descriptive,1,1,0.8568684593465714,0.8414349968921473,both_correct
855,descriptive,1,1,0.9883434207032081,0.9658720703960526,both_correct
856,descriptive,1,1,0.8942916113047815,0.8479110802553397,both_correct
857,descriptive,1,1,0.9618273866194993,0.9572824063161184,both_correct
858,descriptive,1,1,0.9152428046608435,0.8713106853458489,both_correct
859,descriptive,1,1,0.8045162870467362,0.6419299268850136,both_correct
860,descriptive,1,0,0.754672100478066,0.623238843707579,qwen_only
861,descriptive,1,1,0.7277804780884854,0.6545132245944418,both_correct
862,descriptive,1,0,0.8167351091930403,0.7159311651160662,qwen_only
863,descriptive,1,1,0.8624844841175751,0.8448345592425271,both_correct
864,descriptive,1,1,0.9015582080722827,0.9684867179554645,both_correct
865,descriptive,1,1,0.8746670039662086,0.866234371577607,both_correct
866,descriptive,1,1,0.9685162515781413,0.933245776153341,both_correct
867,descriptive,1,1,0.9328046482830586,0.967698324006235,both_correct
868,descriptive,1,1,0.803458638556755,0.8373267488353675,both_correct
869,descriptive,1,1,0.8895181979411236,0.8639987720556367,both_correct
870,descriptive,0,1,0.5450562082391984,0.8788836925444231,internvl_only
871,descriptive,1,1,0.8045162870467362,0.6419299268850136,both_correct
872,descriptive,1,0,0.7451542120069762,0.44142889947462105,qwen_only
873,descriptive,1,1,0.7767188744574133,0.6707339701403917,both_correct
874,descriptive,1,1,0.9186190067800076,0.916488988583902,both_correct
875,descriptive,1,1,0.9103241435462958,0.9207407900970106,both_correct
876,descriptive,1,1,0.871850511280218,0.7802472755645894,both_correct
877,descriptive,1,1,0.9725088803284746,0.9553010186939997,both_correct
878,descriptive,1,1,0.9624701120226458,0.9465920319798184,both_correct
879,descriptive,1,1,0.9551079696871884,0.9353172070979677,both_correct
880,descriptive,1,1,0.8640606429533696,0.9722950655919866,both_correct
881,descriptive,1,1,0.803942351755296,0.9090072678644221,both_correct
882,descriptive,1,1,0.8775891043468684,0.5234588404509594,both_correct
883,descriptive,1,1,0.8949238173934286,0.8492588135041534,both_correct
884,descriptive,1,1,0.800232670181813,0.7673469592107165,both_correct
885,descriptive,0,1,0.9180326981344272,0.7983729965281278,internvl_only
886,descriptive,1,1,0.8218452312297709,0.8346623795831177,both_correct
887,descriptive,1,1,0.9010199945356878,0.9325394683517706,both_correct
888,descriptive,1,1,0.9513354367490083,0.962717318830258,both_correct
889,descriptive,1,1,0.9441046602459776,0.9107497596237868,both_correct
890,descriptive,1,1,0.803458638556755,0.8373267488353675,both_correct
891,descriptive,0,1,0.8319576053504597,0.9054702718920381,internvl_only
892,descriptive,1,0,0.6318860868285425,0.2184535284377075,qwen_only
893,descriptive,1,1,0.9093560870866226,0.937985176862667,both_correct
894,descriptive,1,0,0.7358793781419065,0.5540056397591501,qwen_only
895,descriptive,1,1,0.893881741815689,0.8429675372741225,both_correct
896,descriptive,1,1,0.8874060673262033,0.9157654923330505,both_correct
897,descriptive,1,1,0.8440474363568038,0.7308824481014542,both_correct
898,descriptive,0,1,0.8761491314731314,0.8887931198272445,internvl_only
899,descriptive,1,1,0.9640781841023616,0.9428423600461723,both_correct
900,descriptive,1,1,0.9605016817784329,0.955676342495536,both_correct
901,descriptive,1,0,0.9551079696871884,0.9353172070979677,qwen_only
902,descriptive,1,1,0.7936433140168334,0.9239798156382483,both_correct
903,descriptive,1,1,0.871763356821045,0.6064644823275855,both_correct
904,descriptive,1,1,0.8483357765554367,0.5812724649030852,both_correct
905,descriptive,1,1,0.917584864367223,0.852712467077521,both_correct
906,descriptive,1,1,0.8990627454783214,0.9140175693702836,both_correct
907,descriptive,1,1,0.909690683789237,0.87963104531088,both_correct
908,descriptive,1,1,0.8478843007060126,0.8480872094726712,both_correct
909,descriptive,1,1,0.869494874268496,0.935159507098586,both_correct
910,descriptive,1,1,0.9586104284037039,0.9358376759861331,both_correct
911,descriptive,1,1,0.9339169692321011,0.982377806418178,both_correct
912,descriptive,1,1,0.9542872637841814,0.9791666840324709,both_correct
913,descriptive,1,1,0.9245733841325277,0.9417774436993409,both_correct
914,descriptive,1,1,0.783480126055035,0.8370360886568339,both_correct
915,descriptive,1,1,0.8045162870467362,0.6419299268850136,both_correct
916,descriptive,1,1,0.887299543492678,0.7976989136832627,both_correct
917,descriptive,1,1,0.8792709494476401,0.7737380471753746,both_correct
918,descriptive,1,1,0.8855498880406424,0.8936257321625894,both_correct
919,descriptive,1,1,0.9180290785808292,0.9355295195211603,both_correct
920,descriptive,1,0,0.8737320799212647,0.6684882979804668,qwen_only
921,descriptive,1,1,0.9594530121165581,0.8843403666482408,both_correct
922,descriptive,1,1,0.9711635316700686,0.9407342473871234,both_correct
923,descriptive,1,1,0.9470343176358458,0.953330787588842,both_correct
924,descriptive,0,1,0.8451694404248636,0.8817381699847741,internvl_only
925,descriptive,1,1,0.8784235728591075,0.5633201529148181,both_correct
926,descriptive,1,1,0.8609885576184121,0.5529347531823334,both_correct
927,descriptive,1,1,0.8686346889395905,0.7950820706073324,both_correct
928,descriptive,1,1,0.7952335035595272,0.7764754342035933,both_correct
929,descriptive,1,1,0.7969411380958423,0.7447952192664822,both_correct
930,descriptive,0,0,0.8287395658623257,0.7537991586836811,both_wrong
931,descriptive,1,1,0.8173956690853713,0.7545534165453032,both_correct
932,descriptive,1,1,0.94545926662337,0.9391822190511012,both_correct
933,descriptive,1,1,0.9735651866576689,0.9395212445021067,both_correct
934,descriptive,1,1,0.9568677187488966,0.9775144750234253,both_correct
935,descriptive,1,1,0.9455450139774613,0.9340551519160768,both_correct
936,descriptive,1,0,0.6778288784736665,0.2463510358241647,qwen_only
937,descriptive,1,1,0.814420675274288,0.6965952199989299,both_correct
938,descriptive,1,1,0.8381091920758873,0.717714671319377,both_correct
939,descriptive,1,1,0.791174715133162,0.7016605027365703,both_correct
940,descriptive,1,1,0.8316451453350767,0.7887962059448234,both_correct
941,descriptive,1,0,0.6984045688734594,0.5655759152677325,qwen_only
942,descriptive,1,1,0.8456440074747544,0.8971882144703445,both_correct
943,descriptive,1,1,0.9618528274339545,0.9590813690501729,both_correct
944,descriptive,1,1,0.9214083515392172,0.8190936355549016,both_correct
945,descriptive,1,1,0.9474345644841439,0.9810375060675168,both_correct
946,descriptive,1,1,0.9291578082048602,0.961692655455917,both_correct
947,descriptive,1,1,0.8609885576184121,0.5529347531823334,both_correct
948,descriptive,0,0,0.754672100478066,0.623238843707579,both_wrong
949,descriptive,1,1,0.8792709494476401,0.7737380471753746,both_correct
950,descriptive,0,1,0.804971414687583,0.7288579028793202,internvl_only
951,descriptive,1,1,0.8577318123176952,0.7650698026462796,both_correct
952,descriptive,1,1,0.8823921229762445,0.9694106197086846,both_correct
953,descriptive,1,1,0.8976464324173516,0.9383259264012405,both_correct
954,descriptive,1,1,0.9725088803284746,0.9553010186939997,both_correct
955,descriptive,1,1,0.803458638556755,0.8373267488353675,both_correct
956,descriptive,1,1,0.9832669736819162,0.967751444817807,both_correct
957,descriptive,1,1,0.8624510001454883,0.9240734186425477,both_correct
958,descriptive,1,1,0.8985753514376446,0.9165570025909068,both_correct
959,descriptive,1,1,0.7611101692501476,0.6607906174415445,both_correct
960,descriptive,1,0,0.8377519428589053,0.7798838277761747,qwen_only
961,descriptive,1,1,0.9188357634578188,0.9209829322749332,both_correct
962,descriptive,0,0,0.7995796552688306,0.8199384471012298,both_wrong
963,descriptive,1,1,0.9313819835873373,0.9338987679334028,both_correct
964,descriptive,1,1,0.8351168672075394,0.8819047761830365,both_correct
965,descriptive,1,0,0.9689108655987577,0.903488728871141,qwen_only
966,descriptive,1,0,0.9271189463596162,0.877557857742585,qwen_only
967,descriptive,1,1,0.9779884882259516,0.9750281627904385,both_correct
968,descriptive,1,1,0.9463199794861131,0.928052980677653,both_correct
969,descriptive,1,1,0.8641470192755879,0.8876731402951558,both_correct
970,descriptive,1,1,0.9252370116887818,0.9616832142586682,both_correct
971,descriptive,1,0,0.9398748059827519,0.8546522719876903,qwen_only
972,descriptive,0,0,0.8035660330353253,0.6484191264352933,both_wrong
973,descriptive,1,0,0.8691725301483137,0.7508130539546414,qwen_only
974,descriptive,1,1,0.8534140068422527,0.75515296572382,both_correct
975,descriptive,1,1,0.8853400865061197,0.9394177734404782,both_correct
976,descriptive,1,1,0.9685162515781413,0.933245776153341,both_correct
977,descriptive,1,1,0.9811278600219088,0.9592687248723369,both_correct
978,descriptive,1,1,0.9618273866194993,0.9572824063161184,both_correct
979,descriptive,1,1,0.8981666220593908,0.9349821974514767,both_correct
980,descriptive,1,0,0.7603066014772738,0.20035391027861388,qwen_only
981,descriptive,1,1,0.9024982587866018,0.496066879999921,both_correct
982,descriptive,1,1,0.9553946889701957,0.9511632635025684,both_correct
983,descriptive,1,1,0.9237410837582843,0.8137956352895795,both_correct
984,descriptive,1,1,0.7010509523849998,0.7053678551339995,both_correct
985,descriptive,1,1,0.8620255892322092,0.8248877505100611,both_correct
986,descriptive,1,1,0.8902271489196054,0.9053731424367483,both_correct
987,descriptive,1,1,0.9793513428055269,0.936969106477165,both_correct
988,descriptive,1,1,0.865466054863913,0.8471343398874017,both_correct
989,descriptive,0,1,0.803458638556755,0.8373267488353675,internvl_only
990,descriptive,1,1,0.9212086850368002,0.9600794955555269,both_correct
991,descriptive,1,1,0.9491007586508681,0.947805182284114,both_correct
992,descriptive,1,1,0.8873564921225744,0.9345885381742516,both_correct
993,descriptive,1,1,0.8962108825654123,0.7950429039303021,both_correct
994,descriptive,1,1,0.8792709494476401,0.7737380471753746,both_correct
995,descriptive,1,1,0.9094291838534299,0.8331103368522687,both_correct
996,descriptive,1,1,0.7865806988222963,0.7951998358962268,both_correct
997,descriptive,1,1,0.7985586384121568,0.9099790467479928,both_correct
998,descriptive,1,1,0.9711898541478574,0.9683359740320404,both_correct
999,descriptive,1,1,0.9441046602459776,0.9107497596237868,both_correct
1000,descriptive,1,1,0.9636918823639636,0.9350661844060942,both_correct
1001,descriptive,1,1,0.8965814782512672,0.9362071154760604,both_correct
1002,descriptive,1,1,0.8561571761083631,0.9291485389301055,both_correct
1003,descriptive,1,1,0.8108240367454919,0.8854403975614544,both_correct
1004,descriptive,1,1,0.8790546408828057,0.6715486640786621,both_correct
1005,descriptive,0,1,0.568107456005278,0.6049271180736018,internvl_only
1006,descriptive,1,1,0.8962108825654123,0.7950429039303021,both_correct
1007,descriptive,1,1,0.957499980967321,0.9396533510697623,both_correct
1008,descriptive,1,1,0.7852176925623172,0.7325060720080259,both_correct
1009,descriptive,1,1,0.9673232473706687,0.8841785846825158,both_correct
1010,descriptive,1,0,0.9214083515392172,0.8190936355549016,qwen_only
1011,descriptive,1,0,0.9083534247766059,0.8639144691295635,qwen_only
1012,descriptive,1,1,0.8272188218203836,0.9248586998664466,both_correct
1013,descriptive,1,1,0.7159195955889369,0.9124015002690998,both_correct
1014,descriptive,1,1,0.8728238417933736,0.9101898455699691,both_correct
1015,descriptive,1,1,0.8378711759662198,0.8242932457459557,both_correct
1016,descriptive,1,1,0.8877526320797495,0.8152035954423182,both_correct
1017,descriptive,1,1,0.9553946889701957,0.9511632635025684,both_correct
1018,descriptive,1,1,0.922368845923424,0.952728020720553,both_correct
1019,descriptive,1,1,0.8696027622351179,0.9124854611425867,both_correct
1020,descriptive,1,1,0.9398752829470357,0.960353006731826,both_correct
1021,descriptive,1,1,0.9551079696871884,0.9353172070979677,both_correct
1022,descriptive,1,1,0.9407824616312572,0.9730213815980451,both_correct
1023,descriptive,1,1,0.8888929607191023,0.9417502494581501,both_correct
1024,descriptive,1,0,0.6318860868285425,0.2184535284377075,qwen_only
1025,descriptive,1,1,0.953261735293027,0.9387040976138221,both_correct
1026,descriptive,1,1,0.9003150358406259,0.776625943241074,both_correct
1027,descriptive,1,1,0.9137992540348876,0.8974040477505049,both_correct
1028,descriptive,1,1,0.9507911866947345,0.9486983671096851,both_correct
1029,descriptive,1,1,0.8606012444731685,0.9220874275332871,both_correct
1030,descriptive,0,1,0.9270706674568222,0.954462228366137,internvl_only
1031,descriptive,1,1,0.9629728550441016,0.8916219066367338,both_correct
1032,descriptive,1,1,0.9812187407410738,0.9841344370605388,both_correct
1033,descriptive,1,1,0.9315337144005676,0.8982679090825259,both_correct
1034,descriptive,1,1,0.8795787964146,0.7993898182864715,both_correct
1035,descriptive,0,0,0.7315436107223199,0.7306821484883623,both_wrong
1036,descriptive,1,0,0.6519284365779575,0.1758396239440739,qwen_only
1037,descriptive,1,1,0.9474758055711615,0.9479188663398582,both_correct
1038,descriptive,1,1,0.9606562120716473,0.9580499198598245,both_correct
1039,descriptive,1,1,0.9595373238523502,0.9646469115190056,both_correct
1040,descriptive,1,1,0.7373381918211983,0.5827909435574393,both_correct
1041,descriptive,0,1,0.9061174328808455,0.9327864738457687,internvl_only
1042,descriptive,1,1,0.9751313243753447,0.9556196353008838,both_correct
1043,descriptive,1,1,0.9538573531038179,0.9828345696160317,both_correct
1044,descriptive,1,1,0.9793603685044138,0.960265927720124,both_correct
1045,descriptive,0,1,0.7686393445376245,0.8415947762078736,internvl_only
1046,descriptive,0,1,0.6393265096795142,0.806115601160026,internvl_only
1047,descriptive,0,0,0.6318860868285425,0.2184535284377075,both_wrong
1048,descriptive,1,1,0.9580485149856208,0.9745516914894182,both_correct
1049,descriptive,1,1,0.9237410837582843,0.8137956352895795,both_correct
1050,descriptive,1,1,0.812633527476009,0.624485849249003,both_correct
1051,descriptive,1,1,0.8186908502463626,0.8125665215163433,both_correct
1052,descriptive,1,1,0.8199934615098488,0.8763918671655603,both_correct
1053,descriptive,1,1,0.9636089339812882,0.9313306899276981,both_correct
1054,descriptive,1,1,0.980183369262846,0.9647065273831381,both_correct
1055,descriptive,1,1,0.803458638556755,0.8373267488353675,both_correct
1056,descriptive,1,1,0.919567076907496,0.858279396223379,both_correct
1057,descriptive,1,1,0.869008067407418,0.8923082470527177,both_correct
1058,descriptive,1,0,0.5456328704070382,0.6717872613942067,qwen_only
1059,descriptive,1,1,0.9110352690973603,0.8635491356458209,both_correct
1060,descriptive,1,1,0.7449499984518131,0.6376985719984717,both_correct
1061,descriptive,1,1,0.8213578685934761,0.7555161007849016,both_correct
1062,descriptive,1,1,0.8272723136530636,0.8833036770638844,both_correct
1063,descriptive,1,1,0.8885281470734052,0.9041789167352086,both_correct
1064,descriptive,1,1,0.9529158413700561,0.9821428263069019,both_correct
1065,descriptive,1,1,0.9098157378075832,0.8869637061084094,both_correct
1066,descriptive,1,1,0.9193632195285586,0.9162066507771142,both_correct
1067,descriptive,1,1,0.8927204870428597,0.9616185770883965,both_correct
1068,descriptive,1,1,0.8990330896460792,0.9440720551925939,both_correct
1069,descriptive,1,1,0.8446701631136835,0.8705564555280116,both_correct
1070,descriptive,1,1,0.9226565209307033,0.8416442037233112,both_correct
1071,descriptive,1,1,0.9254517349601405,0.8584638681383243,both_correct
1072,descriptive,1,1,0.9191778966014679,0.8358964475479943,both_correct
1073,descriptive,1,1,0.9112734132906755,0.9475117881691597,both_correct
1074,descriptive,1,1,0.879976659954111,0.8680220627361537,both_correct
1075,descriptive,1,1,0.980135055975335,0.9600107825769322,both_correct
1076,descriptive,1,1,0.9441046602459776,0.9107497596237868,both_correct
1077,descriptive,1,1,0.8957312252426519,0.9441745222131812,both_correct
1078,descriptive,1,1,0.8304909781602878,0.9124262269767964,both_correct
1079,descriptive,1,1,0.776305022577724,0.6151716451759227,both_correct
1080,descriptive,1,1,0.7281953264299417,0.8163204091005226,both_correct
1081,descriptive,1,0,0.7358793781419065,0.5540056397591501,qwen_only
1082,descriptive,1,0,0.8024739051140588,0.6271063558073549,qwen_only
1083,descriptive,1,0,0.8181092386742149,0.5994245056659264,qwen_only
1084,descriptive,1,1,0.8362596466850746,0.7891170261238626,both_correct
1085,descriptive,1,1,0.7865806988222963,0.7951998358962268,both_correct
1086,descriptive,1,1,0.9770335557034825,0.9545265286530464,both_correct
1087,descriptive,1,1,0.9214083515392172,0.8190936355549016,both_correct
1088,descriptive,1,1,0.9821597083390649,0.9856849738139477,both_correct
1089,descriptive,1,1,0.9332328191893486,0.909512310897613,both_correct
1090,descriptive,1,1,0.698016698909861,0.9170393233145613,both_correct
1091,descriptive,1,1,0.7534807321658492,0.933585312257094,both_correct
1092,descriptive,1,1,0.8577318123176952,0.7650698026462796,both_correct
1093,descriptive,1,1,0.8753900473530691,0.7337525399604766,both_correct
1094,descriptive,1,1,0.8501411646145908,0.570662668128054,both_correct
1095,descriptive,1,1,0.8409050597026765,0.8076928338033236,both_correct
1096,descriptive,1,1,0.8407351527796306,0.942979276551842,both_correct
1097,descriptive,1,1,0.9781065101735181,0.9571235546757463,both_correct
1098,descriptive,1,1,0.9670575432457849,0.9538100552525696,both_correct
1099,descriptive,1,0,0.803458638556755,0.8373267488353675,qwen_only
1100,descriptive,0,1,0.8570102123835962,0.946231199579179,internvl_only
1101,descriptive,1,1,0.9009887598484101,0.6416818593219693,both_correct
1102,descriptive,1,1,0.7860281943863069,0.8134548591364118,both_correct
1103,descriptive,1,1,0.7547587409596932,0.5332146409605107,both_correct
1104,descriptive,1,1,0.9508368526381451,0.9403613733550357,both_correct
1105,descriptive,0,1,0.7358793781419065,0.5540056397591501,internvl_only
1106,descriptive,1,1,0.9227878558665101,0.9543996884943367,both_correct
1107,descriptive,1,1,0.9169596353755629,0.8877082641520478,both_correct
1108,descriptive,1,1,0.9821052177769465,0.9509661949226126,both_correct
1109,descriptive,1,1,0.9821597083390649,0.9856849738139477,both_correct
1110,descriptive,1,1,0.9315337144005676,0.8982679090825259,both_correct
1111,descriptive,0,0,0.8888929607191023,0.9417502494581501,both_wrong
1112,descriptive,1,1,0.6617789562699736,0.8003396410803448,both_correct
1113,descriptive,1,1,0.7937760023706287,0.8931765829298874,both_correct
1114,descriptive,1,1,0.8797921040679147,0.8533700660004263,both_correct
1115,descriptive,1,1,0.8577318123176952,0.7650698026462796,both_correct
1116,descriptive,1,1,0.9595373238523502,0.9646469115190056,both_correct
1117,descriptive,1,0,0.8966803595003223,0.889106266767744,qwen_only
1118,descriptive,1,0,0.8928200559020764,0.855563713779451,qwen_only
1119,descriptive,1,1,0.9677290067020612,0.9682859210693663,both_correct
1120,descriptive,0,1,0.803458638556755,0.8373267488353675,internvl_only
1121,descriptive,1,1,0.9214083515392172,0.8190936355549016,both_correct
1122,descriptive,1,1,0.9631080025235933,0.9086332875380096,both_correct
1123,descriptive,1,1,0.8846063620245936,0.6962020624896333,both_correct
1124,descriptive,1,1,0.7871364819712301,0.6662238752660752,both_correct
1125,descriptive,1,1,0.8482518349198682,0.8861366618568866,both_correct
1126,descriptive,1,1,0.8899394479001086,0.8879105926635761,both_correct
1127,descriptive,1,1,0.8928895113919236,0.8637142170477469,both_correct
1128,descriptive,1,1,0.9083514890854213,0.9272109522123622,both_correct
1129,descriptive,1,1,0.8684022727166636,0.8449835333907232,both_correct
1130,descriptive,1,1,0.9721846175277368,0.9592316510500501,both_correct
1131,descriptive,1,0,0.9551079696871884,0.9353172070979677,qwen_only
1132,descriptive,1,1,0.9214083515392172,0.8190936355549016,both_correct
1133,descriptive,1,1,0.9359674654563176,0.9360884416934648,both_correct
1134,descriptive,1,1,0.7182443350337053,0.9282768971049034,both_correct
1135,descriptive,1,0,0.7603066014772738,0.20035391027861388,qwen_only
1136,descriptive,1,1,0.8125797061813463,0.7589671983046982,both_correct
1137,descriptive,1,0,0.9216945281396548,0.9172165758166735,qwen_only
1138,descriptive,1,1,0.8998223194114167,0.8062885838828615,both_correct
1139,descriptive,0,0,0.8763542164058694,0.9088938383028594,both_wrong
1140,descriptive,0,0,0.7777702387848008,0.825922793010243,both_wrong
1141,descriptive,1,1,0.9608567497026219,0.891424219718694,both_correct
1142,descriptive,1,1,0.920961723583714,0.9039529854038116,both_correct
1143,descriptive,1,1,0.9315337144005676,0.8982679090825259,both_correct
1144,descriptive,1,1,0.8990355264227273,0.9453798795548675,both_correct
1145,descriptive,1,1,0.8294606019357269,0.7483343884631665,both_correct
1146,descriptive,0,1,0.8757045176271996,0.5859851194065518,internvl_only
1147,descriptive,0,1,0.8181092386742149,0.5994245056659264,internvl_only
1148,descriptive,0,1,0.8024739051140588,0.6271063558073549,internvl_only
1149,descriptive,1,1,0.8995846551992496,0.9024980911403312,both_correct
1150,descriptive,1,1,0.8588050232050539,0.7948208623250932,both_correct
1151,descriptive,1,1,0.9481101605113281,0.9246686124505613,both_correct
1152,descriptive,1,1,0.9640687384199166,0.916301261906652,both_correct
1153,descriptive,1,1,0.9715636657761026,0.9648734374092435,both_correct
1154,descriptive,1,1,0.9672602327949976,0.9103706435796204,both_correct
1155,descriptive,1,1,0.9631080025235933,0.9086332875380096,both_correct
1156,descriptive,0,1,0.7381993973786549,0.923521106158139,internvl_only
1157,descriptive,1,1,0.8781801889468253,0.8055722137123583,both_correct
1158,descriptive,0,0,0.8061377301175139,0.7044914514805748,both_wrong
1159,descriptive,1,1,0.7827344083561327,0.6846956000056877,both_correct
1160,descriptive,1,1,0.9488475462254746,0.9535237712735534,both_correct
1161,descriptive,1,1,0.8205516312417845,0.7466080090889261,both_correct
1162,descriptive,1,1,0.8536366972512197,0.8478410380572355,both_correct
1163,descriptive,1,0,0.9415896869130318,0.9164059094200216,qwen_only
1164,descriptive,1,1,0.9811023026068252,0.9473013559545798,both_correct
1165,descriptive,1,1,0.9839787624379841,0.9750589248151941,both_correct
1166,descriptive,1,1,0.9328713460578887,0.926146101453543,both_correct
1167,descriptive,1,0,0.8483357765554367,0.5812724649030852,qwen_only
1168,descriptive,1,1,0.9153964717587499,0.8831294024696806,both_correct
1169,descriptive,1,0,0.8521614974046908,0.7006607284591767,qwen_only
1170,descriptive,1,0,0.9015575363289453,0.7178004494730202,qwen_only
1171,descriptive,1,1,0.6547123952971368,0.6617534520741931,both_correct
1172,descriptive,1,1,0.8699396214636219,0.8547789867308345,both_correct
1173,descriptive,1,1,0.8468025600553801,0.7933396519166599,both_correct
1174,descriptive,1,1,0.9634035547034517,0.9521320116263724,both_correct
1175,descriptive,1,1,0.9214083515392172,0.8190936355549016,both_correct
1176,descriptive,1,1,0.9296485689000209,0.9189839448284262,both_correct
1177,descriptive,1,1,0.8885518469024307,0.9352060351983866,both_correct
1178,descriptive,0,1,0.8609885576184121,0.5529347531823334,internvl_only
1179,descriptive,1,1,0.8784235728591075,0.5633201529148181,both_correct
1180,descriptive,1,1,0.8460520446738545,0.7272847613689004,both_correct
1181,descriptive,1,1,0.75476046534166,0.6393770766939527,both_correct
1182,descriptive,1,1,0.7596303613740765,0.7267221497678302,both_correct
1183,descriptive,1,1,0.9317329901542445,0.839682490982144,both_correct
1184,descriptive,1,1,0.9130657364026504,0.8517525818148117,both_correct
1185,descriptive,1,1,0.9781065101735181,0.9571235546757463,both_correct
1186,descriptive,1,1,0.8934398117258725,0.9032040582680072,both_correct
1187,descriptive,1,1,0.803458638556755,0.8373267488353675,both_correct
1188,descriptive,1,1,0.9003824400743232,0.863179265891398,both_correct
1189,descriptive,1,0,0.6778288784736665,0.2463510358241647,qwen_only
1190,descriptive,1,0,0.7305272566397335,0.42207283361382475,qwen_only
1191,descriptive,0,0,0.8530887057931618,0.6618981487843366,both_wrong
1192,descriptive,1,1,0.7438411796938995,0.6392849170458133,both_correct
1193,descriptive,1,1,0.8170781918127585,0.5591120332024332,both_correct
1194,descriptive,1,1,0.8585528904329518,0.9042482144129408,both_correct
1195,descriptive,1,1,0.8700670220965605,0.8392126074070647,both_correct
1196,descriptive,1,1,0.9033685861324297,0.8880894496261064,both_correct
1197,descriptive,1,1,0.803458638556755,0.8373267488353675,both_correct
1198,descriptive,1,1,0.9282628566361627,0.9421188597182275,both_correct
1199,descriptive,1,1,0.9500007632856969,0.9144498160166443,both_correct
1200,descriptive,1,1,0.9424233463060178,0.9178423546973591,both_correct
1201,descriptive,1,1,0.6884157877355244,0.931026270277686,both_correct
1202,descriptive,1,1,0.7843999448256166,0.7169143842427423,both_correct
1203,descriptive,0,0,0.8962108825654123,0.7950429039303021,both_wrong
1204,descriptive,0,1,0.8070790171755589,0.8288111129790268,internvl_only
1205,descriptive,1,0,0.8858432596084632,0.9370956631489069,qwen_only
1206,descriptive,1,0,0.8572613267735657,0.8675564230834719,qwen_only
1207,descriptive,1,1,0.9862415110072,0.936637856606966,both_correct
1208,descriptive,1,1,0.9344516517214029,0.9018975469428135,both_correct
1209,descriptive,1,1,0.9634544838004528,0.9740082199359056,both_correct
1210,descriptive,1,1,0.9291578082048602,0.961692655455917,both_correct
1211,descriptive,1,0,0.7603066014772738,0.20035391027861388,qwen_only
1212,descriptive,1,1,0.7749068663926056,0.912427198096869,both_correct
1213,descriptive,1,1,0.9619580076244306,0.9619147994801359,both_correct
1214,descriptive,1,1,0.912664258681756,0.7768790731554833,both_correct
1215,descriptive,1,1,0.7506826944785742,0.5641510651422075,both_correct
1216,descriptive,1,1,0.8884430326393228,0.8671925733451894,both_correct
1217,descriptive,1,1,0.890455791131191,0.8909415798901932,both_correct
1218,descriptive,1,1,0.9676232366765304,0.9490677515724847,both_correct
1219,descriptive,1,1,0.9214083515392172,0.8190936355549016,both_correct
1220,descriptive,1,1,0.9261179205793282,0.9791354939138548,both_correct
1221,descriptive,0,1,0.8510016832736091,0.9278343794111572,internvl_only
1222,descriptive,1,1,0.713027068002444,0.9467759949998493,both_correct
1223,descriptive,1,1,0.815511497323386,0.9282365969827407,both_correct
1224,descriptive,1,1,0.8849486190753473,0.9030852823400496,both_correct
1225,descriptive,1,1,0.9204257758775889,0.951891135255834,both_correct
1226,descriptive,1,0,0.7995796552688306,0.8199384471012298,qwen_only
1227,descriptive,1,1,0.7892085066239553,0.8081889885701935,both_correct
1228,descriptive,1,1,0.822270272763635,0.8646234158934172,both_correct
1229,descriptive,1,1,0.9461423423959928,0.9575850303739751,both_correct
1230,descriptive,0,1,0.803458638556755,0.8373267488353675,internvl_only
1231,descriptive,1,1,0.7873117412027661,0.9415135488654296,both_correct
1232,descriptive,1,1,0.919882408128563,0.9089366573224446,both_correct
1233,descriptive,1,0,0.8501096222550408,0.7314736992197239,qwen_only
1234,descriptive,1,1,0.754672100478066,0.623238843707579,both_correct
1235,descriptive,1,0,0.9453807807004582,0.8715391435283432,qwen_only
1236,descriptive,1,1,0.8181092386742149,0.5994245056659264,both_correct
1237,descriptive,1,1,0.9474758055711615,0.9479188663398582,both_correct
1238,descriptive,1,1,0.8699396214636219,0.8547789867308345,both_correct
1239,descriptive,1,1,0.850003017601699,0.9102461224516539,both_correct
1240,descriptive,1,1,0.94790372971046,0.9294709932203957,both_correct
1241,descriptive,1,1,0.9214083515392172,0.8190936355549016,both_correct
1242,descriptive,1,1,0.9255084620291139,0.8689363622745603,both_correct
1243,descriptive,1,1,0.90437363063587,0.9493670675832809,both_correct
1244,descriptive,1,1,0.9278907063167555,0.8232086909704774,both_correct
1245,descriptive,1,0,0.8757045176271996,0.5859851194065518,qwen_only
1246,descriptive,1,1,0.948985420417853,0.9362460056921696,both_correct
1247,descriptive,1,1,0.8990986967183877,0.8430371804513496,both_correct
1248,descriptive,1,1,0.8946205098971182,0.9096982581825435,both_correct
1249,descriptive,0,1,0.8596404361158227,0.9042172621010559,internvl_only
1250,descriptive,0,1,0.8763414419780905,0.8735017000996569,internvl_only
1251,descriptive,1,1,0.9616884427367065,0.9244949222046167,both_correct
1252,descriptive,1,1,0.8496852557236599,0.8174101114001149,both_correct
1253,descriptive,1,1,0.7761880206626893,0.7745557890246149,both_correct
1254,descriptive,1,1,0.8981666220593908,0.9349821974514767,both_correct
1255,descriptive,1,1,0.7611101692501476,0.6607906174415445,both_correct
1256,descriptive,0,0,0.8189773858580058,0.921477882468064,both_wrong
1257,descriptive,1,1,0.8855498880406424,0.8936257321625894,both_correct
1258,descriptive,1,1,0.9003150358406259,0.776625943241074,both_correct
1259,descriptive,0,1,0.8962108825654123,0.7950429039303021,internvl_only
1260,descriptive,1,1,0.7936679402739039,0.8910215922138459,both_correct
1261,descriptive,1,1,0.8795161616932285,0.9193906122082912,both_correct
1262,descriptive,1,1,0.9729478233607596,0.9579655419074737,both_correct
1263,descriptive,1,1,0.9214083515392172,0.8190936355549016,both_correct
1264,descriptive,1,0,0.8496852557236599,0.8174101114001149,qwen_only
1265,descriptive,0,0,0.7845244833224586,0.8723883830773561,both_wrong
1266,descriptive,1,1,0.814420675274288,0.6965952199989299,both_correct
1267,descriptive,1,1,0.8045162870467362,0.6419299268850136,both_correct
1268,descriptive,1,1,0.8181092386742149,0.5994245056659264,both_correct
1269,descriptive,1,1,0.8414204052572726,0.7238428482937855,both_correct
1270,descriptive,1,1,0.9132293073154615,0.9074969957115188,both_correct
1271,descriptive,1,1,0.8852024906760958,0.9223617326910503,both_correct
1272,descriptive,0,1,0.8675121368909912,0.8690559649302391,internvl_only
1273,descriptive,1,1,0.9739561468103841,0.9564957160589399,both_correct
1274,descriptive,1,1,0.803458638556755,0.8373267488353675,both_correct
1275,descriptive,1,1,0.883251199831693,0.8825650403451448,both_correct
1276,descriptive,1,1,0.9540245981975429,0.9602089522326728,both_correct
1277,descriptive,0,1,0.815406059568417,0.931943868393392,internvl_only
1278,descriptive,0,1,0.6318860868285425,0.2184535284377075,internvl_only
1279,descriptive,1,1,0.9614140965881625,0.9652954739097792,both_correct
1280,descriptive,1,1,0.8594481861842758,0.8054835466560537,both_correct
1281,descriptive,1,1,0.9293997970251846,0.9004015420446714,both_correct
1282,descriptive,1,1,0.8588050232050539,0.7948208623250932,both_correct
1283,descriptive,1,1,0.8639246049606767,0.7917303743110152,both_correct
1284,descriptive,1,1,0.9178729208159856,0.86321056431659,both_correct
1285,descriptive,1,1,0.9214083515392172,0.8190936355549016,both_correct
1286,descriptive,1,1,0.9670575432457849,0.9538100552525696,both_correct
1287,descriptive,1,1,0.8528877059128638,0.8964850079313139,both_correct
1288,descriptive,1,0,0.9018168673789684,0.5865223400643358,qwen_only
1289,descriptive,1,1,0.8856696133118621,0.5590710273855578,both_correct
1290,descriptive,1,1,0.8359614387657054,0.7395998962482947,both_correct
1291,descriptive,1,1,0.8978065144703491,0.8863840891776505,both_correct
1292,descriptive,1,1,0.8412463137346491,0.7850033593811758,both_correct
1293,descriptive,1,1,0.8186908502463626,0.8125665215163433,both_correct
1294,descriptive,1,1,0.8985883861175086,0.9496513558530723,both_correct
1295,descriptive,1,1,0.9383178302025837,0.9477477400590368,both_correct
1296,descriptive,1,1,0.9551079696871884,0.9353172070979677,both_correct
1297,descriptive,1,1,0.9811023026068252,0.9473013559545798,both_correct
1298,descriptive,1,1,0.748209064173035,0.8771538137203794,both_correct
1299,descriptive,1,0,0.8045162870467362,0.6419299268850136,qwen_only
1300,descriptive,1,1,0.8251424038287691,0.5937420258127423,both_correct
1301,descriptive,1,1,0.8877526320797495,0.8152035954423182,both_correct
1302,descriptive,1,1,0.8354501523458147,0.6373986025423445,both_correct
1303,descriptive,0,0,0.8555513630214234,0.8326758439927818,both_wrong
1304,descriptive,1,1,0.8186908502463626,0.8125665215163433,both_correct
1305,descriptive,1,1,0.9155971763000458,0.9514137337600366,both_correct
1306,descriptive,1,1,0.9737857685066791,0.914543821263905,both_correct
1307,descriptive,1,1,0.8960441421899764,0.9002634590962688,both_correct
1308,descriptive,1,1,0.9568228329046845,0.9542952070244477,both_correct
1309,descriptive,1,1,0.8528877059128638,0.8964850079313139,both_correct
1310,descriptive,1,1,0.869455082196867,0.7966284602184882,both_correct
1311,descriptive,1,0,0.8449623806651042,0.665819849635463,qwen_only
1312,descriptive,1,1,0.8171426195997257,0.6298302615015599,both_correct
1313,descriptive,1,1,0.8230752398868927,0.6151276875456491,both_correct
1314,descriptive,1,1,0.6913574475070889,0.5249172255658616,both_correct
1315,descriptive,1,1,0.9110356208173237,0.9476695324359704,both_correct
1316,descriptive,1,0,0.8627652761546947,0.8316393004965174,qwen_only
1317,descriptive,1,1,0.9586104284037039,0.9358376759861331,both_correct
1318,descriptive,1,1,0.803458638556755,0.8373267488353675,both_correct
1319,descriptive,1,1,0.9214083515392172,0.8190936355549016,both_correct
1320,descriptive,1,1,0.8257156830870123,0.9092439221501698,both_correct
1321,descriptive,1,1,0.5270217283945066,0.8148278255946465,both_correct
1322,descriptive,1,1,0.8729674953626568,0.8227178488814312,both_correct
1323,descriptive,1,0,0.9180326981344272,0.7983729965281278,qwen_only
1324,descriptive,1,1,0.9003150358406259,0.776625943241074,both_correct
1325,descriptive,1,0,0.8364112687596004,0.7275829040332192,qwen_only
1326,descriptive,1,0,0.7953090423821423,0.7057741648846615,qwen_only
1327,descriptive,1,1,0.8915101876289753,0.8666207527029207,both_correct
1328,descriptive,1,1,0.980014219969451,0.9583147735370456,both_correct
1329,descriptive,1,1,0.865466054863913,0.8471343398874017,both_correct
1330,descriptive,1,1,0.9091312957348986,0.8653436434041968,both_correct
1331,descriptive,1,1,0.9320131223903422,0.9379512743682354,both_correct
1332,descriptive,0,0,0.7005197919818511,0.8671261508616477,both_wrong
1333,descriptive,1,1,0.7069197658526609,0.8131129496127095,both_correct
1334,descriptive,1,1,0.8338555316872355,0.7616771112462553,both_correct
1335,descriptive,0,1,0.8084479875020867,0.7856583366789318,internvl_only
1336,descriptive,1,1,0.9290258584011785,0.8946895065757974,both_correct
1337,descriptive,1,1,0.8678577933998743,0.8817178607543477,both_correct
1338,descriptive,1,1,0.9220660404639219,0.9485417624972577,both_correct
1339,descriptive,1,1,0.9635316511051794,0.9348074909049008,both_correct
1340,descriptive,1,1,0.8634495605248605,0.8400248720131521,both_correct
1341,descriptive,1,1,0.9434920262491887,0.957515966400948,both_correct
1342,descriptive,1,0,0.9515275081250014,0.878961639175585,qwen_only
1343,descriptive,0,0,0.8251424038287691,0.5937420258127423,both_wrong
1344,descriptive,1,0,0.6778288784736665,0.2463510358241647,qwen_only
1345,descriptive,1,1,0.9003150358406259,0.776625943241074,both_correct
1346,descriptive,1,1,0.8893662405254655,0.8617349450189888,both_correct
1347,descriptive,1,1,0.803936568066755,0.764021873298358,both_correct
1348,descriptive,1,1,0.89956934796788,0.8522994507679142,both_correct
1349,descriptive,1,1,0.8991028409571049,0.9691430284784999,both_correct
1350,descriptive,1,1,0.9665930802092747,0.9560969584291835,both_correct
1351,descriptive,1,0,0.9670575432457849,0.9538100552525696,qwen_only
1352,descriptive,1,1,0.900861797230325,0.8826800754365413,both_correct
1353,descriptive,1,1,0.9358033765951599,0.9237151086189126,both_correct
1354,descriptive,1,1,0.9162075329764873,0.7702570906483106,both_correct
1355,descriptive,1,0,0.6519284365779575,0.1758396239440739,qwen_only
1356,descriptive,1,0,0.8851919099810772,0.7213750391192705,qwen_only
1357,descriptive,1,1,0.8122467380595912,0.7697388005112872,both_correct
1358,descriptive,1,1,0.9507911866947345,0.9486983671096851,both_correct
1359,descriptive,1,1,0.8821180847271577,0.8748459323973049,both_correct
1360,descriptive,1,0,0.8615510646427054,0.8066273081119889,qwen_only
1361,descriptive,1,1,0.9452304044501996,0.9366895985328894,both_correct
1362,descriptive,1,1,0.803458638556755,0.8373267488353675,both_correct
1363,descriptive,1,1,0.9805667446304486,0.9620750028600566,both_correct
1364,descriptive,1,1,0.8782867596251684,0.9652719800216714,both_correct
1365,descriptive,0,1,0.7749068663926056,0.912427198096869,internvl_only
1366,descriptive,1,0,0.754672100478066,0.623238843707579,qwen_only
1367,descriptive,0,0,0.9149506951246991,0.8891550065928561,both_wrong
1368,descriptive,1,1,0.9015575363289453,0.7178004494730202,both_correct
1369,descriptive,1,1,0.8300454127848799,0.6711139062325099,both_correct
1370,descriptive,1,1,0.8920655152669508,0.9213311584869575,both_correct
1371,descriptive,1,1,0.9115056864626313,0.9440602982478197,both_correct
1372,descriptive,1,1,0.9592631897780347,0.8587056616892196,both_correct
1373,descriptive,1,1,0.9551079696871884,0.9353172070979677,both_correct
1374,descriptive,1,1,0.9808598286996358,0.9733928346541099,both_correct
1375,descriptive,1,1,0.8981545408545722,0.9441751329538292,both_correct
1376,descriptive,1,0,0.6318860868285425,0.2184535284377075,qwen_only
1377,descriptive,0,1,0.812341701260488,0.9325425173787087,internvl_only
1378,descriptive,1,1,0.9614140965881625,0.9652954739097792,both_correct
1379,descriptive,0,0,0.7466044180468567,0.767620677850368,both_wrong
1380,descriptive,1,1,0.7814178752527317,0.5519499596453569,both_correct
1381,descriptive,0,0,0.8557322984792037,0.8802851051462377,both_wrong
1382,descriptive,1,1,0.9227718902658367,0.956589162994371,both_correct
1383,descriptive,1,1,0.9178729208159856,0.86321056431659,both_correct
1384,descriptive,1,1,0.803458638556755,0.8373267488353675,both_correct
1385,descriptive,1,1,0.9632528635751358,0.9285961542286877,both_correct
1386,descriptive,1,0,0.8055119535359957,0.5023756958799059,qwen_only
1387,descriptive,1,0,0.6778288784736665,0.2463510358241647,qwen_only
1388,descriptive,0,0,0.6617789562699736,0.8003396410803448,both_wrong
1389,descriptive,1,1,0.7705272576549833,0.6202579255145177,both_correct
1390,descriptive,1,0,0.9496694564141595,0.8512879550796036,qwen_only
1391,descriptive,1,1,0.7902860000458184,0.7376958630283916,both_correct
1392,descriptive,0,0,0.8631661650991638,0.8735556498494085,both_wrong
1393,descriptive,1,1,0.8911898457895163,0.8476260262764671,both_correct
1394,descriptive,1,1,0.9773637532069496,0.9697203767241533,both_correct
1395,descriptive,1,1,0.9315337144005676,0.8982679090825259,both_correct
1396,descriptive,1,1,0.9282628566361627,0.9421188597182275,both_correct
1397,descriptive,1,1,0.8672948539304157,0.9269541304533515,both_correct
1398,descriptive,1,0,0.8060930886763555,0.9386851717323957,qwen_only
1399,descriptive,1,1,0.9002181263936052,0.8948571109994297,both_correct
1400,descriptive,1,1,0.8792012095309235,0.7614359622355807,both_correct
1401,descriptive,1,1,0.8577318123176952,0.7650698026462796,both_correct
1402,descriptive,1,1,0.9544069200576228,0.9489866595179569,both_correct
1403,descriptive,1,1,0.9061174328808455,0.9327864738457687,both_correct
1404,descriptive,1,1,0.9365419322702324,0.9070343857406669,both_correct
1405,descriptive,1,1,0.9810568708181722,0.9485779054812378,both_correct
1406,descriptive,1,1,0.8957312252426519,0.9441745222131812,both_correct
1407,descriptive,1,1,0.9441046602459776,0.9107497596237868,both_correct
1408,descriptive,0,1,0.7378607682940387,0.9036844731433368,internvl_only
1409,descriptive,0,1,0.4678730400319151,0.5819074870751276,internvl_only
1410,descriptive,1,0,0.7603066014772738,0.20035391027861388,qwen_only
1411,descriptive,0,1,0.9568144150210679,0.9544104149148872,internvl_only
1412,descriptive,1,1,0.9634260691609426,0.9620377676135046,both_correct
1413,descriptive,0,1,0.8990627454783214,0.9140175693702836,internvl_only
1414,descriptive,1,1,0.8012468693588736,0.7710109836667187,both_correct
1415,descriptive,1,1,0.9059916638078019,0.9432131398475704,both_correct
1416,descriptive,1,1,0.9555874104751434,0.9313939598771613,both_correct
1417,descriptive,1,1,0.7664045048541408,0.8824072399992049,both_correct
1418,descriptive,1,0,0.9659632674828964,0.95138845259115,qwen_only
1419,descriptive,1,1,0.7792471777962235,0.8782765122617106,both_correct
1420,descriptive,1,1,0.9260837869307003,0.6819410481192876,both_correct
1421,descriptive,1,1,0.8856696133118621,0.5590710273855578,both_correct
1422,descriptive,1,1,0.8959369637576511,0.8924208793426763,both_correct
1423,descriptive,0,0,0.8447729197512475,0.7413459140359597,both_wrong
1424,descriptive,1,0,0.9212838450367546,0.8001624598887522,qwen_only
1425,descriptive,1,1,0.9118729044243087,0.9506881392178034,both_correct
1426,descriptive,1,1,0.8361434173092733,0.7891412367387987,both_correct
1427,descriptive,1,1,0.9476588677009758,0.9496337489956154,both_correct
1428,descriptive,1,1,0.9214083515392172,0.8190936355549016,both_correct
1429,descriptive,1,1,0.9043664372504159,0.9478747652251206,both_correct
1430,descriptive,1,1,0.9451597786371676,0.9137654013987483,both_correct
1431,descriptive,1,1,0.8913052630283359,0.76957779577995,both_correct
1432,descriptive,0,1,0.5480695773447651,0.8633162663938293,internvl_only
1433,descriptive,1,1,0.8577318123176952,0.7650698026462796,both_correct
1434,descriptive,1,0,0.7358793781419065,0.5540056397591501,qwen_only
1435,descriptive,1,1,0.9605873202068719,0.9442349616923083,both_correct
1436,descriptive,1,1,0.8931768317706693,0.9201763246253643,both_correct
1437,descriptive,1,1,0.8795161616932285,0.9193906122082912,both_correct
1438,descriptive,1,0,0.9780018307730363,0.9048496829733266,qwen_only
1439,descriptive,1,1,0.9434920262491887,0.957515966400948,both_correct
1440,descriptive,1,1,0.9685597226498542,0.9737496065871183,both_correct
1441,descriptive,1,1,0.8956658761276491,0.9628032787786658,both_correct
1442,descriptive,1,1,0.749762964334093,0.9289772273760272,both_correct
1443,descriptive,1,1,0.8550443213687088,0.8989745942175374,both_correct
1444,descriptive,1,1,0.9159426614559696,0.9078126181964221,both_correct
1445,descriptive,0,0,0.7983057867937787,0.8609842764928882,both_wrong
1446,descriptive,0,0,0.7466044180468567,0.767620677850368,both_wrong
1447,descriptive,1,1,0.8867148984938079,0.8870045678184378,both_correct
1448,descriptive,1,1,0.8884464904459118,0.8966807354346809,both_correct
1449,descriptive,1,1,0.9485632847992421,0.9449955163764414,both_correct
1450,descriptive,1,1,0.803458638556755,0.8373267488353675,both_correct
1451,descriptive,1,1,0.9385864255569467,0.9123093518017514,both_correct
1452,descriptive,1,1,0.9689022640990427,0.9386243735447409,both_correct
1453,descriptive,0,1,0.8983958511949091,0.9768624313474719,internvl_only
1454,descriptive,1,1,0.8930690395978805,0.9110495291158742,both_correct
1455,descriptive,1,1,0.8995835548994763,0.8642301304484502,both_correct
1456,descriptive,1,1,0.8818516497816025,0.7546829843451127,both_correct
1457,descriptive,1,0,0.780237837569501,0.6579849175358541,qwen_only
1458,descriptive,0,1,0.7865806988222963,0.7951998358962268,internvl_only
1459,descriptive,0,1,0.8404166449315218,0.9002599212760148,internvl_only
1460,descriptive,1,0,0.9178729208159856,0.86321056431659,qwen_only
1461,descriptive,1,1,0.964247082651102,0.9787768497884598,both_correct
1462,descriptive,1,1,0.9797303382870634,0.978203028266079,both_correct
1463,descriptive,1,1,0.8438422544190647,0.6616329280190754,both_correct
1464,descriptive,1,1,0.8986322338899787,0.7290355435150963,both_correct
1465,descriptive,1,0,0.5456328704070382,0.6717872613942067,qwen_only
1466,descriptive,1,1,0.9332405146200963,0.9490172819841982,both_correct
1467,descriptive,1,1,0.9045586849338147,0.9323886180976575,both_correct
1468,descriptive,0,1,0.7767188744574133,0.6707339701403917,internvl_only
1469,descriptive,1,1,0.9405869387992538,0.9427199161607606,both_correct
1470,descriptive,1,1,0.8534140068422527,0.75515296572382,both_correct
1471,descriptive,1,1,0.9711719725168572,0.9252137271611373,both_correct
1472,descriptive,1,1,0.9551079696871884,0.9353172070979677,both_correct
1473,descriptive,1,1,0.9833377796637166,0.9635017263022864,both_correct
1474,descriptive,1,1,0.8742938084437004,0.9456993074628653,both_correct
1475,descriptive,1,1,0.776305022577724,0.6151716451759227,both_correct
1476,descriptive,0,0,0.6778288784736665,0.2463510358241647,both_wrong
1477,descriptive,1,1,0.8617540947010511,0.8016685432553463,both_correct
1478,descriptive,1,1,0.7358793781419065,0.5540056397591501,both_correct
1479,descriptive,1,1,0.901013491731832,0.94838339244156,both_correct
1480,descriptive,1,1,0.8747534034909019,0.8902769738004881,both_correct
1481,descriptive,1,1,0.8362596466850746,0.7891170261238626,both_correct
1482,descriptive,1,1,0.9586637508661419,0.904966179903905,both_correct
1483,descriptive,1,1,0.9686594314917422,0.9692621659224493,both_correct
1484,descriptive,1,1,0.9294943532305749,0.9792111528523114,both_correct
1485,descriptive,1,1,0.8570102123835962,0.946231199579179,both_correct
1486,descriptive,0,0,0.807319813686962,0.767056445345945,both_wrong
1487,descriptive,1,0,0.8608967142608035,0.49950663774534587,qwen_only
1488,descriptive,1,1,0.7743898800545221,0.6357870770463693,both_correct
1489,descriptive,1,1,0.8371118563616926,0.7423319728123475,both_correct
1490,descriptive,1,1,0.8338880695291037,0.5810866017451497,both_correct
1491,descriptive,1,1,0.8931963977940194,0.883608661709522,both_correct
1492,descriptive,1,1,0.9298762432155968,0.9590016833741906,both_correct
1493,descriptive,1,1,0.9463853647614554,0.918784147432595,both_correct
1494,descriptive,1,1,0.9328046482830586,0.967698324006235,both_correct
1495,descriptive,1,1,0.9710023061750667,0.9708525657071205,both_correct
1496,descriptive,1,1,0.949049254657884,0.9071024827327469,both_correct
1497,descriptive,0,1,0.7903195823784298,0.9262102809025046,internvl_only
1498,descriptive,1,1,0.8013854349124097,0.9434508959294681,both_correct
1499,descriptive,1,1,0.8555513630214234,0.8326758439927818,both_correct
1500,descriptive,1,1,0.9440135766936569,0.8503400760221298,both_correct
1501,descriptive,1,1,0.8948612993509181,0.8606491528072755,both_correct
1502,descriptive,1,1,0.89226693976839,0.8375293481786691,both_correct
1503,descriptive,1,1,0.9183068648894938,0.9418331443712018,both_correct
1504,descriptive,1,1,0.9586104284037039,0.9358376759861331,both_correct
1505,descriptive,1,1,0.9315337144005676,0.8982679090825259,both_correct
1506,descriptive,1,1,0.9328046482830586,0.967698324006235,both_correct
1507,descriptive,1,1,0.631939829123426,0.6529361198513305,both_correct
1508,descriptive,0,0,0.754672100478066,0.623238843707579,both_wrong
1509,descriptive,1,1,0.8781801889468253,0.8055722137123583,both_correct
1510,descriptive,1,1,0.8517203272115897,0.7184248386624624,both_correct
1511,descriptive,1,1,0.8580518621836386,0.7477425359202324,both_correct
1512,descriptive,1,1,0.8577318123176952,0.7650698026462796,both_correct
1513,descriptive,1,1,0.8992167225682142,0.8846477543994156,both_correct
1514,descriptive,1,1,0.8899412608072335,0.8816230953816508,both_correct
1515,descriptive,1,1,0.946528484903793,0.9505911085861226,both_correct
1516,descriptive,1,1,0.9767695507065984,0.9776210568546685,both_correct
1517,descriptive,1,1,0.9441046602459776,0.9107497596237868,both_correct
1518,descriptive,1,1,0.844413649546212,0.9223841852756614,both_correct
1519,descriptive,1,1,0.9295747020616137,0.726283170222413,both_correct
1520,descriptive,1,1,0.869008067407418,0.8923082470527177,both_correct
1521,descriptive,1,1,0.8104733606803707,0.6636271674296048,both_correct
1522,descriptive,1,1,0.9113592006771739,0.7968474975469847,both_correct
1523,descriptive,1,1,0.9558811433292127,0.9559535302766946,both_correct
1524,descriptive,1,1,0.8173956690853713,0.7545534165453032,both_correct
1525,descriptive,1,1,0.8990643465388408,0.8845645871159896,both_correct
1526,descriptive,1,1,0.9683166308267465,0.897371785749265,both_correct
1527,descriptive,1,1,0.8957312252426519,0.9441745222131812,both_correct
1528,descriptive,1,1,0.949913185793761,0.9635145341512188,both_correct
1529,descriptive,1,1,0.9257412524128307,0.906314619958989,both_correct
1530,descriptive,0,0,0.4640692174138113,0.4515242439505506,both_wrong
1531,descriptive,1,1,0.8132940778648238,0.9136429608130378,both_correct
1532,descriptive,1,0,0.8275798601599927,0.7694706307364402,qwen_only
1533,descriptive,1,1,0.8921703645961723,0.8959142224396043,both_correct
1534,descriptive,1,1,0.8851919099810772,0.7213750391192705,both_correct
1535,descriptive,1,0,0.8478025730597052,0.7999872416159006,qwen_only
1536,descriptive,1,1,0.7934109296787804,0.7929639201039563,both_correct
1537,descriptive,1,1,0.9707181193899228,0.9416382390210472,both_correct
1538,descriptive,1,1,0.9811278600219088,0.9592687248723369,both_correct
1539,descriptive,1,1,0.9590464016665756,0.9777907549026955,both_correct
1540,descriptive,0,0,0.8451694404248636,0.8817381699847741,both_wrong
1541,descriptive,1,0,0.8294606019357269,0.7483343884631665,qwen_only
1542,descriptive,1,0,0.9018168673789684,0.5865223400643358,qwen_only
1543,descriptive,1,1,0.9192944599006995,0.8806095813695789,both_correct
1544,descriptive,1,1,0.8207663426629395,0.8420861757196811,both_correct
1545,descriptive,1,0,0.8752431171297178,0.7835908553778899,qwen_only
1546,descriptive,1,1,0.8414312435591559,0.9319574939145847,both_correct
1547,descriptive,1,1,0.7832050776979798,0.7582377273425756,both_correct
1548,descriptive,1,1,0.9716681506853463,0.9795878309993542,both_correct
1549,descriptive,1,1,0.803458638556755,0.8373267488353675,both_correct
1550,descriptive,1,1,0.8845164232858785,0.8467800171470281,both_correct
1551,descriptive,1,1,0.919567076907496,0.858279396223379,both_correct
1552,descriptive,1,1,0.9024982587866018,0.496066879999921,both_correct
1553,descriptive,1,0,0.6318860868285425,0.2184535284377075,qwen_only
1554,descriptive,0,0,0.8338555316872355,0.7616771112462553,both_wrong
1555,descriptive,1,0,0.7010509523849998,0.7053678551339995,qwen_only
1556,descriptive,1,1,0.7859740564045699,0.783276099672034,both_correct
1557,descriptive,1,1,0.8852024906760958,0.9223617326910503,both_correct
1558,descriptive,1,1,0.8826523545446853,0.8714338326201989,both_correct
1559,descriptive,0,1,0.9499017260300383,0.9796549249638594,internvl_only
1560,descriptive,1,1,0.9703260289271701,0.9425804168865136,both_correct
1561,descriptive,1,1,0.9572975985764945,0.9629345920569251,both_correct
1562,descriptive,1,1,0.949049254657884,0.9071024827327469,both_correct
1563,descriptive,1,1,0.8774581769022846,0.7818479957304121,both_correct
1564,descriptive,1,0,0.6778288784736665,0.2463510358241647,qwen_only
1565,descriptive,1,1,0.9003150358406259,0.776625943241074,both_correct
1566,descriptive,0,0,0.7940881455094937,0.5908803918872186,both_wrong
1567,descriptive,1,1,0.8998223194114167,0.8062885838828615,both_correct
1568,descriptive,1,0,0.9313732921387944,0.8939627460483618,qwen_only
1569,descriptive,1,1,0.8012468693588736,0.7710109836667187,both_correct
1570,descriptive,1,1,0.9694607493142223,0.9583813178022642,both_correct
1571,descriptive,1,1,0.9282628566361627,0.9421188597182275,both_correct
1572,descriptive,1,1,0.9385864255569467,0.9123093518017514,both_correct
1573,descriptive,1,1,0.8528877059128638,0.8964850079313139,both_correct
1574,descriptive,1,1,0.9373081600374357,0.9094586391412759,both_correct
1575,descriptive,1,1,0.8895801604797398,0.9665331595661028,both_correct
1576,descriptive,1,1,0.8686346889395905,0.7950820706073324,both_correct
1577,descriptive,1,1,0.948985420417853,0.9362460056921696,both_correct
1578,descriptive,1,1,0.9404901012426792,0.9470446905993819,both_correct
1579,descriptive,1,1,0.9162422976300629,0.8559251325528762,both_correct
1580,descriptive,1,1,0.8183736383461259,0.7921944316184936,both_correct
1581,descriptive,1,1,0.9602027068054205,0.961392987068789,both_correct
1582,descriptive,1,1,0.8496852557236599,0.8174101114001149,both_correct
1583,descriptive,1,1,0.9738058583519946,0.9735449358779226,both_correct
1584,descriptive,0,1,0.8211444188938217,0.9015385966901631,internvl_only
1585,descriptive,1,1,0.7673512740388101,0.9015852065099982,both_correct
1586,descriptive,1,1,0.6778288784736665,0.2463510358241647,both_correct
1587,descriptive,1,1,0.9731300556948497,0.9593129700616033,both_correct
1588,descriptive,1,1,0.9571710997135269,0.9112357752005936,both_correct
1589,descriptive,1,1,0.9094291838534299,0.8331103368522687,both_correct
1590,descriptive,1,1,0.9537293640195104,0.9231555247885188,both_correct
1591,descriptive,1,1,0.8794683259526916,0.8425198910111201,both_correct
1592,descriptive,1,1,0.9835740562160094,0.9554698127109056,both_correct
1593,descriptive,1,1,0.9315337144005676,0.8982679090825259,both_correct
1594,descriptive,1,1,0.9214083515392172,0.8190936355549016,both_correct
1595,descriptive,1,1,0.949049254657884,0.9071024827327469,both_correct
1596,descriptive,1,1,0.9307495928993162,0.8671958891953018,both_correct
1597,descriptive,1,1,0.9442396881130677,0.9530908221572741,both_correct
1598,descriptive,1,0,0.7739578778044044,0.7264721790231464,qwen_only
1599,descriptive,0,0,0.6226112610151342,0.6397574476505157,both_wrong
1600,descriptive,1,1,0.9038315962996154,0.9216096770934599,both_correct
1601,descriptive,1,0,0.8779294120703666,0.7791262604800331,qwen_only
1602,descriptive,1,1,0.8944615447570202,0.8749785249781713,both_correct
1603,descriptive,1,1,0.9575186440347947,0.9450034078645676,both_correct
1604,descriptive,1,1,0.9214083515392172,0.8190936355549016,both_correct
1605,descriptive,1,1,0.803458638556755,0.8373267488353675,both_correct
1606,descriptive,1,1,0.8438422544190647,0.6616329280190754,both_correct
1607,descriptive,0,1,0.8497294160878072,0.6776293829034883,internvl_only
1608,descriptive,1,0,0.6318860868285425,0.2184535284377075,qwen_only
1609,descriptive,1,1,0.879666814925724,0.8795178481385947,both_correct
1610,descriptive,1,1,0.8792709494476401,0.7737380471753746,both_correct
1611,descriptive,1,1,0.8528412482741725,0.8510888802447769,both_correct
1612,descriptive,0,1,0.853275386326877,0.8664242826299904,internvl_only
1613,descriptive,1,1,0.8737320799212647,0.6684882979804668,both_correct
1614,descriptive,1,1,0.9400575994054725,0.9183637941358707,both_correct
1615,descriptive,1,1,0.9315337144005676,0.8982679090825259,both_correct
1616,descriptive,1,1,0.803458638556755,0.8373267488353675,both_correct
1617,descriptive,1,1,0.90437363063587,0.9493670675832809,both_correct
1618,descriptive,0,1,0.8673816213330555,0.9220546078768472,internvl_only
1619,descriptive,1,0,0.7603066014772738,0.20035391027861388,qwen_only
1620,descriptive,1,1,0.940931910075358,0.9198727688323385,both_correct
1621,descriptive,1,1,0.7358793781419065,0.5540056397591501,both_correct
1622,descriptive,1,1,0.9131201897878335,0.8062816609601904,both_correct
1623,descriptive,1,1,0.8807126072545707,0.9374547609017638,both_correct
1624,descriptive,1,1,0.8123717051734737,0.8260001814017256,both_correct
1625,descriptive,1,1,0.9551978511856434,0.9330367782574,both_correct
1626,descriptive,1,1,0.949913185793761,0.9635145341512188,both_correct
1627,descriptive,1,1,0.8948045937979519,0.8864881538128663,both_correct
1628,descriptive,1,1,0.9569124118479813,0.9361409370594014,both_correct
1629,descriptive,1,1,0.9490827799196591,0.8669793656343585,both_correct
1630,descriptive,0,0,0.6778288784736665,0.2463510358241647,both_wrong
1631,descriptive,1,0,0.8024739051140588,0.6271063558073549,qwen_only
1632,descriptive,1,0,0.8432546862772805,0.7190978748925518,qwen_only
1633,descriptive,1,1,0.8701751719858455,0.8158831515489899,both_correct
1634,descriptive,1,1,0.8288937922165635,0.9182625043244901,both_correct
1635,descriptive,1,1,0.8820072948733146,0.9242865255185153,both_correct
1636,descriptive,1,1,0.9781065101735181,0.9571235546757463,both_correct
1637,descriptive,1,1,0.8934398117258725,0.9032040582680072,both_correct
1638,descriptive,1,1,0.9558816238891739,0.9719549594019584,both_correct
1639,descriptive,1,1,0.8981666220593908,0.9349821974514767,both_correct
1640,descriptive,1,1,0.8108240367454919,0.8854403975614544,both_correct
1641,descriptive,1,0,0.6778288784736665,0.2463510358241647,qwen_only
1642,descriptive,1,1,0.9595373238523502,0.9646469115190056,both_correct
1643,descriptive,1,1,0.8437130340897592,0.7765603604234984,both_correct
1644,descriptive,1,1,0.7798724979842885,0.6309229360043623,both_correct
1645,descriptive,0,1,0.7939507661622072,0.7557245840417447,internvl_only
1646,descriptive,1,1,0.850003017601699,0.9102461224516539,both_correct
1647,descriptive,1,1,0.9033685861324297,0.8880894496261064,both_correct
1648,descriptive,1,1,0.9082878186623512,0.8389815386869203,both_correct
1649,descriptive,1,1,0.803458638556755,0.8373267488353675,both_correct
1650,descriptive,1,0,0.9569124118479813,0.9361409370594014,qwen_only
1651,descriptive,1,1,0.7626873843139619,0.9352100823894823,both_correct
1652,descriptive,1,0,0.8784235728591075,0.5633201529148181,qwen_only
1653,descriptive,0,0,0.7962323526944045,0.5170849284454951,both_wrong
1654,descriptive,1,1,0.9226565209307033,0.8416442037233112,both_correct
1655,descriptive,1,1,0.9172164737334582,0.878520903018073,both_correct
1656,descriptive,0,0,0.8058337623217386,0.673571055377046,both_wrong
1657,descriptive,1,1,0.9041937001808529,0.8466724716462,both_correct
1658,descriptive,1,1,0.9509884641166078,0.9337116237069493,both_correct
1659,descriptive,1,1,0.9230425151692921,0.9754635287856642,both_correct
1660,descriptive,1,1,0.803458638556755,0.8373267488353675,both_correct
1661,descriptive,1,1,0.9044224944322066,0.9326494870115223,both_correct
1662,descriptive,1,1,0.8447931868255243,0.906193359374662,both_correct
1663,descriptive,1,0,0.6318860868285425,0.2184535284377075,qwen_only
1664,descriptive,1,1,0.9440135766936569,0.8503400760221298,both_correct
1665,descriptive,1,0,0.8048044440986067,0.5868158342941802,qwen_only
1666,descriptive,0,0,0.7640002028015487,0.5354919738458003,both_wrong
1667,descriptive,1,1,0.903036822554818,0.8868976525838691,both_correct
1668,descriptive,0,1,0.8155288428315722,0.8747655894440971,internvl_only
1669,descriptive,1,1,0.9545814813937001,0.9449394356190555,both_correct
1670,descriptive,1,1,0.9678000668899364,0.9253087883251322,both_correct
1671,descriptive,1,0,0.9214083515392172,0.8190936355549016,qwen_only
1672,descriptive,1,0,0.9451597786371676,0.9137654013987483,qwen_only
1673,descriptive,0,0,0.8846063620245936,0.6962020624896333,both_wrong
1674,descriptive,1,0,0.7082862078747686,0.6224965132515212,qwen_only
1675,descriptive,1,1,0.9016138596126971,0.903793874364511,both_correct
1676,descriptive,1,1,0.9198947792816664,0.9097742801889738,both_correct
1677,descriptive,1,0,0.7358793781419065,0.5540056397591501,qwen_only
1678,descriptive,1,1,0.8795161616932285,0.9193906122082912,both_correct
1679,descriptive,1,1,0.8564525692087496,0.8906996878221851,both_correct
1680,descriptive,1,1,0.9805604419664493,0.959591515956812,both_correct
1681,descriptive,1,1,0.9214083515392172,0.8190936355549016,both_correct
1682,descriptive,1,1,0.9759940189216005,0.9714982771112843,both_correct
1683,descriptive,0,0,0.812856723652614,0.9348045243171972,both_wrong
1684,descriptive,0,1,0.6778288784736665,0.2463510358241647,internvl_only
1685,descriptive,1,1,0.9212559743767614,0.9115306851888912,both_correct
1686,descriptive,1,1,0.9496694564141595,0.8512879550796036,both_correct
1687,descriptive,1,1,0.9250789730370196,0.9153875604897748,both_correct
1688,descriptive,0,0,0.7388373510556345,0.6710337804976674,both_wrong
1689,descriptive,1,1,0.9089590024168404,0.931569213603809,both_correct
1690,descriptive,1,1,0.8639246049606767,0.7917303743110152,both_correct
1691,descriptive,1,1,0.9485632847992421,0.9449955163764414,both_correct
1692,descriptive,1,1,0.936143901845784,0.9745064937195365,both_correct
1693,descriptive,1,1,0.9593382262322845,0.9170403738102585,both_correct
1694,descriptive,1,1,0.8888929607191023,0.9417502494581501,both_correct
1695,descriptive,0,0,0.8856696133118621,0.5590710273855578,both_wrong
1696,descriptive,1,0,0.6318860868285425,0.2184535284377075,qwen_only
1697,descriptive,0,1,0.8942948425137061,0.9096881425977977,internvl_only
1698,descriptive,1,1,0.8962108825654123,0.7950429039303021,both_correct
1699,descriptive,1,1,0.8765373717462823,0.8664583255963134,both_correct
1700,descriptive,1,1,0.8788815147155206,0.8484315182443903,both_correct
1701,descriptive,1,1,0.8738503282467172,0.8783993814691409,both_correct
1702,descriptive,1,1,0.9510937052905628,0.9236082031245746,both_correct
1703,descriptive,1,1,0.9744713080820031,0.9587815015974974,both_correct
1704,descriptive,1,1,0.9685951866524336,0.9880582121740425,both_correct
1705,descriptive,1,1,0.9319361253733108,0.9415209593168988,both_correct
1706,descriptive,1,0,0.6318860868285425,0.2184535284377075,qwen_only
1707,descriptive,1,0,0.745713726828458,0.8749779095275493,qwen_only
1708,descriptive,1,1,0.9363388715531212,0.8697353987433726,both_correct
1709,descriptive,1,1,0.9606562120716473,0.9580499198598245,both_correct
1710,descriptive,1,1,0.8928358698452027,0.7980383842191022,both_correct
1711,descriptive,1,1,0.7936679402739039,0.8910215922138459,both_correct
1712,descriptive,1,0,0.8287395658623257,0.7537991586836811,qwen_only
1713,descriptive,1,1,0.9844403404505342,0.9654859561852105,both_correct
1714,descriptive,1,1,0.900063889542917,0.8881032860037587,both_correct
1715,descriptive,1,1,0.9672602327949976,0.9103706435796204,both_correct
1716,descriptive,1,1,0.8895181979411236,0.8639987720556367,both_correct
1717,descriptive,0,0,0.6778288784736665,0.2463510358241647,both_wrong
1718,descriptive,1,1,0.754672100478066,0.623238843707579,both_correct
1719,descriptive,0,1,0.8827801458551348,0.8874848653571102,internvl_only
1720,descriptive,1,1,0.7940881455094937,0.5908803918872186,both_correct
1721,descriptive,0,1,0.8686346889395905,0.7950820706073324,internvl_only
1722,descriptive,1,1,0.890455791131191,0.8909415798901932,both_correct
1723,descriptive,1,1,0.8911898457895163,0.8476260262764671,both_correct
1724,descriptive,1,1,0.9512146425694753,0.9477062020923716,both_correct
1725,descriptive,1,1,0.9677569145861783,0.9529369691445839,both_correct
1726,descriptive,1,1,0.9348445564162627,0.9150818891407673,both_correct
1727,descriptive,1,1,0.869416073603111,0.9380401765723133,both_correct
1728,descriptive,0,1,0.7015250842716909,0.8736243928902031,internvl_only
1729,descriptive,0,0,0.725189147003911,0.8351354789016958,both_wrong
1730,descriptive,1,1,0.8004747102121191,0.6973945543484691,both_correct
1731,descriptive,1,1,0.9027879141735979,0.9171933075634257,both_correct
1732,descriptive,1,0,0.8122244377572885,0.6568070186481556,qwen_only
1733,descriptive,1,1,0.8584665546904112,0.8911615213834312,both_correct
1734,descriptive,0,1,0.860117234704715,0.9574535763094134,internvl_only
1735,descriptive,1,1,0.9550963495010868,0.9680693780458124,both_correct
1736,descriptive,1,1,0.803458638556755,0.8373267488353675,both_correct
1737,descriptive,1,1,0.9653132379285818,0.9848665658633189,both_correct
1738,descriptive,0,1,0.8451694404248636,0.8817381699847741,internvl_only
1739,descriptive,1,1,0.7626873843139619,0.9352100823894823,both_correct
1740,descriptive,1,0,0.871763356821045,0.6064644823275855,qwen_only
1741,descriptive,1,1,0.8948920739942363,0.8188315998784054,both_correct
1742,descriptive,0,0,0.8626920097705487,0.7447525694178438,both_wrong
1743,descriptive,0,0,0.7357818875282791,0.6644475242599625,both_wrong
1744,descriptive,0,1,0.8492804547291319,0.9008385292634199,internvl_only
1745,descriptive,1,1,0.8987172356822102,0.9432639507309447,both_correct
1746,descriptive,1,1,0.9643210001659761,0.8679419407978618,both_correct
1747,descriptive,1,1,0.9441046602459776,0.9107497596237868,both_correct
1748,descriptive,1,1,0.8957312252426519,0.9441745222131812,both_correct
1749,descriptive,1,1,0.9257412524128307,0.906314619958989,both_correct
1750,descriptive,1,1,0.7921150473258877,0.9026492075813312,both_correct
1751,descriptive,1,1,0.8408257109232241,0.7653646128930796,both_correct
1752,descriptive,1,0,0.8493660436367702,0.7751471374915234,qwen_only
1753,descriptive,1,1,0.7399038320101207,0.7810888922636959,both_correct
1754,descriptive,1,1,0.9647152857313591,0.9664530511128844,both_correct
1755,descriptive,1,1,0.8940066520146452,0.8621873165215992,both_correct
1756,descriptive,0,1,0.9003834555279965,0.9656804116634475,internvl_only
1757,descriptive,1,0,0.9619399168399614,0.8784835863335047,qwen_only
1758,descriptive,1,1,0.803458638556755,0.8373267488353675,both_correct
1759,descriptive,1,1,0.9214083515392172,0.8190936355549016,both_correct
1760,descriptive,1,1,0.937767467546815,0.8992920410554617,both_correct
1761,descriptive,1,0,0.6318860868285425,0.2184535284377075,qwen_only
1762,descriptive,1,1,0.8697390089655347,0.7732652070278397,both_correct
1763,descriptive,1,1,0.7780149802679815,0.7399755655542525,both_correct
1764,descriptive,1,0,0.8125797061813463,0.7589671983046982,qwen_only
1765,descriptive,1,1,0.8371118563616926,0.7423319728123475,both_correct
1766,descriptive,1,1,0.8850795452319928,0.8872757952448174,both_correct
1767,descriptive,1,0,0.8277672733176666,0.8123388942369455,qwen_only
1768,descriptive,1,1,0.9588190572044957,0.9375625906084151,both_correct
1769,descriptive,0,1,0.9072049494278245,0.8568653007627052,internvl_only
1770,descriptive,1,1,0.9582979735928029,0.9462889919472297,both_correct
1771,descriptive,1,1,0.8771515485584154,0.896895706657027,both_correct
1772,descriptive,0,1,0.8310534211203521,0.8818215600859527,internvl_only
1773,descriptive,1,0,0.5456328704070382,0.6717872613942067,qwen_only
1774,descriptive,1,1,0.8962108825654123,0.7950429039303021,both_correct
1775,descriptive,1,1,0.8933354822873318,0.8789463937709355,both_correct
1776,descriptive,0,1,0.8132433643588238,0.7828895805020699,internvl_only
1777,descriptive,0,1,0.8539513903159719,0.8551564606232496,internvl_only
1778,descriptive,1,1,0.7835515976108686,0.7716458803340127,both_correct
1779,descriptive,1,1,0.978174769341542,0.9521331490942584,both_correct
1780,descriptive,1,1,0.9779249356361175,0.9603242884357069,both_correct
1781,descriptive,1,1,0.9296485689000209,0.9189839448284262,both_correct
1782,descriptive,1,1,0.9570320239590745,0.9027866561670705,both_correct
1783,descriptive,1,1,0.8856696133118621,0.5590710273855578,both_correct
1784,descriptive,1,0,0.9018168673789684,0.5865223400643358,qwen_only
1785,descriptive,1,0,0.8765198318669367,0.7701116055198822,qwen_only
1786,descriptive,1,1,0.8997627681804539,0.8801926644374057,both_correct
1787,descriptive,1,1,0.895579303703006,0.9175297476315527,both_correct
1788,descriptive,1,1,0.819270699411206,0.8475563327651375,both_correct
1789,descriptive,1,1,0.9002324237582366,0.8937672088001556,both_correct
1790,descriptive,1,1,0.9794214318553205,0.976217184571007,both_correct
1791,descriptive,1,1,0.9214083515392172,0.8190936355549016,both_correct
1792,descriptive,1,1,0.9811023026068252,0.9473013559545798,both_correct
1793,descriptive,1,1,0.8272188218203836,0.9248586998664466,both_correct
1794,descriptive,1,1,0.7412104930437022,0.8341406128278017,both_correct
1795,descriptive,1,0,0.9361752433532663,0.7842636584342362,qwen_only
1796,descriptive,1,1,0.7940881455094937,0.5908803918872186,both_correct
1797,descriptive,1,0,0.7981070284475271,0.6449487770173915,qwen_only
1798,descriptive,1,1,0.9023722086967172,0.7957608592410186,both_correct
1799,descriptive,1,1,0.8931579501330896,0.8494165568379705,both_correct
1800,descriptive,1,1,0.9405869387992538,0.9427199161607606,both_correct
1801,descriptive,1,1,0.9821634525765593,0.9015013023096244,both_correct
1802,descriptive,1,0,0.9214083515392172,0.8190936355549016,qwen_only
1803,descriptive,1,1,0.803458638556755,0.8373267488353675,both_correct
1804,descriptive,1,1,0.9037056597575853,0.9475385332625245,both_correct
1805,descriptive,1,1,0.9281647316369935,0.8215326757664446,both_correct
1806,descriptive,1,0,0.6318860868285425,0.2184535284377075,qwen_only
1807,descriptive,1,1,0.9157308393207639,0.8259475920799967,both_correct
1808,descriptive,1,1,0.8445295727824854,0.7686994501599097,both_correct
1809,descriptive,1,1,0.8134536951228312,0.7227905886594447,both_correct
1810,descriptive,1,1,0.9473553320049664,0.9469172489203028,both_correct
1811,descriptive,1,1,0.9231756052413167,0.9041954148319793,both_correct
1812,descriptive,1,1,0.8938272421812664,0.8273811269931277,both_correct
1813,descriptive,1,1,0.9570859404154652,0.9836198947565851,both_correct
1814,descriptive,1,1,0.9543847634292992,0.9727947433533595,both_correct
1815,descriptive,1,1,0.9367700927162261,0.9105295593269497,both_correct
1816,descriptive,1,0,0.776305022577724,0.6151716451759227,qwen_only
1817,descriptive,1,1,0.8925466715325174,0.9868705470328311,both_correct
1818,descriptive,1,1,0.8624844841175751,0.8448345592425271,both_correct
1819,descriptive,1,1,0.876525742830481,0.8209784321003812,both_correct
1820,descriptive,1,1,0.9290258584011785,0.8946895065757974,both_correct
1821,descriptive,1,1,0.8764273445451289,0.9195635254748253,both_correct
1822,descriptive,0,1,0.8589233031459684,0.9088055508459343,internvl_only
1823,descriptive,1,1,0.9476588677009758,0.9496337489956154,both_correct
1824,descriptive,1,1,0.8957312252426519,0.9441745222131812,both_correct
1825,descriptive,1,1,0.7761880206626893,0.7745557890246149,both_correct
1826,descriptive,1,1,0.8782867596251684,0.9652719800216714,both_correct
1827,descriptive,1,0,0.8856696133118621,0.5590710273855578,qwen_only
1828,descriptive,1,0,0.8497294160878072,0.6776293829034883,qwen_only
1829,descriptive,1,1,0.7464747522507904,0.7347768775319271,both_correct
1830,descriptive,1,1,0.9681781396012684,0.9663439481862084,both_correct
1831,descriptive,1,0,0.9571710997135269,0.9112357752005936,qwen_only
1832,descriptive,1,1,0.917585723738868,0.9213265057665526,both_correct
1833,descriptive,1,0,0.8298796784612219,0.8328101742317291,qwen_only
1834,descriptive,1,1,0.9598826587923984,0.9493793179941328,both_correct
1835,descriptive,1,1,0.9339169692321011,0.982377806418178,both_correct
1836,descriptive,1,1,0.9262109733486394,0.9741092746397554,both_correct
1837,descriptive,1,1,0.9731881160954414,0.9515928300441052,both_correct
1838,descriptive,1,1,0.9107820405415686,0.7357327500441989,both_correct
1839,descriptive,1,0,0.6318860868285425,0.2184535284377075,qwen_only
1840,descriptive,1,1,0.9157308393207639,0.8259475920799967,both_correct
1841,descriptive,1,1,0.9363558547961613,0.8687724394952546,both_correct
1842,descriptive,1,0,0.8959369637576511,0.8924208793426763,qwen_only
1843,descriptive,1,1,0.8175216200500354,0.9479341226489939,both_correct
1844,descriptive,0,1,0.8776910323018462,0.8873004990025704,internvl_only
1845,descriptive,1,1,0.9704064681987241,0.9516994610955383,both_correct
1846,descriptive,1,1,0.803458638556755,0.8373267488353675,both_correct
1847,descriptive,1,1,0.9594904293000391,0.9786529201111733,both_correct
1848,descriptive,1,1,0.9003824400743232,0.863179265891398,both_correct
1849,descriptive,1,1,0.8045162870467362,0.6419299268850136,both_correct
1850,descriptive,1,0,0.8784235728591075,0.5633201529148181,qwen_only
1851,descriptive,0,0,0.7920440332442413,0.8026528084729734,both_wrong
1852,descriptive,0,0,0.9192944599006995,0.8806095813695789,both_wrong
1853,descriptive,1,1,0.8340434665237239,0.863636851329852,both_correct
1854,descriptive,1,1,0.8762059421508396,0.9558986561724931,both_correct
1855,descriptive,1,1,0.8926742599874651,0.8766862594382379,both_correct
1856,descriptive,1,1,0.9670474724367313,0.9505248708858023,both_correct
1857,descriptive,1,1,0.9562975777255143,0.9624755286184689,both_correct
1858,descriptive,1,0,0.9214083515392172,0.8190936355549016,qwen_only
1859,descriptive,1,1,0.9003824400743232,0.863179265891398,both_correct
1860,descriptive,1,1,0.8045162870467362,0.6419299268850136,both_correct
1861,descriptive,1,0,0.8856696133118621,0.5590710273855578,qwen_only
1862,descriptive,1,1,0.8942596312621791,0.877279172276127,both_correct
1863,descriptive,1,1,0.9299235894247702,0.9079401651161726,both_correct
1864,descriptive,1,1,0.9062768831733419,0.8572061704909505,both_correct
1865,descriptive,1,1,0.8859423542791202,0.8782837545559629,both_correct
1866,descriptive,1,1,0.9062165833590786,0.9459482200628961,both_correct
1867,descriptive,1,1,0.9609409583550229,0.9071520290523964,both_correct
1868,descriptive,1,1,0.8957312252426519,0.9441745222131812,both_correct
1869,descriptive,1,1,0.803458638556755,0.8373267488353675,both_correct
1870,descriptive,1,1,0.9094048721577283,0.8963970059100871,both_correct
1871,descriptive,1,1,0.8320266545701888,0.8638653479733491,both_correct
1872,descriptive,1,1,0.8647645251523592,0.8276615758285514,both_correct
1873,descriptive,1,1,0.8493660436367702,0.7751471374915234,both_correct
1874,descriptive,1,1,0.9363722921826013,0.9185103452208926,both_correct
1875,descriptive,1,1,0.9477783861720623,0.9134474959378064,both_correct
1876,descriptive,0,0,0.8931442923738967,0.9261955561970373,both_wrong
1877,descriptive,1,0,0.837341777063387,0.7756920334681391,qwen_only
1878,descriptive,1,1,0.9794214318553205,0.976217184571007,both_correct
1879,descriptive,1,1,0.8496852557236599,0.8174101114001149,both_correct
1880,descriptive,1,1,0.8256151079269847,0.8993848856284299,both_correct
1881,descriptive,1,1,0.8588529036495691,0.9085032723309907,both_correct
1882,descriptive,0,1,0.8483357765554367,0.5812724649030852,internvl_only
1883,descriptive,0,1,0.8251424038287691,0.5937420258127423,internvl_only
1884,descriptive,1,1,0.9053778149070015,0.8285589575764439,both_correct
1885,descriptive,1,1,0.779395875680331,0.6046287284204787,both_correct
1886,descriptive,1,1,0.9086955494140333,0.902586708324671,both_correct
1887,descriptive,1,1,0.9453988343076827,0.919657625914398,both_correct
1888,descriptive,1,1,0.8453253707081211,0.9353502537358984,both_correct
1889,descriptive,1,1,0.9533427295389617,0.9488617740261438,both_correct
1890,descriptive,1,1,0.9089584730244387,0.886800150378649,both_correct
1891,descriptive,1,1,0.9551079696871884,0.9353172070979677,both_correct
1892,descriptive,1,1,0.9334374722897355,0.9144829316108974,both_correct
1893,descriptive,1,1,0.8294606019357269,0.7483343884631665,both_correct
1894,descriptive,1,1,0.814420675274288,0.6965952199989299,both_correct
1895,descriptive,1,0,0.8024739051140588,0.6271063558073549,qwen_only
1896,descriptive,1,0,0.8801783905981233,0.8802224675763477,qwen_only
1897,descriptive,1,1,0.8577318123176952,0.7650698026462796,both_correct
1898,descriptive,1,1,0.8620255892322092,0.8248877505100611,both_correct
1899,descriptive,1,1,0.9484271143035256,0.9399333876010948,both_correct
1900,descriptive,1,1,0.9751736196502072,0.9710464057080062,both_correct
1901,descriptive,1,1,0.9488479740523573,0.9558134698127733,both_correct
1902,descriptive,1,0,0.803458638556755,0.8373267488353675,qwen_only
1903,descriptive,1,1,0.9104513195621221,0.9022475993437126,both_correct
1904,descriptive,1,1,0.8251424038287691,0.5937420258127423,both_correct
1905,descriptive,1,1,0.9480509694808841,0.8516712078811106,both_correct
1906,descriptive,1,0,0.9192944599006995,0.8806095813695789,qwen_only
1907,descriptive,0,1,0.9132293073154615,0.9074969957115188,internvl_only
1908,descriptive,1,1,0.8801783905981233,0.8802224675763477,both_correct
1909,descriptive,1,1,0.8737199464627218,0.9336024014447528,both_correct
1910,descriptive,1,1,0.9192321362456721,0.9048905542700829,both_correct
1911,descriptive,1,1,0.9178729208159856,0.86321056431659,both_correct
1912,descriptive,1,1,0.9735651866576689,0.9395212445021067,both_correct
1913,descriptive,1,1,0.955860960937526,0.9721854847328033,both_correct
1914,descriptive,1,1,0.9245241932841365,0.9128926665693926,both_correct
1915,descriptive,0,0,0.6318860868285425,0.2184535284377075,both_wrong
1916,descriptive,0,0,0.6519284365779575,0.1758396239440739,both_wrong
1917,descriptive,1,1,0.7574104133885339,0.7742637251868626,both_correct
1918,descriptive,1,1,0.8995846551992496,0.9024980911403312,both_correct
1919,descriptive,1,1,0.8461942701832859,0.8002099585788577,both_correct
1920,descriptive,1,1,0.9002324237582366,0.8937672088001556,both_correct
1921,descriptive,1,1,0.9033071640157453,0.876891574678372,both_correct
1922,descriptive,1,1,0.9684855583266689,0.9148515010015903,both_correct
1923,descriptive,1,1,0.9633503110947944,0.9692488705633592,both_correct
1924,descriptive,1,1,0.9460436597768356,0.9764507568113208,both_correct
1925,descriptive,1,1,0.8613566017607951,0.9343760051796541,both_correct
1926,descriptive,0,1,0.803942351755296,0.9090072678644221,internvl_only
1927,descriptive,0,0,0.6778288784736665,0.2463510358241647,both_wrong
1928,descriptive,1,0,0.7279241039876886,0.6661979900721922,qwen_only
1929,descriptive,1,1,0.8962108825654123,0.7950429039303021,both_correct
1930,descriptive,0,1,0.9024202694650947,0.8540961990499314,internvl_only
1931,descriptive,1,1,0.8218452312297709,0.8346623795831177,both_correct
1932,descriptive,1,1,0.894404784219505,0.9026867458094963,both_correct
1933,descriptive,1,1,0.9389479956271926,0.9625395895890898,both_correct
1934,descriptive,1,1,0.9115560603422931,0.9021635680107785,both_correct
1935,descriptive,1,1,0.9648133092685007,0.9815997607384371,both_correct
1936,descriptive,1,1,0.9128298119694672,0.9260292239160625,both_correct
1937,descriptive,1,1,0.9018168673789684,0.5865223400643358,both_correct
1938,descriptive,1,1,0.9133386557276129,0.7728203640367945,both_correct
1939,descriptive,0,1,0.835670858069594,0.6703709566656711,internvl_only
1940,descriptive,0,1,0.8208183957581263,0.7028941622313982,internvl_only
1941,descriptive,1,1,0.8635892414670006,0.8378278044143984,both_correct
1942,descriptive,1,1,0.7939507661622072,0.7557245840417447,both_correct
1943,descriptive,0,0,0.8582224899762545,0.9124410716604989,both_wrong
1944,descriptive,1,1,0.9862415110072,0.936637856606966,both_correct
1945,descriptive,1,1,0.803458638556755,0.8373267488353675,both_correct
1946,descriptive,0,1,0.8669245878330931,0.8785870673214894,internvl_only
1947,descriptive,0,1,0.8088449976514305,0.8100134140653771,internvl_only
1948,descriptive,1,1,0.814420675274288,0.6965952199989299,both_correct
1949,descriptive,1,1,0.8948101757931708,0.9615635974976657,both_correct
1950,descriptive,1,1,0.7107013226060335,0.7636997348096263,both_correct
1951,descriptive,1,1,0.9485891168122944,0.9379426845500264,both_correct
1952,descriptive,1,1,0.8491767006792932,0.8831238517062631,both_correct
1953,descriptive,1,1,0.9186058017922022,0.8554456441308411,both_correct
1954,descriptive,1,1,0.8870416357906663,0.9321976698881754,both_correct
1955,descriptive,1,1,0.9807038663789281,0.9377735011963196,both_correct
1956,descriptive,1,1,0.9801931547506166,0.9538456971115276,both_correct
1957,descriptive,1,1,0.9282628566361627,0.9421188597182275,both_correct
1958,descriptive,1,1,0.748209064173035,0.8771538137203794,both_correct
1959,descriptive,1,1,0.803942351755296,0.9090072678644221,both_correct
1960,descriptive,1,1,0.7626873843139619,0.9352100823894823,both_correct
1961,descriptive,1,1,0.8922390879142376,0.8791872685404526,both_correct
1962,descriptive,1,1,0.8831300217857911,0.8223970010330527,both_correct
1963,descriptive,1,1,0.9440135766936569,0.8503400760221298,both_correct
1964,descriptive,1,1,0.8753264681671526,0.8639933484131996,both_correct
1965,descriptive,0,0,0.8167837160629369,0.8061710310595817,both_wrong
1966,descriptive,1,0,0.9604734858633112,0.9260621882800135,qwen_only
1967,descriptive,1,1,0.9214083515392172,0.8190936355549016,both_correct
1968,descriptive,1,1,0.9672361120217099,0.9769401769687883,both_correct
1969,descriptive,1,1,0.919882408128563,0.9089366573224446,both_correct
1970,descriptive,1,0,0.8784235728591075,0.5633201529148181,qwen_only
1971,descriptive,1,1,0.8246224165940924,0.9580697449206851,both_correct
1972,descriptive,1,1,0.9149506951246991,0.8891550065928561,both_correct
1973,descriptive,1,1,0.8962108825654123,0.7950429039303021,both_correct
1974,descriptive,1,1,0.6226112610151342,0.6397574476505157,both_correct
1975,descriptive,1,1,0.9479432720192106,0.9583633932589359,both_correct
1976,descriptive,1,1,0.8920655152669508,0.9213311584869575,both_correct
1977,descriptive,1,1,0.9834541121473799,0.9862481985533386,both_correct
1978,descriptive,1,1,0.9214083515392172,0.8190936355549016,both_correct
1979,descriptive,1,1,0.9572975985764945,0.9629345920569251,both_correct
1980,descriptive,1,1,0.9529258545214576,0.8422773985482512,both_correct
1981,descriptive,1,1,0.8775891043468684,0.5234588404509594,both_correct
1982,descriptive,1,1,0.6778288784736665,0.2463510358241647,both_correct
1983,descriptive,1,1,0.9006786163558698,0.7731848715367188,both_correct
1984,descriptive,1,1,0.9267264238873911,0.8350739723331884,both_correct
1985,descriptive,1,1,0.9272970816640311,0.8507052500986713,both_correct
1986,descriptive,1,0,0.8853949892158963,0.8812575759130573,qwen_only
1987,descriptive,1,1,0.8548777132917168,0.7091481112209023,both_correct
1988,descriptive,1,1,0.9621969214413741,0.8746696050441857,both_correct
1989,descriptive,1,1,0.9668911991870178,0.9754076424832513,both_correct
1990,descriptive,1,1,0.8999736034427909,0.8829233049438243,both_correct
1991,descriptive,1,1,0.9152428046608435,0.8713106853458489,both_correct
1992,descriptive,1,1,0.5940567098277432,0.7960429798621157,both_correct
1993,descriptive,1,1,0.8956971921115359,0.9152349853962332,both_correct
1994,descriptive,0,0,0.8453421898137379,0.7488587621282755,both_wrong
1995,descriptive,1,1,0.8893662405254655,0.8617349450189888,both_correct
1996,descriptive,1,1,0.9003150358406259,0.776625943241074,both_correct
1997,descriptive,1,1,0.9084227111295754,0.9179785667163477,both_correct
1998,descriptive,1,1,0.8920004648825272,0.8999010266683012,both_correct
1999,descriptive,1,1,0.9752133576521878,0.9313985823889663,both_correct
2000,descriptive,0,1,0.9214083515392172,0.8190936355549016,internvl_only
2001,descriptive,1,1,0.9186592289055633,0.9781130806198777,both_correct
2002,descriptive,1,1,0.9552989631217816,0.9667099406838849,both_correct
2003,descriptive,0,1,0.8531113639989653,0.7943797392612434,internvl_only
2004,descriptive,1,1,0.8817711303663993,0.769023878417378,both_correct
2005,descriptive,0,0,0.823688817203663,0.8159839348618138,both_wrong
2006,descriptive,1,0,0.8877526320797495,0.8152035954423182,qwen_only
2007,descriptive,1,1,0.8577318123176952,0.7650698026462796,both_correct
2008,descriptive,1,1,0.9356660960393139,0.9560241482480694,both_correct
2009,descriptive,1,1,0.8265297894469944,0.8894489121527938,both_correct
2010,descriptive,1,1,0.9551978511856434,0.9330367782574,both_correct
2011,descriptive,0,1,0.9417142279946848,0.9536522921556618,internvl_only
2012,descriptive,1,1,0.9214083515392172,0.8190936355549016,both_correct
2013,descriptive,1,1,0.9003824400743232,0.863179265891398,both_correct
2014,descriptive,1,1,0.9018168673789684,0.5865223400643358,both_correct
2015,descriptive,1,1,0.9188591735190644,0.7612912721973933,both_correct
2016,descriptive,1,1,0.8803370255934267,0.835629298689518,both_correct
2017,descriptive,1,1,0.8938120380239686,0.7458823274292031,both_correct
2018,descriptive,1,0,0.9180326981344272,0.7983729965281278,qwen_only
2019,descriptive,0,1,0.8366354214560273,0.867115087843589,internvl_only
2020,descriptive,1,1,0.88313538332097,0.8642503580576981,both_correct
2021,descriptive,1,1,0.9673232473706687,0.8841785846825158,both_correct
2022,descriptive,1,1,0.803458638556755,0.8373267488353675,both_correct
2023,descriptive,1,1,0.8957312252426519,0.9441745222131812,both_correct
2024,descriptive,1,1,0.8588529036495691,0.9085032723309907,both_correct
2025,descriptive,1,0,0.8045162870467362,0.6419299268850136,qwen_only
2026,descriptive,1,0,0.6778288784736665,0.2463510358241647,qwen_only
2027,descriptive,1,0,0.8818516497816025,0.7546829843451127,qwen_only
2028,descriptive,0,1,0.6824931304487433,0.7037543218010357,internvl_only
2029,descriptive,1,1,0.8282345690492319,0.7413719057625111,both_correct
2030,descriptive,1,1,0.8956229998242794,0.8479346266567563,both_correct
2031,descriptive,0,1,0.8409050597026765,0.8076928338033236,internvl_only
2032,descriptive,1,1,0.988226626635798,0.9631239522983996,both_correct
2033,descriptive,1,1,0.8569602831168023,0.8695913413718275,both_correct
2034,descriptive,1,1,0.9665622772278213,0.9789329141044588,both_correct
2035,descriptive,1,1,0.9399060472297451,0.9647097149949089,both_correct
2036,descriptive,1,0,0.6318860868285425,0.2184535284377075,qwen_only
2037,descriptive,1,1,0.8509250295571253,0.9233238212162977,both_correct
2038,descriptive,1,1,0.8912077993564463,0.7912891607278154,both_correct
2039,descriptive,1,1,0.8580518621836386,0.7477425359202324,both_correct
2040,descriptive,1,1,0.8623646459631072,0.740054003628915,both_correct
2041,descriptive,1,1,0.9066121220664406,0.926827134705857,both_correct
2042,descriptive,1,1,0.8670444812000044,0.8921026665828108,both_correct
2043,descriptive,1,1,0.987446991956797,0.9633077342092992,both_correct
2044,descriptive,1,1,0.9441046602459776,0.9107497596237868,both_correct
2045,descriptive,1,1,0.9659632674828964,0.95138845259115,both_correct
2046,descriptive,1,1,0.9334374722897355,0.9144829316108974,both_correct
2047,descriptive,1,0,0.6778288784736665,0.2463510358241647,qwen_only
2048,descriptive,0,0,0.7871364819712301,0.6662238752660752,both_wrong
2049,descriptive,1,1,0.8193360033600825,0.580667659632388,both_correct
2050,descriptive,1,1,0.8990986967183877,0.8430371804513496,both_correct
2051,descriptive,1,1,0.9226565209307033,0.8416442037233112,both_correct
2052,descriptive,1,1,0.8443379806913426,0.8749384133795683,both_correct
2053,descriptive,1,1,0.8695224436075695,0.9595323174862989,both_correct
2054,descriptive,1,1,0.9476588677009758,0.9496337489956154,both_correct
2055,descriptive,1,1,0.9282628566361627,0.9421188597182275,both_correct
2056,descriptive,1,1,0.9214083515392172,0.8190936355549016,both_correct
2057,descriptive,1,1,0.937767467546815,0.8992920410554617,both_correct
2058,descriptive,1,1,0.7015250842716909,0.8736243928902031,both_correct
2059,descriptive,0,0,0.6337311736013617,0.8131152293532544,both_wrong
2060,descriptive,1,1,0.8962108825654123,0.7950429039303021,both_correct
2061,descriptive,1,1,0.9003150358406259,0.776625943241074,both_correct
2062,descriptive,1,1,0.8948920739942363,0.8188315998784054,both_correct
2063,descriptive,1,1,0.8978599479854905,0.9240105496541456,both_correct
2064,descriptive,1,1,0.8944615447570202,0.8749785249781713,both_correct
2065,descriptive,1,1,0.9307275877110237,0.9622692335437992,both_correct
2066,descriptive,1,1,0.803458638556755,0.8373267488353675,both_correct
2067,descriptive,1,1,0.8822694326478616,0.8504858305670211,both_correct
2068,descriptive,1,0,0.9003824400743232,0.863179265891398,qwen_only
2069,descriptive,1,1,0.9452017631146986,0.9302797721978102,both_correct
2070,descriptive,1,1,0.8736294993604105,0.8655801814894972,both_correct
2071,descriptive,1,0,0.7277804780884854,0.6545132245944418,qwen_only
2072,descriptive,1,1,0.6226112610151342,0.6397574476505157,both_correct
2073,descriptive,1,1,0.9606562120716473,0.9580499198598245,both_correct
2074,descriptive,1,1,0.8627652761546947,0.8316393004965174,both_correct
2075,descriptive,1,1,0.919277599537163,0.9067810936720684,both_correct
2076,descriptive,1,1,0.9708267125651385,0.9748403996175099,both_correct
2077,descriptive,0,1,0.8957312252426519,0.9441745222131812,internvl_only
2078,descriptive,1,1,0.9323727285277106,0.9245546245724507,both_correct
2079,descriptive,1,1,0.8769604395822261,0.9270782171988214,both_correct
2080,descriptive,1,1,0.8609885576184121,0.5529347531823334,both_correct
2081,descriptive,1,0,0.9480306529843708,0.6253986919983816,qwen_only
2082,descriptive,1,1,0.9003150358406259,0.776625943241074,both_correct
2083,descriptive,0,0,0.8338880695291037,0.5810866017451497,both_wrong
2084,descriptive,0,1,0.8623646459631072,0.740054003628915,internvl_only
2085,descriptive,1,1,0.8392362277319227,0.9280083339215374,both_correct
2086,descriptive,1,1,0.8471207524773082,0.938049028759155,both_correct
2087,descriptive,1,0,0.9785194572852546,0.9021793756722237,qwen_only
2088,descriptive,1,1,0.9877241500949201,0.9776200401386349,both_correct
2089,descriptive,1,1,0.9082878186623512,0.8389815386869203,both_correct
2090,descriptive,1,1,0.7927065661855106,0.953646826347773,both_correct
2091,descriptive,0,0,0.8775891043468684,0.5234588404509594,both_wrong
2092,descriptive,1,1,0.814420675274288,0.6965952199989299,both_correct
2093,descriptive,1,0,0.8289777127087934,0.6063493971695568,qwen_only
2094,descriptive,1,1,0.8443093263291456,0.8300695712564322,both_correct
2095,descriptive,0,0,0.8373672336276448,0.757965578389301,both_wrong
2096,descriptive,1,1,0.8669015795267071,0.899614985402151,both_correct
2097,descriptive,1,1,0.8025657006013687,0.8860120179049773,both_correct
2098,descriptive,1,1,0.973229813030773,0.966271914786624,both_correct
2099,descriptive,1,1,0.9328046482830586,0.967698324006235,both_correct
2100,descriptive,1,1,0.9098157378075832,0.8869637061084094,both_correct
2101,descriptive,1,1,0.9348782204117502,0.9480772012379326,both_correct
2102,descriptive,1,0,0.9018168673789684,0.5865223400643358,qwen_only
2103,descriptive,1,0,0.754672100478066,0.623238843707579,qwen_only
2104,descriptive,1,1,0.8691725301483137,0.7508130539546414,both_correct
2105,descriptive,1,1,0.8005326550709334,0.639047866042429,both_correct
2106,descriptive,1,1,0.8842637868057395,0.7587583437031822,both_correct
2107,descriptive,1,1,0.8102295433987975,0.7783437550598854,both_correct
2108,descriptive,1,1,0.9412927891813034,0.7952484786118171,both_correct
2109,descriptive,1,1,0.9564244856577678,0.9698106881453411,both_correct
2110,descriptive,1,1,0.9214083515392172,0.8190936355549016,both_correct
2111,descriptive,1,1,0.954761872154419,0.9802090280731651,both_correct
2112,descriptive,1,1,0.8895181979411236,0.8639987720556367,both_correct
2113,descriptive,0,0,0.6778288784736665,0.2463510358241647,both_wrong
2114,descriptive,1,1,0.8694984105551726,0.8220331775425629,both_correct
2115,descriptive,1,1,0.9003150358406259,0.776625943241074,both_correct
2116,descriptive,1,0,0.7626101184836744,0.6171251937676905,qwen_only
2117,descriptive,1,1,0.7585536127595354,0.7141884199037793,both_correct
2118,descriptive,1,1,0.8741313360010305,0.9141059633351392,both_correct
2119,descriptive,1,1,0.9007694041079753,0.9201226281960657,both_correct
2120,descriptive,1,1,0.9752013793601205,0.9748972561597493,both_correct
2121,descriptive,1,1,0.948953022322684,0.9665621814881851,both_correct
2122,descriptive,1,1,0.983391013729058,0.9694370206993366,both_correct
2123,descriptive,1,1,0.7919523277222623,0.8725634528815254,both_correct
2124,descriptive,0,1,0.713027068002444,0.9467759949998493,internvl_only
2125,descriptive,1,1,0.907189059672216,0.6746412964867979,both_correct
2126,descriptive,1,1,0.8963250191361934,0.8572340850681845,both_correct
2127,descriptive,1,1,0.8373672336276448,0.757965578389301,both_correct
2128,descriptive,1,1,0.9173271715802058,0.9159293994699568,both_correct
2129,descriptive,1,0,0.8869751003505609,0.9456104018050672,qwen_only
2130,descriptive,1,1,0.8557322984792037,0.8802851051462377,both_correct
2131,descriptive,1,1,0.9781065101735181,0.9571235546757463,both_correct
2132,descriptive,1,1,0.9529218480801525,0.9538837387756742,both_correct
2133,descriptive,1,1,0.9596194812914042,0.9872887691248977,both_correct
2134,descriptive,1,1,0.8764880416920439,0.8858923113160829,both_correct
2135,descriptive,0,1,0.7550550276037957,0.9400006397514059,internvl_only
2136,descriptive,1,1,0.8449623806651042,0.665819849635463,both_correct
2137,descriptive,1,0,0.6793345043390308,0.6903179218617362,qwen_only
2138,descriptive,1,1,0.8568984664791517,0.7822069288630161,both_correct
2139,descriptive,1,0,0.8801783905981233,0.8802224675763477,qwen_only
2140,descriptive,1,1,0.8918602391336872,0.9222384609287216,both_correct
2141,descriptive,1,1,0.8634559115823162,0.8770037541943027,both_correct
2142,descriptive,1,1,0.9626171747107081,0.9211154460625827,both_correct
2143,descriptive,1,1,0.9230425151692921,0.9754635287856642,both_correct
2144,descriptive,0,0,0.803458638556755,0.8373267488353675,both_wrong
2145,descriptive,1,1,0.8257156830870123,0.9092439221501698,both_correct
2146,descriptive,1,1,0.9143402982848283,0.9388170231697682,both_correct
2147,descriptive,1,0,0.7082862078747686,0.6224965132515212,qwen_only
2148,descriptive,1,0,0.8035660330353253,0.6484191264352933,qwen_only
2149,descriptive,1,0,0.8181092386742149,0.5994245056659264,qwen_only
2150,descriptive,1,1,0.8573700248552055,0.8256732862014046,both_correct
2151,descriptive,1,1,0.8146494740493836,0.8769730373327115,both_correct
2152,descriptive,1,1,0.8670157377802792,0.9141559851076009,both_correct
2153,descriptive,1,1,0.9711719725168572,0.9252137271611373,both_correct
2154,descriptive,1,1,0.9749782371246218,0.9657506131351897,both_correct
2155,descriptive,1,1,0.9082878186623512,0.8389815386869203,both_correct
2156,descriptive,1,1,0.869416073603111,0.9380401765723133,both_correct
2157,descriptive,1,0,0.6393265096795142,0.806115601160026,qwen_only
2158,descriptive,0,1,0.6337311736013617,0.8131152293532544,internvl_only
2159,descriptive,1,0,0.8106621969470267,0.637264343214698,qwen_only
2160,descriptive,1,1,0.8990986967183877,0.8430371804513496,both_correct
2161,descriptive,1,1,0.917584864367223,0.852712467077521,both_correct
2162,descriptive,1,1,0.8471207524773082,0.938049028759155,both_correct
2163,descriptive,1,1,0.9045253637490401,0.9258586930601684,both_correct
2164,descriptive,1,1,0.9780270702414413,0.9347945264058898,both_correct
2165,descriptive,1,1,0.9315337144005676,0.8982679090825259,both_correct
2166,descriptive,1,1,0.9668264664378048,0.9676087972589784,both_correct
2167,descriptive,1,0,0.7919523277222623,0.8725634528815254,qwen_only
2168,descriptive,1,1,0.7515844262751319,0.831780101079726,both_correct
2169,descriptive,1,0,0.8677853352896122,0.7373101565899803,qwen_only
2170,descriptive,1,1,0.8429620712235851,0.8116413836208255,both_correct
2171,descriptive,1,1,0.9508368526381451,0.9403613733550357,both_correct
2172,descriptive,1,1,0.7828940512089105,0.7483638333528042,both_correct
2173,descriptive,1,1,0.8457966007637997,0.8065536987868643,both_correct
2174,descriptive,1,1,0.9201682713263876,0.9039645103710952,both_correct
2175,descriptive,1,1,0.9745754966363214,0.9722955875107812,both_correct
2176,descriptive,1,1,0.9831744783250018,0.9686074309520157,both_correct
2177,descriptive,1,1,0.9072049494278245,0.8568653007627052,both_correct
2178,descriptive,1,1,0.918569362841919,0.9043066844650346,both_correct
2179,descriptive,1,1,0.814420675274288,0.6965952199989299,both_correct
2180,descriptive,0,1,0.6778288784736665,0.2463510358241647,internvl_only
2181,descriptive,1,1,0.8877526320797495,0.8152035954423182,both_correct
2182,descriptive,1,1,0.917253856300042,0.8086337998389656,both_correct
2183,descriptive,1,0,0.8059198873457265,0.6443352042734368,qwen_only
2184,descriptive,1,1,0.9379705999704202,0.9186242640507626,both_correct
2185,descriptive,1,1,0.8408161588580534,0.7455566533410146,both_correct
2186,descriptive,1,1,0.9838072899064395,0.9552608836831751,both_correct
2187,descriptive,1,1,0.9762047363896058,0.9888836096511999,both_correct
2188,descriptive,1,1,0.9774646439956785,0.9729174838731093,both_correct
2189,descriptive,1,1,0.919567076907496,0.858279396223379,both_correct
2190,descriptive,0,1,0.7241674377410794,0.9365057152425479,internvl_only
2191,descriptive,1,1,0.8609885576184121,0.5529347531823334,both_correct
2192,descriptive,1,1,0.8752431171297178,0.7835908553778899,both_correct
2193,descriptive,0,1,0.9055269378515283,0.8912815134510345,internvl_only
2194,descriptive,1,1,0.8223497608251248,0.6786529394957057,both_correct
2195,descriptive,1,1,0.906858883740033,0.9254766084059289,both_correct
2196,descriptive,1,1,0.8563489790060642,0.9207038370829055,both_correct
2197,descriptive,1,0,0.9715128218802801,0.9497745597995728,qwen_only
2198,descriptive,0,0,0.8496852557236599,0.8174101114001149,both_wrong
2199,descriptive,1,1,0.9214083515392172,0.8190936355549016,both_correct
2200,descriptive,1,1,0.9104513195621221,0.9022475993437126,both_correct
2201,descriptive,1,0,0.9161141869647075,0.87992566108474,qwen_only
2202,descriptive,1,0,0.6318860868285425,0.2184535284377075,qwen_only
2203,descriptive,1,1,0.8181092386742149,0.5994245056659264,both_correct
2204,descriptive,1,1,0.9066285767225738,0.9202644046713873,both_correct
2205,descriptive,1,1,0.9605376938776204,0.9393557590522811,both_correct
2206,descriptive,1,1,0.8270105409588548,0.8467409024560597,both_correct
2207,descriptive,1,1,0.8931442923738967,0.9261955561970373,both_correct
2208,descriptive,1,1,0.9554803267226661,0.9227634654295223,both_correct
2209,descriptive,1,1,0.9238764030051078,0.8516666329289173,both_correct
2210,descriptive,1,1,0.803458638556755,0.8373267488353675,both_correct
2211,descriptive,1,1,0.9319361253733108,0.9415209593168988,both_correct
2212,descriptive,1,0,0.8609885576184121,0.5529347531823334,qwen_only
2213,descriptive,1,1,0.814420675274288,0.6965952199989299,both_correct
2214,descriptive,0,0,0.6972970471386243,0.6893894630550027,both_wrong
2215,descriptive,1,1,0.8818516497816025,0.7546829843451127,both_correct
2216,descriptive,1,1,0.8069162228663579,0.7614905123176682,both_correct
2217,descriptive,1,1,0.863163338957732,0.9396026724780633,both_correct
2218,descriptive,1,0,0.8624468020942105,0.9245358441223621,qwen_only
2219,descriptive,1,1,0.9722713146000438,0.9392259707508249,both_correct
2220,descriptive,1,0,0.9214083515392172,0.8190936355549016,qwen_only
2221,descriptive,1,1,0.900861797230325,0.8826800754365413,both_correct
2222,descriptive,1,1,0.8257156830870123,0.9092439221501698,both_correct
2223,descriptive,1,1,0.8856696133118621,0.5590710273855578,both_correct
2224,descriptive,1,0,0.8045162870467362,0.6419299268850136,qwen_only
2225,descriptive,1,1,0.8727031179007294,0.7066650530983505,both_correct
2226,descriptive,1,1,0.7860257720408103,0.7001856629509634,both_correct
2227,descriptive,1,1,0.9226565209307033,0.8416442037233112,both_correct
2228,descriptive,1,1,0.8869717632165134,0.8771629651463179,both_correct
2229,descriptive,1,1,0.8958767782470165,0.931408486191614,both_correct
2230,descriptive,1,1,0.9586104284037039,0.9358376759861331,both_correct
2231,descriptive,1,1,0.803458638556755,0.8373267488353675,both_correct
2232,descriptive,1,1,0.9282628566361627,0.9421188597182275,both_correct
2233,descriptive,1,1,0.8813788530267559,0.9487160267668064,both_correct
2234,descriptive,1,1,0.814420675274288,0.6965952199989299,both_correct
2235,descriptive,1,1,0.8251424038287691,0.5937420258127423,both_correct
2236,descriptive,1,1,0.8577318123176952,0.7650698026462796,both_correct
2237,descriptive,1,1,0.905943937940664,0.8797667324866403,both_correct
2238,descriptive,1,1,0.891861254006326,0.865510465538056,both_correct
2239,descriptive,1,1,0.8680386862827192,0.8446622354919324,both_correct
2240,descriptive,1,1,0.9066393543403651,0.8266356986445648,both_correct
2241,descriptive,1,1,0.9653262537365636,0.9160707693159797,both_correct
2242,descriptive,1,1,0.9214083515392172,0.8190936355549016,both_correct
2243,descriptive,0,1,0.9043664372504159,0.9478747652251206,internvl_only
2244,descriptive,1,1,0.8795787964146,0.7993898182864715,both_correct
2245,descriptive,1,1,0.9699972337161559,0.9609337351049306,both_correct
2246,descriptive,1,1,0.754672100478066,0.623238843707579,both_correct
2247,descriptive,1,1,0.9327038503440792,0.885048992787762,both_correct
2248,descriptive,1,1,0.8961796712553997,0.8769028633753893,both_correct
2249,descriptive,1,1,0.8548722172832027,0.7606648538499375,both_correct
2250,descriptive,1,1,0.8699396214636219,0.8547789867308345,both_correct
2251,descriptive,1,1,0.8931697244871656,0.930349754462944,both_correct
2252,descriptive,1,1,0.9604734858633112,0.9260621882800135,both_correct
2253,descriptive,1,1,0.803458638556755,0.8373267488353675,both_correct
2254,descriptive,1,1,0.9281683827356243,0.8730804162238531,both_correct
2255,descriptive,1,1,0.8624510001454883,0.9240734186425477,both_correct
2256,descriptive,1,1,0.776305022577724,0.6151716451759227,both_correct
2257,descriptive,1,1,0.9068787730651059,0.8952792037182651,both_correct
2258,descriptive,1,1,0.8714125194002044,0.8212921738140937,both_correct
2259,descriptive,1,0,0.7803894590087165,0.6406575741208843,qwen_only
2260,descriptive,1,1,0.8108096517319837,0.7467600410317676,both_correct
2261,descriptive,1,1,0.8530834276441508,0.9377427453387003,both_correct
2262,descriptive,1,1,0.906230120402911,0.8810990584953905,both_correct
2263,descriptive,1,1,0.9781065101735181,0.9571235546757463,both_correct
2264,descriptive,1,1,0.9214083515392172,0.8190936355549016,both_correct
2265,descriptive,1,1,0.803458638556755,0.8373267488353675,both_correct
2266,descriptive,1,1,0.8858491294491313,0.9422308058124647,both_correct
2267,descriptive,1,1,0.8757045176271996,0.5859851194065518,both_correct
2268,descriptive,1,1,0.8694984105551726,0.8220331775425629,both_correct
2269,descriptive,1,1,0.8997627681804539,0.8801926644374057,both_correct
2270,descriptive,1,1,0.8968954126584778,0.8867229415348337,both_correct
2271,descriptive,1,1,0.9211253438822654,0.9366833148855633,both_correct
2272,descriptive,1,1,0.8743794377407506,0.7918720705318678,both_correct
2273,descriptive,1,1,0.8457966007637997,0.8065536987868643,both_correct
2274,descriptive,1,1,0.9720052019827885,0.8953293161582454,both_correct
2275,descriptive,1,1,0.9748066344562071,0.974158432932366,both_correct
2276,descriptive,1,1,0.8957312252426519,0.9441745222131812,both_correct
2277,descriptive,1,1,0.90437363063587,0.9493670675832809,both_correct
2278,descriptive,1,1,0.8380687491826533,0.9417837547837302,both_correct
2279,descriptive,0,1,0.6778288784736665,0.2463510358241647,internvl_only
2280,descriptive,1,0,0.8389467077186928,0.6191128816351383,qwen_only
2281,descriptive,0,0,0.7940881455094937,0.5908803918872186,both_wrong
2282,descriptive,1,1,0.8069562543723352,0.6865797591052074,both_correct
2283,descriptive,1,1,0.856669790009667,0.745204749026906,both_correct
2284,descriptive,1,1,0.8931442923738967,0.9261955561970373,both_correct
2285,descriptive,1,1,0.9862415110072,0.936637856606966,both_correct
2286,descriptive,1,1,0.952138840531089,0.9432032465431205,both_correct
2287,descriptive,1,1,0.9214083515392172,0.8190936355549016,both_correct
2288,descriptive,1,1,0.9094048721577283,0.8963970059100871,both_correct
2289,descriptive,1,0,0.8045162870467362,0.6419299268850136,qwen_only
2290,descriptive,1,1,0.5456328704070382,0.6717872613942067,both_correct
2291,descriptive,1,1,0.8018454389500471,0.7637804458657206,both_correct
2292,descriptive,1,0,0.9245136176481431,0.8491662536581515,qwen_only
2293,descriptive,1,0,0.9440135766936569,0.8503400760221298,qwen_only
2294,descriptive,1,1,0.9145027963198901,0.7414937823494504,both_correct
2295,descriptive,0,1,0.7902755581553054,0.7443700585907628,internvl_only
2296,descriptive,1,0,0.9589722058058213,0.9162721790133064,qwen_only
2297,descriptive,1,1,0.9214083515392172,0.8190936355549016,both_correct
2298,descriptive,1,1,0.9115560603422931,0.9021635680107785,both_correct
2299,descriptive,1,0,0.9529258545214576,0.8422773985482512,qwen_only
2300,descriptive,1,1,0.814420675274288,0.6965952199989299,both_correct
2301,descriptive,0,0,0.6318860868285425,0.2184535284377075,both_wrong
2302,descriptive,1,1,0.7506826944785742,0.5641510651422075,both_correct
2303,descriptive,1,1,0.9226565209307033,0.8416442037233112,both_correct
2304,descriptive,1,0,0.7746675946763502,0.6578820466189633,qwen_only
2305,descriptive,0,0,0.762341814724393,0.5817810655028319,both_wrong
2306,descriptive,1,1,0.9033296729737407,0.8524446129003073,both_correct
2307,descriptive,1,1,0.9707190948430269,0.9669341074512772,both_correct
2308,descriptive,1,1,0.9315337144005676,0.8982679090825259,both_correct
2309,descriptive,1,1,0.9214083515392172,0.8190936355549016,both_correct
2310,descriptive,1,1,0.9031975950424547,0.9061343070325679,both_correct
2311,descriptive,1,1,0.9441503281532699,0.955395317276925,both_correct
2312,descriptive,1,1,0.7899489840681466,0.8593836114719745,both_correct
2313,descriptive,1,1,0.896074670077148,0.8323859190802927,both_correct
2314,descriptive,1,1,0.8338777608964012,0.690553221503796,both_correct
2315,descriptive,1,0,0.8689520627275235,0.7005103406820633,qwen_only
2316,descriptive,1,1,0.9284100311059248,0.9269965494410541,both_correct
2317,descriptive,1,1,0.8840014609270888,0.8339624866243002,both_correct
2318,descriptive,1,1,0.9533077867063235,0.9212167897028715,both_correct
2319,descriptive,1,1,0.8716848747390876,0.8980424956765449,both_correct
2320,descriptive,1,1,0.9642692886677187,0.949812205181773,both_correct
2321,descriptive,1,1,0.9310935425638152,0.9469395207515027,both_correct
2322,descriptive,1,1,0.8781801889468253,0.8055722137123583,both_correct
2323,descriptive,1,1,0.698016698909861,0.9170393233145613,both_correct
2324,descriptive,1,1,0.9016138596126971,0.903793874364511,both_correct
2325,descriptive,0,0,0.8899394479001086,0.8879105926635761,both_wrong
2326,descriptive,1,1,0.8831300217857911,0.8223970010330527,both_correct
2327,descriptive,0,0,0.8639246049606767,0.7917303743110152,both_wrong
2328,descriptive,1,1,0.8634559115823162,0.8770037541943027,both_correct
2329,descriptive,1,1,0.9618528274339545,0.9590813690501729,both_correct
2330,descriptive,1,1,0.9394420661353308,0.9847044168252058,both_correct
2331,descriptive,1,1,0.9805667446304486,0.9620750028600566,both_correct
2332,descriptive,1,1,0.9300622996917024,0.937725719916479,both_correct
2333,descriptive,0,0,0.6778288784736665,0.2463510358241647,both_wrong
2334,descriptive,1,1,0.8983431768176356,0.9048003736091722,both_correct
2335,descriptive,1,0,0.7065910827684568,0.6682541998046495,qwen_only
2336,descriptive,1,0,0.6812154226029749,0.7254779139327118,qwen_only
2337,descriptive,1,1,0.9595373238523502,0.9646469115190056,both_correct
2338,descriptive,1,1,0.8384288979458138,0.8279172846809153,both_correct
2339,descriptive,1,1,0.8795161616932285,0.9193906122082912,both_correct
2340,descriptive,1,1,0.9794214318553205,0.976217184571007,both_correct
2341,descriptive,0,1,0.803458638556755,0.8373267488353675,internvl_only
2342,descriptive,1,1,0.9203906300898194,0.8471854197647379,both_correct
2343,descriptive,1,1,0.9300622996917024,0.937725719916479,both_correct
2344,descriptive,1,1,0.8585215232279169,0.9499834904780943,both_correct
2345,descriptive,1,0,0.8497294160878072,0.6776293829034883,qwen_only
2346,descriptive,1,1,0.9027879141735979,0.9171933075634257,both_correct
2347,descriptive,1,1,0.8967110902409786,0.900399266911586,both_correct
2348,descriptive,1,1,0.9055269378515283,0.8912815134510345,both_correct
2349,descriptive,1,1,0.8294248259103907,0.8568516988811421,both_correct
2350,descriptive,1,1,0.8415204731970664,0.87970809437281,both_correct
2351,descriptive,1,1,0.954519212146423,0.9405715298581613,both_correct
2352,descriptive,1,1,0.9811023026068252,0.9473013559545798,both_correct
2353,descriptive,1,1,0.9230425151692921,0.9754635287856642,both_correct
2354,descriptive,0,1,0.8698968499225533,0.9217665546113009,internvl_only
2355,descriptive,0,1,0.869008067407418,0.8923082470527177,internvl_only
2356,descriptive,1,1,0.912239572845254,0.9352141006444517,both_correct
2357,descriptive,1,0,0.8521614974046908,0.7006607284591767,qwen_only
2358,descriptive,1,1,0.8170781918127585,0.5591120332024332,both_correct
2359,descriptive,1,1,0.7816547498884483,0.6365640654054737,both_correct
2360,descriptive,1,1,0.8995443913837414,0.9428553280509693,both_correct
2361,descriptive,1,1,0.8516393095084966,0.8172987341016957,both_correct
2362,descriptive,1,1,0.9781065101735181,0.9571235546757463,both_correct
2363,descriptive,1,1,0.8991710753065039,0.8310083586367895,both_correct
2364,descriptive,1,1,0.9214083515392172,0.8190936355549016,both_correct
2365,descriptive,1,1,0.9773965476035551,0.9578485281822605,both_correct
2366,descriptive,0,0,0.754672100478066,0.623238843707579,both_wrong
2367,descriptive,1,1,0.8449623806651042,0.665819849635463,both_correct
2368,descriptive,1,0,0.8250611602288995,0.7373109943448224,qwen_only
2369,descriptive,1,1,0.9210950904468069,0.9383625845397907,both_correct
2370,descriptive,1,1,0.9212838450367546,0.8001624598887522,both_correct
2371,descriptive,1,1,0.8840014609270888,0.8339624866243002,both_correct
2372,descriptive,1,1,0.7939507661622072,0.7557245840417447,both_correct
2373,descriptive,1,0,0.9759806536125516,0.9408772972750243,qwen_only
2374,descriptive,1,1,0.949913185793761,0.9635145341512188,both_correct
2375,descriptive,1,1,0.974570002277055,0.9728803940921613,both_correct
2376,descriptive,1,1,0.8088449976514305,0.8100134140653771,both_correct
2377,descriptive,1,1,0.9376113260575566,0.9342332327944299,both_correct
2378,descriptive,1,1,0.9297286167736226,0.8664391344066027,both_correct
2379,descriptive,1,1,0.8893662405254655,0.8617349450189888,both_correct
2380,descriptive,1,1,0.9453807807004582,0.8715391435283432,both_correct
2381,descriptive,0,1,0.8962108825654123,0.7950429039303021,internvl_only
2382,descriptive,1,1,0.9474492356831021,0.954699168964034,both_correct
2383,descriptive,1,1,0.946238030709083,0.962675772141156,both_correct
2384,descriptive,1,1,0.9779311496668951,0.9282540808034091,both_correct
2385,descriptive,1,1,0.9690480414730652,0.9636691826019808,both_correct
2386,descriptive,1,1,0.970968372261443,0.9738442452416455,both_correct
2387,descriptive,1,1,0.937767467546815,0.8992920410554617,both_correct
2388,descriptive,1,1,0.9385006739552197,0.9740960351195476,both_correct
2389,descriptive,1,1,0.7550550276037957,0.9400006397514059,both_correct
2390,descriptive,1,0,0.8106621969470267,0.637264343214698,qwen_only
2391,descriptive,1,1,0.8829871560826256,0.8898368343733618,both_correct
2392,descriptive,1,1,0.8035660330353253,0.6484191264352933,both_correct
2393,descriptive,1,1,0.8931484527844659,0.9201687543227489,both_correct
2394,descriptive,1,1,0.8161214639492619,0.9025880453107655,both_correct
2395,descriptive,1,1,0.9822491672087712,0.9463068364235706,both_correct
2396,descriptive,1,1,0.803458638556755,0.8373267488353675,both_correct
2397,descriptive,1,1,0.9453287471836355,0.9129808475450082,both_correct
2398,descriptive,1,1,0.9291578082048602,0.961692655455917,both_correct
2399,descriptive,1,1,0.8449623806651042,0.665819849635463,both_correct
2400,descriptive,0,1,0.7015250842716909,0.8736243928902031,internvl_only
2401,descriptive,1,0,0.8170926325878686,0.6919125463507898,qwen_only
2402,descriptive,1,1,0.8995846551992496,0.9024980911403312,both_correct
2403,descriptive,1,1,0.9491898819095095,0.9638845617786916,both_correct
2404,descriptive,1,1,0.8678577933998743,0.8817178607543477,both_correct
2405,descriptive,1,1,0.8350871762569861,0.903367506028036,both_correct
2406,descriptive,1,1,0.9521945287188959,0.9053566860935495,both_correct
2407,descriptive,1,1,0.9316691519909017,0.848714873039,both_correct
2408,descriptive,1,0,0.8822694326478616,0.8504858305670211,qwen_only
2409,descriptive,1,1,0.9335273676639585,0.9110349288981856,both_correct
2410,descriptive,1,1,0.8158406923382318,0.6721250578726883,both_correct
2411,descriptive,1,0,0.6778288784736665,0.2463510358241647,qwen_only
2412,descriptive,1,1,0.8108096517319837,0.7467600410317676,both_correct
2413,descriptive,1,1,0.9224159432368934,0.9040829157660578,both_correct
2414,descriptive,1,1,0.7803894590087165,0.6406575741208843,both_correct
2415,descriptive,0,0,0.856669790009667,0.745204749026906,both_wrong
2416,descriptive,0,1,0.8676045757027856,0.885538952186192,internvl_only
2417,descriptive,1,1,0.955596534086723,0.9622604079218234,both_correct
2418,descriptive,0,1,0.8256151079269847,0.8993848856284299,internvl_only
2419,descriptive,1,1,0.9162020482609441,0.9488913093209463,both_correct
2420,descriptive,1,1,0.9066544129377708,0.9658701822724752,both_correct
2421,descriptive,1,1,0.7412104930437022,0.8341406128278017,both_correct
2422,descriptive,1,1,0.700315339748906,0.4107978719516644,both_correct
2423,descriptive,1,1,0.876525742830481,0.8209784321003812,both_correct
2424,descriptive,1,0,0.731037878709804,0.6534319551730559,qwen_only
2425,descriptive,1,1,0.9174297182743271,0.9254984794021897,both_correct
2426,descriptive,1,0,0.762341814724393,0.5817810655028319,qwen_only
2427,descriptive,1,1,0.8754585562600627,0.8806366378020718,both_correct
2428,descriptive,1,1,0.9725088803284746,0.9553010186939997,both_correct
2429,descriptive,1,1,0.803458638556755,0.8373267488353675,both_correct
2430,descriptive,1,1,0.9385864255569467,0.9123093518017514,both_correct
2431,descriptive,1,1,0.961272082494843,0.9510418245344725,both_correct
2432,descriptive,1,1,0.8531113639989653,0.7943797392612434,both_correct
2433,descriptive,1,1,0.8913052630283359,0.76957779577995,both_correct
2434,descriptive,1,1,0.702115818051133,0.6666841853563469,both_correct
2435,descriptive,1,1,0.8525628908899536,0.6754129136112215,both_correct
2436,descriptive,1,1,0.8462621088071007,0.8600577763784646,both_correct
2437,descriptive,1,1,0.9446551754307829,0.9306391980084666,both_correct
2438,descriptive,1,1,0.928869515847745,0.9278042551680764,both_correct
2439,descriptive,1,1,0.9802678146871776,0.9351041701789233,both_correct
2440,descriptive,1,0,0.803458638556755,0.8373267488353675,qwen_only
2441,descriptive,1,1,0.980116291298741,0.9850134682299855,both_correct
2442,descriptive,1,1,0.9152428046608435,0.8713106853458489,both_correct
2443,descriptive,1,1,0.9162075329764873,0.7702570906483106,both_correct
2444,descriptive,1,1,0.906048288409683,0.8874443047609244,both_correct
2445,descriptive,1,0,0.782717059500523,0.6763408045644312,qwen_only
2446,descriptive,1,1,0.6854266967653552,0.696207360813794,both_correct
2447,descriptive,1,1,0.8364112687596004,0.7275829040332192,both_correct
2448,descriptive,1,1,0.8840014609270888,0.8339624866243002,both_correct
2449,descriptive,1,1,0.9047214764787409,0.7322276584852226,both_correct
2450,descriptive,1,1,0.9866925144024347,0.9669391136653933,both_correct
2451,descriptive,1,1,0.803458638556755,0.8373267488353675,both_correct
2452,descriptive,1,1,0.9656550716456932,0.9663617651130443,both_correct
2453,descriptive,1,1,0.8817268064939907,0.9526676486946922,both_correct
2454,descriptive,1,0,0.8251424038287691,0.5937420258127423,qwen_only
2455,descriptive,1,1,0.9176558601883354,0.8571432067726699,both_correct
2456,descriptive,1,1,0.8962108825654123,0.7950429039303021,both_correct
2457,descriptive,1,0,0.8804251009607464,0.8630161023734063,qwen_only
2458,descriptive,1,0,0.8065091543963516,0.7062270929492777,qwen_only
2459,descriptive,1,1,0.813097811383099,0.7905120936874426,both_correct
2460,descriptive,1,1,0.9126570383879617,0.9093581163932448,both_correct
2461,descriptive,1,1,0.9640781841023616,0.9428423600461723,both_correct
2462,descriptive,1,1,0.9734253006898387,0.9673821298623765,both_correct
2463,descriptive,1,1,0.9214083515392172,0.8190936355549016,both_correct
2464,descriptive,1,1,0.9034279483878507,0.8744404464605244,both_correct
2465,descriptive,1,0,0.6318860868285425,0.2184535284377075,qwen_only
2466,descriptive,1,1,0.8544113027220528,0.7830955986734619,both_correct
2467,descriptive,1,1,0.9373309396337438,0.8512176955947532,both_correct
2468,descriptive,1,1,0.9143892158057271,0.7653850368316953,both_correct
2469,descriptive,1,1,0.8430121564924549,0.7482540234261924,both_correct
2470,descriptive,1,1,0.8947190736199465,0.8910639254502922,both_correct
2471,descriptive,1,1,0.9002324237582366,0.8937672088001556,both_correct
2472,descriptive,1,1,0.9431187855000643,0.9619765557390921,both_correct
2473,descriptive,1,1,0.803458638556755,0.8373267488353675,both_correct
2474,descriptive,1,1,0.9282628566361627,0.9421188597182275,both_correct
2475,descriptive,1,1,0.961272082494843,0.9510418245344725,both_correct
2476,descriptive,1,1,0.9491313911981524,0.9164397472543423,both_correct
2477,descriptive,1,1,0.9310246485830982,0.8513097964937542,both_correct
2478,descriptive,1,0,0.7010509523849998,0.7053678551339995,qwen_only
2479,descriptive,0,1,0.8877526320797495,0.8152035954423182,internvl_only
2480,descriptive,0,1,0.8035660330353253,0.6484191264352933,internvl_only
2481,descriptive,1,1,0.8722455009469711,0.8798914289752998,both_correct
2482,descriptive,1,1,0.92197600157883,0.9244057018364249,both_correct
2483,descriptive,1,1,0.9891194707116041,0.9466812878572123,both_correct
2484,descriptive,1,1,0.9035357683417431,0.8855869611475365,both_correct
2485,descriptive,1,1,0.9650226240193933,0.9706022065234977,both_correct
2486,descriptive,1,1,0.748209064173035,0.8771538137203794,both_correct
2487,descriptive,0,1,0.8184335884618437,0.9725102122585377,internvl_only
2488,descriptive,1,1,0.9469145424777453,0.9382561669757583,both_correct
2489,descriptive,1,0,0.778928938036746,0.7201896575325312,qwen_only
2490,descriptive,1,1,0.7772066517631944,0.5156445593394176,both_correct
2491,descriptive,1,1,0.727914363033285,0.6613778664463493,both_correct
2492,descriptive,1,1,0.8822577619782331,0.8163494662350033,both_correct
2493,descriptive,0,1,0.8810984159648354,0.861616152758025,internvl_only
2494,descriptive,1,1,0.9722713146000438,0.9392259707508249,both_correct
2495,descriptive,1,1,0.803458638556755,0.8373267488353675,both_correct
2496,descriptive,0,1,0.8256151079269847,0.8993848856284299,internvl_only
2497,descriptive,1,1,0.9358033765951599,0.9237151086189126,both_correct
2498,descriptive,0,0,0.776305022577724,0.6151716451759227,both_wrong
2499,descriptive,1,0,0.7305272566397335,0.42207283361382475,qwen_only
2500,descriptive,1,1,0.8061558489573886,0.7060191539626997,both_correct
2501,descriptive,0,0,0.8343162537707671,0.6914482778994748,both_wrong
2502,descriptive,1,1,0.9558811433292127,0.9559535302766946,both_correct
2503,descriptive,1,1,0.8911898457895163,0.8476260262764671,both_correct
2504,descriptive,1,1,0.8853400865061197,0.9394177734404782,both_correct
2505,descriptive,0,1,0.9178729208159856,0.86321056431659,internvl_only
2506,descriptive,1,1,0.9282628566361627,0.9421188597182275,both_correct
2507,descriptive,1,1,0.803458638556755,0.8373267488353675,both_correct
2508,descriptive,1,1,0.8850340510921076,0.9305062669303106,both_correct
2509,descriptive,1,1,0.9655710096692942,0.9266472083397389,both_correct
2510,descriptive,1,0,0.6318860868285425,0.2184535284377075,qwen_only
2511,descriptive,1,1,0.8818516497816025,0.7546829843451127,both_correct
2512,descriptive,1,1,0.8461942701832859,0.8002099585788577,both_correct
2513,descriptive,1,1,0.8978065144703491,0.8863840891776505,both_correct
2514,descriptive,0,1,0.8408161588580534,0.7455566533410146,internvl_only
2515,descriptive,0,1,0.6984045688734594,0.5655759152677325,internvl_only
2516,descriptive,1,1,0.9485632847992421,0.9449955163764414,both_correct
2517,descriptive,1,1,0.9214083515392172,0.8190936355549016,both_correct
2518,descriptive,1,1,0.9560589840032064,0.9598121972454883,both_correct
2519,descriptive,1,1,0.8783705084775406,0.9496953180444393,both_correct
2520,descriptive,1,0,0.8775891043468684,0.5234588404509594,qwen_only
2521,descriptive,1,1,0.9188591735190644,0.7612912721973933,both_correct
2522,descriptive,0,1,0.6226112610151342,0.6397574476505157,internvl_only
2523,descriptive,1,0,0.7526319397787454,0.6247098003798387,qwen_only
2524,descriptive,1,1,0.9197883762672653,0.8819362809399824,both_correct
2525,descriptive,1,1,0.8938258935538071,0.9299807998268114,both_correct
2526,descriptive,1,1,0.9316545317978483,0.9695111665955773,both_correct
2527,descriptive,1,0,0.9821634525765593,0.9015013023096244,qwen_only
2528,descriptive,1,1,0.803458638556755,0.8373267488353675,both_correct
2529,descriptive,1,1,0.8669245878330931,0.8785870673214894,both_correct
2530,descriptive,1,1,0.9003824400743232,0.863179265891398,both_correct
2531,descriptive,1,1,0.9490827799196591,0.8669793656343585,both_correct
2532,descriptive,1,0,0.8448771073763846,0.6800347324543894,qwen_only
2533,descriptive,1,1,0.8669185409174174,0.613083282248078,both_correct
2534,descriptive,1,0,0.8739512346924865,0.7539550883791502,qwen_only
2535,descriptive,1,1,0.7438411796938995,0.6392849170458133,both_correct
2536,descriptive,0,1,0.8468025600553801,0.7933396519166599,internvl_only
2537,descriptive,0,1,0.8435928568736649,0.8803583780900387,internvl_only
2538,descriptive,1,1,0.966364312361968,0.927637023869013,both_correct
2539,descriptive,1,1,0.803458638556755,0.8373267488353675,both_correct
2540,descriptive,0,0,0.9214083515392172,0.8190936355549016,both_wrong
2541,descriptive,1,1,0.9689022640990427,0.9386243735447409,both_correct
2542,descriptive,1,1,0.5456328704070382,0.6717872613942067,both_correct
2543,descriptive,1,1,0.9482955001201924,0.8135963200276707,both_correct
2544,descriptive,0,0,0.9214566554796898,0.8649150327783739,both_wrong
2545,descriptive,1,0,0.8727031179007294,0.7066650530983505,qwen_only
2546,descriptive,1,1,0.8792709494476401,0.7737380471753746,both_correct
2547,descriptive,1,1,0.8870416357906663,0.9321976698881754,both_correct
2548,descriptive,1,1,0.907269236941638,0.9296872366084629,both_correct
2549,descriptive,1,1,0.98743165101154,0.9513462397652027,both_correct
2550,descriptive,1,1,0.8957312252426519,0.9441745222131812,both_correct
2551,descriptive,1,1,0.9773486634897186,0.9623495044540264,both_correct
2552,descriptive,1,1,0.9473316699340789,0.9221348632172947,both_correct
2553,descriptive,0,1,0.8757045176271996,0.5859851194065518,internvl_only
2554,descriptive,0,0,0.754672100478066,0.623238843707579,both_wrong
2555,descriptive,1,0,0.9003150358406259,0.776625943241074,qwen_only
2556,descriptive,1,1,0.8521614974046908,0.7006607284591767,both_correct
2557,descriptive,0,0,0.7624750465946301,0.7022252428453432,both_wrong
2558,descriptive,1,1,0.9487740040953376,0.961735941564244,both_correct
2559,descriptive,1,1,0.8476224022283472,0.8248775398896605,both_correct
2560,descriptive,1,1,0.9846492772223312,0.9506714807907466,both_correct
2561,descriptive,1,1,0.9214083515392172,0.8190936355549016,both_correct
2562,descriptive,0,0,0.8496852557236599,0.8174101114001149,both_wrong
2563,descriptive,1,1,0.9301246904149119,0.9164323698857003,both_correct
2564,descriptive,1,1,0.8893004967822352,0.9774762997000164,both_correct
2565,descriptive,0,1,0.662542591205381,0.8767269648262724,internvl_only
2566,descriptive,0,1,0.788845657137514,0.7044790087285396,internvl_only
2567,descriptive,1,1,0.7453810461525694,0.6452967532032993,both_correct
2568,descriptive,0,1,0.702115818051133,0.6666841853563469,internvl_only
2569,descriptive,1,1,0.819270699411206,0.8475563327651375,both_correct
2570,descriptive,1,1,0.9059916638078019,0.9432131398475704,both_correct
2571,descriptive,1,1,0.9685162515781413,0.933245776153341,both_correct
2572,descriptive,1,1,0.9214083515392172,0.8190936355549016,both_correct
2573,descriptive,1,1,0.9374469480586582,0.9347343807796257,both_correct
2574,descriptive,1,1,0.937767467546815,0.8992920410554617,both_correct
2575,descriptive,0,0,0.7603066014772738,0.20035391027861388,both_wrong
2576,descriptive,1,1,0.8602567751920337,0.8129111937986273,both_correct
2577,descriptive,1,1,0.8900851889115974,0.9145030142477226,both_correct
2578,descriptive,1,1,0.8963250191361934,0.8572340850681845,both_correct
2579,descriptive,1,1,0.8414458531323479,0.771841776358166,both_correct
2580,descriptive,1,1,0.9606594669214997,0.9533375679015803,both_correct
2581,descriptive,1,1,0.9091493686674033,0.8623823737223388,both_correct
2582,descriptive,1,1,0.9570421884267424,0.9313320257919281,both_correct
2583,descriptive,1,1,0.8634495605248605,0.8400248720131521,both_correct
2584,descriptive,1,1,0.8871295168304059,0.8445833417431389,both_correct
2585,descriptive,0,1,0.8724167236023116,0.9623714647423813,internvl_only
2586,descriptive,0,1,0.7730196765580958,0.8460646552207901,internvl_only
2587,descriptive,1,0,0.6778288784736665,0.2463510358241647,qwen_only
2588,descriptive,0,0,0.7645368590910483,0.6013921171467972,both_wrong
2589,descriptive,1,1,0.8851919099810772,0.7213750391192705,both_correct
2590,descriptive,1,1,0.7700689308002607,0.6473469682334693,both_correct
2591,descriptive,1,1,0.8199934615098488,0.8763918671655603,both_correct
2592,descriptive,1,0,0.853275386326877,0.8664242826299904,qwen_only
2593,descriptive,1,1,0.973229813030773,0.966271914786624,both_correct
2594,descriptive,1,1,0.8957312252426519,0.9441745222131812,both_correct
2595,descriptive,1,1,0.9668975929605796,0.9148262275388381,both_correct
2596,descriptive,0,0,0.8570102123835962,0.946231199579179,both_wrong
2597,descriptive,1,1,0.9009230392690168,0.9393132318834461,both_correct
2598,descriptive,1,0,0.6318860868285425,0.2184535284377075,qwen_only
2599,descriptive,1,1,0.6575603562037924,0.4814592366084117,both_correct
2600,descriptive,1,1,0.9226565209307033,0.8416442037233112,both_correct
2601,descriptive,1,0,0.9474758055711615,0.9479188663398582,qwen_only
2602,descriptive,1,0,0.8135578483784818,0.8514661994587414,qwen_only
2603,descriptive,0,1,0.8102295433987975,0.7783437550598854,internvl_only
2604,descriptive,1,1,0.9781065101735181,0.9571235546757463,both_correct
2605,descriptive,1,1,0.9043664372504159,0.9478747652251206,both_correct
2606,descriptive,1,1,0.8957312252426519,0.9441745222131812,both_correct
2607,descriptive,1,1,0.8018949979683864,0.8545910225767672,both_correct
2608,descriptive,0,1,0.7676034569273694,0.7255248328340349,internvl_only
2609,descriptive,1,1,0.8758170723095027,0.8237045857535171,both_correct
2610,descriptive,1,1,0.8995835548994763,0.8642301304484502,both_correct
2611,descriptive,1,1,0.8181092386742149,0.5994245056659264,both_correct
2612,descriptive,1,1,0.8577318123176952,0.7650698026462796,both_correct
2613,descriptive,0,0,0.7962424538925066,0.743352340289865,both_wrong
2614,descriptive,1,1,0.8840014609270888,0.8339624866243002,both_correct
2615,descriptive,1,1,0.9651008313425536,0.9562571261311187,both_correct
2616,descriptive,1,1,0.9214083515392172,0.8190936355549016,both_correct
2617,descriptive,1,1,0.9720328051311419,0.9841472443483672,both_correct
2618,descriptive,1,1,0.9479337174374319,0.8915278066329919,both_correct
2619,descriptive,1,1,0.908775483338897,0.9691232812834039,both_correct
2620,descriptive,1,0,0.7603066014772738,0.20035391027861388,qwen_only
2621,descriptive,1,1,0.9453807807004582,0.8715391435283432,both_correct
2622,descriptive,1,1,0.7485988358340944,0.7848854233745003,both_correct
2623,descriptive,0,0,0.583281473382959,0.5996617736165655,both_wrong
2624,descriptive,1,1,0.9061923513243374,0.89701702247091,both_correct
2625,descriptive,1,0,0.8615510646427054,0.8066273081119889,qwen_only
2626,descriptive,1,1,0.9618528274339545,0.9590813690501729,both_correct
2627,descriptive,1,1,0.9178191566460409,0.8928340751976734,both_correct
2628,descriptive,1,1,0.9214083515392172,0.8190936355549016,both_correct
2629,descriptive,1,1,0.8742938084437004,0.9456993074628653,both_correct
2630,descriptive,1,1,0.8609254830119213,0.8602602046144993,both_correct
2631,descriptive,0,1,0.754672100478066,0.623238843707579,internvl_only
2632,descriptive,1,1,0.896074670077148,0.8323859190802927,both_correct
2633,descriptive,1,1,0.8904274388182026,0.7292892443484962,both_correct
2634,descriptive,0,0,0.8065091543963516,0.7062270929492777,both_wrong
2635,descriptive,1,1,0.8944615447570202,0.8749785249781713,both_correct
2636,descriptive,1,1,0.9296228691940362,0.9357938936137662,both_correct
2637,descriptive,1,1,0.9480401401695315,0.9741531624445526,both_correct
2638,descriptive,1,1,0.9594904293000391,0.9786529201111733,both_correct
2639,descriptive,1,1,0.900861797230325,0.8826800754365413,both_correct
2640,descriptive,1,1,0.8276004347743879,0.8977128289702887,both_correct
2641,descriptive,1,1,0.907189059672216,0.6746412964867979,both_correct
2642,descriptive,1,1,0.9416521771837388,0.9616584792364414,both_correct
2643,descriptive,1,1,0.9096675625694052,0.9316784222209948,both_correct
2644,descriptive,1,1,0.8947148696285363,0.9055348161840643,both_correct
2645,descriptive,1,1,0.8877526320797495,0.8152035954423182,both_correct
2646,descriptive,1,0,0.8447078110007767,0.8287268229137459,qwen_only
2647,descriptive,1,1,0.8258666577892908,0.8896423960078602,both_correct
2648,descriptive,1,1,0.9547776801041784,0.8980077147142866,both_correct
2649,descriptive,1,1,0.803458638556755,0.8373267488353675,both_correct
2650,descriptive,1,1,0.9543847634292992,0.9727947433533595,both_correct
2651,descriptive,1,1,0.8018949979683864,0.8545910225767672,both_correct
2652,descriptive,0,1,0.8198196879448835,0.9252115205553936,internvl_only
2653,descriptive,1,0,0.6778288784736665,0.2463510358241647,qwen_only
2654,descriptive,1,0,0.8962108825654123,0.7950429039303021,qwen_only
2655,descriptive,1,0,0.7358793781419065,0.5540056397591501,qwen_only
2656,descriptive,1,1,0.8877526320797495,0.8152035954423182,both_correct
2657,descriptive,1,0,0.88810748425306,0.7914443060753311,qwen_only
2658,descriptive,1,1,0.8791941602051466,0.7820058042324816,both_correct
2659,descriptive,1,1,0.9509884641166078,0.9337116237069493,both_correct
2660,descriptive,1,1,0.960244335489967,0.9278067191146866,both_correct
2661,descriptive,1,1,0.9597257874129071,0.9753198683747349,both_correct
2662,descriptive,1,1,0.9328713460578887,0.926146101453543,both_correct
2663,descriptive,1,1,0.8608967142608035,0.49950663774534587,both_correct
2664,descriptive,0,1,0.6778288784736665,0.2463510358241647,internvl_only
2665,descriptive,1,1,0.8962108825654123,0.7950429039303021,both_correct
2666,descriptive,1,1,0.7933060924330497,0.715525770249321,both_correct
2667,descriptive,1,1,0.9233717192100153,0.8040601198618638,both_correct
2668,descriptive,1,1,0.8679963514198217,0.8994604904634564,both_correct
2669,descriptive,1,1,0.9167549798716469,0.942469950267589,both_correct
2670,descriptive,1,1,0.9826177760912984,0.9386532588822198,both_correct
2671,descriptive,1,1,0.9214083515392172,0.8190936355549016,both_correct
2672,descriptive,1,1,0.9656550716456932,0.9663617651130443,both_correct
2673,descriptive,0,1,0.7832351229003017,0.8761816726421083,internvl_only
2674,descriptive,0,0,0.6617789562699736,0.8003396410803448,both_wrong
2675,descriptive,1,1,0.8758170723095027,0.8237045857535171,both_correct
2676,descriptive,0,0,0.6993975172476053,0.6754373261265424,both_wrong
2677,descriptive,1,1,0.9286421874574832,0.9117086670389957,both_correct
2678,descriptive,1,1,0.9226565209307033,0.8416442037233112,both_correct
2679,descriptive,1,1,0.8813746633737662,0.8251237834245821,both_correct
2680,descriptive,0,1,0.8173956690853713,0.7545534165453032,internvl_only
2681,descriptive,1,1,0.9463853647614554,0.918784147432595,both_correct
2682,descriptive,1,1,0.9804117472014999,0.9640442917325375,both_correct
2683,descriptive,1,0,0.890178543444675,0.8330203634536487,qwen_only
2684,descriptive,1,1,0.9115354728116847,0.957480024631709,both_correct
2685,descriptive,1,1,0.961952060883718,0.9806438606210757,both_correct
2686,descriptive,1,1,0.8781801889468253,0.8055722137123583,both_correct
2687,descriptive,0,1,0.702115818051133,0.6666841853563469,internvl_only
2688,descriptive,0,1,0.7010509523849998,0.7053678551339995,internvl_only
2689,descriptive,1,1,0.9507911866947345,0.9486983671096851,both_correct
2690,descriptive,1,1,0.8422333393299037,0.8581784391323898,both_correct
2691,descriptive,0,0,0.8534386138420379,0.8479397892029187,both_wrong
2692,descriptive,1,1,0.9520860078040265,0.917170781590576,both_correct
2693,descriptive,1,1,0.9374469480586582,0.9347343807796257,both_correct
2694,descriptive,1,1,0.9214083515392172,0.8190936355549016,both_correct
2695,descriptive,1,1,0.9689022640990427,0.9386243735447409,both_correct
2696,descriptive,1,1,0.6318860868285425,0.2184535284377075,both_correct
2697,descriptive,1,0,0.7603066014772738,0.20035391027861388,qwen_only
2698,descriptive,1,1,0.8851919099810772,0.7213750391192705,both_correct
2699,descriptive,1,0,0.8106621969470267,0.637264343214698,qwen_only
2700,descriptive,1,0,0.917253856300042,0.8086337998389656,qwen_only
2701,descriptive,1,1,0.9015806713050133,0.8856524719832343,both_correct
2702,descriptive,1,0,0.8826872528717099,0.8453125676838092,qwen_only
2703,descriptive,1,1,0.9864857041339372,0.9741054466276086,both_correct
2704,descriptive,1,1,0.9782023281164384,0.9660384278878978,both_correct
2705,descriptive,1,1,0.9214083515392172,0.8190936355549016,both_correct
2706,descriptive,0,1,0.8255566751708218,0.9462098516342954,internvl_only
2707,descriptive,0,0,0.5480695773447651,0.8633162663938293,both_wrong
2708,descriptive,1,1,0.9288639255998303,0.7912816978317594,both_correct
2709,descriptive,1,1,0.8851919099810772,0.7213750391192705,both_correct
2710,descriptive,1,1,0.9146416246022494,0.9079402694749222,both_correct
2711,descriptive,1,1,0.9250789730370196,0.9153875604897748,both_correct
2712,descriptive,1,1,0.8633802023999188,0.8786600414837186,both_correct
2713,descriptive,1,1,0.8392362277319227,0.9280083339215374,both_correct
2714,descriptive,1,1,0.9645519719851615,0.9401324921717759,both_correct
2715,descriptive,1,1,0.9776507441025978,0.9731264838109459,both_correct
2716,descriptive,1,1,0.9659632674828964,0.95138845259115,both_correct
2717,descriptive,1,1,0.90437363063587,0.9493670675832809,both_correct
2718,descriptive,1,0,0.814420675274288,0.6965952199989299,qwen_only
2719,descriptive,0,0,0.4678730400319151,0.5819074870751276,both_wrong
2720,descriptive,1,1,0.901013491731832,0.94838339244156,both_correct
2721,descriptive,1,1,0.891861254006326,0.865510465538056,both_correct
2722,descriptive,1,0,0.8354501523458147,0.6373986025423445,qwen_only
2723,descriptive,1,1,0.8841631401662958,0.9490842560628582,both_correct
2724,descriptive,1,1,0.9062454305024097,0.9269756464453369,both_correct
2725,descriptive,1,1,0.9883434207032081,0.9658720703960526,both_correct
2726,descriptive,0,1,0.9214083515392172,0.8190936355549016,internvl_only
2727,descriptive,1,1,0.873504319005701,0.8669808226980409,both_correct
2728,descriptive,1,1,0.9152428046608435,0.8713106853458489,both_correct
2729,descriptive,1,1,0.8778573341133378,0.9491655794220221,both_correct
2730,descriptive,1,1,0.9424233463060178,0.9178423546973591,both_correct
2731,descriptive,0,1,0.731037878709804,0.6534319551730559,internvl_only
2732,descriptive,1,0,0.8125797061813463,0.7589671983046982,qwen_only
2733,descriptive,0,1,0.7780227741370158,0.6908497816062996,internvl_only
2734,descriptive,1,1,0.8735296065754548,0.8890631199227353,both_correct
2735,descriptive,1,1,0.9022867672776226,0.9205130183705855,both_correct
2736,descriptive,1,1,0.9453647189513926,0.8699257532068917,both_correct
2737,descriptive,1,1,0.9282628566361627,0.9421188597182275,both_correct
2738,descriptive,1,1,0.9214083515392172,0.8190936355549016,both_correct
2739,descriptive,1,1,0.9560080871912356,0.8596617014695148,both_correct
2740,descriptive,1,1,0.8784235728591075,0.5633201529148181,both_correct
2741,descriptive,1,1,0.8269341591649304,0.7954933964073562,both_correct
2742,descriptive,1,1,0.9605873202068719,0.9442349616923083,both_correct
2743,descriptive,1,1,0.8126633623602035,0.6695962774663498,both_correct
2744,descriptive,1,1,0.9054942952962959,0.8611596498858933,both_correct
2745,descriptive,0,0,0.837341777063387,0.7756920334681391,both_wrong
2746,descriptive,1,1,0.8634559115823162,0.8770037541943027,both_correct
2747,descriptive,1,1,0.937212602647065,0.9484015617706759,both_correct
2748,descriptive,1,1,0.8912104992412473,0.8432779007954948,both_correct
2749,descriptive,1,1,0.9474345644841439,0.9810375060675168,both_correct
2750,descriptive,1,1,0.8981545408545722,0.9441751329538292,both_correct
2751,descriptive,0,1,0.7793705619043654,0.936287204854766,internvl_only
2752,descriptive,1,1,0.780233311331688,0.7850905490905263,both_correct
2753,descriptive,0,0,0.8669185409174174,0.613083282248078,both_wrong
2754,descriptive,0,1,0.9640982067477503,0.9590123479542851,internvl_only
2755,descriptive,1,1,0.8792709494476401,0.7737380471753746,both_correct
2756,descriptive,1,1,0.8918602391336872,0.9222384609287216,both_correct
2757,descriptive,1,1,0.8815249292927605,0.8800818749396982,both_correct
2758,descriptive,1,1,0.9604734858633112,0.9260621882800135,both_correct
2759,descriptive,1,1,0.9495140496120396,0.9412613011067994,both_correct
2760,descriptive,1,1,0.8669245878330931,0.8785870673214894,both_correct
2761,descriptive,1,1,0.8392277509661739,0.9421631179449919,both_correct
2762,descriptive,1,1,0.754672100478066,0.623238843707579,both_correct
2763,descriptive,1,1,0.7894895147619236,0.9041832029052569,both_correct
2764,descriptive,1,1,0.9051311272530143,0.8968449974084823,both_correct
2765,descriptive,1,1,0.928502143673473,0.8718435774126732,both_correct
2766,descriptive,1,0,0.8338236218527781,0.7591503060229841,qwen_only
2767,descriptive,1,1,0.8959457746725425,0.9462183763867216,both_correct
2768,descriptive,0,1,0.8298796784612219,0.8328101742317291,internvl_only
2769,descriptive,1,1,0.9463853647614554,0.918784147432595,both_correct
2770,descriptive,1,1,0.803458638556755,0.8373267488353675,both_correct
2771,descriptive,1,1,0.9565117877316739,0.9745680202266167,both_correct
2772,descriptive,1,1,0.9163019675532383,0.940357428888193,both_correct
2773,descriptive,1,1,0.693374572780978,0.8408893874847304,both_correct
2774,descriptive,1,0,0.8483357765554367,0.5812724649030852,qwen_only
2775,descriptive,1,0,0.8181092386742149,0.5994245056659264,qwen_only
2776,descriptive,1,1,0.9496694564141595,0.8512879550796036,both_correct
2777,descriptive,1,1,0.9172164737334582,0.878520903018073,both_correct
2778,descriptive,1,1,0.8167837160629369,0.8061710310595817,both_correct
2779,descriptive,1,0,0.9082220456585479,0.9026586311331399,qwen_only
2780,descriptive,1,1,0.9812535414088147,0.922661729795921,both_correct
2781,descriptive,1,1,0.9658574263906242,0.9342312245858982,both_correct
2782,descriptive,1,1,0.9637391783103294,0.9729408725724096,both_correct
2783,descriptive,1,1,0.9515275081250014,0.878961639175585,both_correct
2784,descriptive,0,1,0.8313522596544406,0.938664994001651,internvl_only
2785,descriptive,0,1,0.7679681015725508,0.8701482624539388,internvl_only
2786,descriptive,1,1,0.9558811433292127,0.9559535302766946,both_correct
2787,descriptive,1,1,0.9595126347387997,0.8806131821717011,both_correct
2788,descriptive,1,1,0.9595373238523502,0.9646469115190056,both_correct
2789,descriptive,1,1,0.876840730283697,0.7520571255780519,both_correct
2790,descriptive,1,1,0.8232407764589429,0.7872265882600176,both_correct
2791,descriptive,1,1,0.9751152287614969,0.9685936589230276,both_correct
2792,descriptive,1,1,0.9542872637841814,0.9791666840324709,both_correct
2793,descriptive,1,1,0.9585871898277423,0.9832788881719334,both_correct
2794,descriptive,1,1,0.8510016832736091,0.9278343794111572,both_correct
2795,descriptive,0,1,0.8408257109232241,0.7653646128930796,internvl_only
2796,descriptive,0,0,0.6697795827134959,0.8611264336260034,both_wrong
2797,descriptive,1,1,0.848584008806871,0.7291453256717082,both_correct
2798,descriptive,1,1,0.8942948425137061,0.9096881425977977,both_correct
2799,descriptive,1,1,0.9146416246022494,0.9079402694749222,both_correct
2800,descriptive,1,1,0.8901262866658187,0.8334654389791308,both_correct
2801,descriptive,1,1,0.8708757543027835,0.9454650082454032,both_correct
2802,descriptive,1,1,0.9833710239199426,0.9401337069543956,both_correct
2803,descriptive,1,1,0.9203906300898194,0.8471854197647379,both_correct
2804,descriptive,1,1,0.803458638556755,0.8373267488353675,both_correct
2805,descriptive,1,1,0.8933964265993429,0.9212592531611116,both_correct
2806,descriptive,1,1,0.9115342842142313,0.9553003154735658,both_correct
2807,descriptive,1,1,0.700315339748906,0.4107978719516644,both_correct
2808,descriptive,1,1,0.8443093263291456,0.8300695712564322,both_correct
2809,descriptive,1,0,0.9070304752328591,0.8036484123602291,qwen_only
2810,descriptive,1,1,0.8577318123176952,0.7650698026462796,both_correct
2811,descriptive,1,0,0.8938554667785495,0.7864081319501766,qwen_only
2812,descriptive,1,1,0.8990643465388408,0.8845645871159896,both_correct
2813,descriptive,1,1,0.9605991674836748,0.9251173829340766,both_correct
2814,descriptive,1,1,0.8436736627757391,0.8196740290325272,both_correct
2815,descriptive,1,1,0.8634495605248605,0.8400248720131521,both_correct
2816,descriptive,1,1,0.8606165602630156,0.932497808430712,both_correct
2817,descriptive,1,1,0.9205588773239326,0.8848487140017236,both_correct
2818,descriptive,1,1,0.7921203497439044,0.904699353943441,both_correct
2819,descriptive,1,1,0.8792709494476401,0.7737380471753746,both_correct
2820,descriptive,1,1,0.9619580076244306,0.9619147994801359,both_correct
2821,descriptive,1,1,0.948985420417853,0.9362460056921696,both_correct
2822,descriptive,1,1,0.946869108015082,0.9747253505706156,both_correct
2823,descriptive,1,1,0.8870416357906663,0.9321976698881754,both_correct
2824,descriptive,1,1,0.980135055975335,0.9600107825769322,both_correct
2825,descriptive,1,1,0.9282628566361627,0.9421188597182275,both_correct
2826,descriptive,1,1,0.9501693702701827,0.9731721726437581,both_correct
2827,descriptive,1,1,0.9152428046608435,0.8713106853458489,both_correct
2828,descriptive,1,1,0.872235347188335,0.9030169192631595,both_correct
2829,descriptive,1,1,0.8050546775993487,0.9152896631750363,both_correct
2830,descriptive,1,1,0.9453807807004582,0.8715391435283432,both_correct
2831,descriptive,1,1,0.9567644053908617,0.9483701432676671,both_correct
2832,descriptive,1,1,0.9194938298167535,0.8579594867781976,both_correct
2833,descriptive,1,1,0.8660155503177362,0.8495509680140773,both_correct
2834,descriptive,1,1,0.8835265035048663,0.8851109704021435,both_correct
2835,descriptive,1,1,0.9653661298550033,0.939365957622576,both_correct
2836,descriptive,1,1,0.9673566489267655,0.9606225741027336,both_correct
2837,descriptive,1,1,0.956862738125835,0.9605330775675913,both_correct
2838,descriptive,1,0,0.9311534925573394,0.8725234327788242,qwen_only
2839,descriptive,1,0,0.6778288784736665,0.2463510358241647,qwen_only
2840,descriptive,1,0,0.8609885576184121,0.5529347531823334,qwen_only
2841,descriptive,0,0,0.702115818051133,0.6666841853563469,both_wrong
2842,descriptive,1,0,0.9363388715531212,0.8697353987433726,qwen_only
2843,descriptive,1,0,0.8035660330353253,0.6484191264352933,qwen_only
2844,descriptive,1,1,0.8388074705762794,0.7900556253823259,both_correct
2845,descriptive,1,1,0.8408161588580534,0.7455566533410146,both_correct
2846,descriptive,1,1,0.9673192404460637,0.9391587289088875,both_correct
2847,descriptive,1,1,0.9214083515392172,0.8190936355549016,both_correct
2848,descriptive,1,1,0.8918560809260184,0.9516570655296108,both_correct
2849,descriptive,1,1,0.9625230526642933,0.9471374376316523,both_correct
2850,descriptive,1,1,0.8758170723095027,0.8237045857535171,both_correct
2851,descriptive,0,0,0.6318860868285425,0.2184535284377075,both_wrong
2852,descriptive,1,1,0.8797921040679147,0.8533700660004263,both_correct
2853,descriptive,0,0,0.7438411796938995,0.6392849170458133,both_wrong
2854,descriptive,1,1,0.8696012441059171,0.8906298693450886,both_correct
2855,descriptive,1,1,0.8900419588486417,0.9067128958916137,both_correct
2856,descriptive,1,1,0.7865806988222963,0.7951998358962268,both_correct
2857,descriptive,1,1,0.9641679337872046,0.9647675984197616,both_correct
2858,descriptive,1,1,0.9315337144005676,0.8982679090825259,both_correct
2859,descriptive,1,1,0.9214083515392172,0.8190936355549016,both_correct
2860,descriptive,1,1,0.9316803996507032,0.9130409216239389,both_correct
2861,descriptive,1,0,0.6318860868285425,0.2184535284377075,qwen_only
2862,descriptive,1,0,0.9018168673789684,0.5865223400643358,qwen_only
2863,descriptive,1,1,0.9363388715531212,0.8697353987433726,both_correct
2864,descriptive,1,1,0.8879590985198199,0.7081469672965384,both_correct
2865,descriptive,1,1,0.9457296776418683,0.9615879992809174,both_correct
2866,descriptive,1,1,0.9011981590500131,0.930953809108698,both_correct
2867,descriptive,1,1,0.9085125007620547,0.8770709560795451,both_correct
2868,descriptive,1,1,0.9178729208159856,0.86321056431659,both_correct
2869,descriptive,1,1,0.9211411471124905,0.9433487721089875,both_correct
2870,descriptive,1,1,0.9230425151692921,0.9754635287856642,both_correct
2871,descriptive,1,1,0.8844586786951626,0.9549103139784721,both_correct
2872,descriptive,1,1,0.8609885576184121,0.5529347531823334,both_correct
2873,descriptive,0,1,0.8775891043468684,0.5234588404509594,internvl_only
2874,descriptive,1,1,0.9567644053908617,0.9483701432676671,both_correct
2875,descriptive,1,1,0.9003150358406259,0.776625943241074,both_correct
2876,descriptive,1,1,0.7892663307347747,0.7116023433628942,both_correct
2877,descriptive,1,1,0.8870416357906663,0.9321976698881754,both_correct
2878,descriptive,1,1,0.947312758774783,0.9413451055744498,both_correct
2879,descriptive,1,1,0.966416714131261,0.9563493385022608,both_correct
2880,descriptive,0,1,0.9656550716456932,0.9663617651130443,internvl_only
2881,descriptive,1,1,0.8752725576429161,0.8712531934941373,both_correct
2882,descriptive,1,1,0.94103769564575,0.8939753109459582,both_correct
2883,descriptive,1,1,0.754672100478066,0.623238843707579,both_correct
2884,descriptive,1,1,0.814420675274288,0.6965952199989299,both_correct
2885,descriptive,1,1,0.8948920739942363,0.8188315998784054,both_correct
2886,descriptive,1,1,0.9084914029479073,0.8703457098002312,both_correct
2887,descriptive,1,1,0.9195017674492952,0.8919202565113554,both_correct
2888,descriptive,1,1,0.8386546979052932,0.8591779822878096,both_correct
2889,descriptive,1,1,0.8685387518014062,0.9219598202841762,both_correct
2890,descriptive,1,1,0.9521987227403163,0.9567549483427427,both_correct
2891,descriptive,1,1,0.9282628566361627,0.9421188597182275,both_correct
2892,descriptive,1,1,0.9315337144005676,0.8982679090825259,both_correct
2893,descriptive,1,1,0.916806922988018,0.9629144695422012,both_correct
2894,descriptive,1,1,0.754672100478066,0.623238843707579,both_correct
2895,descriptive,0,0,0.8531113639989653,0.7943797392612434,both_wrong
2896,descriptive,1,0,0.8015544283931054,0.6438262655667412,qwen_only
2897,descriptive,1,1,0.950169890878128,0.9596453091386844,both_correct
2898,descriptive,1,1,0.8577318123176952,0.7650698026462796,both_correct
2899,descriptive,1,1,0.949730900106509,0.9366407549368413,both_correct
2900,descriptive,1,1,0.8650420311166408,0.9505894479603508,both_correct
2901,descriptive,1,1,0.9592174015038433,0.9577468429242322,both_correct
2902,descriptive,1,1,0.9230425151692921,0.9754635287856642,both_correct
2903,descriptive,1,1,0.9565117877316739,0.9745680202266167,both_correct
2904,descriptive,1,1,0.8824340287034856,0.933818380766778,both_correct
2905,descriptive,1,1,0.5922182118727337,0.6776750729294934,both_correct
2906,descriptive,1,1,0.9494850192982209,0.962106795745867,both_correct
2907,descriptive,1,0,0.8024739051140588,0.6271063558073549,qwen_only
2908,descriptive,0,0,0.8338555316872355,0.7616771112462553,both_wrong
2909,descriptive,1,1,0.7624750465946301,0.7022252428453432,both_correct
2910,descriptive,1,1,0.8782069878836609,0.8644321128054705,both_correct
2911,descriptive,1,1,0.924272796159785,0.9469943976115134,both_correct
2912,descriptive,1,1,0.9653702201110463,0.9715008325717208,both_correct
2913,descriptive,1,1,0.9203906300898194,0.8471854197647379,both_correct
2914,descriptive,1,1,0.803458638556755,0.8373267488353675,both_correct
2915,descriptive,1,1,0.939498754465858,0.9335784829978918,both_correct
2916,descriptive,1,0,0.9027793423337569,0.6943716106854011,qwen_only
2917,descriptive,1,0,0.7603066014772738,0.20035391027861388,qwen_only
2918,descriptive,1,0,0.7940881455094937,0.5908803918872186,qwen_only
2919,descriptive,0,0,0.6793345043390308,0.6903179218617362,both_wrong
2920,descriptive,1,1,0.8106621969470267,0.637264343214698,both_correct
2921,descriptive,1,1,0.8404112601076442,0.8615324373219755,both_correct
2922,descriptive,1,1,0.8123717051734737,0.8260001814017256,both_correct
2923,descriptive,1,1,0.9825436136950316,0.9597498696213994,both_correct
2924,descriptive,1,1,0.9777769454762624,0.9676328726911044,both_correct
2925,descriptive,1,1,0.855863570212256,0.8699323727000916,both_correct
2926,descriptive,1,1,0.867264157389189,0.9107028672579137,both_correct
2927,descriptive,0,1,0.8184335884618437,0.9725102122585377,internvl_only
2928,descriptive,1,1,0.8189773858580058,0.921477882468064,both_correct
2929,descriptive,1,1,0.8962108825654123,0.7950429039303021,both_correct
2930,descriptive,0,1,0.8170926325878686,0.6919125463507898,internvl_only
2931,descriptive,1,1,0.8705684783716752,0.7907388236661467,both_correct
2932,descriptive,1,1,0.93115950110848,0.9453841098490496,both_correct
2933,descriptive,1,1,0.8549345962010058,0.9024993892231326,both_correct
2934,descriptive,1,1,0.9589215479986123,0.9341058856327695,both_correct
2935,descriptive,1,1,0.9840509680063335,0.9377483021377209,both_correct
2936,descriptive,1,1,0.982424715201431,0.9659186614760901,both_correct
2937,descriptive,1,1,0.7627958596073721,0.8448914899550332,both_correct
2938,descriptive,1,1,0.8784235728591075,0.5633201529148181,both_correct
2939,descriptive,1,0,0.6318860868285425,0.2184535284377075,qwen_only
2940,descriptive,1,1,0.9479122681832113,0.920735595929426,both_correct
2941,descriptive,1,1,0.9363558547961613,0.8687724394952546,both_correct
2942,descriptive,1,1,0.9496694564141595,0.8512879550796036,both_correct
2943,descriptive,1,1,0.917052469049876,0.9217008175982639,both_correct
2944,descriptive,1,1,0.9324892018093175,0.926128113796227,both_correct
2945,descriptive,1,1,0.9886788370205418,0.9406476823134865,both_correct
2946,descriptive,1,1,0.803458638556755,0.8373267488353675,both_correct
2947,descriptive,1,1,0.9748499327932129,0.9619296532040323,both_correct
2948,descriptive,1,1,0.748209064173035,0.8771538137203794,both_correct
2949,descriptive,1,0,0.7871364819712301,0.6662238752660752,qwen_only
2950,descriptive,1,1,0.7305272566397335,0.42207283361382475,both_correct
2951,descriptive,1,1,0.8557032438820312,0.7172599757497471,both_correct
2952,descriptive,1,1,0.8577318123176952,0.7650698026462796,both_correct
2953,descriptive,1,1,0.8701751719858455,0.8158831515489899,both_correct
2954,descriptive,1,1,0.8588754077805003,0.8495390333816485,both_correct
2955,descriptive,1,1,0.9475131775056469,0.9733116158892012,both_correct
2956,descriptive,1,1,0.9859555159690256,0.9656958098928146,both_correct
2957,descriptive,1,1,0.803458638556755,0.8373267488353675,both_correct
2958,descriptive,1,1,0.9296485689000209,0.9189839448284262,both_correct
2959,descriptive,1,1,0.8663164846422237,0.9328079418533061,both_correct
2960,descriptive,1,1,0.9024982587866018,0.496066879999921,both_correct
2961,descriptive,1,1,0.8758170723095027,0.8237045857535171,both_correct
2962,descriptive,0,1,0.7290891641759849,0.7314431887934902,internvl_only
2963,descriptive,1,0,0.6854266967653552,0.696207360813794,qwen_only
2964,descriptive,1,1,0.8990986967183877,0.8430371804513496,both_correct
2965,descriptive,1,1,0.813097811383099,0.7905120936874426,both_correct
2966,descriptive,1,1,0.8381599081954175,0.8010276697670735,both_correct
2967,descriptive,1,1,0.947168974338017,0.9608014858168513,both_correct
2968,descriptive,1,0,0.803458638556755,0.8373267488353675,qwen_only
2969,descriptive,1,1,0.9811023026068252,0.9473013559545798,both_correct
2970,descriptive,1,1,0.8152542040211336,0.899457057536945,both_correct
2971,descriptive,1,1,0.8497294160878072,0.6776293829034883,both_correct
2972,descriptive,1,1,0.7749068663926056,0.912427198096869,both_correct
2973,descriptive,1,1,0.8790546408828057,0.6715486640786621,both_correct
2974,descriptive,1,1,0.9023722086967172,0.7957608592410186,both_correct
2975,descriptive,1,1,0.8976384485761091,0.8803831122788189,both_correct
2976,descriptive,1,1,0.9707783833967835,0.9595632801171824,both_correct
2977,descriptive,1,1,0.9214083515392172,0.8190936355549016,both_correct
2978,descriptive,1,1,0.9134012535473002,0.8724956995522242,both_correct
2979,descriptive,1,0,0.9445889611117313,0.936120422093417,qwen_only
2980,descriptive,1,1,0.8251424038287691,0.5937420258127423,both_correct
2981,descriptive,1,0,0.6519284365779575,0.1758396239440739,qwen_only
2982,descriptive,1,1,0.8346944403778968,0.7786745820503856,both_correct
2983,descriptive,1,1,0.8564989209094378,0.7546615603727663,both_correct
2984,descriptive,1,1,0.8215561593002768,0.6917636366084693,both_correct
2985,descriptive,1,1,0.9145027963198901,0.7414937823494504,both_correct
2986,descriptive,1,0,0.856669790009667,0.745204749026906,qwen_only
2987,descriptive,1,1,0.950839027587657,0.9426716579881094,both_correct
2988,descriptive,1,1,0.9386284334488151,0.9268082592628611,both_correct
2989,descriptive,1,1,0.9584778831542601,0.9573897818392829,both_correct
2990,descriptive,1,1,0.749247461208811,0.8906636345247106,both_correct
2991,descriptive,1,1,0.9630247576136196,0.9472228704798981,both_correct
2992,descriptive,1,1,0.7871364819712301,0.6662238752660752,both_correct
2993,descriptive,0,0,0.6226112610151342,0.6397574476505157,both_wrong
2994,descriptive,1,1,0.7010509523849998,0.7053678551339995,both_correct
2995,descriptive,1,1,0.911815437017184,0.9112723159401598,both_correct
2996,descriptive,1,1,0.905755027476483,0.8554954007772261,both_correct
2997,descriptive,1,0,0.7958085366296286,0.7684623182540257,qwen_only
2998,descriptive,1,1,0.9917918493756821,0.9733202509059699,both_correct
2999,descriptive,1,1,0.9802609187745733,0.9711709667307641,both_correct
3000,descriptive,1,1,0.9834820378105102,0.9854186251736132,both_correct
3001,descriptive,1,1,0.8981545408545722,0.9441751329538292,both_correct
3002,descriptive,1,1,0.8497294160878072,0.6776293829034883,both_correct
3003,descriptive,1,1,0.7217254808653912,0.9355285162206696,both_correct
3004,descriptive,1,1,0.9640982067477503,0.9590123479542851,both_correct
3005,descriptive,1,1,0.9113592006771739,0.7968474975469847,both_correct
3006,descriptive,1,1,0.8615384457393334,0.7440191282211318,both_correct
3007,descriptive,0,1,0.8821769975457165,0.9252699681773341,internvl_only
3008,descriptive,0,0,0.8255416673199847,0.8729256132209268,both_wrong
3009,descriptive,1,1,0.9178729208159856,0.86321056431659,both_correct
3010,descriptive,1,1,0.9214083515392172,0.8190936355549016,both_correct
3011,descriptive,1,1,0.803458638556755,0.8373267488353675,both_correct
3012,descriptive,1,1,0.8588529036495691,0.9085032723309907,both_correct
3013,descriptive,1,1,0.803942351755296,0.9090072678644221,both_correct
3014,descriptive,1,1,0.776305022577724,0.6151716451759227,both_correct
3015,descriptive,1,1,0.9567644053908617,0.9483701432676671,both_correct
3016,descriptive,1,0,0.9224159432368934,0.9040829157660578,qwen_only
3017,descriptive,1,0,0.9195017674492952,0.8919202565113554,qwen_only
3018,descriptive,1,1,0.8287395658623257,0.7537991586836811,both_correct
3019,descriptive,0,0,0.7973661387564089,0.7578979754776245,both_wrong
3020,descriptive,1,1,0.9344955786694333,0.9458724915000256,both_correct
3021,descriptive,1,1,0.9811023026068252,0.9473013559545798,both_correct
3022,descriptive,1,1,0.9565117877316739,0.9745680202266167,both_correct
3023,descriptive,1,1,0.9257412524128307,0.906314619958989,both_correct
3024,descriptive,1,1,0.8497294160878072,0.6776293829034883,both_correct
3025,descriptive,1,1,0.9181983635255694,0.9213626308903448,both_correct
3026,descriptive,1,1,0.8479938322781855,0.5978093813687324,both_correct
3027,descriptive,1,1,0.8564989209094378,0.7546615603727663,both_correct
3028,descriptive,1,1,0.9558811433292127,0.9559535302766946,both_correct
3029,descriptive,0,1,0.8931963977940194,0.883608661709522,internvl_only
3030,descriptive,0,1,0.8633852930079388,0.8670445569163013,internvl_only
3031,descriptive,1,0,0.9673232473706687,0.8841785846825158,qwen_only
3032,descriptive,1,1,0.9753241045970252,0.9473593625217186,both_correct
3033,descriptive,1,1,0.803458638556755,0.8373267488353675,both_correct
3034,descriptive,1,1,0.9257412524128307,0.906314619958989,both_correct
3035,descriptive,0,0,0.4678730400319151,0.5819074870751276,both_wrong
3036,descriptive,1,1,0.8276460666754708,0.9316000546125993,both_correct
3037,descriptive,1,1,0.9286585425564536,0.8974382553337014,both_correct
3038,descriptive,0,0,0.7614411720036071,0.596649219491544,both_wrong
3039,descriptive,0,0,0.7774285685469084,0.5989776973918999,both_wrong
3040,descriptive,1,1,0.7799425902857653,0.7946847233235768,both_correct
3041,descriptive,1,1,0.8748498652156862,0.9061742163280667,both_correct
3042,descriptive,1,1,0.9491409441773568,0.9515527288195513,both_correct
3043,descriptive,1,1,0.803458638556755,0.8373267488353675,both_correct
3044,descriptive,1,0,0.9214083515392172,0.8190936355549016,qwen_only
3045,descriptive,1,0,0.9501228868633158,0.892618664998371,qwen_only
3046,descriptive,1,1,0.9175855223282942,0.7023318591747462,both_correct
3047,descriptive,1,1,0.8618183142423411,0.6681914447940599,both_correct
3048,descriptive,1,1,0.8577318123176952,0.7650698026462796,both_correct
3049,descriptive,1,1,0.9290258584011785,0.8946895065757974,both_correct
3050,descriptive,1,1,0.9383594365795355,0.9402441235501203,both_correct
3051,descriptive,1,1,0.9173364851590091,0.9446915113109762,both_correct
3052,descriptive,1,1,0.9576237968421698,0.9673092812458823,both_correct
3053,descriptive,1,1,0.9727879472204566,0.9499920653235865,both_correct
3054,descriptive,1,1,0.9715636657761026,0.9648734374092435,both_correct
3055,descriptive,1,1,0.9214083515392172,0.8190936355549016,both_correct
3056,descriptive,1,1,0.8890402546640259,0.9496002769517429,both_correct
3057,descriptive,1,1,0.9162075329764873,0.7702570906483106,both_correct
3058,descriptive,1,1,0.911469239900308,0.8965883691660869,both_correct
3059,descriptive,1,1,0.9440135766936569,0.8503400760221298,both_correct
3060,descriptive,1,1,0.9453807807004582,0.8715391435283432,both_correct
3061,descriptive,1,1,0.917584864367223,0.852712467077521,both_correct
3062,descriptive,1,0,0.8488599951964619,0.8251029768247309,qwen_only
3063,descriptive,1,1,0.838968077039267,0.7156751728992405,both_correct
3064,descriptive,1,1,0.9485632847992421,0.9449955163764414,both_correct
3065,descriptive,1,1,0.9256521388960327,0.9816959636242488,both_correct
3066,descriptive,1,1,0.9492030135825533,0.940688809356056,both_correct
3067,descriptive,1,1,0.8819849686060174,0.9662535385546931,both_correct
3068,descriptive,0,1,0.8314832132326208,0.9630422530346793,internvl_only
3069,descriptive,1,1,0.5456328704070382,0.6717872613942067,both_correct
3070,descriptive,0,1,0.7065910827684568,0.6682541998046495,internvl_only
3071,descriptive,1,1,0.8994352110731338,0.9082336712300517,both_correct
3072,descriptive,1,1,0.6226112610151342,0.6397574476505157,both_correct
3073,descriptive,1,1,0.8852024906760958,0.9223617326910503,both_correct
3074,descriptive,1,1,0.8634559115823162,0.8770037541943027,both_correct
3075,descriptive,1,0,0.9412540347470962,0.889539773218433,qwen_only
3076,descriptive,1,1,0.9494834841903299,0.9744163073735469,both_correct
3077,descriptive,1,1,0.9542336364071667,0.975483173057902,both_correct
3078,descriptive,1,1,0.9152428046608435,0.8713106853458489,both_correct
3079,descriptive,1,1,0.6318860868285425,0.2184535284377075,both_correct
3080,descriptive,1,1,0.9480306529843708,0.6253986919983816,both_correct
3081,descriptive,1,1,0.8390581459479859,0.8055553838674224,both_correct
3082,descriptive,1,1,0.8206831704024256,0.7755546838112516,both_correct
3083,descriptive,1,1,0.9132293073154615,0.9074969957115188,both_correct
3084,descriptive,1,0,0.8802351883834166,0.9030306057448743,qwen_only
3085,descriptive,1,0,0.8852024906760958,0.9223617326910503,qwen_only
3086,descriptive,1,1,0.9594530121165581,0.8843403666482408,both_correct
3087,descriptive,1,1,0.8957312252426519,0.9441745222131812,both_correct
3088,descriptive,1,1,0.803458638556755,0.8373267488353675,both_correct
3089,descriptive,1,1,0.8956658761276491,0.9628032787786658,both_correct
3090,descriptive,1,1,0.9117908138090594,0.8484684141837439,both_correct
3091,descriptive,0,1,0.5480695773447651,0.8633162663938293,internvl_only
3092,descriptive,1,1,0.8941265408432987,0.8899289927558623,both_correct
3093,descriptive,1,1,0.9180326981344272,0.7983729965281278,both_correct
3094,descriptive,1,1,0.8201315932400406,0.7287141080798973,both_correct
3095,descriptive,1,1,0.9016577854715241,0.8567851310681509,both_correct
3096,descriptive,1,1,0.9260080009320492,0.8851684125107699,both_correct
3097,descriptive,1,1,0.9653127840155811,0.9015948067935886,both_correct
3098,descriptive,1,1,0.9251553715862103,0.9793433061298599,both_correct
3099,descriptive,1,1,0.9790211477508213,0.9418325507269366,both_correct
3100,descriptive,1,1,0.9334374722897355,0.9144829316108974,both_correct
3101,descriptive,1,0,0.5922182118727337,0.6776750729294934,qwen_only
3102,descriptive,1,1,0.8882351637712023,0.9336735329448737,both_correct
3103,descriptive,1,1,0.9174173793583376,0.7923389820749508,both_correct
3104,descriptive,1,1,0.9157308393207639,0.8259475920799967,both_correct
3105,descriptive,1,1,0.835670858069594,0.6703709566656711,both_correct
3106,descriptive,0,1,0.8931442923738967,0.9261955561970373,internvl_only
3107,descriptive,1,0,0.8177935036057057,0.7468289698795342,qwen_only
3108,descriptive,1,1,0.9417114283292071,0.9396341657575836,both_correct
3109,descriptive,1,1,0.9214083515392172,0.8190936355549016,both_correct
3110,descriptive,1,1,0.9424526176161614,0.9819157128757557,both_correct
3111,descriptive,1,1,0.9030246574685687,0.9473432078378765,both_correct
3112,descriptive,1,1,0.8867198837462898,0.9073095309999157,both_correct
3113,descriptive,0,1,0.7676034569273694,0.7255248328340349,internvl_only
3114,descriptive,1,1,0.8035660330353253,0.6484191264352933,both_correct
3115,descriptive,1,1,0.9595126347387997,0.8806131821717011,both_correct
3116,descriptive,1,1,0.816895741130436,0.7283564844957658,both_correct
3117,descriptive,1,1,0.8725555600738645,0.9059531176130924,both_correct
3118,descriptive,1,1,0.9057492604354809,0.9457373049777941,both_correct
3119,descriptive,0,1,0.9618528274339545,0.9590813690501729,internvl_only
3120,descriptive,1,1,0.9441046602459776,0.9107497596237868,both_correct
3121,descriptive,1,1,0.9492030135825533,0.940688809356056,both_correct
3122,descriptive,1,1,0.8958992431252023,0.9271932193280171,both_correct
3123,descriptive,1,0,0.9103042325179054,0.7945402952914883,qwen_only
3124,descriptive,1,1,0.7937760023706287,0.8931765829298874,both_correct
3125,descriptive,1,1,0.8798879422049538,0.8471965634812454,both_correct
3126,descriptive,1,1,0.9003150358406259,0.776625943241074,both_correct
3127,descriptive,1,1,0.9544069200576228,0.9489866595179569,both_correct
3128,descriptive,1,1,0.8535742709634292,0.7972428730697211,both_correct
3129,descriptive,1,1,0.8794683259526916,0.8425198910111201,both_correct
3130,descriptive,1,1,0.9752600556465038,0.9553007893963041,both_correct
3131,descriptive,1,1,0.9282628566361627,0.9421188597182275,both_correct
3132,descriptive,1,1,0.9072049494278245,0.8568653007627052,both_correct
3133,descriptive,1,1,0.8575043685832273,0.9283432415072748,both_correct
3134,descriptive,1,1,0.6393265096795142,0.806115601160026,both_correct
3135,descriptive,1,0,0.9260837869307003,0.6819410481192876,qwen_only
3136,descriptive,1,0,0.8577318123176952,0.7650698026462796,qwen_only
3137,descriptive,1,1,0.9241963104555481,0.92795351701856,both_correct
3138,descriptive,1,1,0.8807359368256724,0.8787504993398659,both_correct
3139,descriptive,1,1,0.8597257510772024,0.9334133612075679,both_correct
3140,descriptive,1,1,0.866883278215412,0.8829695230129797,both_correct
3141,descriptive,0,0,0.9505718966523289,0.9302054268222815,both_wrong
3142,descriptive,1,1,0.9551079696871884,0.9353172070979677,both_correct
3143,descriptive,1,1,0.9282628566361627,0.9421188597182275,both_correct
3144,descriptive,1,1,0.7987915761239529,0.9228969673698684,both_correct
3145,descriptive,0,1,0.8813880732920583,0.9336084456432389,internvl_only
3146,descriptive,1,1,0.814420675274288,0.6965952199989299,both_correct
3147,descriptive,1,1,0.8221139518217438,0.7369599375011576,both_correct
3148,descriptive,0,0,0.8835427861892693,0.789432010702793,both_wrong
3149,descriptive,1,1,0.9225303049454304,0.9230182543621681,both_correct
3150,descriptive,0,1,0.7962424538925066,0.743352340289865,internvl_only
3151,descriptive,1,1,0.9041937001808529,0.8466724716462,both_correct
3152,descriptive,1,0,0.9463853647614554,0.918784147432595,qwen_only
3153,descriptive,1,1,0.9562975777255143,0.9624755286184689,both_correct
3154,descriptive,1,1,0.8496852557236599,0.8174101114001149,both_correct
3155,descriptive,1,1,0.9515275081250014,0.878961639175585,both_correct
3156,descriptive,0,1,0.5456328704070382,0.6717872613942067,internvl_only
3157,descriptive,1,1,0.8450143516243752,0.9483528662511351,both_correct
3158,descriptive,1,1,0.8482518349198682,0.8861366618568866,both_correct
3159,descriptive,1,1,0.948985420417853,0.9362460056921696,both_correct
3160,descriptive,1,1,0.9507911866947345,0.9486983671096851,both_correct
3161,descriptive,1,1,0.9145027963198901,0.7414937823494504,both_correct
3162,descriptive,1,1,0.8689951600221141,0.8993743534315873,both_correct
3163,descriptive,1,1,0.9178729208159856,0.86321056431659,both_correct
3164,descriptive,1,1,0.803458638556755,0.8373267488353675,both_correct
3165,descriptive,1,1,0.9214083515392172,0.8190936355549016,both_correct
3166,descriptive,1,1,0.9500007632856969,0.9144498160166443,both_correct
3167,descriptive,1,1,0.6393265096795142,0.806115601160026,both_correct
3168,descriptive,1,1,0.8813880732920583,0.9336084456432389,both_correct
3169,descriptive,1,1,0.880172727073226,0.8755965668618014,both_correct
3170,descriptive,1,1,0.9257014329436662,0.9219496327528413,both_correct
3171,descriptive,1,1,0.8801783905981233,0.8802224675763477,both_correct
3172,descriptive,1,1,0.8447078110007767,0.8287268229137459,both_correct
3173,descriptive,1,1,0.8991028409571049,0.9691430284784999,both_correct
3174,descriptive,1,1,0.9620825000041066,0.9515624135215083,both_correct
3175,descriptive,1,0,0.9214083515392172,0.8190936355549016,qwen_only
3176,descriptive,1,1,0.9434920262491887,0.957515966400948,both_correct
3177,descriptive,1,1,0.937767467546815,0.8992920410554617,both_correct
3178,descriptive,1,1,0.8694984105551726,0.8220331775425629,both_correct
3179,descriptive,1,1,0.9251843116149507,0.9823382225880212,both_correct
3180,descriptive,1,1,0.8035660330353253,0.6484191264352933,both_correct
3181,descriptive,1,1,0.8962108825654123,0.7950429039303021,both_correct
3182,descriptive,1,1,0.7827344083561327,0.6846956000056877,both_correct
3183,descriptive,1,1,0.824325215854182,0.7834218491729374,both_correct
3184,descriptive,1,1,0.896851764739735,0.9043389018707946,both_correct
3185,descriptive,1,1,0.979546552069333,0.9595708210523591,both_correct
3186,descriptive,1,1,0.9098157378075832,0.8869637061084094,both_correct
3187,descriptive,1,0,0.803458638556755,0.8373267488353675,qwen_only
3188,descriptive,0,1,0.8624510001454883,0.9240734186425477,internvl_only
3189,descriptive,1,1,0.8729674953626568,0.8227178488814312,both_correct
3190,descriptive,0,1,0.7937760023706287,0.8931765829298874,internvl_only
3191,descriptive,1,1,0.8493660436367702,0.7751471374915234,both_correct
3192,descriptive,1,1,0.9605376938776204,0.9393557590522811,both_correct
3193,descriptive,1,1,0.7466044180468567,0.767620677850368,both_correct
3194,descriptive,0,1,0.8797057667050374,0.9292655351655595,internvl_only
3195,descriptive,0,1,0.9041937001808529,0.8466724716462,internvl_only
3196,descriptive,1,1,0.9604734858633112,0.9260621882800135,both_correct
3197,descriptive,1,1,0.9214083515392172,0.8190936355549016,both_correct
3198,descriptive,1,1,0.8634495605248605,0.8400248720131521,both_correct
3199,descriptive,1,1,0.7355339990878672,0.8979093720236666,both_correct
3200,descriptive,1,0,0.6519284365779575,0.1758396239440739,qwen_only
3201,descriptive,1,1,0.8856696133118621,0.5590710273855578,both_correct
3202,descriptive,1,1,0.8338880695291037,0.5810866017451497,both_correct
3203,descriptive,1,1,0.7940881455094937,0.5908803918872186,both_correct
3204,descriptive,1,1,0.8801783905981233,0.8802224675763477,both_correct
3205,descriptive,1,1,0.8414312435591559,0.9319574939145847,both_correct
3206,descriptive,0,1,0.863163338957732,0.9396026724780633,internvl_only
3207,descriptive,1,1,0.9694024071274587,0.9561768985925069,both_correct
3208,descriptive,1,1,0.9214083515392172,0.8190936355549016,both_correct
3209,descriptive,1,1,0.9715636657761026,0.9648734374092435,both_correct
3210,descriptive,1,1,0.8725221192348743,0.9331422503395987,both_correct
3211,descriptive,1,1,0.871763356821045,0.6064644823275855,both_correct
3212,descriptive,1,1,0.814116411693794,0.7647077570490695,both_correct
3213,descriptive,1,1,0.9357706569204918,0.8946090635079536,both_correct
3214,descriptive,1,1,0.9062768831733419,0.8572061704909505,both_correct
3215,descriptive,1,1,0.7700689308002607,0.6473469682334693,both_correct
3216,descriptive,1,1,0.8046935931624609,0.9098350206579131,both_correct
3217,descriptive,1,1,0.8826224996118454,0.9202736762523045,both_correct
3218,descriptive,1,0,0.940321910760423,0.871636002744798,qwen_only
3219,descriptive,1,1,0.9880726861426445,0.9591830165726488,both_correct
3220,descriptive,1,0,0.9214083515392172,0.8190936355549016,qwen_only
3221,descriptive,1,1,0.8956658761276491,0.9628032787786658,both_correct
3222,descriptive,1,1,0.8799865170873862,0.9770216552599498,both_correct
3223,descriptive,1,0,0.9024982587866018,0.496066879999921,qwen_only
3224,descriptive,1,0,0.7010509523849998,0.7053678551339995,qwen_only
3225,descriptive,1,1,0.7640002028015487,0.5354919738458003,both_correct
3226,descriptive,1,1,0.8491767006792932,0.8831238517062631,both_correct
3227,descriptive,1,1,0.9112734132906755,0.9475117881691597,both_correct
3228,descriptive,1,1,0.9365571380498715,0.915972514666996,both_correct
3229,descriptive,1,1,0.980135055975335,0.9600107825769322,both_correct
3230,descriptive,1,0,0.9315337144005676,0.8982679090825259,qwen_only
3231,descriptive,1,1,0.9551079696871884,0.9353172070979677,both_correct
3232,descriptive,1,1,0.9473316699340789,0.9221348632172947,both_correct
3233,descriptive,1,0,0.6778288784736665,0.2463510358241647,qwen_only
3234,descriptive,1,0,0.5206434534847623,0.49341396990657516,qwen_only
3235,descriptive,1,1,0.8792709494476401,0.7737380471753746,both_correct
3236,descriptive,1,1,0.9333912276009277,0.8940396229480461,both_correct
3237,descriptive,1,1,0.9681781396012684,0.9663439481862084,both_correct
3238,descriptive,1,1,0.9069104727393067,0.9345447305020904,both_correct
3239,descriptive,1,1,0.880936028196464,0.9070788216702217,both_correct
3240,descriptive,1,1,0.9683166308267465,0.897371785749265,both_correct
3241,descriptive,1,1,0.803458638556755,0.8373267488353675,both_correct
3242,descriptive,1,1,0.9715636657761026,0.9648734374092435,both_correct
3243,descriptive,1,1,0.9319361253733108,0.9415209593168988,both_correct
3244,descriptive,1,1,0.8670644914734591,0.902254151872629,both_correct
3245,descriptive,1,0,0.7603066014772738,0.20035391027861388,qwen_only
3246,descriptive,1,1,0.835670858069594,0.6703709566656711,both_correct
3247,descriptive,1,1,0.9453807807004582,0.8715391435283432,both_correct
3248,descriptive,1,1,0.9245136176481431,0.8491662536581515,both_correct
3249,descriptive,1,0,0.8488599951964619,0.8251029768247309,qwen_only
3250,descriptive,1,1,0.8123717051734737,0.8260001814017256,both_correct
3251,descriptive,1,1,0.9712082671897643,0.8842662206022597,both_correct
3252,descriptive,1,1,0.9070006909714521,0.9636974785489205,both_correct
3253,descriptive,1,1,0.9072049494278245,0.8568653007627052,both_correct
3254,descriptive,1,1,0.9222161098456004,0.9157361389908272,both_correct
3255,descriptive,0,0,0.8531113639989653,0.7943797392612434,both_wrong
3256,descriptive,1,1,0.9319383393509341,0.7914683438020235,both_correct
3257,descriptive,1,0,0.7946734978599768,0.6836808230285579,qwen_only
3258,descriptive,1,0,0.8035660330353253,0.6484191264352933,qwen_only
3259,descriptive,1,1,0.8835427861892693,0.789432010702793,both_correct
3260,descriptive,1,1,0.8802351883834166,0.9030306057448743,both_correct
3261,descriptive,1,1,0.8620255892322092,0.8248877505100611,both_correct
3262,descriptive,1,1,0.9826321115067965,0.937949136288212,both_correct
3263,descriptive,1,1,0.8957312252426519,0.9441745222131812,both_correct
3264,descriptive,1,1,0.9745369274406849,0.9550899315422832,both_correct
3265,descriptive,1,1,0.9026741393322807,0.9405825723523652,both_correct
3266,descriptive,1,0,0.6519284365779575,0.1758396239440739,qwen_only
3267,descriptive,1,1,0.6318860868285425,0.2184535284377075,both_correct
3268,descriptive,1,1,0.6993975172476053,0.6754373261265424,both_correct
3269,descriptive,1,1,0.82710144267204,0.7086832789332371,both_correct
3270,descriptive,1,1,0.9170369304885038,0.9041347558083509,both_correct
3271,descriptive,1,1,0.8852024906760958,0.9223617326910503,both_correct
3272,descriptive,1,1,0.8020650739974697,0.7578483782001291,both_correct
3273,descriptive,1,1,0.9590964554311945,0.958426564197093,both_correct
3274,descriptive,0,1,0.8957312252426519,0.9441745222131812,internvl_only
3275,descriptive,1,1,0.9656550716456932,0.9663617651130443,both_correct
3276,descriptive,1,1,0.9569124118479813,0.9361409370594014,both_correct
3277,descriptive,1,1,0.9210381216106891,0.8585200793750006,both_correct
3278,descriptive,1,0,0.9016797313636693,0.8203003033061607,qwen_only
3279,descriptive,1,1,0.9544069200576228,0.9489866595179569,both_correct
3280,descriptive,1,0,0.8035660330353253,0.6484191264352933,qwen_only
3281,descriptive,1,1,0.867421149505566,0.8243278402451141,both_correct
3282,descriptive,1,1,0.7953656427430259,0.5840647041038279,both_correct
3283,descriptive,0,1,0.8648939226970458,0.8656314993194693,internvl_only
3284,descriptive,1,1,0.9811920970580491,0.9498910316762054,both_correct
3285,descriptive,1,1,0.9681434307758048,0.9496463520365046,both_correct
3286,descriptive,1,1,0.9471587180966974,0.9831833931851025,both_correct
3287,descriptive,1,1,0.8272188218203836,0.9248586998664466,both_correct
3288,descriptive,1,1,0.8913052630283359,0.76957779577995,both_correct
3289,descriptive,1,1,0.8856696133118621,0.5590710273855578,both_correct
3290,descriptive,1,1,0.7465928148915212,0.6664954790625458,both_correct
3291,descriptive,1,1,0.8904683435113553,0.8295880512256659,both_correct
3292,descriptive,1,1,0.8877526320797495,0.8152035954423182,both_correct
3293,descriptive,1,1,0.7872689495123469,0.7531974574600144,both_correct
3294,descriptive,1,1,0.9515274147875074,0.9123753126451605,both_correct
3295,descriptive,1,1,0.9779960851535825,0.9764661082973136,both_correct
3296,descriptive,0,0,0.803458638556755,0.8373267488353675,both_wrong
3297,descriptive,1,1,0.8822694326478616,0.8504858305670211,both_correct
3298,descriptive,1,1,0.94103769564575,0.8939753109459582,both_correct
3299,descriptive,1,1,0.814420675274288,0.6965952199989299,both_correct
3300,descriptive,1,0,0.6519284365779575,0.1758396239440739,qwen_only
3301,descriptive,1,1,0.8998223194114167,0.8062885838828615,both_correct
3302,descriptive,1,1,0.8879590985198199,0.7081469672965384,both_correct
3303,descriptive,0,0,0.7358793781419065,0.5540056397591501,both_wrong
3304,descriptive,1,1,0.8639246049606767,0.7917303743110152,both_correct
3305,descriptive,1,1,0.8627652761546947,0.8316393004965174,both_correct
3306,descriptive,1,1,0.9800919626859979,0.9598779119758983,both_correct
3307,descriptive,1,1,0.9134012535473002,0.8724956995522242,both_correct
3308,descriptive,1,1,0.9743748481469583,0.9565170128193197,both_correct
3309,descriptive,1,1,0.9412084964219336,0.9349077715941245,both_correct
3310,descriptive,0,0,0.7603066014772738,0.20035391027861388,both_wrong
3311,descriptive,1,0,0.776305022577724,0.6151716451759227,qwen_only
3312,descriptive,1,1,0.9614140965881625,0.9652954739097792,both_correct
3313,descriptive,0,0,0.7358793781419065,0.5540056397591501,both_wrong
3314,descriptive,0,1,0.8181092386742149,0.5994245056659264,internvl_only
3315,descriptive,1,1,0.8978176690786328,0.8379123431355581,both_correct
3316,descriptive,1,1,0.8634559115823162,0.8770037541943027,both_correct
3317,descriptive,1,1,0.9572917438683324,0.9620656411337553,both_correct
3318,descriptive,0,1,0.8957312252426519,0.9441745222131812,internvl_only
3319,descriptive,1,1,0.9663617743357353,0.9813519588766644,both_correct
3320,descriptive,0,1,0.8588529036495691,0.9085032723309907,internvl_only
3321,descriptive,0,0,0.8775891043468684,0.5234588404509594,both_wrong
3322,descriptive,1,1,0.9288050563020287,0.914874837939401,both_correct
3323,descriptive,1,1,0.8577318123176952,0.7650698026462796,both_correct
3324,descriptive,0,0,0.7677908257615896,0.7324922379763842,both_wrong
3325,descriptive,0,0,0.8249158321497024,0.8163111581054427,both_wrong
3326,descriptive,1,1,0.8828334340846823,0.7758403485290066,both_correct
3327,descriptive,1,1,0.8550310431512274,0.816135815118038,both_correct
3328,descriptive,1,1,0.9485632847992421,0.9449955163764414,both_correct
3329,descriptive,1,1,0.9434236510116664,0.8298967423986079,both_correct
3330,descriptive,1,1,0.8991710753065039,0.8310083586367895,both_correct
3331,descriptive,1,1,0.9364143575278782,0.763423015874952,both_correct
3332,descriptive,1,1,0.7768839231502243,0.9288566651765094,both_correct
3333,descriptive,1,1,0.8837804048602974,0.8998115737457761,both_correct
3334,descriptive,1,0,0.7065910827684568,0.6682541998046495,qwen_only
3335,descriptive,1,1,0.8577318123176952,0.7650698026462796,both_correct
3336,descriptive,1,1,0.8035660330353253,0.6484191264352933,both_correct
3337,descriptive,1,1,0.7852176925623172,0.7325060720080259,both_correct
3338,descriptive,1,1,0.862319243935521,0.8871514207163212,both_correct
3339,descriptive,1,1,0.9324977307152816,0.8810390529131352,both_correct
3340,descriptive,1,1,0.8496852557236599,0.8174101114001149,both_correct
3341,descriptive,1,1,0.949913185793761,0.9635145341512188,both_correct
3342,descriptive,1,1,0.9001034525729502,0.9409585784584564,both_correct
3343,descriptive,0,0,0.6519284365779575,0.1758396239440739,both_wrong
3344,descriptive,0,0,0.6318860868285425,0.2184535284377075,both_wrong
3345,descriptive,0,0,0.7636765475809607,0.5682881740823557,both_wrong
3346,descriptive,1,1,0.8686346889395905,0.7950820706073324,both_correct
3347,descriptive,1,1,0.9038315962996154,0.9216096770934599,both_correct
3348,descriptive,1,1,0.8931442923738967,0.9261955561970373,both_correct
3349,descriptive,1,1,0.8557322984792037,0.8802851051462377,both_correct
3350,descriptive,1,1,0.9686155582814583,0.8746846937150883,both_correct
3351,descriptive,1,1,0.9214083515392172,0.8190936355549016,both_correct
3352,descriptive,1,1,0.803458638556755,0.8373267488353675,both_correct
3353,descriptive,1,1,0.9319361253733108,0.9415209593168988,both_correct
3354,descriptive,0,0,0.6778288784736665,0.2463510358241647,both_wrong
3355,descriptive,1,1,0.9307495928993162,0.8671958891953018,both_correct
3356,descriptive,1,1,0.9188357634578188,0.9209829322749332,both_correct
3357,descriptive,1,1,0.9496694564141595,0.8512879550796036,both_correct
3358,descriptive,1,1,0.7746675946763502,0.6578820466189633,both_correct
3359,descriptive,1,1,0.7615548120634391,0.5820847862321255,both_correct
3360,descriptive,1,1,0.6984045688734594,0.5655759152677325,both_correct
3361,descriptive,1,1,0.9692930503524612,0.9672239524445949,both_correct
3362,descriptive,1,1,0.9060047618039986,0.9236330742483467,both_correct
3363,descriptive,1,1,0.9709600557641614,0.9890839634878731,both_correct
3364,descriptive,1,1,0.9242479888098732,0.9574427549841612,both_correct
3365,descriptive,1,1,0.9295747020616137,0.726283170222413,both_correct
3366,descriptive,1,1,0.8774581769022846,0.7818479957304121,both_correct
3367,descriptive,1,1,0.7107013226060335,0.7636997348096263,both_correct
3368,descriptive,1,1,0.9374522110533641,0.9353420827142425,both_correct
3369,descriptive,1,1,0.9474758055711615,0.9479188663398582,both_correct
3370,descriptive,1,1,0.9109809709122286,0.9665946486993452,both_correct
3371,descriptive,1,1,0.901179170313745,0.9070253632624921,both_correct
3372,descriptive,1,1,0.9852565751827861,0.9317874015589281,both_correct
3373,descriptive,0,1,0.803458638556755,0.8373267488353675,internvl_only
3374,descriptive,1,1,0.8634495605248605,0.8400248720131521,both_correct
3375,descriptive,1,1,0.8528877059128638,0.8964850079313139,both_correct
3376,descriptive,0,0,0.7105284040689234,0.8623327184846757,both_wrong
3377,descriptive,1,1,0.9042326119766311,0.8592139778896836,both_correct
3378,descriptive,0,0,0.8513063433809639,0.7656504467768275,both_wrong
3379,descriptive,1,1,0.9204257758775889,0.951891135255834,both_correct
3380,descriptive,1,1,0.9363558547961613,0.8687724394952546,both_correct
3381,descriptive,1,1,0.8530834276441508,0.9377427453387003,both_correct
3382,descriptive,1,1,0.8332811377398008,0.7374412957029167,both_correct
3383,descriptive,1,1,0.962620248548303,0.9388149132992554,both_correct
3384,descriptive,1,1,0.9488479740523573,0.9558134698127733,both_correct
3385,descriptive,1,1,0.9681004460747481,0.9802347051861883,both_correct
3386,descriptive,1,1,0.8451694404248636,0.8817381699847741,both_correct
3387,descriptive,1,1,0.8854339535323569,0.7559983539415996,both_correct
3388,descriptive,1,1,0.9419199353680069,0.9807707010357972,both_correct
3389,descriptive,1,1,0.8346944403778968,0.7786745820503856,both_correct
3390,descriptive,0,1,0.8755433824185956,0.9321253707252213,internvl_only
3391,descriptive,0,0,0.8856762200535245,0.8167386950373688,both_wrong
3392,descriptive,1,1,0.8292757407979986,0.8990298190358776,both_correct
3393,descriptive,1,1,0.9190412232917836,0.8962561548004143,both_correct
3394,descriptive,1,1,0.974467706914591,0.9691869362284422,both_correct
3395,descriptive,0,1,0.9083534247766059,0.8639144691295635,internvl_only
3396,descriptive,1,1,0.9193799492169932,0.9423659029923204,both_correct
3397,descriptive,1,1,0.8297721410417257,0.9390916550394545,both_correct
3398,descriptive,1,0,0.6318860868285425,0.2184535284377075,qwen_only
3399,descriptive,1,1,0.8408257109232241,0.7653646128930796,both_correct
3400,descriptive,1,1,0.7206846027784394,0.578234573119672,both_correct
3401,descriptive,1,1,0.917584864367223,0.852712467077521,both_correct
3402,descriptive,1,1,0.9197883762672653,0.8819362809399824,both_correct
3403,descriptive,0,1,0.8247064033937475,0.7837549968968268,internvl_only
3404,descriptive,1,1,0.879976659954111,0.8680220627361537,both_correct
3405,descriptive,1,1,0.9638327433060613,0.9395770592555653,both_correct
3406,descriptive,1,1,0.962901503359822,0.9728711666535547,both_correct
3407,descriptive,1,1,0.9716850865478394,0.9763636745218331,both_correct
3408,descriptive,1,1,0.9512889509853425,0.9213526530528697,both_correct
3409,descriptive,1,1,0.9024982587866018,0.496066879999921,both_correct
3410,descriptive,1,1,0.8729674953626568,0.8227178488814312,both_correct
3411,descriptive,1,1,0.7958252674015098,0.7635750494422953,both_correct
3412,descriptive,1,1,0.909775269363458,0.8993649426859309,both_correct
3413,descriptive,1,1,0.940931910075358,0.9198727688323385,both_correct
3414,descriptive,1,1,0.8504171565426708,0.8393143724801259,both_correct
3415,descriptive,0,1,0.7865806988222963,0.7951998358962268,internvl_only
3416,descriptive,1,1,0.9688682574186045,0.9411086972688785,both_correct
3417,descriptive,1,1,0.9282628566361627,0.9421188597182275,both_correct
3418,descriptive,1,1,0.9659632674828964,0.95138845259115,both_correct
3419,descriptive,1,1,0.9104513195621221,0.9022475993437126,both_correct
3420,descriptive,1,1,0.8784235728591075,0.5633201529148181,both_correct
3421,descriptive,0,1,0.754672100478066,0.623238843707579,internvl_only
3422,descriptive,1,1,0.7950272179604351,0.7307872850810554,both_correct
3423,descriptive,1,1,0.8990986967183877,0.8430371804513496,both_correct
3424,descriptive,0,1,0.6854266967653552,0.696207360813794,internvl_only
3425,descriptive,1,1,0.8852024906760958,0.9223617326910503,both_correct
3426,descriptive,1,1,0.9000497770525447,0.9414231702179199,both_correct
3427,descriptive,1,1,0.9814426911171483,0.9325696706349865,both_correct
3428,descriptive,1,1,0.9214083515392172,0.8190936355549016,both_correct
3429,descriptive,0,1,0.8496852557236599,0.8174101114001149,internvl_only
3430,descriptive,1,1,0.9470467772957485,0.9083155793631622,both_correct
3431,descriptive,1,1,0.912918514407828,0.944682160415562,both_correct
3432,descriptive,1,1,0.814116411693794,0.7647077570490695,both_correct
3433,descriptive,0,1,0.7677908257615896,0.7324922379763842,internvl_only
3434,descriptive,1,1,0.880172727073226,0.8755965668618014,both_correct
3435,descriptive,1,1,0.8948612993509181,0.8606491528072755,both_correct
3436,descriptive,1,1,0.7901587484830299,0.6924485484954257,both_correct
3437,descriptive,1,1,0.7962424538925066,0.743352340289865,both_correct
3438,descriptive,1,1,0.9741330370953267,0.951672628265005,both_correct
3439,descriptive,0,0,0.9214083515392172,0.8190936355549016,both_wrong
3440,descriptive,1,1,0.9217937165170956,0.9735340457806743,both_correct
3441,descriptive,1,1,0.9300622996917024,0.937725719916479,both_correct
3442,descriptive,0,1,0.8757045176271996,0.5859851194065518,internvl_only
3443,descriptive,1,1,0.8926045382219022,0.8005539439994943,both_correct
3444,descriptive,1,1,0.9191778966014679,0.8358964475479943,both_correct
3445,descriptive,1,0,0.9226565209307033,0.8416442037233112,qwen_only
3446,descriptive,1,1,0.8193360033600825,0.580667659632388,both_correct
3447,descriptive,1,1,0.8835749071361619,0.8430836640524543,both_correct
3448,descriptive,1,1,0.9296305129534015,0.9387753454499361,both_correct
3449,descriptive,1,1,0.9707190948430269,0.9669341074512772,both_correct
3450,descriptive,1,1,0.9672602327949976,0.9103706435796204,both_correct
3451,descriptive,1,1,0.9665579642856017,0.9646815146733748,both_correct
3452,descriptive,1,1,0.9300622996917024,0.937725719916479,both_correct
3453,descriptive,0,1,0.7756154306380855,0.8737848427275849,internvl_only
3454,descriptive,1,1,0.8673816213330555,0.9220546078768472,both_correct
3455,descriptive,1,1,0.8831300217857911,0.8223970010330527,both_correct
3456,descriptive,1,0,0.7962554980044786,0.717466925276988,qwen_only
3457,descriptive,1,0,0.9152707007744844,0.8997090811138453,qwen_only
3458,descriptive,1,1,0.9090618117304238,0.9081044358273361,both_correct
3459,descriptive,1,1,0.8742745391095164,0.8048138358057567,both_correct
3460,descriptive,1,1,0.9427437852256791,0.8919874396494264,both_correct
3461,descriptive,1,1,0.9656839113250916,0.9473898540761881,both_correct
3462,descriptive,0,1,0.8871295168304059,0.8445833417431389,internvl_only
3463,descriptive,1,1,0.8392277509661739,0.9421631179449919,both_correct
3464,descriptive,1,1,0.9260837869307003,0.6819410481192876,both_correct
3465,descriptive,1,1,0.869008067407418,0.8923082470527177,both_correct
3466,descriptive,1,1,0.9150670116197404,0.9190829815720857,both_correct
3467,descriptive,0,0,0.805039341678843,0.7608933619726668,both_wrong
3468,descriptive,1,1,0.813935378270369,0.7056625738039816,both_correct
3469,descriptive,1,1,0.7939507661622072,0.7557245840417447,both_correct
3470,descriptive,1,1,0.8639246049606767,0.7917303743110152,both_correct
3471,descriptive,1,1,0.9811920970580491,0.9498910316762054,both_correct
3472,descriptive,1,1,0.895825646106753,0.9634375270248712,both_correct
3473,descriptive,1,1,0.9839473224979195,0.9709088595881825,both_correct
3474,descriptive,1,1,0.8257156830870123,0.9092439221501698,both_correct
3475,descriptive,1,1,0.8030417175228955,0.9379168911661491,both_correct
3476,descriptive,1,0,0.7603066014772738,0.20035391027861388,qwen_only
3477,descriptive,1,1,0.9107781190756983,0.9182716886962149,both_correct
3478,descriptive,1,1,0.8489712721815714,0.8546593851064312,both_correct
3479,descriptive,1,1,0.9137992540348876,0.8974040477505049,both_correct
3480,descriptive,1,1,0.9488540947264631,0.9587966769362861,both_correct
3481,descriptive,0,1,0.8978599479854905,0.9240105496541456,internvl_only
3482,descriptive,1,1,0.9752133576521878,0.9313985823889663,both_correct
3483,descriptive,1,1,0.960482708870599,0.9797400623768141,both_correct
3484,descriptive,1,1,0.9567779857815241,0.970644482452074,both_correct
3485,descriptive,0,0,0.8411742071793618,0.9157373485214073,both_wrong
3486,descriptive,1,1,0.9244783982763408,0.9334782611313411,both_correct
3487,descriptive,1,1,0.9133386557276129,0.7728203640367945,both_correct
3488,descriptive,1,1,0.9143892158057271,0.7653850368316953,both_correct
3489,descriptive,1,1,0.9051311272530143,0.8968449974084823,both_correct
3490,descriptive,0,0,0.7599508616641796,0.6151268972762667,both_wrong
3491,descriptive,1,1,0.8377075115714141,0.8777322470698289,both_correct
3492,descriptive,1,1,0.7901587484830299,0.6924485484954257,both_correct
3493,descriptive,1,1,0.9476588677009758,0.9496337489956154,both_correct
3494,descriptive,1,1,0.9238764030051078,0.8516666329289173,both_correct
3495,descriptive,1,1,0.9715636657761026,0.9648734374092435,both_correct
3496,descriptive,1,1,0.9501228868633158,0.892618664998371,both_correct
3497,descriptive,1,1,0.8986322338899787,0.7290355435150963,both_correct
3498,descriptive,0,1,0.7937760023706287,0.8931765829298874,internvl_only
3499,descriptive,1,1,0.9383594365795355,0.9402441235501203,both_correct
3500,descriptive,1,1,0.7980567586514145,0.7388563560814686,both_correct
3501,descriptive,1,1,0.8765373717462823,0.8664583255963134,both_correct
3502,descriptive,0,0,0.8564797946755243,0.8639790433458778,both_wrong
3503,descriptive,1,1,0.8813746633737662,0.8251237834245821,both_correct
3504,descriptive,1,1,0.9178729208159856,0.86321056431659,both_correct
3505,descriptive,1,1,0.9811023026068252,0.9473013559545798,both_correct
3506,descriptive,1,1,0.9214083515392172,0.8190936355549016,both_correct
3507,descriptive,1,1,0.8418248402726995,0.9474773407907388,both_correct
3508,descriptive,1,0,0.9018168673789684,0.5865223400643358,qwen_only
3509,descriptive,0,1,0.7674706935448001,0.9477477819747288,internvl_only
3510,descriptive,1,1,0.8962108825654123,0.7950429039303021,both_correct
3511,descriptive,1,1,0.8913148597230232,0.8727711504441538,both_correct
3512,descriptive,1,1,0.8024739051140588,0.6271063558073549,both_correct
3513,descriptive,1,1,0.8557322984792037,0.8802851051462377,both_correct
3514,descriptive,1,1,0.7988560342655868,0.8997114011691202,both_correct
3515,descriptive,1,1,0.9669084337465083,0.9015904066097357,both_correct
3516,descriptive,1,1,0.8991710753065039,0.8310083586367895,both_correct
3517,descriptive,1,1,0.9720485818105646,0.9643235945210068,both_correct
3518,descriptive,1,1,0.9054622784275881,0.9089391135527716,both_correct
3519,descriptive,1,1,0.906699992616849,0.8843357849824477,both_correct
3520,descriptive,1,1,0.871763356821045,0.6064644823275855,both_correct
3521,descriptive,1,1,0.8755433824185956,0.9321253707252213,both_correct
3522,descriptive,1,1,0.8792709494476401,0.7737380471753746,both_correct
3523,descriptive,1,1,0.9619580076244306,0.9619147994801359,both_correct
3524,descriptive,1,1,0.8404166449315218,0.9002599212760148,both_correct
3525,descriptive,1,1,0.8494407233482051,0.9005363958032462,both_correct
3526,descriptive,1,1,0.9555874104751434,0.9313939598771613,both_correct
3527,descriptive,1,1,0.803458638556755,0.8373267488353675,both_correct
3528,descriptive,1,1,0.9678386652439978,0.9773427578788414,both_correct
3529,descriptive,0,1,0.6855809516923691,0.8808494434433394,internvl_only
3530,descriptive,1,0,0.8251424038287691,0.5937420258127423,qwen_only
3531,descriptive,1,1,0.814420675274288,0.6965952199989299,both_correct
3532,descriptive,1,1,0.8580518621836386,0.7477425359202324,both_correct
3533,descriptive,1,1,0.9272970816640311,0.8507052500986713,both_correct
3534,descriptive,1,1,0.867421149505566,0.8243278402451141,both_correct
3535,descriptive,1,1,0.8102295433987975,0.7783437550598854,both_correct
3536,descriptive,1,1,0.7962424538925066,0.743352340289865,both_correct
3537,descriptive,1,1,0.9412540347470962,0.889539773218433,both_correct
3538,descriptive,1,1,0.803458638556755,0.8373267488353675,both_correct
3539,descriptive,1,1,0.9468793635952152,0.9731371929639953,both_correct
3540,descriptive,1,1,0.9273477158383485,0.8997844560203547,both_correct
3541,descriptive,1,0,0.8449623806651042,0.665819849635463,qwen_only
3542,descriptive,1,1,0.8497728501097955,0.9098827055724539,both_correct
3543,descriptive,1,1,0.8275798601599927,0.7694706307364402,both_correct
3544,descriptive,1,1,0.8521614974046908,0.7006607284591767,both_correct
3545,descriptive,1,0,0.8752431171297178,0.7835908553778899,qwen_only
3546,descriptive,1,1,0.7832050776979798,0.7582377273425756,both_correct
3547,descriptive,1,1,0.8526436562524169,0.8947618224318816,both_correct
3548,descriptive,1,1,0.9676232366765304,0.9490677515724847,both_correct
3549,descriptive,1,1,0.9417142279946848,0.9536522921556618,both_correct
3550,descriptive,1,1,0.9495140496120396,0.9412613011067994,both_correct
3551,descriptive,0,0,0.9291578082048602,0.961692655455917,both_wrong
3552,descriptive,1,0,0.8483357765554367,0.5812724649030852,qwen_only
3553,descriptive,1,1,0.9361752433532663,0.7842636584342362,both_correct
3554,descriptive,0,0,0.8453421898137379,0.7488587621282755,both_wrong
3555,descriptive,1,0,0.8300454127848799,0.6711139062325099,qwen_only
3556,descriptive,1,1,0.9295781919663917,0.9127459566897127,both_correct
3557,descriptive,0,1,0.8857175421289875,0.8531142545957999,internvl_only
3558,descriptive,1,1,0.8501038347293942,0.878394239182719,both_correct
3559,descriptive,1,1,0.9506625391698157,0.9135051250226592,both_correct
3560,descriptive,1,1,0.9551079696871884,0.9353172070979677,both_correct
3561,descriptive,1,1,0.9450735331612174,0.9574692931519566,both_correct
3562,descriptive,1,1,0.9340303412778331,0.8299464337959713,both_correct
3563,descriptive,1,0,0.8608967142608035,0.49950663774534587,qwen_only
3564,descriptive,1,0,0.8483357765554367,0.5812724649030852,qwen_only
3565,descriptive,0,1,0.8719207328398314,0.7275994918470877,internvl_only
3566,descriptive,1,1,0.8142782429679909,0.6795638823467726,both_correct
3567,descriptive,1,1,0.9477783861720623,0.9134474959378064,both_correct
3568,descriptive,1,1,0.9318925872813206,0.9527028338490257,both_correct
3569,descriptive,1,1,0.9192025016064808,0.9455785420679649,both_correct
3570,descriptive,1,1,0.9742387683880759,0.9588796969384598,both_correct
3571,descriptive,1,1,0.9294747317830496,0.9709274647427356,both_correct
3572,descriptive,1,0,0.8752725576429161,0.8712531934941373,qwen_only
3573,descriptive,1,1,0.9291578082048602,0.961692655455917,both_correct
3574,descriptive,0,0,0.6423740008597045,0.7774454698956861,both_wrong
3575,descriptive,1,1,0.9018168673789684,0.5865223400643358,both_correct
3576,descriptive,1,1,0.9124404013515537,0.8605315656099561,both_correct
3577,descriptive,1,1,0.9257014329436662,0.9219496327528413,both_correct
3578,descriptive,1,1,0.8893662405254655,0.8617349450189888,both_correct
3579,descriptive,1,1,0.7842419430501412,0.7402865501967624,both_correct
3580,descriptive,1,1,0.8550310431512274,0.816135815118038,both_correct
3581,descriptive,1,1,0.9716681506853463,0.9795878309993542,both_correct
3582,descriptive,1,1,0.9767695507065984,0.9776210568546685,both_correct
3583,descriptive,1,1,0.8634495605248605,0.8400248720131521,both_correct
3584,descriptive,1,1,0.9001034525729502,0.9409585784584564,both_correct
3585,descriptive,0,1,0.6733965996264001,0.8926846063987801,internvl_only
3586,descriptive,1,1,0.9018168673789684,0.5865223400643358,both_correct
3587,descriptive,0,1,0.6993975172476053,0.6754373261265424,internvl_only
3588,descriptive,0,1,0.7448899757074591,0.5663542256176415,internvl_only
3589,descriptive,1,1,0.8877526320797495,0.8152035954423182,both_correct
3590,descriptive,1,1,0.8910817886614576,0.9319933549330797,both_correct
3591,descriptive,1,1,0.8588050232050539,0.7948208623250932,both_correct
3592,descriptive,1,1,0.975432185472052,0.9230972987678716,both_correct
3593,descriptive,1,1,0.9214083515392172,0.8190936355549016,both_correct
3594,descriptive,0,1,0.9374469480586582,0.9347343807796257,internvl_only
3595,descriptive,1,1,0.8624510001454883,0.9240734186425477,both_correct
3596,descriptive,0,1,0.869008067407418,0.8923082470527177,internvl_only
3597,descriptive,1,1,0.8550443213687088,0.8989745942175374,both_correct
3598,descriptive,1,1,0.911815437017184,0.9112723159401598,both_correct
3599,descriptive,1,1,0.9245136176481431,0.8491662536581515,both_correct
3600,descriptive,1,1,0.905943937940664,0.8797667324866403,both_correct
3601,descriptive,1,0,0.8830292325420172,0.9032245315059804,qwen_only
3602,descriptive,1,1,0.8519827485219611,0.866659785056741,both_correct
3603,descriptive,1,1,0.9495968541291767,0.9251464374604863,both_correct
3604,descriptive,1,1,0.9590092975882456,0.9567311536503298,both_correct
3605,descriptive,1,1,0.9551079696871884,0.9353172070979677,both_correct
3606,descriptive,1,1,0.9256346651155437,0.8560332015898151,both_correct
3607,descriptive,1,1,0.8497294160878072,0.6776293829034883,both_correct
3608,descriptive,1,1,0.9605113113181437,0.9571552418153463,both_correct
3609,descriptive,1,1,0.902177092668916,0.9025990657980386,both_correct
3610,descriptive,1,1,0.8686346889395905,0.7950820706073324,both_correct
3611,descriptive,1,1,0.8338880695291037,0.5810866017451497,both_correct
3612,descriptive,1,1,0.8634559115823162,0.8770037541943027,both_correct
3613,descriptive,1,1,0.9294380225867812,0.8913436039061082,both_correct
3614,descriptive,1,1,0.9770335557034825,0.9545265286530464,both_correct
3615,descriptive,1,1,0.9288456145975762,0.8666336749300287,both_correct
3616,descriptive,1,0,0.9315337144005676,0.8982679090825259,qwen_only
3617,descriptive,1,1,0.7987915761239529,0.9228969673698684,both_correct
3618,descriptive,0,1,0.7439379372871044,0.9108527457937917,internvl_only
3619,descriptive,1,1,0.907189059672216,0.6746412964867979,both_correct
3620,descriptive,1,0,0.9003150358406259,0.776625943241074,qwen_only
3621,descriptive,1,1,0.8691725301483137,0.7508130539546414,both_correct
3622,descriptive,1,1,0.8099339613930924,0.7293160231568603,both_correct
3623,descriptive,1,1,0.8680386862827192,0.8446622354919324,both_correct
3624,descriptive,1,1,0.9130039329057438,0.9298348807011628,both_correct
3625,descriptive,1,1,0.9533077867063235,0.9212167897028715,both_correct
3626,descriptive,1,1,0.9523044821393514,0.9621795024178498,both_correct
3627,descriptive,1,0,0.9216728434359166,0.842423298073923,qwen_only
3628,descriptive,1,1,0.8652331878580688,0.9534375953826665,both_correct
3629,descriptive,1,1,0.869008067407418,0.8923082470527177,both_correct
3630,descriptive,1,1,0.7069197658526609,0.8131129496127095,both_correct
3631,descriptive,1,1,0.8995412080474176,0.8961621880196925,both_correct
3632,descriptive,1,1,0.7565316211604266,0.5960949185371691,both_correct
3633,descriptive,1,1,0.9058454019039575,0.9057182823604835,both_correct
3634,descriptive,1,1,0.8186908502463626,0.8125665215163433,both_correct
3635,descriptive,1,0,0.8022603271360985,0.7754861134904806,qwen_only
3636,descriptive,1,1,0.9509884641166078,0.9337116237069493,both_correct
3637,descriptive,1,1,0.9614049354197967,0.9587189355130179,both_correct
3638,descriptive,1,1,0.9590464016665756,0.9777907549026955,both_correct
3639,descriptive,1,1,0.7378607682940387,0.9036844731433368,both_correct
3640,descriptive,1,1,0.9615153371468831,0.9285896647396958,both_correct
3641,descriptive,0,1,0.6748384155591329,0.7640766167670762,internvl_only
3642,descriptive,1,1,0.9070304752328591,0.8036484123602291,both_correct
3643,descriptive,1,1,0.9197883762672653,0.8819362809399824,both_correct
3644,descriptive,1,1,0.8445295727824854,0.7686994501599097,both_correct
3645,descriptive,1,1,0.8627652761546947,0.8316393004965174,both_correct
3646,descriptive,1,1,0.8692154660181285,0.9552414176506904,both_correct
3647,descriptive,1,1,0.9635316511051794,0.9348074909049008,both_correct
3648,descriptive,1,1,0.9214083515392172,0.8190936355549016,both_correct
3649,descriptive,0,0,0.803458638556755,0.8373267488353675,both_wrong
3650,descriptive,1,1,0.9003824400743232,0.863179265891398,both_correct
3651,descriptive,1,1,0.814420675274288,0.6965952199989299,both_correct
3652,descriptive,1,0,0.6318860868285425,0.2184535284377075,qwen_only
3653,descriptive,1,1,0.9496694564141595,0.8512879550796036,both_correct
3654,descriptive,1,1,0.8108096517319837,0.7467600410317676,both_correct
3655,descriptive,1,0,0.8132493654792126,0.7417075381773554,qwen_only
3656,descriptive,1,1,0.8830292325420172,0.9032245315059804,both_correct
3657,descriptive,1,1,0.9391991939496119,0.9587626680762642,both_correct
3658,descriptive,1,1,0.9707181193899228,0.9416382390210472,both_correct
3659,descriptive,1,1,0.9214083515392172,0.8190936355549016,both_correct
3660,descriptive,1,1,0.9173870380145004,0.9480697323561482,both_correct
3661,descriptive,0,1,0.7355339990878672,0.8979093720236666,internvl_only
3662,descriptive,1,0,0.8856696133118621,0.5590710273855578,qwen_only
3663,descriptive,1,0,0.907189059672216,0.6746412964867979,qwen_only
3664,descriptive,1,1,0.8035660330353253,0.6484191264352933,both_correct
3665,descriptive,1,1,0.9619580076244306,0.9619147994801359,both_correct
3666,descriptive,1,1,0.8230752398868927,0.6151276875456491,both_correct
3667,descriptive,1,1,0.8627652761546947,0.8316393004965174,both_correct
3668,descriptive,1,1,0.8012468693588736,0.7710109836667187,both_correct
3669,descriptive,1,1,0.9711719725168572,0.9252137271611373,both_correct
3670,descriptive,1,1,0.9315337144005676,0.8982679090825259,both_correct
3671,descriptive,1,1,0.9783223235786159,0.9883912129206417,both_correct
3672,descriptive,1,1,0.9313740021420956,0.8787887762239229,both_correct
3673,descriptive,1,1,0.8531054831882066,0.9359997205773452,both_correct
3674,descriptive,1,1,0.814116411693794,0.7647077570490695,both_correct
3675,descriptive,1,1,0.8136337268476305,0.8331323261167691,both_correct
3676,descriptive,1,1,0.9019639478986591,0.8858364631859237,both_correct
3677,descriptive,1,1,0.9174297182743271,0.9254984794021897,both_correct
3678,descriptive,1,1,0.8911898457895163,0.8476260262764671,both_correct
3679,descriptive,1,1,0.8287395658623257,0.7537991586836811,both_correct
3680,descriptive,1,1,0.9408266611519169,0.9124125935092186,both_correct
3681,descriptive,1,1,0.9214083515392172,0.8190936355549016,both_correct
3682,descriptive,1,1,0.8496852557236599,0.8174101114001149,both_correct
3683,descriptive,1,1,0.8997589960789337,0.961518615858915,both_correct
3684,descriptive,1,1,0.9491007586508681,0.947805182284114,both_correct
3685,descriptive,1,1,0.7859088719120727,0.8220220815236999,both_correct
3686,descriptive,1,1,0.9188357634578188,0.9209829322749332,both_correct
3687,descriptive,1,0,0.8181092386742149,0.5994245056659264,qwen_only
3688,descriptive,1,1,0.9159426614559696,0.9078126181964221,both_correct
3689,descriptive,1,1,0.8685257388549462,0.8539228153020542,both_correct
3690,descriptive,1,1,0.88810748425306,0.7914443060753311,both_correct
3691,descriptive,1,1,0.9801841236305231,0.981804171462865,both_correct
3692,descriptive,1,1,0.9214083515392172,0.8190936355549016,both_correct
3693,descriptive,1,1,0.9281683827356243,0.8730804162238531,both_correct
3694,descriptive,1,1,0.9400350872657006,0.9259379100549637,both_correct
3695,descriptive,1,0,0.7603066014772738,0.20035391027861388,qwen_only
3696,descriptive,1,1,0.832734088635087,0.9425453621232559,both_correct
3697,descriptive,1,0,0.8037461910837047,0.740093800052822,qwen_only
3698,descriptive,1,1,0.9066235620360636,0.8835586025993202,both_correct
3699,descriptive,0,0,0.7940881455094937,0.5908803918872186,both_wrong
3700,descriptive,1,1,0.8991028409571049,0.9691430284784999,both_correct
3701,descriptive,1,1,0.9194735951701974,0.9033794152044453,both_correct
3702,descriptive,1,1,0.9480401401695315,0.9741531624445526,both_correct
3703,descriptive,1,1,0.803458638556755,0.8373267488353675,both_correct
3704,descriptive,1,1,0.9386541079698899,0.9600921260547609,both_correct
3705,descriptive,1,1,0.8968941977167327,0.9650698612199878,both_correct
3706,descriptive,0,0,0.8269341591649304,0.7954933964073562,both_wrong
3707,descriptive,1,1,0.776305022577724,0.6151716451759227,both_correct
3708,descriptive,1,1,0.9241963104555481,0.92795351701856,both_correct
3709,descriptive,1,1,0.9286585425564536,0.8974382553337014,both_correct
3710,descriptive,1,1,0.9386784061910038,0.9081503915073333,both_correct
3711,descriptive,1,1,0.7985586384121568,0.9099790467479928,both_correct
3712,descriptive,1,1,0.8670803038392815,0.7869887629541417,both_correct
3713,descriptive,1,0,0.9705129755877846,0.9504293997711123,qwen_only
3714,descriptive,1,1,0.90556861433192,0.9152228725836341,both_correct
3715,descriptive,1,0,0.9214083515392172,0.8190936355549016,qwen_only
3716,descriptive,1,1,0.9328713460578887,0.926146101453543,both_correct
3717,descriptive,1,1,0.9099670207915348,0.8114103753846974,both_correct
3718,descriptive,1,1,0.754672100478066,0.623238843707579,both_correct
3719,descriptive,1,1,0.8990986967183877,0.8430371804513496,both_correct
3720,descriptive,1,1,0.873440925432439,0.8833028446207732,both_correct
3721,descriptive,1,1,0.9080106402946858,0.919454994682526,both_correct
3722,descriptive,1,0,0.9163000862440683,0.9193700643072056,qwen_only
3723,descriptive,1,1,0.8782069878836609,0.8644321128054705,both_correct
3724,descriptive,1,1,0.9752133576521878,0.9313985823889663,both_correct
3725,descriptive,1,1,0.9315337144005676,0.8982679090825259,both_correct
3726,descriptive,1,1,0.8957312252426519,0.9441745222131812,both_correct
3727,descriptive,1,1,0.8410108902023655,0.9221349481994725,both_correct
3728,descriptive,1,1,0.8483357765554367,0.5812724649030852,both_correct
3729,descriptive,1,1,0.8694984105551726,0.8220331775425629,both_correct
3730,descriptive,1,1,0.8942596312621791,0.877279172276127,both_correct
3731,descriptive,1,1,0.893881741815689,0.8429675372741225,both_correct
3732,descriptive,1,1,0.8727031179007294,0.7066650530983505,both_correct
3733,descriptive,1,1,0.9028352214096345,0.9106831117700344,both_correct
3734,descriptive,1,1,0.862319243935521,0.8871514207163212,both_correct
3735,descriptive,1,1,0.9672010476719323,0.9383859865456046,both_correct
3736,descriptive,1,1,0.9670575432457849,0.9538100552525696,both_correct
3737,descriptive,1,1,0.9666317538573486,0.9821034322412321,both_correct
3738,descriptive,1,1,0.8510016832736091,0.9278343794111572,both_correct
3739,descriptive,1,1,0.814420675274288,0.6965952199989299,both_correct
3740,descriptive,1,1,0.9533720877363998,0.8799412527099266,both_correct
3741,descriptive,1,1,0.9238878124449534,0.9224450115110499,both_correct
3742,descriptive,1,1,0.8877526320797495,0.8152035954423182,both_correct
3743,descriptive,1,1,0.9003150358406259,0.776625943241074,both_correct
3744,descriptive,1,1,0.8855684483012163,0.8067144732473417,both_correct
3745,descriptive,1,1,0.8504171565426708,0.8393143724801259,both_correct
3746,descriptive,1,1,0.9735555925424758,0.9681981157036167,both_correct
3747,descriptive,1,1,0.8634495605248605,0.8400248720131521,both_correct
3748,descriptive,1,1,0.9857503478334584,0.9633168644267194,both_correct
3749,descriptive,1,1,0.9364143575278782,0.763423015874952,both_correct
3750,descriptive,1,1,0.8608898847032005,0.9301367558667549,both_correct
3751,descriptive,1,0,0.9018168673789684,0.5865223400643358,qwen_only
3752,descriptive,1,1,0.8792709494476401,0.7737380471753746,both_correct
3753,descriptive,1,1,0.800232670181813,0.7673469592107165,both_correct
3754,descriptive,1,1,0.7872711155926182,0.7236497782292524,both_correct
3755,descriptive,1,1,0.8802057109507335,0.9186685658013359,both_correct
3756,descriptive,1,1,0.8735702412178116,0.9133180939394399,both_correct
3757,descriptive,1,1,0.9422762732811896,0.9002373872564049,both_correct
3758,descriptive,1,1,0.9705565770157281,0.9626230922965372,both_correct
3759,descriptive,1,1,0.9553808056604444,0.9799345210855225,both_correct
3760,descriptive,1,1,0.8272188218203836,0.9248586998664466,both_correct
3761,descriptive,0,0,0.8986322338899787,0.7290355435150963,both_wrong
3762,descriptive,1,1,0.8758170723095027,0.8237045857535171,both_correct
3763,descriptive,1,1,0.8856762200535245,0.8167386950373688,both_correct
3764,descriptive,1,1,0.9440135766936569,0.8503400760221298,both_correct
3765,descriptive,1,1,0.917584864367223,0.852712467077521,both_correct
3766,descriptive,1,1,0.8813624756985984,0.8779112011424336,both_correct
3767,descriptive,0,1,0.9090618117304238,0.9081044358273361,internvl_only
3768,descriptive,1,1,0.9854203131747377,0.9829640038412158,both_correct
3769,descriptive,1,1,0.9043664372504159,0.9478747652251206,both_correct
3770,descriptive,1,1,0.9315337144005676,0.8982679090825259,both_correct
3771,descriptive,0,1,0.7259612497769552,0.9049932211879689,internvl_only
3772,descriptive,1,1,0.7902338472344327,0.9767485251352365,both_correct
3773,descriptive,1,1,0.8641470192755879,0.8876731402951558,both_correct
3774,descriptive,1,1,0.9491898819095095,0.9638845617786916,both_correct
3775,descriptive,1,1,0.8580518621836386,0.7477425359202324,both_correct
3776,descriptive,1,1,0.8405713665751098,0.7986028330203806,both_correct
3777,descriptive,1,1,0.9335630537568672,0.9179432239972946,both_correct
3778,descriptive,1,1,0.8705670653287394,0.9232786978938388,both_correct
3779,descriptive,1,0,0.9646130222477415,0.876175572887782,qwen_only
3780,descriptive,1,1,0.9705565770157281,0.9626230922965372,both_correct
3781,descriptive,1,1,0.9551079696871884,0.9353172070979677,both_correct
3782,descriptive,1,1,0.7447040304813253,0.8566884349167597,both_correct
3783,descriptive,1,1,0.8694984105551726,0.8220331775425629,both_correct
3784,descriptive,1,0,0.907189059672216,0.6746412964867979,qwen_only
3785,descriptive,1,0,0.9038315962996154,0.9216096770934599,qwen_only
3786,descriptive,1,1,0.8024739051140588,0.6271063558073549,both_correct
3787,descriptive,1,0,0.8962108825654123,0.7950429039303021,qwen_only
3788,descriptive,1,1,0.8393091288199853,0.8991669855149623,both_correct
3789,descriptive,1,1,0.8944615447570202,0.8749785249781713,both_correct
3790,descriptive,1,1,0.9197133773476821,0.9108829327714639,both_correct
3791,descriptive,1,1,0.9551079696871884,0.9353172070979677,both_correct
3792,descriptive,1,1,0.949913185793761,0.9635145341512188,both_correct
3793,descriptive,1,1,0.869416073603111,0.9380401765723133,both_correct
3794,descriptive,1,1,0.7611101692501476,0.6607906174415445,both_correct
3795,descriptive,1,1,0.7626873843139619,0.9352100823894823,both_correct
3796,descriptive,0,0,0.7981070284475271,0.6449487770173915,both_wrong
3797,descriptive,1,1,0.9143720337075086,0.9260807776763695,both_correct
3798,descriptive,1,1,0.9373309396337438,0.8512176955947532,both_correct
3799,descriptive,0,0,0.7901587484830299,0.6924485484954257,both_wrong
3800,descriptive,1,1,0.8748094227295842,0.9035705612899342,both_correct
3801,descriptive,1,1,0.9200281904895894,0.9465548111581349,both_correct
3802,descriptive,1,1,0.9509359359771525,0.9712614301300014,both_correct
3803,descriptive,1,1,0.930442098519303,0.9222536024879444,both_correct
3804,descriptive,1,1,0.8841817737530954,0.9577465565612375,both_correct
3805,descriptive,0,0,0.6318860868285425,0.2184535284377075,both_wrong
3806,descriptive,1,1,0.8237631725657437,0.8227968055415156,both_correct
3807,descriptive,1,1,0.9157308393207639,0.8259475920799967,both_correct
3808,descriptive,0,1,0.8995846551992496,0.9024980911403312,internvl_only
3809,descriptive,1,1,0.7858761239791935,0.7284712662704711,both_correct
3810,descriptive,1,1,0.8644678330635075,0.8961056644617318,both_correct
3811,descriptive,1,1,0.8935481935621425,0.9369572745288439,both_correct
3812,descriptive,1,1,0.9602027068054205,0.961392987068789,both_correct
3813,descriptive,1,1,0.9678000668899364,0.9253087883251322,both_correct
3814,descriptive,1,1,0.9439386734633253,0.9663793280960126,both_correct
3815,descriptive,0,1,0.7927065661855106,0.953646826347773,internvl_only
3816,descriptive,1,1,0.8781801889468253,0.8055722137123583,both_correct
3817,descriptive,1,0,0.8449623806651042,0.665819849635463,qwen_only
3818,descriptive,1,1,0.8877526320797495,0.8152035954423182,both_correct
3819,descriptive,1,1,0.8801556614102295,0.907577157517801,both_correct
3820,descriptive,1,1,0.9491898819095095,0.9638845617786916,both_correct
3821,descriptive,1,1,0.8436981334945405,0.9417119457991274,both_correct
3822,descriptive,1,1,0.7953656427430259,0.5840647041038279,both_correct
3823,descriptive,1,1,0.9485632847992421,0.9449955163764414,both_correct
3824,descriptive,1,1,0.9203906300898194,0.8471854197647379,both_correct
3825,descriptive,1,1,0.9214083515392172,0.8190936355549016,both_correct
3826,descriptive,1,1,0.9340303412778331,0.8299464337959713,both_correct
3827,descriptive,1,1,0.754672100478066,0.623238843707579,both_correct
3828,descriptive,1,1,0.869008067407418,0.8923082470527177,both_correct
3829,descriptive,1,1,0.8577318123176952,0.7650698026462796,both_correct
3830,descriptive,1,1,0.8338132460904374,0.8685318796355744,both_correct
3831,descriptive,1,1,0.7946734978599768,0.6836808230285579,both_correct
3832,descriptive,1,1,0.9553317183838878,0.9175374438640282,both_correct
3833,descriptive,1,1,0.7890034076712114,0.7801801775439747,both_correct
3834,descriptive,1,1,0.9379020264837885,0.9500004130868088,both_correct
3835,descriptive,1,1,0.9551079696871884,0.9353172070979677,both_correct
3836,descriptive,1,1,0.9214083515392172,0.8190936355549016,both_correct
3837,descriptive,1,1,0.919882408128563,0.9089366573224446,both_correct
3838,descriptive,1,1,0.6981299824368823,0.8564833636359444,both_correct
3839,descriptive,0,1,0.6318860868285425,0.2184535284377075,internvl_only
3840,descriptive,1,1,0.8927423511785602,0.9140051923218214,both_correct
3841,descriptive,1,1,0.9054986796212207,0.9339002007750034,both_correct
3842,descriptive,0,0,0.8877526320797495,0.8152035954423182,both_wrong
3843,descriptive,1,1,0.8522929772643315,0.8484797725486733,both_correct
3844,descriptive,1,1,0.9232639897154673,0.9460781174731733,both_correct
3845,descriptive,1,1,0.9586104284037039,0.9358376759861331,both_correct
3846,descriptive,1,1,0.9214083515392172,0.8190936355549016,both_correct
3847,descriptive,1,1,0.8569602831168023,0.8695913413718275,both_correct
3848,descriptive,1,1,0.9300622996917024,0.937725719916479,both_correct
3849,descriptive,0,0,0.8694984105551726,0.8220331775425629,both_wrong
3850,descriptive,1,1,0.8574089768876013,0.8888938544714973,both_correct
3851,descriptive,1,1,0.7453810461525694,0.6452967532032993,both_correct
3852,descriptive,1,1,0.8201315932400406,0.7287141080798973,both_correct
3853,descriptive,1,1,0.9224159432368934,0.9040829157660578,both_correct
3854,descriptive,1,1,0.9049254746929563,0.890729859736702,both_correct
3855,descriptive,1,1,0.8622536042590748,0.935568880702549,both_correct
3856,descriptive,1,1,0.938457916841238,0.873159932193203,both_correct
3857,descriptive,1,1,0.8957312252426519,0.9441745222131812,both_correct
3858,descriptive,1,1,0.9315337144005676,0.8982679090825259,both_correct
3859,descriptive,1,1,0.9473316699340789,0.9221348632172947,both_correct
3860,descriptive,0,1,0.5922182118727337,0.6776750729294934,internvl_only
3861,descriptive,1,0,0.6778288784736665,0.2463510358241647,qwen_only
3862,descriptive,1,1,0.9544069200576228,0.9489866595179569,both_correct
3863,descriptive,1,1,0.7358793781419065,0.5540056397591501,both_correct
3864,descriptive,1,1,0.8035660330353253,0.6484191264352933,both_correct
3865,descriptive,1,1,0.8436981334945405,0.9417119457991274,both_correct
3866,descriptive,1,1,0.8330639713058382,0.869789614587635,both_correct
3867,descriptive,1,1,0.97680151377689,0.9478541639979277,both_correct
3868,descriptive,1,1,0.9573940572955537,0.9810595914539941,both_correct
3869,descriptive,1,1,0.9540994482397325,0.985980995664615,both_correct
3870,descriptive,1,1,0.9003824400743232,0.863179265891398,both_correct
3871,descriptive,1,1,0.9205588773239326,0.8848487140017236,both_correct
3872,descriptive,0,1,0.814420675274288,0.6965952199989299,internvl_only
3873,descriptive,1,0,0.8849486190753473,0.9030852823400496,qwen_only
3874,descriptive,0,0,0.8361908056553206,0.767632101045504,both_wrong
3875,descriptive,1,1,0.8690865884259401,0.7427347808002234,both_correct
3876,descriptive,0,1,0.8150071875873166,0.6368504062738619,internvl_only
3877,descriptive,0,0,0.812775020704412,0.7818359951744039,both_wrong
3878,descriptive,1,1,0.9463853647614554,0.918784147432595,both_correct
3879,descriptive,1,1,0.803458638556755,0.8373267488353675,both_correct
3880,descriptive,1,1,0.9551079696871884,0.9353172070979677,both_correct
3881,descriptive,1,1,0.749247461208811,0.8906636345247106,both_correct
3882,descriptive,1,1,0.9080477510109521,0.8763235244400596,both_correct
3883,descriptive,1,1,0.9065381874663743,0.9597191718343984,both_correct
3884,descriptive,1,1,0.7677908257615896,0.7324922379763842,both_correct
3885,descriptive,1,1,0.9053778149070015,0.8285589575764439,both_correct
3886,descriptive,1,1,0.8338132460904374,0.8685318796355744,both_correct
3887,descriptive,1,1,0.879976659954111,0.8680220627361537,both_correct
3888,descriptive,1,1,0.8795161616932285,0.9193906122082912,both_correct
3889,descriptive,1,1,0.9676232366765304,0.9490677515724847,both_correct
3890,descriptive,1,1,0.9214083515392172,0.8190936355549016,both_correct
3891,descriptive,1,1,0.9646627223540865,0.9853602779393281,both_correct
3892,descriptive,1,1,0.8742938084437004,0.9456993074628653,both_correct
3893,descriptive,0,0,0.6519284365779575,0.1758396239440739,both_wrong
3894,descriptive,1,0,0.6318860868285425,0.2184535284377075,qwen_only
3895,descriptive,1,1,0.873440925432439,0.8833028446207732,both_correct
3896,descriptive,0,0,0.7633989303874371,0.6042651361200373,both_wrong
3897,descriptive,0,0,0.8035660330353253,0.6484191264352933,both_wrong
3898,descriptive,1,1,0.8689997434255539,0.832979654211115,both_correct
3899,descriptive,1,1,0.8715383408557779,0.9755482635814821,both_correct
3900,descriptive,1,1,0.946528484903793,0.9505911085861226,both_correct
3901,descriptive,1,1,0.9777277973207116,0.9181225165032764,both_correct
3902,descriptive,1,1,0.9811023026068252,0.9473013559545798,both_correct
3903,descriptive,1,1,0.8977598052744573,0.9338276702916785,both_correct
3904,descriptive,1,1,0.9018168673789684,0.5865223400643358,both_correct
3905,descriptive,1,1,0.9117908138090594,0.8484684141837439,both_correct
3906,descriptive,1,1,0.9033411329264426,0.9114728086221314,both_correct
3907,descriptive,1,0,0.8796164769143632,0.8128055940959023,qwen_only
3908,descriptive,1,0,0.7927108866568316,0.6993237970182072,qwen_only
3909,descriptive,1,1,0.8478843007060126,0.8480872094726712,both_correct
3910,descriptive,0,1,0.9248849981041815,0.949943055951825,internvl_only
3911,descriptive,1,1,0.973840396500466,0.9254068210007328,both_correct
3912,descriptive,0,1,0.803458638556755,0.8373267488353675,internvl_only
3913,descriptive,1,1,0.9201179500391278,0.8898177935763649,both_correct
3914,descriptive,1,1,0.8257156830870123,0.9092439221501698,both_correct
3915,descriptive,1,1,0.9107820405415686,0.7357327500441989,both_correct
3916,descriptive,0,0,0.776305022577724,0.6151716451759227,both_wrong
3917,descriptive,1,1,0.9357706569204918,0.8946090635079536,both_correct
3918,descriptive,1,1,0.906903496461955,0.8127965406773662,both_correct
3919,descriptive,1,1,0.8962108825654123,0.7950429039303021,both_correct
3920,descriptive,1,1,0.8948190920810664,0.8598288731767977,both_correct
3921,descriptive,1,1,0.9161926290603646,0.8512919997657424,both_correct
3922,descriptive,1,1,0.966333180796183,0.9354369563275616,both_correct
3923,descriptive,1,1,0.9214083515392172,0.8190936355549016,both_correct
3924,descriptive,1,1,0.9644476801046721,0.9736103175085129,both_correct
3925,descriptive,1,1,0.867264157389189,0.9107028672579137,both_correct
3926,descriptive,1,0,0.8618183142423411,0.6681914447940599,qwen_only
3927,descriptive,1,0,0.871763356821045,0.6064644823275855,qwen_only
3928,descriptive,1,1,0.8686346889395905,0.7950820706073324,both_correct
3929,descriptive,1,1,0.8962108825654123,0.7950429039303021,both_correct
3930,descriptive,1,1,0.8594481861842758,0.8054835466560537,both_correct
3931,descriptive,0,1,0.8615510646427054,0.8066273081119889,internvl_only
3932,descriptive,1,1,0.8287395658623257,0.7537991586836811,both_correct
3933,descriptive,1,1,0.9833710239199426,0.9401337069543956,both_correct
3934,descriptive,1,1,0.803458638556755,0.8373267488353675,both_correct
3935,descriptive,1,1,0.9820645665950208,0.9564090961727574,both_correct
3936,descriptive,1,1,0.9328713460578887,0.926146101453543,both_correct
3937,descriptive,1,1,0.754672100478066,0.623238843707579,both_correct
3938,descriptive,0,1,0.5456328704070382,0.6717872613942067,internvl_only
3939,descriptive,1,1,0.9440135766936569,0.8503400760221298,both_correct
3940,descriptive,1,1,0.823688817203663,0.8159839348618138,both_correct
3941,descriptive,1,1,0.8512643773733776,0.800623221590834,both_correct
3942,descriptive,0,0,0.8243753451442912,0.9031460555137306,both_wrong
3943,descriptive,1,1,0.9173364851590091,0.9446915113109762,both_correct
3944,descriptive,1,1,0.9635316511051794,0.9348074909049008,both_correct
3945,descriptive,1,0,0.9323727285277106,0.9245546245724507,qwen_only
3946,descriptive,1,1,0.9417142279946848,0.9536522921556618,both_correct
3947,descriptive,1,1,0.9162899330543819,0.8837270038587709,both_correct
3948,descriptive,0,1,0.8408257109232241,0.7653646128930796,internvl_only
3949,descriptive,1,1,0.8873564921225744,0.9345885381742516,both_correct
3950,descriptive,0,1,0.6793345043390308,0.6903179218617362,internvl_only
3951,descriptive,1,1,0.9003150358406259,0.776625943241074,both_correct
3952,descriptive,1,0,0.9272970816640311,0.8507052500986713,qwen_only
3953,descriptive,0,1,0.8677827047777609,0.9377555327758446,internvl_only
3954,descriptive,1,1,0.89226693976839,0.8375293481786691,both_correct
3955,descriptive,1,1,0.9635316511051794,0.9348074909049008,both_correct
3956,descriptive,1,1,0.960157880025418,0.981570013245209,both_correct
3957,descriptive,1,1,0.9282628566361627,0.9421188597182275,both_correct
3958,descriptive,1,0,0.9773965476035551,0.9578485281822605,qwen_only
3959,descriptive,1,0,0.9319383393509341,0.7914683438020235,qwen_only
3960,descriptive,1,0,0.8856696133118621,0.5590710273855578,qwen_only
3961,descriptive,1,1,0.8181092386742149,0.5994245056659264,both_correct
3962,descriptive,0,1,0.6854266967653552,0.696207360813794,internvl_only
3963,descriptive,0,1,0.75476046534166,0.6393770766939527,internvl_only
3964,descriptive,1,1,0.8802496957399208,0.8689557331035822,both_correct
3965,descriptive,0,1,0.8186908502463626,0.8125665215163433,internvl_only
3966,descriptive,1,1,0.961031512334856,0.9281848895859635,both_correct
3967,descriptive,1,1,0.8563191419545396,0.874207468655888,both_correct
3968,descriptive,1,1,0.9638084746051698,0.8853470402374523,both_correct
3969,descriptive,1,1,0.9644494737213345,0.9011979568463759,both_correct
3970,descriptive,0,1,0.7611101692501476,0.6607906174415445,internvl_only
3971,descriptive,1,1,0.803942351755296,0.9090072678644221,both_correct
3972,descriptive,1,1,0.7926421423865779,0.6860452701837073,both_correct
3973,descriptive,1,1,0.9656659402696051,0.9523425786630967,both_correct
3974,descriptive,0,1,0.7565316211604266,0.5960949185371691,internvl_only
3975,descriptive,1,1,0.88795813590329,0.877808670838842,both_correct
3976,descriptive,1,1,0.8504315022305664,0.861731956017393,both_correct
3977,descriptive,1,1,0.9594530121165581,0.8843403666482408,both_correct
3978,descriptive,1,1,0.9115560603422931,0.9021635680107785,both_correct
3979,descriptive,1,1,0.9690480414730652,0.9636691826019808,both_correct
3980,descriptive,1,1,0.8900991349852653,0.9690510254887027,both_correct
3981,descriptive,1,0,0.6318860868285425,0.2184535284377075,qwen_only
3982,descriptive,1,1,0.776305022577724,0.6151716451759227,both_correct
3983,descriptive,1,1,0.9215347629635529,0.9390860562265435,both_correct
3984,descriptive,1,1,0.9357706569204918,0.8946090635079536,both_correct
3985,descriptive,1,1,0.9003150358406259,0.776625943241074,both_correct
3986,descriptive,1,1,0.8743794377407506,0.7918720705318678,both_correct
3987,descriptive,1,1,0.813097811383099,0.7905120936874426,both_correct
3988,descriptive,1,1,0.9489591613397265,0.913326100556061,both_correct
3989,descriptive,1,1,0.9282628566361627,0.9421188597182275,both_correct
3990,descriptive,1,1,0.94517802812485,0.9747682771770997,both_correct
3991,descriptive,1,1,0.9731881160954414,0.9515928300441052,both_correct
3992,descriptive,1,1,0.8784516257493393,0.8480969906802132,both_correct
3993,descriptive,1,1,0.8574805192514363,0.8827928117171012,both_correct
3994,descriptive,1,1,0.8577318123176952,0.7650698026462796,both_correct
3995,descriptive,1,0,0.8170781918127585,0.5591120332024332,qwen_only
3996,descriptive,1,1,0.8877526320797495,0.8152035954423182,both_correct
3997,descriptive,1,1,0.9047466465463962,0.9259127804432581,both_correct
3998,descriptive,1,1,0.8885281470734052,0.9041789167352086,both_correct
3999,descriptive,1,1,0.9837850898436246,0.9497647795249041,both_correct
4000,descriptive,1,1,0.9831744783250018,0.9686074309520157,both_correct
4001,descriptive,1,1,0.970099865962326,0.9725482061259316,both_correct
4002,descriptive,1,1,0.9287373667058936,0.9581928370570436,both_correct
4003,descriptive,1,1,0.7899489840681466,0.8593836114719745,both_correct
4004,descriptive,1,1,0.8602567751920337,0.8129111937986273,both_correct
4005,descriptive,1,1,0.8316451453350767,0.7887962059448234,both_correct
4006,descriptive,1,1,0.9143720337075086,0.9260807776763695,both_correct
4007,descriptive,1,1,0.902286450637819,0.9143032281394462,both_correct
4008,descriptive,1,1,0.916800595335877,0.9485639418292348,both_correct
4009,descriptive,1,1,0.8471207524773082,0.938049028759155,both_correct
4010,descriptive,1,1,0.9798529234166801,0.9681722037300471,both_correct
4011,descriptive,1,1,0.9328046482830586,0.967698324006235,both_correct
4012,descriptive,1,1,0.9656550716456932,0.9663617651130443,both_correct
4013,descriptive,0,0,0.8724167236023116,0.9623714647423813,both_wrong
4014,descriptive,1,0,0.6778288784736665,0.2463510358241647,qwen_only
4015,descriptive,0,0,0.5206434534847623,0.49341396990657516,both_wrong
4016,descriptive,0,1,0.6972970471386243,0.6893894630550027,internvl_only
4017,descriptive,0,1,0.8185531460765408,0.7590172238870194,internvl_only
4018,descriptive,0,1,0.8232745271910845,0.8090020790571222,internvl_only
4019,descriptive,1,1,0.9322051620672432,0.9162343046819319,both_correct
4020,descriptive,0,1,0.8070072578682077,0.8166492370404165,internvl_only
4021,descriptive,1,1,0.9592174015038433,0.9577468429242322,both_correct
4022,descriptive,1,1,0.9133963781323728,0.8120606933074952,both_correct
4023,descriptive,1,1,0.9315337144005676,0.8982679090825259,both_correct
4024,descriptive,1,1,0.9256346651155437,0.8560332015898151,both_correct
4025,descriptive,1,1,0.9376113260575566,0.9342332327944299,both_correct
4026,descriptive,1,0,0.7364687873413553,0.7826579087094623,qwen_only
4027,descriptive,1,0,0.8623646459631072,0.740054003628915,qwen_only
4028,descriptive,1,0,0.9272970816640311,0.8507052500986713,qwen_only
4029,descriptive,1,1,0.9656659402696051,0.9523425786630967,both_correct
4030,descriptive,1,1,0.8832027130167686,0.8974508606349323,both_correct
4031,descriptive,1,1,0.7821260059239571,0.8522053312734855,both_correct
4032,descriptive,1,1,0.9503378150380977,0.9277672651808543,both_correct
4033,descriptive,1,1,0.9551079696871884,0.9353172070979677,both_correct
4034,descriptive,1,1,0.9374469480586582,0.9347343807796257,both_correct
4035,descriptive,1,1,0.937767467546815,0.8992920410554617,both_correct
4036,descriptive,0,0,0.814420675274288,0.6965952199989299,both_wrong
4037,descriptive,1,0,0.6778288784736665,0.2463510358241647,qwen_only
4038,descriptive,1,1,0.8065091543963516,0.7062270929492777,both_correct
4039,descriptive,1,0,0.9226565209307033,0.8416442037233112,qwen_only
4040,descriptive,1,1,0.7585536127595354,0.7141884199037793,both_correct
4041,descriptive,1,1,0.8729988508430468,0.8792495002803533,both_correct
4042,descriptive,1,1,0.8128714186433593,0.8534295125725726,both_correct
4043,descriptive,1,1,0.9826749697679411,0.9481077639322025,both_correct
4044,descriptive,1,1,0.9625171521360311,0.9815377654366014,both_correct
4045,descriptive,1,1,0.803458638556755,0.8373267488353675,both_correct
4046,descriptive,1,1,0.7804476330943755,0.8454618948564354,both_correct
4047,descriptive,1,1,0.8986322338899787,0.7290355435150963,both_correct
4048,descriptive,0,1,0.8269341591649304,0.7954933964073562,internvl_only
4049,descriptive,1,0,0.8577318123176952,0.7650698026462796,qwen_only
4050,descriptive,0,1,0.7065910827684568,0.6682541998046495,internvl_only
4051,descriptive,1,1,0.9453807807004582,0.8715391435283432,both_correct
4052,descriptive,1,1,0.7567323425677922,0.7356150921346013,both_correct
4053,descriptive,1,1,0.8293056637625416,0.6859311509386858,both_correct
4054,descriptive,1,1,0.9891423870065637,0.9630876746432185,both_correct
4055,descriptive,1,1,0.8967917336068866,0.9323888489167719,both_correct
4056,descriptive,0,1,0.803458638556755,0.8373267488353675,internvl_only
4057,descriptive,1,1,0.9323490340350044,0.9279859961133113,both_correct
4058,descriptive,1,1,0.8935013175161268,0.9700432319226079,both_correct
4059,descriptive,0,1,0.4640692174138113,0.4515242439505506,internvl_only
4060,descriptive,1,1,0.8904274388182026,0.7292892443484962,both_correct
4061,descriptive,1,1,0.896074670077148,0.8323859190802927,both_correct
4062,descriptive,1,1,0.8035660330353253,0.6484191264352933,both_correct
4063,descriptive,1,1,0.8849427517284685,0.890617958741562,both_correct
4064,descriptive,1,1,0.8979781895552922,0.9376604119397192,both_correct
4065,descriptive,1,1,0.9779416511267331,0.9531922328301261,both_correct
4066,descriptive,1,1,0.9660997908500661,0.9753767115815934,both_correct
4067,descriptive,1,1,0.9551079696871884,0.9353172070979677,both_correct
4068,descriptive,1,1,0.9445889611117313,0.936120422093417,both_correct
4069,descriptive,0,1,0.7626873843139619,0.9352100823894823,internvl_only
4070,descriptive,1,0,0.8605218763926189,0.9195602528542065,qwen_only
4071,descriptive,1,1,0.9476350824227108,0.9525773042048998,both_correct
4072,descriptive,1,1,0.8412421314337631,0.791695533062791,both_correct
4073,descriptive,1,1,0.901473991731449,0.7863511205560909,both_correct
4074,descriptive,1,1,0.8501038347293942,0.878394239182719,both_correct
4075,descriptive,1,1,0.824325215854182,0.7834218491729374,both_correct
4076,descriptive,1,1,0.9529509399098016,0.9659535693358087,both_correct
4077,descriptive,1,1,0.9083534247766059,0.8639144691295635,both_correct
4078,descriptive,1,1,0.9728751141289926,0.9695730336648376,both_correct
4079,descriptive,1,1,0.7927065661855106,0.953646826347773,both_correct
4080,descriptive,1,1,0.8469324874207891,0.9305882451927868,both_correct
4081,descriptive,1,0,0.8483357765554367,0.5812724649030852,qwen_only
4082,descriptive,1,1,0.9326301383542586,0.9275157112689407,both_correct
4083,descriptive,1,1,0.8755433824185956,0.9321253707252213,both_correct
4084,descriptive,1,1,0.809786640282835,0.6986866636178998,both_correct
4085,descriptive,1,1,0.8720944718503714,0.8172656527930561,both_correct
4086,descriptive,1,1,0.8796912988367636,0.8927657477979303,both_correct
4087,descriptive,0,1,0.9033685861324297,0.8880894496261064,internvl_only
4088,descriptive,0,0,0.9214083515392172,0.8190936355549016,both_wrong
4089,descriptive,1,1,0.8957312252426519,0.9441745222131812,both_correct
4090,descriptive,1,1,0.7987915761239529,0.9228969673698684,both_correct
4091,descriptive,1,1,0.8408257109232241,0.7653646128930796,both_correct
4092,descriptive,1,0,0.8769852864512946,0.8442869986110894,qwen_only
4093,descriptive,1,0,0.8389467077186928,0.6191128816351383,qwen_only
4094,descriptive,1,1,0.7767188744574133,0.6707339701403917,both_correct
4095,descriptive,1,1,0.9070304752328591,0.8036484123602291,both_correct
4096,descriptive,1,1,0.7981039395642221,0.8748257859176387,both_correct
4097,descriptive,1,1,0.837341777063387,0.7756920334681391,both_correct
4098,descriptive,1,1,0.9641942166770617,0.9678557355967516,both_correct
4099,descriptive,1,0,0.9441046602459776,0.9107497596237868,qwen_only
4100,descriptive,1,1,0.9750101883256225,0.9885925685884244,both_correct
4101,descriptive,1,1,0.8888728698822129,0.9554872144755151,both_correct
4102,descriptive,1,1,0.9361752433532663,0.7842636584342362,both_correct
4103,descriptive,1,1,0.8532527722017795,0.8936922456173322,both_correct
4104,descriptive,1,1,0.9296024500033951,0.8553999880105767,both_correct
4105,descriptive,1,1,0.8950746049058409,0.9001928543844364,both_correct
4106,descriptive,1,1,0.873440925432439,0.8833028446207732,both_correct
4107,descriptive,1,1,0.9235384191750464,0.9271334275278532,both_correct
4108,descriptive,1,0,0.8012468693588736,0.7710109836667187,qwen_only
4109,descriptive,1,1,0.9662688583599165,0.9144056765254021,both_correct
4110,descriptive,1,1,0.803458638556755,0.8373267488353675,both_correct
4111,descriptive,0,1,0.8496852557236599,0.8174101114001149,internvl_only
4112,descriptive,1,1,0.9194001877074516,0.9182354129539112,both_correct
4113,descriptive,1,0,0.6778288784736665,0.2463510358241647,qwen_only
4114,descriptive,1,1,0.8837804048602974,0.8998115737457761,both_correct
4115,descriptive,0,1,0.5403478847485585,0.6645321301479051,internvl_only
4116,descriptive,1,0,0.597360327489698,0.603681616859038,qwen_only
4117,descriptive,1,0,0.7767188744574133,0.6707339701403917,qwen_only
4118,descriptive,1,0,0.7373381918211983,0.5827909435574393,qwen_only
4119,descriptive,1,1,0.8823297290781974,0.8572035749779826,both_correct
4120,descriptive,1,1,0.9742894800876741,0.9383450262080391,both_correct
4121,descriptive,1,1,0.9214083515392172,0.8190936355549016,both_correct
4122,descriptive,0,1,0.8809648668211302,0.8711085744978532,internvl_only
4123,descriptive,1,1,0.9178069499015168,0.8906735962856597,both_correct
4124,descriptive,1,1,0.8758170723095027,0.8237045857535171,both_correct
4125,descriptive,1,0,0.6318860868285425,0.2184535284377075,qwen_only
4126,descriptive,1,0,0.8665884878672769,0.729519675376671,qwen_only
4127,descriptive,0,1,0.8132433643588238,0.7828895805020699,internvl_only
4128,descriptive,1,1,0.902177092668916,0.9025990657980386,both_correct
4129,descriptive,0,1,0.8020650739974697,0.7578483782001291,internvl_only
4130,descriptive,1,0,0.8158850069209733,0.8285797492190148,qwen_only
4131,descriptive,1,1,0.9594530121165581,0.8843403666482408,both_correct
4132,descriptive,1,1,0.949913185793761,0.9635145341512188,both_correct
4133,descriptive,1,1,0.980144999446449,0.9680423781325569,both_correct
4134,descriptive,1,1,0.9358033765951599,0.9237151086189126,both_correct
4135,descriptive,1,0,0.6318860868285425,0.2184535284377075,qwen_only
4136,descriptive,0,1,0.5456328704070382,0.6717872613942067,internvl_only
4137,descriptive,1,1,0.9120014536433468,0.8843468563483675,both_correct
4138,descriptive,1,1,0.9290258584011785,0.8946895065757974,both_correct
4139,descriptive,1,1,0.9191778966014679,0.8358964475479943,both_correct
4140,descriptive,1,1,0.874920085413049,0.870507135450502,both_correct
4141,descriptive,1,1,0.8377075115714141,0.8777322470698289,both_correct
4142,descriptive,1,1,0.9670474724367313,0.9505248708858023,both_correct
4143,descriptive,1,1,0.9666243324467767,0.9607725186633166,both_correct
4144,descriptive,1,1,0.9417142279946848,0.9536522921556618,both_correct
4145,descriptive,1,1,0.9473316699340789,0.9221348632172947,both_correct
4146,descriptive,1,1,0.9490827799196591,0.8669793656343585,both_correct
4147,descriptive,1,1,0.754672100478066,0.623238843707579,both_correct
4148,descriptive,1,1,0.8997627681804539,0.8801926644374057,both_correct
4149,descriptive,1,1,0.9562617958898895,0.948046954074141,both_correct
4150,descriptive,1,0,0.9496694564141595,0.8512879550796036,qwen_only
4151,descriptive,1,0,0.856669790009667,0.745204749026906,qwen_only
4152,descriptive,1,1,0.8672796743326163,0.7710330498096772,both_correct
4153,descriptive,1,1,0.9883434207032081,0.9658720703960526,both_correct
4154,descriptive,1,1,0.9214083515392172,0.8190936355549016,both_correct
4155,descriptive,1,1,0.9582926124976907,0.9644483487423661,both_correct
4156,descriptive,1,1,0.8624510001454883,0.9240734186425477,both_correct
4157,descriptive,1,1,0.8030257364464872,0.9177136867061692,both_correct
4158,descriptive,1,1,0.8849489859000169,0.8705809757909514,both_correct
4159,descriptive,1,1,0.8683599754378958,0.8794380049073957,both_correct
4160,descriptive,1,1,0.9595126347387997,0.8806131821717011,both_correct
4161,descriptive,0,1,0.7585536127595354,0.7141884199037793,internvl_only
4162,descriptive,1,1,0.8694254246787757,0.8866210781335979,both_correct
4163,descriptive,0,0,0.866437634554002,0.8805615593408154,both_wrong
4164,descriptive,1,1,0.9586104284037039,0.9358376759861331,both_correct
4165,descriptive,1,1,0.803458638556755,0.8373267488353675,both_correct
4166,descriptive,1,1,0.9214083515392172,0.8190936355549016,both_correct
4167,descriptive,1,1,0.849217911241381,0.9402259697714768,both_correct
4168,descriptive,1,1,0.8488393169060781,0.8202805192550553,both_correct
4169,descriptive,0,0,0.8483357765554367,0.5812724649030852,both_wrong
4170,descriptive,1,1,0.7633017316253057,0.6913993286621474,both_correct
4171,descriptive,1,1,0.9650872114219253,0.9766144979575685,both_correct
4172,descriptive,0,1,0.8204201343392048,0.7753310042279979,internvl_only
4173,descriptive,1,1,0.917063138384405,0.9673013492410139,both_correct
4174,descriptive,1,1,0.9118729044243087,0.9506881392178034,both_correct
4175,descriptive,0,1,0.9176793513776411,0.9464155826982054,internvl_only
4176,descriptive,1,1,0.8203617753316913,0.8392031202953225,both_correct
4177,descriptive,1,1,0.9650178796717075,0.9452806939910516,both_correct
4178,descriptive,1,1,0.9451597786371676,0.9137654013987483,both_correct
4179,descriptive,1,1,0.7924594975767396,0.8702535939459011,both_correct
4180,descriptive,0,0,0.6532369874553225,0.8252864979852456,both_wrong
4181,descriptive,1,1,0.8224130332816803,0.8274927120630134,both_correct
4182,descriptive,1,1,0.8338880695291037,0.5810866017451497,both_correct
4183,descriptive,1,1,0.902286450637819,0.9143032281394462,both_correct
4184,descriptive,1,1,0.8456440074747544,0.8971882144703445,both_correct
4185,descriptive,1,1,0.7962424538925066,0.743352340289865,both_correct
4186,descriptive,1,1,0.9545814813937001,0.9449394356190555,both_correct
4187,descriptive,1,0,0.9282628566361627,0.9421188597182275,qwen_only
4188,descriptive,1,1,0.9256521388960327,0.9816959636242488,both_correct
4189,descriptive,1,1,0.9003146937807576,0.839100820249773,both_correct
4190,descriptive,0,0,0.8781801889468253,0.8055722137123583,both_wrong
4191,descriptive,1,1,0.9480509694808841,0.8516712078811106,both_correct
4192,descriptive,1,0,0.7821950555177425,0.6863723955814744,qwen_only
4193,descriptive,1,1,0.8378711759662198,0.8242932457459557,both_correct
4194,descriptive,1,1,0.5920584736431413,0.6366240748122538,both_correct
4195,descriptive,1,1,0.9021294946693152,0.9427748731484928,both_correct
4196,descriptive,1,1,0.9117430429760736,0.9254890432677971,both_correct
4197,descriptive,1,1,0.9810116772048164,0.9423502635148264,both_correct
4198,descriptive,0,1,0.9214083515392172,0.8190936355549016,internvl_only
4199,descriptive,1,1,0.8496852557236599,0.8174101114001149,both_correct
4200,descriptive,1,1,0.919882408128563,0.9089366573224446,both_correct
4201,descriptive,0,0,0.6519284365779575,0.1758396239440739,both_wrong
4202,descriptive,1,1,0.8605218763926189,0.9195602528542065,both_correct
4203,descriptive,0,1,0.7640002028015487,0.5354919738458003,internvl_only
4204,descriptive,1,0,0.8122467380595912,0.7697388005112872,qwen_only
4205,descriptive,1,0,0.9191778966014679,0.8358964475479943,qwen_only
4206,descriptive,1,1,0.8361626297930888,0.902539320490154,both_correct
4207,descriptive,1,1,0.8795547465252386,0.8873735042087583,both_correct
4208,descriptive,1,1,0.9714563003573281,0.9397132542191916,both_correct
4209,descriptive,1,1,0.803458638556755,0.8373267488353675,both_correct
4210,descriptive,1,1,0.9562975777255143,0.9624755286184689,both_correct
4211,descriptive,1,1,0.8977598052744573,0.9338276702916785,both_correct
4212,descriptive,0,1,0.6851263858731071,0.8628780269590998,internvl_only
4213,descriptive,1,1,0.9145038239827314,0.952376215397846,both_correct
4214,descriptive,1,1,0.8577318123176952,0.7650698026462796,both_correct
4215,descriptive,1,1,0.608769551446609,0.7020489593745678,both_correct
4216,descriptive,1,1,0.8065091543963516,0.7062270929492777,both_correct
4217,descriptive,1,0,0.8186908502463626,0.8125665215163433,qwen_only
4218,descriptive,1,1,0.9096357123872136,0.9329074391321307,both_correct
4219,descriptive,1,1,0.9641942166770617,0.9678557355967516,both_correct
4220,descriptive,1,1,0.803458638556755,0.8373267488353675,both_correct
4221,descriptive,1,1,0.9287895623471287,0.9344278729642709,both_correct
4222,descriptive,1,1,0.631939829123426,0.6529361198513305,both_correct
4223,descriptive,1,0,0.7673512740388101,0.9015852065099982,qwen_only
4224,descriptive,0,0,0.6851263858731071,0.8628780269590998,both_wrong
4225,descriptive,0,0,0.8899394479001086,0.8879105926635761,both_wrong
4226,descriptive,1,1,0.9414564031435512,0.8657043269194816,both_correct
4227,descriptive,1,0,0.8517203272115897,0.7184248386624624,qwen_only
4228,descriptive,1,1,0.864190200490389,0.8805909474249267,both_correct
4229,descriptive,1,1,0.9183068648894938,0.9418331443712018,both_correct
4230,descriptive,1,1,0.9667100361242015,0.9844107712094798,both_correct
4231,descriptive,0,0,0.803458638556755,0.8373267488353675,both_wrong
4232,descriptive,1,1,0.9471064501544846,0.9572605067131182,both_correct
4233,descriptive,1,1,0.9631080025235933,0.9086332875380096,both_correct
4234,descriptive,0,1,0.6423740008597045,0.7774454698956861,internvl_only
4235,descriptive,1,1,0.8488828927733906,0.9366633352619378,both_correct
4236,descriptive,1,1,0.9045586849338147,0.9323886180976575,both_correct
4237,descriptive,1,0,0.7302984765807984,0.6302036573997829,qwen_only
4238,descriptive,1,0,0.783328167449474,0.5995412517936937,qwen_only
4239,descriptive,1,1,0.946817380617353,0.9487329402445099,both_correct
4240,descriptive,1,1,0.9179647571032681,0.9013786160009545,both_correct
4241,descriptive,1,1,0.9584315635573002,0.906810209627736,both_correct
4242,descriptive,1,1,0.9643163882144189,0.9415952654299085,both_correct
4243,descriptive,1,1,0.9603918776442139,0.9693963954772264,both_correct
4244,descriptive,1,1,0.9152428046608435,0.8713106853458489,both_correct
4245,descriptive,1,1,0.8866449000678907,0.8927105127759315,both_correct
4246,descriptive,1,1,0.8683091498899974,0.9483202119880849,both_correct
4247,descriptive,0,0,0.8322123831700124,0.8682807141740511,both_wrong
4248,descriptive,1,1,0.9332405146200963,0.9490172819841982,both_correct
4249,descriptive,0,1,0.8893662405254655,0.8617349450189888,internvl_only
4250,descriptive,1,1,0.9026777337545882,0.9419702490231856,both_correct
4251,descriptive,1,0,0.8254652770485458,0.7912904546662597,qwen_only
4252,descriptive,1,1,0.9662671496148245,0.9079791609184596,both_correct
4253,descriptive,1,1,0.9551079696871884,0.9353172070979677,both_correct
4254,descriptive,1,0,0.9208053522433853,0.8703645759921685,qwen_only
4255,descriptive,0,1,0.749247461208811,0.8906636345247106,internvl_only
4256,descriptive,1,1,0.8609885576184121,0.5529347531823334,both_correct
4257,descriptive,1,1,0.8729674953626568,0.8227178488814312,both_correct
4258,descriptive,0,1,0.75476046534166,0.6393770766939527,internvl_only
4259,descriptive,1,1,0.8201315932400406,0.7287141080798973,both_correct
4260,descriptive,1,1,0.9113592006771739,0.7968474975469847,both_correct
4261,descriptive,1,1,0.8943730002928056,0.9191708379238418,both_correct
4262,descriptive,0,1,0.8175216200500354,0.9479341226489939,internvl_only
4263,descriptive,1,1,0.9603187237182884,0.9492874361489447,both_correct
4264,descriptive,1,1,0.9578611027557644,0.9702322696762162,both_correct
4265,descriptive,1,1,0.9614478042776389,0.9652762439481803,both_correct
4266,descriptive,1,1,0.9392498258354484,0.9160813435442466,both_correct
4267,descriptive,1,1,0.6337311736013617,0.8131152293532544,both_correct
4268,descriptive,1,1,0.5456328704070382,0.6717872613942067,both_correct
4269,descriptive,1,1,0.9754991558852241,0.9774244964312645,both_correct
4270,descriptive,0,1,0.9023636573452477,0.8869745885883258,internvl_only
4271,descriptive,1,1,0.8877526320797495,0.8152035954423182,both_correct
4272,descriptive,1,1,0.8291909356510576,0.8715002183714441,both_correct
4273,descriptive,1,1,0.9305461180536982,0.9336409908962919,both_correct
4274,descriptive,1,1,0.9623099024783027,0.9023878374300612,both_correct
4275,descriptive,1,1,0.9655714886096028,0.9238200324526152,both_correct
4276,descriptive,1,1,0.9281683827356243,0.8730804162238531,both_correct
4277,descriptive,1,1,0.8805170113737754,0.9538511994789284,both_correct
4278,descriptive,0,0,0.5922182118727337,0.6776750729294934,both_wrong
4279,descriptive,1,0,0.6778288784736665,0.2463510358241647,qwen_only
4280,descriptive,1,1,0.8493660436367702,0.7751471374915234,both_correct
4281,descriptive,1,1,0.7709050402265211,0.6943639518647272,both_correct
4282,descriptive,1,1,0.8990986967183877,0.8430371804513496,both_correct
4283,descriptive,1,1,0.8641899094480568,0.8945152088486158,both_correct
4284,descriptive,1,1,0.9004952653099154,0.9295162917981512,both_correct
4285,descriptive,1,1,0.9635316511051794,0.9348074909049008,both_correct
4286,descriptive,1,1,0.803458638556755,0.8373267488353675,both_correct
4287,descriptive,1,1,0.8669245878330931,0.8785870673214894,both_correct
4288,descriptive,0,1,0.8272188218203836,0.9248586998664466,internvl_only
4289,descriptive,1,1,0.8856696133118621,0.5590710273855578,both_correct
4290,descriptive,1,0,0.814420675274288,0.6965952199989299,qwen_only
4291,descriptive,1,1,0.9197883762672653,0.8819362809399824,both_correct
4292,descriptive,1,0,0.8337926035351173,0.6973955520538525,qwen_only
4293,descriptive,1,1,0.938738431633497,0.8575368899336333,both_correct
4294,descriptive,1,1,0.9002324237582366,0.8937672088001556,both_correct
4295,descriptive,1,1,0.8386546979052932,0.8591779822878096,both_correct
4296,descriptive,1,1,0.9866925144024347,0.9669391136653933,both_correct
4297,descriptive,1,1,0.803458638556755,0.8373267488353675,both_correct
4298,descriptive,1,0,0.9282628566361627,0.9421188597182275,qwen_only
4299,descriptive,1,1,0.9256346651155437,0.8560332015898151,both_correct
4300,descriptive,1,1,0.7159195955889369,0.9124015002690998,both_correct
4301,descriptive,1,1,0.754672100478066,0.623238843707579,both_correct
4302,descriptive,1,1,0.8727578879682008,0.832918827725804,both_correct
4303,descriptive,0,1,0.702115818051133,0.6666841853563469,internvl_only
4304,descriptive,1,1,0.9053778149070015,0.8285589575764439,both_correct
4305,descriptive,1,1,0.8386546979052932,0.8591779822878096,both_correct
4306,descriptive,1,1,0.9525830848241847,0.9333874267015244,both_correct
4307,descriptive,1,1,0.966416714131261,0.9563493385022608,both_correct
4308,descriptive,1,0,0.803458638556755,0.8373267488353675,qwen_only
4309,descriptive,1,1,0.9516152223377814,0.9554791777523208,both_correct
4310,descriptive,1,1,0.9364143575278782,0.763423015874952,both_correct
4311,descriptive,1,1,0.8856696133118621,0.5590710273855578,both_correct
4312,descriptive,1,1,0.814420675274288,0.6965952199989299,both_correct
4313,descriptive,1,1,0.7920440332442413,0.8026528084729734,both_correct
4314,descriptive,1,1,0.9384740850926031,0.9415944542848386,both_correct
4315,descriptive,1,1,0.8035660330353253,0.6484191264352933,both_correct
4316,descriptive,1,1,0.8380080720548678,0.8798774141650774,both_correct
4317,descriptive,1,1,0.8835265035048663,0.8851109704021435,both_correct
4318,descriptive,1,1,0.9653111699245135,0.9695872217557479,both_correct
4319,descriptive,1,0,0.9672602327949976,0.9103706435796204,qwen_only
4320,descriptive,1,0,0.9315337144005676,0.8982679090825259,qwen_only
4321,descriptive,1,1,0.8725221192348743,0.9331422503395987,both_correct
4322,descriptive,1,0,0.6519284365779575,0.1758396239440739,qwen_only
4323,descriptive,0,1,0.6778288784736665,0.2463510358241647,internvl_only
4324,descriptive,1,1,0.8447729197512475,0.7413459140359597,both_correct
4325,descriptive,1,1,0.7933060924330497,0.715525770249321,both_correct
4326,descriptive,1,1,0.804971414687583,0.7288579028793202,both_correct
4327,descriptive,1,1,0.905712443019781,0.9348087463000233,both_correct
4328,descriptive,1,1,0.9154235462379632,0.92285095596085,both_correct
4329,descriptive,1,1,0.9783610104267425,0.9373750855266799,both_correct
4330,descriptive,1,1,0.9214083515392172,0.8190936355549016,both_correct
4331,descriptive,1,1,0.960157880025418,0.981570013245209,both_correct
4332,descriptive,1,1,0.9503559260067236,0.9269621068359579,both_correct
4333,descriptive,0,1,0.6778288784736665,0.2463510358241647,internvl_only
4334,descriptive,1,0,0.6519284365779575,0.1758396239440739,qwen_only
4335,descriptive,1,1,0.81273031216803,0.6493109762300787,both_correct
4336,descriptive,1,1,0.8792709494476401,0.7737380471753746,both_correct
4337,descriptive,1,1,0.8115646536756538,0.6304654883846474,both_correct
4338,descriptive,1,1,0.8854783124783303,0.8906689952789957,both_correct
4339,descriptive,1,1,0.8931442923738967,0.9261955561970373,both_correct
4340,descriptive,1,1,0.9589722058058213,0.9162721790133064,both_correct
4341,descriptive,1,1,0.9394420661353308,0.9847044168252058,both_correct
4342,descriptive,1,1,0.9203906300898194,0.8471854197647379,both_correct
4343,descriptive,0,1,0.8528877059128638,0.8964850079313139,internvl_only
4344,descriptive,1,1,0.8798780747041121,0.8490720755725004,both_correct
4345,descriptive,1,1,0.9043161660514049,0.9167354408153126,both_correct
4346,descriptive,1,1,0.9253373169607519,0.9331117521599286,both_correct
4347,descriptive,1,1,0.8437130340897592,0.7765603604234984,both_correct
4348,descriptive,1,1,0.9640982067477503,0.9590123479542851,both_correct
4349,descriptive,1,1,0.920990890033269,0.9103345866015199,both_correct
4350,descriptive,1,1,0.8363348687049675,0.8494792900075131,both_correct
4351,descriptive,1,1,0.9400510870459571,0.9224932354610962,both_correct
4352,descriptive,1,1,0.883251199831693,0.8825650403451448,both_correct
4353,descriptive,1,1,0.961049497302202,0.982115419484628,both_correct
4354,descriptive,0,1,0.8763570844042327,0.9103012086117128,internvl_only
4355,descriptive,1,0,0.7015250842716909,0.8736243928902031,qwen_only
4356,descriptive,1,0,0.6519284365779575,0.1758396239440739,qwen_only
4357,descriptive,1,0,0.8686346889395905,0.7950820706073324,qwen_only
4358,descriptive,1,1,0.9150291487967975,0.8351621131953427,both_correct
4359,descriptive,1,0,0.7358793781419065,0.5540056397591501,qwen_only
4360,descriptive,1,1,0.920990890033269,0.9103345866015199,both_correct
4361,descriptive,1,1,0.864206167859806,0.8554436314484076,both_correct
4362,descriptive,1,1,0.9871370995960175,0.9435697955037126,both_correct
4363,descriptive,1,1,0.9214083515392172,0.8190936355549016,both_correct
4364,descriptive,1,1,0.8957312252426519,0.9441745222131812,both_correct
4365,descriptive,1,1,0.7761006731093358,0.8226110053333461,both_correct
4366,descriptive,1,1,0.8122100154008816,0.9234612957531659,both_correct
4367,descriptive,1,1,0.9418026513598253,0.9722202307700591,both_correct
4368,descriptive,1,0,0.702115818051133,0.6666841853563469,qwen_only
4369,descriptive,1,1,0.8946851226396356,0.8736852725123054,both_correct
4370,descriptive,1,1,0.9003150358406259,0.776625943241074,both_correct
4371,descriptive,1,0,0.8408161588580534,0.7455566533410146,qwen_only
4372,descriptive,1,1,0.9303074869976043,0.9667548747530682,both_correct
4373,descriptive,1,1,0.9750376543718556,0.9371056528848297,both_correct
4374,descriptive,1,1,0.803458638556755,0.8373267488353675,both_correct
4375,descriptive,1,1,0.8912104992412473,0.8432779007954948,both_correct
4376,descriptive,1,1,0.7845244833224586,0.8723883830773561,both_correct
4377,descriptive,1,1,0.8784235728591075,0.5633201529148181,both_correct
4378,descriptive,1,1,0.8164255869295591,0.9273272446371843,both_correct
4379,descriptive,1,1,0.9237282904633917,0.8883374313901024,both_correct
4380,descriptive,1,1,0.6002176760279396,0.6297956771584056,both_correct
4381,descriptive,1,1,0.6345764850588813,0.7072353203527406,both_correct
4382,descriptive,1,1,0.874560699706407,0.9204343418588717,both_correct
4383,descriptive,1,1,0.8318258667544944,0.8983616676130636,both_correct
4384,descriptive,1,1,0.9800543385287867,0.9271995340897741,both_correct
4385,descriptive,1,1,0.9685310062428809,0.9377515487545812,both_correct
4386,descriptive,1,1,0.9656550716456932,0.9663617651130443,both_correct
4387,descriptive,1,1,0.9078612467969942,0.9204645468390648,both_correct
4388,descriptive,1,0,0.9009887598484101,0.6416818593219693,qwen_only
4389,descriptive,1,1,0.877670023849282,0.9447354711603613,both_correct
4390,descriptive,1,1,0.8229118308188369,0.7044139482077331,both_correct
4391,descriptive,0,1,0.7010509523849998,0.7053678551339995,internvl_only
4392,descriptive,1,1,0.8412329697905586,0.8061720862523586,both_correct
4393,descriptive,1,1,0.8811821813082894,0.9033595630714041,both_correct
4394,descriptive,1,1,0.9295997021383722,0.9464356069061258,both_correct
4395,descriptive,1,1,0.9725280861271548,0.9558188021791816,both_correct
4396,descriptive,1,1,0.9599870656162653,0.9212264681333627,both_correct
4397,descriptive,1,1,0.9852609866101578,0.9815629931360653,both_correct
4398,descriptive,1,1,0.90437363063587,0.9493670675832809,both_correct
4399,descriptive,1,1,0.9379787360026152,0.8758929381631408,both_correct
4400,descriptive,1,0,0.9057214387291449,0.8634595187217168,qwen_only
4401,descriptive,1,0,0.7464747522507904,0.7347768775319271,qwen_only
4402,descriptive,0,0,0.8108096517319837,0.7467600410317676,both_wrong
4403,descriptive,1,1,0.7774285685469084,0.5989776973918999,both_correct
4404,descriptive,1,1,0.8584211212114075,0.8839646563668337,both_correct
4405,descriptive,0,0,0.9028352214096345,0.9106831117700344,both_wrong
4406,descriptive,1,1,0.9725280861271548,0.9558188021791816,both_correct
4407,descriptive,1,1,0.803458638556755,0.8373267488353675,both_correct
4408,descriptive,1,0,0.9612853940652142,0.9657140574612472,qwen_only
4409,descriptive,0,0,0.9220607220603444,0.8996818999766414,both_wrong
4410,descriptive,1,1,0.9018168673789684,0.5865223400643358,both_correct
4411,descriptive,1,1,0.8608967142608035,0.49950663774534587,both_correct
4412,descriptive,1,1,0.8528412482741725,0.8510888802447769,both_correct
4413,descriptive,1,1,0.9003150358406259,0.776625943241074,both_correct
4414,descriptive,1,1,0.7804457932457607,0.7051618951660568,both_correct
4415,descriptive,1,1,0.8764273445451289,0.9195635254748253,both_correct
4416,descriptive,1,1,0.8931442923738967,0.9261955561970373,both_correct
4417,descriptive,1,1,0.956210881325372,0.9287964322433958,both_correct
4418,descriptive,1,0,0.869727828555922,0.6940566441277604,qwen_only
4419,descriptive,1,1,0.9811023026068252,0.9473013559545798,both_correct
4420,descriptive,1,1,0.9501228868633158,0.892618664998371,both_correct
4421,descriptive,1,1,0.814420675274288,0.6965952199989299,both_correct
4422,descriptive,1,1,0.8775891043468684,0.5234588404509594,both_correct
4423,descriptive,0,1,0.6690732440772764,0.6877461948813753,internvl_only
4424,descriptive,1,1,0.9606562120716473,0.9580499198598245,both_correct
4425,descriptive,1,1,0.77643761905474,0.7612107990953443,both_correct
4426,descriptive,1,1,0.8982242964990071,0.9031337377476184,both_correct
4427,descriptive,1,0,0.8984112616311659,0.9020655327374738,qwen_only
4428,descriptive,1,1,0.9719639879626691,0.938435087199394,both_correct
4429,descriptive,1,1,0.9441046602459776,0.9107497596237868,both_correct
4430,descriptive,1,1,0.949913185793761,0.9635145341512188,both_correct
4431,descriptive,1,1,0.9319361253733108,0.9415209593168988,both_correct
4432,descriptive,1,0,0.6778288784736665,0.2463510358241647,qwen_only
4433,descriptive,0,0,0.8808675371441309,0.7109071192088114,both_wrong
4434,descriptive,1,1,0.8432546862772805,0.7190978748925518,both_correct
4435,descriptive,1,1,0.8962985016014872,0.8538370193516575,both_correct
4436,descriptive,1,0,0.82710144267204,0.7086832789332371,qwen_only
4437,descriptive,1,1,0.7567323425677922,0.7356150921346013,both_correct
4438,descriptive,1,1,0.9118729044243087,0.9506881392178034,both_correct
4439,descriptive,1,1,0.9306390615762913,0.9383392384701819,both_correct
4440,descriptive,1,1,0.9700657465627905,0.9670608894021189,both_correct
4441,descriptive,1,1,0.9700299100124515,0.957329421354665,both_correct
4442,descriptive,1,1,0.9332328191893486,0.909512310897613,both_correct
4443,descriptive,1,1,0.9018168673789684,0.5865223400643358,both_correct
4444,descriptive,1,1,0.8775891043468684,0.5234588404509594,both_correct
4445,descriptive,1,0,0.8024739051140588,0.6271063558073549,qwen_only
4446,descriptive,1,1,0.9606562120716473,0.9580499198598245,both_correct
4447,descriptive,1,1,0.9640982067477503,0.9590123479542851,both_correct
4448,descriptive,1,1,0.9444779221678977,0.9340550342014267,both_correct
4449,descriptive,1,1,0.9382541481223509,0.9187993968173829,both_correct
4450,descriptive,1,1,0.9648221042255924,0.9581815912894435,both_correct
4451,descriptive,1,1,0.9315337144005676,0.8982679090825259,both_correct
4452,descriptive,1,1,0.9441046602459776,0.9107497596237868,both_correct
4453,descriptive,1,1,0.8718098269784418,0.8841334667924612,both_correct
4454,descriptive,1,1,0.7467576293794314,0.8898206898548998,both_correct
4455,descriptive,0,0,0.6519284365779575,0.1758396239440739,both_wrong
4456,descriptive,1,0,0.912755846505274,0.9112591711976227,qwen_only
4457,descriptive,1,0,0.8669185409174174,0.613083282248078,qwen_only
4458,descriptive,1,0,0.8577318123176952,0.7650698026462796,qwen_only
4459,descriptive,0,0,0.7981039395642221,0.8748257859176387,both_wrong
4460,descriptive,1,1,0.8351168672075394,0.8819047761830365,both_correct
4461,descriptive,1,1,0.9452304044501996,0.9366895985328894,both_correct
4462,descriptive,1,1,0.9434236510116664,0.8298967423986079,both_correct
4463,descriptive,1,1,0.9214083515392172,0.8190936355549016,both_correct
4464,descriptive,0,1,0.7832351229003017,0.8761816726421083,internvl_only
4465,descriptive,1,0,0.8775891043468684,0.5234588404509594,qwen_only
4466,descriptive,1,1,0.9103094611286134,0.949183427224861,both_correct
4467,descriptive,1,1,0.7780227741370158,0.6908497816062996,both_correct
4468,descriptive,0,0,0.806746514674021,0.6343401982299632,both_wrong
4469,descriptive,0,0,0.8201315932400406,0.7287141080798973,both_wrong
4470,descriptive,1,1,0.8735296065754548,0.8890631199227353,both_correct
4471,descriptive,1,1,0.9052603411690157,0.8298993774038196,both_correct
4472,descriptive,1,1,0.9474154165051801,0.9187494358731764,both_correct
4473,descriptive,1,1,0.9315337144005676,0.8982679090825259,both_correct
4474,descriptive,1,1,0.803458638556755,0.8373267488353675,both_correct
4475,descriptive,0,1,0.7832351229003017,0.8761816726421083,internvl_only
4476,descriptive,1,1,0.940545919161089,0.8180253558065886,both_correct
4477,descriptive,1,1,0.8497294160878072,0.6776293829034883,both_correct
4478,descriptive,1,1,0.6793345043390308,0.6903179218617362,both_correct
4479,descriptive,1,1,0.8024739051140588,0.6271063558073549,both_correct
4480,descriptive,1,1,0.9656659402696051,0.9523425786630967,both_correct
4481,descriptive,1,1,0.7985586384121568,0.9099790467479928,both_correct
4482,descriptive,1,1,0.8735610553534349,0.8694552559445726,both_correct
4483,descriptive,1,1,0.9886788370205418,0.9406476823134865,both_correct
4484,descriptive,1,1,0.8957312252426519,0.9441745222131812,both_correct
4485,descriptive,1,1,0.883251199831693,0.8825650403451448,both_correct
4486,descriptive,0,1,0.7355339990878672,0.8979093720236666,internvl_only
4487,descriptive,1,0,0.7603066014772738,0.20035391027861388,qwen_only
4488,descriptive,1,1,0.8294606019357269,0.7483343884631665,both_correct
4489,descriptive,0,0,0.8024739051140588,0.6271063558073549,both_wrong
4490,descriptive,0,1,0.9218996702982747,0.9085305654503497,internvl_only
4491,descriptive,1,1,0.9754991558852241,0.9774244964312645,both_correct
4492,descriptive,1,1,0.8170816353132526,0.7570899677130516,both_correct
4493,descriptive,1,1,0.8675137538763804,0.8915169781603159,both_correct
4494,descriptive,1,1,0.9818499621758283,0.9651566209375088,both_correct
4495,descriptive,1,1,0.9281683827356243,0.8730804162238531,both_correct
4496,descriptive,1,1,0.9441046602459776,0.9107497596237868,both_correct
4497,descriptive,1,1,0.9222161098456004,0.9157361389908272,both_correct
4498,descriptive,1,0,0.6519284365779575,0.1758396239440739,qwen_only
4499,descriptive,1,1,0.5450562082391984,0.8788836925444231,both_correct
4500,descriptive,0,0,0.893881741815689,0.8429675372741225,both_wrong
4501,descriptive,1,1,0.9614140965881625,0.9652954739097792,both_correct
4502,descriptive,1,1,0.7358793781419065,0.5540056397591501,both_correct
4503,descriptive,1,1,0.8849116924342517,0.8984340109442415,both_correct
4504,descriptive,0,1,0.7893295070145117,0.83929576075957,internvl_only
4505,descriptive,1,0,0.9509884641166078,0.9337116237069493,qwen_only
4506,descriptive,1,1,0.803458638556755,0.8373267488353675,both_correct
4507,descriptive,1,1,0.952138840531089,0.9432032465431205,both_correct
4508,descriptive,1,1,0.7832351229003017,0.8761816726421083,both_correct
4509,descriptive,1,1,0.7730196765580958,0.8460646552207901,both_correct
4510,descriptive,1,0,0.6778288784736665,0.2463510358241647,qwen_only
4511,descriptive,0,0,0.8792709494476401,0.7737380471753746,both_wrong
4512,descriptive,1,1,0.8804251009607464,0.8630161023734063,both_correct
4513,descriptive,1,1,0.8512643773733776,0.800623221590834,both_correct
4514,descriptive,1,1,0.9092436594027993,0.8848515814548185,both_correct
4515,descriptive,1,1,0.9000661271385697,0.8992710514078669,both_correct
4516,descriptive,1,1,0.9698182508968052,0.9181601646680121,both_correct
4517,descriptive,1,1,0.803458638556755,0.8373267488353675,both_correct
4518,descriptive,1,1,0.9614049354197967,0.9587189355130179,both_correct
4519,descriptive,1,1,0.9316803996507032,0.9130409216239389,both_correct
4520,descriptive,1,1,0.8162693244687116,0.9402387541869155,both_correct
4521,descriptive,1,0,0.6778288784736665,0.2463510358241647,qwen_only
4522,descriptive,1,0,0.7453810461525694,0.6452967532032993,qwen_only
4523,descriptive,1,1,0.8790546408828057,0.6715486640786621,both_correct
4524,descriptive,0,1,0.8686346889395905,0.7950820706073324,internvl_only
4525,descriptive,1,1,0.9091066882491956,0.9234849223871108,both_correct
4526,descriptive,0,1,0.8835265035048663,0.8851109704021435,internvl_only
4527,descriptive,1,1,0.9665748601817589,0.9227801635173162,both_correct
4528,descriptive,1,1,0.9734932975483458,0.9833239943809429,both_correct
4529,descriptive,1,1,0.9261179205793282,0.9791354939138548,both_correct
4530,descriptive,1,1,0.9445889611117313,0.936120422093417,both_correct
4531,descriptive,1,1,0.9068787730651059,0.8952792037182651,both_correct
4532,descriptive,1,1,0.8059836695290106,0.914005981377042,both_correct
4533,descriptive,1,1,0.8962985016014872,0.8538370193516575,both_correct
4534,descriptive,1,1,0.9054986796212207,0.9339002007750034,both_correct
4535,descriptive,1,1,0.8801556614102295,0.907577157517801,both_correct
4536,descriptive,1,1,0.88874841954739,0.8682685162695536,both_correct
4537,descriptive,1,0,0.8265297894469944,0.8894489121527938,qwen_only
4538,descriptive,1,1,0.9178729208159856,0.86321056431659,both_correct
4539,descriptive,1,1,0.9214083515392172,0.8190936355549016,both_correct
4540,descriptive,1,1,0.803458638556755,0.8373267488353675,both_correct
4541,descriptive,1,1,0.9364143575278782,0.763423015874952,both_correct
4542,descriptive,1,1,0.892441906317919,0.8256652668004836,both_correct
4543,descriptive,1,1,0.7364687873413553,0.7826579087094623,both_correct
4544,descriptive,1,1,0.9062768831733419,0.8572061704909505,both_correct
4545,descriptive,1,0,0.8458564999070503,0.708409626558074,qwen_only
4546,descriptive,1,1,0.9453807807004582,0.8715391435283432,both_correct
4547,descriptive,1,1,0.9263850500260253,0.9418056873233963,both_correct
4548,descriptive,0,0,0.8561013150630135,0.8424878820790955,both_wrong
4549,descriptive,1,1,0.9641942166770617,0.9678557355967516,both_correct
4550,descriptive,1,1,0.9788522981925538,0.9726067839717882,both_correct
4551,descriptive,1,1,0.9471113053578079,0.9517485075638752,both_correct
4552,descriptive,1,1,0.8888929607191023,0.9417502494581501,both_correct
4553,descriptive,1,1,0.9294515788850082,0.8812072334196804,both_correct
4554,descriptive,1,1,0.8449623806651042,0.665819849635463,both_correct
4555,descriptive,1,1,0.8874060673262033,0.9157654923330505,both_correct
4556,descriptive,1,1,0.81273031216803,0.6493109762300787,both_correct
4557,descriptive,1,1,0.8801783905981233,0.8802224675763477,both_correct
4558,descriptive,1,1,0.8676045757027856,0.885538952186192,both_correct
4559,descriptive,1,0,0.8459869538417354,0.7799432536120212,qwen_only
4560,descriptive,1,1,0.9320822969071302,0.9351552393896568,both_correct
4561,descriptive,1,1,0.8496852557236599,0.8174101114001149,both_correct
4562,descriptive,1,1,0.8716848747390876,0.8980424956765449,both_correct
4563,descriptive,1,1,0.8976704938886639,0.9247238162602638,both_correct
4564,descriptive,1,1,0.8694984105551726,0.8220331775425629,both_correct
4565,descriptive,1,0,0.8045162870467362,0.6419299268850136,qwen_only
4566,descriptive,1,1,0.8792709494476401,0.7737380471753746,both_correct
4567,descriptive,1,1,0.9150291487967975,0.8351621131953427,both_correct
4568,descriptive,1,1,0.8995412080474176,0.8961621880196925,both_correct
4569,descriptive,0,0,0.8090150943335013,0.8202605468162159,both_wrong
4570,descriptive,0,1,0.8393091288199853,0.8991669855149623,internvl_only
4571,descriptive,1,1,0.938457916841238,0.873159932193203,both_correct
4572,descriptive,1,1,0.9759940189216005,0.9714982771112843,both_correct
4573,descriptive,1,1,0.9214083515392172,0.8190936355549016,both_correct
4574,descriptive,1,1,0.9365832247285877,0.9439693855794253,both_correct
4575,descriptive,1,1,0.8784235728591075,0.5633201529148181,both_correct
4576,descriptive,1,1,0.869008067407418,0.8923082470527177,both_correct
4577,descriptive,1,1,0.9634260691609426,0.9620377676135046,both_correct
4578,descriptive,1,1,0.9652493823636434,0.9536635225470844,both_correct
4579,descriptive,1,0,0.702115818051133,0.6666841853563469,qwen_only
4580,descriptive,1,1,0.8270105409588548,0.8467409024560597,both_correct
4581,descriptive,1,1,0.8141543882643869,0.8542484856678098,both_correct
4582,descriptive,1,0,0.9594530121165581,0.8843403666482408,qwen_only
4583,descriptive,1,1,0.9282628566361627,0.9421188597182275,both_correct
4584,descriptive,1,1,0.9690966767076895,0.9561253948546546,both_correct
4585,descriptive,1,1,0.9319361253733108,0.9415209593168988,both_correct
4586,descriptive,1,1,0.807319813686962,0.767056445345945,both_correct
4587,descriptive,1,0,0.8757045176271996,0.5859851194065518,qwen_only
4588,descriptive,1,1,0.9211253438822654,0.9366833148855633,both_correct
4589,descriptive,0,1,0.8995835548994763,0.8642301304484502,internvl_only
4590,descriptive,0,1,0.7969411380958423,0.7447952192664822,internvl_only
4591,descriptive,1,1,0.842688589532427,0.9359538039212447,both_correct
4592,descriptive,1,0,0.9059319984815488,0.8537517841636495,qwen_only
4593,descriptive,1,1,0.9715128218802801,0.9497745597995728,both_correct
4594,descriptive,1,1,0.9681004460747481,0.9802347051861883,both_correct
4595,descriptive,1,1,0.9713695510526474,0.9604449797861984,both_correct
4596,descriptive,1,1,0.8257156830870123,0.9092439221501698,both_correct
4597,descriptive,1,0,0.8574089768876013,0.8888938544714973,qwen_only
4598,descriptive,1,1,0.8819711420334857,0.765013172634118,both_correct
4599,descriptive,1,1,0.9003150358406259,0.776625943241074,both_correct
4600,descriptive,1,1,0.7596303613740765,0.7267221497678302,both_correct
4601,descriptive,0,1,0.8378983023627334,0.720323064664816,internvl_only
4602,descriptive,1,1,0.7682075954883829,0.7103527426539304,both_correct
4603,descriptive,0,1,0.8830263312188253,0.8379639626317988,internvl_only
4604,descriptive,1,1,0.9635316511051794,0.9348074909049008,both_correct
4605,descriptive,1,1,0.803458638556755,0.8373267488353675,both_correct
4606,descriptive,1,0,0.9214083515392172,0.8190936355549016,qwen_only
4607,descriptive,1,1,0.9152428046608435,0.8713106853458489,both_correct
4608,descriptive,1,1,0.7082862078747686,0.6224965132515212,both_correct
4609,descriptive,1,0,0.7611101692501476,0.6607906174415445,qwen_only
4610,descriptive,0,1,0.7872711155926182,0.7236497782292524,internvl_only
4611,descriptive,1,0,0.9383594365795355,0.9402441235501203,qwen_only
4612,descriptive,0,1,0.8990986967183877,0.8430371804513496,internvl_only
4613,descriptive,1,1,0.7953090423821423,0.7057741648846615,both_correct
4614,descriptive,1,1,0.9281897311618825,0.9507870589793515,both_correct
4615,descriptive,1,1,0.9770335557034825,0.9545265286530464,both_correct
4616,descriptive,1,1,0.9214083515392172,0.8190936355549016,both_correct
4617,descriptive,1,1,0.9656550716456932,0.9663617651130443,both_correct
4618,descriptive,0,0,0.8575043685832273,0.9283432415072748,both_wrong
4619,descriptive,1,1,0.5922182118727337,0.6776750729294934,both_correct
4620,descriptive,1,1,0.8200182472270672,0.942016809310511,both_correct
4621,descriptive,1,1,0.8947148696285363,0.9055348161840643,both_correct
4622,descriptive,1,1,0.8024739051140588,0.6271063558073549,both_correct
4623,descriptive,1,1,0.7933060924330497,0.715525770249321,both_correct
4624,descriptive,1,1,0.9289330837162689,0.9020203370671606,both_correct
4625,descriptive,1,1,0.8979781895552922,0.9376604119397192,both_correct
4626,descriptive,1,1,0.9719547874625032,0.9268317644277999,both_correct
4627,descriptive,1,1,0.8496852557236599,0.8174101114001149,both_correct
4628,descriptive,0,0,0.7761880206626893,0.7745557890246149,both_wrong
4629,descriptive,1,1,0.9273477158383485,0.8997844560203547,both_correct
4630,descriptive,1,0,0.6778288784736665,0.2463510358241647,qwen_only
4631,descriptive,1,1,0.833658390461464,0.803158957634937,both_correct
4632,descriptive,1,1,0.9186190067800076,0.916488988583902,both_correct
4633,descriptive,1,1,0.9226565209307033,0.8416442037233112,both_correct
4634,descriptive,1,1,0.7585536127595354,0.7141884199037793,both_correct
4635,descriptive,1,1,0.8304171221746508,0.8371861714075957,both_correct
4636,descriptive,0,1,0.7934109296787804,0.7929639201039563,internvl_only
4637,descriptive,1,1,0.9667100361242015,0.9844107712094798,both_correct
4638,descriptive,1,1,0.9675771610394363,0.9842243784096133,both_correct
4639,descriptive,1,1,0.9471064501544846,0.9572605067131182,both_correct
4640,descriptive,1,1,0.90437363063587,0.9493670675832809,both_correct
4641,descriptive,0,0,0.8251424038287691,0.5937420258127423,both_wrong
4642,descriptive,1,1,0.7760860085684052,0.8962872438049323,both_correct
4643,descriptive,1,1,0.8577318123176952,0.7650698026462796,both_correct
4644,descriptive,1,0,0.7940881455094937,0.5908803918872186,qwen_only
4645,descriptive,1,1,0.8792709494476401,0.7737380471753746,both_correct
4646,descriptive,0,1,0.813097811383099,0.7905120936874426,internvl_only
4647,descriptive,1,1,0.8676045757027856,0.885538952186192,both_correct
4648,descriptive,1,1,0.9473513730575184,0.8926956114049446,both_correct
4649,descriptive,1,1,0.9281683827356243,0.8730804162238531,both_correct
4650,descriptive,1,1,0.963488063413827,0.9716721238327009,both_correct
4651,descriptive,1,1,0.9514091602343128,0.9464671686500484,both_correct
4652,descriptive,0,0,0.7412104930437022,0.8341406128278017,both_wrong
4653,descriptive,1,1,0.814116411693794,0.7647077570490695,both_correct
4654,descriptive,1,1,0.8990986967183877,0.8430371804513496,both_correct
4655,descriptive,1,1,0.9173271715802058,0.9159293994699568,both_correct
4656,descriptive,1,1,0.8959369637576511,0.8924208793426763,both_correct
4657,descriptive,1,1,0.9031060141962016,0.8898568004691145,both_correct
4658,descriptive,1,1,0.9049597498287243,0.9111528434557336,both_correct
4659,descriptive,1,1,0.9902218381255973,0.9511132623369756,both_correct
4660,descriptive,1,1,0.9328046482830586,0.967698324006235,both_correct
4661,descriptive,1,1,0.9256521388960327,0.9816959636242488,both_correct
4662,descriptive,1,1,0.9141662003516372,0.9568137638456929,both_correct
4663,descriptive,1,1,0.8670644914734591,0.902254151872629,both_correct
4664,descriptive,1,1,0.5456328704070382,0.6717872613942067,both_correct
4665,descriptive,1,1,0.8181092386742149,0.5994245056659264,both_correct
4666,descriptive,1,1,0.8737893990888164,0.7344784611777787,both_correct
4667,descriptive,0,1,0.7065910827684568,0.6682541998046495,internvl_only
4668,descriptive,1,1,0.8920655152669508,0.9213311584869575,both_correct
4669,descriptive,1,1,0.8298796784612219,0.8328101742317291,both_correct
4670,descriptive,1,1,0.9770335557034825,0.9545265286530464,both_correct
4671,descriptive,1,1,0.9672602327949976,0.9103706435796204,both_correct
4672,descriptive,1,1,0.9282628566361627,0.9421188597182275,both_correct
4673,descriptive,1,1,0.935363243107844,0.9369305779470537,both_correct
4674,descriptive,0,1,0.7412104930437022,0.8341406128278017,internvl_only
4675,descriptive,1,0,0.754672100478066,0.623238843707579,qwen_only
4676,descriptive,1,1,0.9226565209307033,0.8416442037233112,both_correct
4677,descriptive,1,1,0.8954982013619229,0.8556865691988759,both_correct
4678,descriptive,0,0,0.9227765038629304,0.8996000098483251,both_wrong
4679,descriptive,1,1,0.8287395658623257,0.7537991586836811,both_correct
4680,descriptive,1,1,0.908853301746482,0.8025029233328119,both_correct
4681,descriptive,1,1,0.9033685861324297,0.8880894496261064,both_correct
4682,descriptive,1,1,0.9214083515392172,0.8190936355549016,both_correct
4683,descriptive,1,1,0.883251199831693,0.8825650403451448,both_correct
4684,descriptive,1,1,0.9368301931889019,0.9265066302048778,both_correct
4685,descriptive,1,1,0.757609314536082,0.9102839789385752,both_correct
4686,descriptive,1,1,0.9133386557276129,0.7728203640367945,both_correct
4687,descriptive,1,1,0.8059198873457265,0.6443352042734368,both_correct
4688,descriptive,1,1,0.8122467380595912,0.7697388005112872,both_correct
4689,descriptive,1,0,0.702115818051133,0.6666841853563469,qwen_only
4690,descriptive,1,1,0.862319243935521,0.8871514207163212,both_correct
4691,descriptive,1,1,0.9300891798725707,0.944485982683005,both_correct
4692,descriptive,1,1,0.9197133773476821,0.9108829327714639,both_correct
4693,descriptive,1,1,0.9672602327949976,0.9103706435796204,both_correct
4694,descriptive,1,1,0.9282628566361627,0.9421188597182275,both_correct
4695,descriptive,1,1,0.9703912240881957,0.9171513243898187,both_correct
4696,descriptive,1,1,0.8784235728591075,0.5633201529148181,both_correct
4697,descriptive,1,0,0.6318860868285425,0.2184535284377075,qwen_only
4698,descriptive,1,1,0.9250789730370196,0.9153875604897748,both_correct
4699,descriptive,1,1,0.9681781396012684,0.9663439481862084,both_correct
4700,descriptive,1,1,0.9391849945536277,0.934398892687292,both_correct
4701,descriptive,1,1,0.9166852087983877,0.9401248133877881,both_correct
4702,descriptive,1,1,0.7720031223477536,0.8623144376015024,both_correct
4703,descriptive,1,1,0.9705644362175782,0.9390479624657,both_correct
4704,descriptive,1,1,0.9098157378075832,0.8869637061084094,both_correct
4705,descriptive,1,1,0.9813964247607363,0.9734714438569821,both_correct
4706,descriptive,1,1,0.8895181979411236,0.8639987720556367,both_correct
4707,descriptive,1,0,0.5456328704070382,0.6717872613942067,qwen_only
4708,descriptive,1,1,0.7315436107223199,0.7306821484883623,both_correct
4709,descriptive,1,1,0.9286585425564536,0.8974382553337014,both_correct
4710,descriptive,1,1,0.9248269605723971,0.9305934673468216,both_correct
4711,descriptive,0,1,0.7449952125272586,0.7987338824918437,internvl_only
4712,descriptive,1,1,0.9500724273727577,0.7874977836066891,both_correct
4713,descriptive,1,1,0.8899412608072335,0.8816230953816508,both_correct
4714,descriptive,1,1,0.9752311956456088,0.9649825497453149,both_correct
4715,descriptive,1,1,0.803458638556755,0.8373267488353675,both_correct
4716,descriptive,1,1,0.9672602327949976,0.9103706435796204,both_correct
4717,descriptive,1,1,0.9256307438889585,0.8765646688660235,both_correct
4718,descriptive,0,1,0.7903195823784298,0.9262102809025046,internvl_only
4719,descriptive,0,1,0.6628174971262114,0.8119511838524093,internvl_only
4720,descriptive,1,1,0.8792709494476401,0.7737380471753746,both_correct
4721,descriptive,1,1,0.9488475462254746,0.9535237712735534,both_correct
4722,descriptive,1,1,0.9564656075267064,0.9571526190862771,both_correct
4723,descriptive,1,1,0.8767386275763254,0.8511362758835391,both_correct
4724,descriptive,1,1,0.8685257388549462,0.8539228153020542,both_correct
4725,descriptive,1,1,0.9509884641166078,0.9337116237069493,both_correct
4726,descriptive,1,1,0.9685122065842984,0.9798566732700017,both_correct
4727,descriptive,1,0,0.9441046602459776,0.9107497596237868,qwen_only
4728,descriptive,1,1,0.8867078845256025,0.9245058427755265,both_correct
4729,descriptive,1,1,0.8045162870467362,0.6419299268850136,both_correct
4730,descriptive,0,0,0.6318860868285425,0.2184535284377075,both_wrong
4731,descriptive,0,1,0.8181092386742149,0.5994245056659264,internvl_only
4732,descriptive,1,1,0.9096675625694052,0.9316784222209948,both_correct
4733,descriptive,1,1,0.8035660330353253,0.6484191264352933,both_correct
4734,descriptive,1,1,0.942414751497368,0.9676362171764914,both_correct
4735,descriptive,1,1,0.9393999710416534,0.9616251362663057,both_correct
4736,descriptive,1,1,0.957071054905682,0.9622916333657626,both_correct
4737,descriptive,1,1,0.9771201528365683,0.9773586802527247,both_correct
4738,descriptive,0,1,0.803458638556755,0.8373267488353675,internvl_only
4739,descriptive,1,1,0.9200335093226563,0.9138566112211643,both_correct
4740,descriptive,1,1,0.7315436107223199,0.7306821484883623,both_correct
4741,descriptive,0,1,0.6884157877355244,0.931026270277686,internvl_only
4742,descriptive,1,1,0.7640360556852065,0.6776144379949538,both_correct
4743,descriptive,0,1,0.8167351091930403,0.7159311651160662,internvl_only
4744,descriptive,1,1,0.9003150358406259,0.776625943241074,both_correct
4745,descriptive,1,1,0.9239010363263568,0.9120759030459075,both_correct
4746,descriptive,1,1,0.9186058017922022,0.8554456441308411,both_correct
4747,descriptive,1,1,0.9751650137231932,0.8825606884068571,both_correct
4748,descriptive,1,1,0.803458638556755,0.8373267488353675,both_correct
4749,descriptive,1,0,0.9214083515392172,0.8190936355549016,qwen_only
4750,descriptive,1,1,0.9501228868633158,0.892618664998371,both_correct
4751,descriptive,1,1,0.6519284365779575,0.1758396239440739,both_correct
4752,descriptive,1,1,0.6318860868285425,0.2184535284377075,both_correct
4753,descriptive,1,0,0.8501411646145908,0.570662668128054,qwen_only
4754,descriptive,1,1,0.9507911866947345,0.9486983671096851,both_correct
4755,descriptive,1,1,0.9253373169607519,0.9331117521599286,both_correct
4756,descriptive,1,1,0.7934109296787804,0.7929639201039563,both_correct
4757,descriptive,1,1,0.9017571893437486,0.8432137383022469,both_correct
4758,descriptive,1,1,0.9485632847992421,0.9449955163764414,both_correct
4759,descriptive,1,1,0.9214083515392172,0.8190936355549016,both_correct
4760,descriptive,1,1,0.9682261601902297,0.9729813794970571,both_correct
4761,descriptive,1,1,0.7761006731093358,0.8226110053333461,both_correct
4762,descriptive,1,0,0.6519284365779575,0.1758396239440739,qwen_only
4763,descriptive,1,1,0.6778288784736665,0.2463510358241647,both_correct
4764,descriptive,1,1,0.9143892158057271,0.7653850368316953,both_correct
4765,descriptive,1,1,0.8879590985198199,0.7081469672965384,both_correct
4766,descriptive,1,1,0.9363722921826013,0.9185103452208926,both_correct
4767,descriptive,1,1,0.7973661387564089,0.7578979754776245,both_correct
4768,descriptive,0,1,0.8742745391095164,0.8048138358057567,internvl_only
4769,descriptive,1,1,0.9592174015038433,0.9577468429242322,both_correct
4770,descriptive,1,1,0.9315337144005676,0.8982679090825259,both_correct
4771,descriptive,1,1,0.9417142279946848,0.9536522921556618,both_correct
4772,descriptive,1,1,0.8396361904187477,0.9174692851397482,both_correct
4773,descriptive,1,0,0.7603066014772738,0.20035391027861388,qwen_only
4774,descriptive,1,1,0.9260837869307003,0.6819410481192876,both_correct
4775,descriptive,1,0,0.9313686006318679,0.8812414595527907,qwen_only
4776,descriptive,1,0,0.5403478847485585,0.6645321301479051,qwen_only
4777,descriptive,1,1,0.8300454127848799,0.6711139062325099,both_correct
4778,descriptive,1,1,0.8699396214636219,0.8547789867308345,both_correct
4779,descriptive,1,1,0.8835265035048663,0.8851109704021435,both_correct
4780,descriptive,1,1,0.9640781841023616,0.9428423600461723,both_correct
4781,descriptive,1,1,0.9214083515392172,0.8190936355549016,both_correct
4782,descriptive,1,1,0.8957312252426519,0.9441745222131812,both_correct
4783,descriptive,1,1,0.8853045542053782,0.9677309253814697,both_correct
4784,descriptive,0,0,0.5206434534847623,0.49341396990657516,both_wrong
4785,descriptive,1,1,0.8856696133118621,0.5590710273855578,both_correct
4786,descriptive,1,1,0.8686346889395905,0.7950820706073324,both_correct
4787,descriptive,1,1,0.9271711117962813,0.936034929903412,both_correct
4788,descriptive,0,1,0.8941265408432987,0.8899289927558623,internvl_only
4789,descriptive,1,1,0.8049230227282995,0.7977980545689591,both_correct
4790,descriptive,1,1,0.9084219270502497,0.890920591998244,both_correct
4791,descriptive,1,1,0.9850393579525382,0.9626023295324638,both_correct
4792,descriptive,1,1,0.9216728434359166,0.842423298073923,both_correct
4793,descriptive,1,1,0.9214083515392172,0.8190936355549016,both_correct
4794,descriptive,1,1,0.9319361253733108,0.9415209593168988,both_correct
4795,descriptive,0,1,0.7082862078747686,0.6224965132515212,internvl_only
4796,descriptive,1,1,0.8251424038287691,0.5937420258127423,both_correct
4797,descriptive,1,1,0.7333073523412795,0.7234311255827907,both_correct
4798,descriptive,1,1,0.7710815920912334,0.6237913699757301,both_correct
4799,descriptive,1,0,0.7358793781419065,0.5540056397591501,qwen_only
4800,descriptive,1,1,0.9220660404639219,0.9485417624972577,both_correct
4801,descriptive,1,1,0.9385184663075172,0.930138506659231,both_correct
4802,descriptive,1,1,0.9547776801041784,0.8980077147142866,both_correct
4803,descriptive,1,1,0.9737640401785073,0.942532447013145,both_correct
4804,descriptive,1,1,0.9230425151692921,0.9754635287856642,both_correct
4805,descriptive,1,1,0.9319361253733108,0.9415209593168988,both_correct
4806,descriptive,1,1,0.7704719882675767,0.7779192860243362,both_correct
4807,descriptive,1,1,0.8190761212164956,0.9620421708955061,both_correct
4808,descriptive,1,1,0.5861576947187421,0.6477162612974984,both_correct
4809,descriptive,1,1,0.7065910827684568,0.6682541998046495,both_correct
4810,descriptive,1,1,0.7585536127595354,0.7141884199037793,both_correct
4811,descriptive,1,1,0.8970243374376589,0.9148119407726354,both_correct
4812,descriptive,1,1,0.8641260804555875,0.9130667615055482,both_correct
4813,descriptive,1,1,0.983971758871268,0.9378381644790279,both_correct
4814,descriptive,1,0,0.803458638556755,0.8373267488353675,qwen_only
4815,descriptive,1,1,0.8634495605248605,0.8400248720131521,both_correct
4816,descriptive,1,1,0.8635489846063489,0.9152289092482488,both_correct
4817,descriptive,1,0,0.6318860868285425,0.2184535284377075,qwen_only
4818,descriptive,1,1,0.807319813686962,0.767056445345945,both_correct
4819,descriptive,1,0,0.9003150358406259,0.776625943241074,qwen_only
4820,descriptive,1,1,0.8531275742800913,0.860031048766112,both_correct
4821,descriptive,1,1,0.893472328132596,0.8796463963578512,both_correct
4822,descriptive,1,1,0.9140376103114703,0.9347744025131111,both_correct
4823,descriptive,1,1,0.8887806174571202,0.9434849693739071,both_correct
4824,descriptive,1,1,0.9594530121165581,0.8843403666482408,both_correct
4825,descriptive,1,1,0.9551079696871884,0.9353172070979677,both_correct
4826,descriptive,1,1,0.9659632674828964,0.95138845259115,both_correct
4827,descriptive,1,1,0.631939829123426,0.6529361198513305,both_correct
4828,descriptive,1,1,0.7603066014772738,0.20035391027861388,both_correct
4829,descriptive,0,0,0.8277580754730738,0.839041015986383,both_wrong
4830,descriptive,1,1,0.8792709494476401,0.7737380471753746,both_correct
4831,descriptive,1,1,0.9374522110533641,0.9353420827142425,both_correct
4832,descriptive,1,1,0.9731300556948497,0.9593129700616033,both_correct
4833,descriptive,1,1,0.8167837160629369,0.8061710310595817,both_correct
4834,descriptive,1,1,0.8830292325420172,0.9032245315059804,both_correct
4835,descriptive,1,1,0.9705644362175782,0.9390479624657,both_correct
4836,descriptive,1,1,0.9214083515392172,0.8190936355549016,both_correct
4837,descriptive,0,1,0.803458638556755,0.8373267488353675,internvl_only
4838,descriptive,1,1,0.8956658761276491,0.9628032787786658,both_correct
4839,descriptive,1,1,0.906023699687855,0.8724350560693022,both_correct
4840,descriptive,1,1,0.8562077002923071,0.9495471091583101,both_correct
4841,descriptive,1,1,0.9003150358406259,0.776625943241074,both_correct
4842,descriptive,1,1,0.9250789730370196,0.9153875604897748,both_correct
4843,descriptive,1,1,0.7453810461525694,0.6452967532032993,both_correct
4844,descriptive,1,1,0.8918602391336872,0.9222384609287216,both_correct
4845,descriptive,1,1,0.882856129576696,0.8963843780323866,both_correct
4846,descriptive,1,1,0.938457916841238,0.873159932193203,both_correct
4847,descriptive,1,1,0.9638544269211314,0.9484715346594049,both_correct
4848,descriptive,1,1,0.9282628566361627,0.9421188597182275,both_correct
4849,descriptive,1,1,0.9445889611117313,0.936120422093417,both_correct
4850,descriptive,1,1,0.8483357765554367,0.5812724649030852,both_correct
4851,descriptive,1,1,0.713027068002444,0.9467759949998493,both_correct
4852,descriptive,1,1,0.8099928187375444,0.759598256264757,both_correct
4853,descriptive,1,0,0.9290258584011785,0.8946895065757974,qwen_only
4854,descriptive,1,1,0.867275977016418,0.739235367787949,both_correct
4855,descriptive,1,1,0.9131224663924943,0.9128294634674311,both_correct
4856,descriptive,1,1,0.9242217129162889,0.9086974140876832,both_correct
4857,descriptive,1,1,0.970832514915751,0.9333333970237188,both_correct
4858,descriptive,0,1,0.803458638556755,0.8373267488353675,internvl_only
4859,descriptive,1,1,0.9434920262491887,0.957515966400948,both_correct
4860,descriptive,0,0,0.9445889611117313,0.936120422093417,both_wrong
4861,descriptive,1,1,0.8497294160878072,0.6776293829034883,both_correct
4862,descriptive,1,1,0.5456328704070382,0.6717872613942067,both_correct
4863,descriptive,1,0,0.9070304752328591,0.8036484123602291,qwen_only
4864,descriptive,1,0,0.8432546862772805,0.7190978748925518,qwen_only
4865,descriptive,1,0,0.6690732440772764,0.6877461948813753,qwen_only
4866,descriptive,1,1,0.8663558445844247,0.8974659624305947,both_correct
4867,descriptive,0,0,0.8109785162607651,0.8028469697512637,both_wrong
4868,descriptive,0,1,0.9509884641166078,0.9337116237069493,internvl_only
4869,descriptive,1,0,0.8871295168304059,0.8445833417431389,qwen_only
4870,descriptive,1,1,0.9682261601902297,0.9729813794970571,both_correct
4871,descriptive,1,1,0.8981545408545722,0.9441751329538292,both_correct
4872,descriptive,1,1,0.754672100478066,0.623238843707579,both_correct
4873,descriptive,1,1,0.6778288784736665,0.2463510358241647,both_correct
4874,descriptive,1,1,0.8691725301483137,0.7508130539546414,both_correct
4875,descriptive,1,1,0.8928895113919236,0.8637142170477469,both_correct
4876,descriptive,1,1,0.9088408633875479,0.8780962049822945,both_correct
4877,descriptive,1,1,0.7901587484830299,0.6924485484954257,both_correct
4878,descriptive,1,1,0.8526436562524169,0.8947618224318816,both_correct
4879,descriptive,1,1,0.9670551585612893,0.9687054045867697,both_correct
4880,descriptive,1,1,0.9374469480586582,0.9347343807796257,both_correct
4881,descriptive,1,1,0.803458638556755,0.8373267488353675,both_correct
4882,descriptive,1,1,0.8981666220593908,0.9349821974514767,both_correct
4883,descriptive,1,1,0.8781801889468253,0.8055722137123583,both_correct
4884,descriptive,1,0,0.8316381180312673,0.7750140402644239,qwen_only
4885,descriptive,1,1,0.7306842547553121,0.6824232709676207,both_correct
4886,descriptive,1,1,0.9391849945536277,0.934398892687292,both_correct
4887,descriptive,0,0,0.7065910827684568,0.6682541998046495,both_wrong
4888,descriptive,1,1,0.9076105249878486,0.9611600156882049,both_correct
4889,descriptive,1,1,0.9311636960548538,0.845703729730611,both_correct
4890,descriptive,0,0,0.9326433315520869,0.940006901802265,both_wrong
4891,descriptive,1,1,0.9562975777255143,0.9624755286184689,both_correct
4892,descriptive,1,1,0.9640398212510722,0.970697761973865,both_correct
4893,descriptive,1,1,0.7919523277222623,0.8725634528815254,both_correct
4894,descriptive,0,0,0.776305022577724,0.6151716451759227,both_wrong
4895,descriptive,1,1,0.7611101692501476,0.6607906174415445,both_correct
4896,descriptive,1,1,0.9003150358406259,0.776625943241074,both_correct
4897,descriptive,0,1,0.702115818051133,0.6666841853563469,internvl_only
4898,descriptive,1,1,0.8877526320797495,0.8152035954423182,both_correct
4899,descriptive,0,1,0.8505197563914112,0.9169052118791028,internvl_only
4900,descriptive,1,1,0.8557322984792037,0.8802851051462377,both_correct
4901,descriptive,1,1,0.9620669772040908,0.9596931975423793,both_correct
4902,descriptive,1,1,0.9214083515392172,0.8190936355549016,both_correct
4903,descriptive,1,1,0.9316691519909017,0.848714873039,both_correct
4904,descriptive,1,1,0.8392277509661739,0.9421631179449919,both_correct
4905,descriptive,1,1,0.812341701260488,0.9325425173787087,both_correct
4906,descriptive,1,1,0.8505630513080695,0.8915545617895559,both_correct
4907,descriptive,1,0,0.8978065144703491,0.8863840891776505,qwen_only
4908,descriptive,1,1,0.803936568066755,0.764021873298358,both_correct
4909,descriptive,1,1,0.9143892158057271,0.7653850368316953,both_correct
4910,descriptive,1,1,0.8145184851482848,0.7825778286915052,both_correct
4911,descriptive,1,1,0.8156990822359514,0.8220001094365285,both_correct
4912,descriptive,1,1,0.9762504128646576,0.9642124928740765,both_correct
4913,descriptive,1,1,0.9496052117429377,0.9320988270035374,both_correct
4914,descriptive,1,1,0.9214083515392172,0.8190936355549016,both_correct
4915,descriptive,1,1,0.8257156830870123,0.9092439221501698,both_correct
4916,descriptive,0,0,0.814420675274288,0.6965952199989299,both_wrong
4917,descriptive,1,0,0.4640692174138113,0.4515242439505506,qwen_only
4918,descriptive,1,1,0.7705272576549833,0.6202579255145177,both_correct
4919,descriptive,1,1,0.9113592006771739,0.7968474975469847,both_correct
4920,descriptive,1,1,0.7290891641759849,0.7314431887934902,both_correct
4921,descriptive,1,1,0.8516393095084966,0.8172987341016957,both_correct
4922,descriptive,1,1,0.7936679402739039,0.8910215922138459,both_correct
4923,descriptive,1,1,0.9604734858633112,0.9260621882800135,both_correct
4924,descriptive,1,1,0.803458638556755,0.8373267488353675,both_correct
4925,descriptive,1,0,0.9214083515392172,0.8190936355549016,qwen_only
4926,descriptive,1,1,0.9300622996917024,0.937725719916479,both_correct
4927,descriptive,0,0,0.7603066014772738,0.20035391027861388,both_wrong
4928,descriptive,1,1,0.7241674377410794,0.9365057152425479,both_correct
4929,descriptive,1,1,0.8207663426629395,0.8420861757196811,both_correct
4930,descriptive,1,1,0.8338777608964012,0.690553221503796,both_correct
4931,descriptive,1,1,0.901013491731832,0.94838339244156,both_correct
4932,descriptive,1,1,0.8510956955566358,0.8712503627156384,both_correct
4933,descriptive,1,0,0.8438687952772881,0.8529628848228188,qwen_only
4934,descriptive,1,1,0.9685162515781413,0.933245776153341,both_correct
4935,descriptive,1,1,0.9230425151692921,0.9754635287856642,both_correct
4936,descriptive,1,1,0.9652855254738856,0.9789245410079587,both_correct
4937,descriptive,0,1,0.8773577060459065,0.9474191812845963,internvl_only
4938,descriptive,1,1,0.8592717012382155,0.9414295547459597,both_correct
4939,descriptive,0,1,0.7895467409904864,0.9243240632245255,internvl_only
4940,descriptive,1,1,0.8221139518217438,0.7369599375011576,both_correct
4941,descriptive,1,1,0.9094291838534299,0.8331103368522687,both_correct
4942,descriptive,1,0,0.8017257450953577,0.7318030270503205,qwen_only
4943,descriptive,0,1,0.9022059892832776,0.9429849893938881,internvl_only
4944,descriptive,1,0,0.7945060067057906,0.7111733852021493,qwen_only
4945,descriptive,1,0,0.946480511349799,0.9038722377874848,qwen_only
4946,descriptive,1,1,0.9434920262491887,0.957515966400948,both_correct
4947,descriptive,1,0,0.90649408224641,0.881888275978888,qwen_only
4948,descriptive,1,0,0.811218481262583,0.8695896383186256,qwen_only
4949,descriptive,1,1,0.8776369326261869,0.9099776305092121,both_correct
4950,descriptive,1,1,0.8108240367454919,0.8854403975614544,both_correct
4951,descriptive,1,0,0.8580518621836386,0.7477425359202324,qwen_only
4952,descriptive,1,1,0.8765373717462823,0.8664583255963134,both_correct
4953,descriptive,1,1,0.8017257450953577,0.7318030270503205,both_correct
4954,descriptive,1,1,0.8664734784248007,0.9664571051254219,both_correct
4955,descriptive,1,1,0.8403309194255962,0.8877239909701216,both_correct
4956,descriptive,1,1,0.9645866848339856,0.8710465214355874,both_correct
4957,descriptive,1,1,0.803458638556755,0.8373267488353675,both_correct
4958,descriptive,1,1,0.9670094307836192,0.954056208307055,both_correct
4959,descriptive,0,1,0.8528877059128638,0.8964850079313139,internvl_only
4960,descriptive,0,1,0.8849489859000169,0.8705809757909514,internvl_only
4961,descriptive,1,1,0.7305272566397335,0.42207283361382475,both_correct
4962,descriptive,1,0,0.823688817203663,0.8159839348618138,qwen_only
4963,descriptive,0,0,0.9081406424085223,0.7510450423887237,both_wrong
4964,descriptive,1,1,0.9035157312924932,0.7921995517378663,both_correct
4965,descriptive,1,1,0.8655891544417663,0.8123208538667978,both_correct
4966,descriptive,1,1,0.8504528940766268,0.8696745751423868,both_correct
4967,descriptive,1,1,0.9602027068054205,0.961392987068789,both_correct
4968,descriptive,1,1,0.94517802812485,0.9747682771770997,both_correct
4969,descriptive,1,1,0.9256521388960327,0.9816959636242488,both_correct
4970,descriptive,1,1,0.9569124118479813,0.9361409370594014,both_correct
4971,descriptive,1,1,0.8251424038287691,0.5937420258127423,both_correct
4972,descriptive,1,1,0.8190464016743007,0.9317600893583808,both_correct
4973,descriptive,1,1,0.8796164769143632,0.8128055940959023,both_correct
4974,descriptive,1,1,0.9188357634578188,0.9209829322749332,both_correct
4975,descriptive,0,1,0.7506826944785742,0.5641510651422075,internvl_only
4976,descriptive,1,1,0.9289330837162689,0.9020203370671606,both_correct
4977,descriptive,1,1,0.9481101605113281,0.9246686124505613,both_correct
4978,descriptive,1,1,0.9586104284037039,0.9358376759861331,both_correct
4979,descriptive,1,1,0.9203906300898194,0.8471854197647379,both_correct
4980,descriptive,1,1,0.9214083515392172,0.8190936355549016,both_correct
4981,descriptive,1,1,0.9070244367611604,0.9676971927669804,both_correct
4982,descriptive,1,1,0.8246224165940924,0.9580697449206851,both_correct
4983,descriptive,0,1,0.8045162870467362,0.6419299268850136,internvl_only
4984,descriptive,1,1,0.8792709494476401,0.7737380471753746,both_correct
4985,descriptive,1,1,0.7466044180468567,0.767620677850368,both_correct
4986,descriptive,1,1,0.8954982013619229,0.8556865691988759,both_correct
4987,descriptive,0,0,0.8123717051734737,0.8260001814017256,both_wrong
4988,descriptive,1,1,0.9479432720192106,0.9583633932589359,both_correct
4989,descriptive,1,1,0.9377418819269195,0.9255004800252551,both_correct
4990,descriptive,1,1,0.8957312252426519,0.9441745222131812,both_correct
4991,descriptive,1,1,0.9417142279946848,0.9536522921556618,both_correct
4992,descriptive,1,1,0.932476107544831,0.961489671265388,both_correct
4993,descriptive,1,1,0.754672100478066,0.623238843707579,both_correct
4994,descriptive,1,1,0.9366678283465184,0.9574668862147673,both_correct
4995,descriptive,1,0,0.9254517349601405,0.8584638681383243,qwen_only
4996,descriptive,1,1,0.8193360033600825,0.580667659632388,both_correct
4997,descriptive,1,1,0.9202106596225881,0.8096306717505539,both_correct
4998,descriptive,1,1,0.7973661387564089,0.7578979754776245,both_correct
4999,descriptive,1,1,0.8918602391336872,0.9222384609287216,both_correct
5000,descriptive,1,1,0.9780669476978404,0.9680679090139379,both_correct
5001,descriptive,1,1,0.9585691297949069,0.9685925131854994,both_correct
5002,descriptive,1,1,0.9214083515392172,0.8190936355549016,both_correct
5003,descriptive,1,1,0.9300622996917024,0.937725719916479,both_correct
5004,descriptive,1,1,0.7626873843139619,0.9352100823894823,both_correct
5005,descriptive,1,1,0.9293393894256297,0.9337519096140843,both_correct
5006,descriptive,0,0,0.6587047425186243,0.7114352251516735,both_wrong
5007,descriptive,1,1,0.8191911673401229,0.8228735727726285,both_correct
5008,descriptive,0,1,0.8017257450953577,0.7318030270503205,internvl_only
5009,descriptive,1,1,0.8663554478119755,0.7782728313328797,both_correct
5010,descriptive,1,1,0.8103521825696932,0.7887008182811451,both_correct
5011,descriptive,1,1,0.9482977197354643,0.9448808635281937,both_correct
5012,descriptive,1,1,0.9214083515392172,0.8190936355549016,both_correct
5013,descriptive,0,0,0.9203906300898194,0.8471854197647379,both_wrong
5014,descriptive,1,1,0.9177714672472804,0.8734896630188386,both_correct
5015,descriptive,1,1,0.8605218763926189,0.9195602528542065,both_correct
5016,descriptive,1,1,0.7159195955889369,0.9124015002690998,both_correct
5017,descriptive,1,0,0.8563471036034973,0.7253710611088539,qwen_only
5018,descriptive,1,1,0.9202994479465103,0.8915386054528659,both_correct
5019,descriptive,1,1,0.9245136176481431,0.8491662536581515,both_correct
5020,descriptive,1,1,0.8505197563914112,0.9169052118791028,both_correct
5021,descriptive,1,0,0.8287395658623257,0.7537991586836811,qwen_only
5022,descriptive,1,1,0.947168974338017,0.9608014858168513,both_correct
5023,descriptive,1,1,0.9682261601902297,0.9729813794970571,both_correct
5024,descriptive,1,1,0.803458638556755,0.8373267488353675,both_correct
5025,descriptive,1,1,0.9334374722897355,0.9144829316108974,both_correct
5026,descriptive,1,1,0.9282663015495478,0.8896401433452331,both_correct
5027,descriptive,0,0,0.8497294160878072,0.6776293829034883,both_wrong
5028,descriptive,1,1,0.6226112610151342,0.6397574476505157,both_correct
5029,descriptive,0,0,0.7358793781419065,0.5540056397591501,both_wrong
5030,descriptive,1,1,0.8752431171297178,0.7835908553778899,both_correct
5031,descriptive,1,1,0.9262274274707515,0.9165135575680976,both_correct
5032,descriptive,1,1,0.9438633911221175,0.9354799038001494,both_correct
5033,descriptive,1,1,0.9812326403724485,0.9597350330390154,both_correct
5034,descriptive,1,1,0.9217937165170956,0.9735340457806743,both_correct
5035,descriptive,0,1,0.803458638556755,0.8373267488353675,internvl_only
5036,descriptive,0,0,0.8451694404248636,0.8817381699847741,both_wrong
5037,descriptive,1,0,0.7676034569273694,0.7255248328340349,qwen_only
5038,descriptive,1,0,0.6778288784736665,0.2463510358241647,qwen_only
5039,descriptive,1,1,0.8798879422049538,0.8471965634812454,both_correct
5040,descriptive,1,1,0.8942948425137061,0.9096881425977977,both_correct
5041,descriptive,0,1,0.8528412482741725,0.8510888802447769,internvl_only
5042,descriptive,1,1,0.9093607784676608,0.9039939334979346,both_correct
5043,descriptive,1,0,0.874920085413049,0.870507135450502,qwen_only
5044,descriptive,1,1,0.960154514615518,0.9672879446423635,both_correct
5045,descriptive,1,1,0.9091312957348986,0.8653436434041968,both_correct
5046,descriptive,1,1,0.9767695507065984,0.9776210568546685,both_correct
5047,descriptive,1,1,0.9351071033802179,0.8993169307638571,both_correct
5048,descriptive,1,1,0.5940567098277432,0.7960429798621157,both_correct
5049,descriptive,1,0,0.6519284365779575,0.1758396239440739,qwen_only
5050,descriptive,1,1,0.9640982067477503,0.9590123479542851,both_correct
5051,descriptive,1,1,0.8686346889395905,0.7950820706073324,both_correct
5052,descriptive,1,0,0.9453807807004582,0.8715391435283432,qwen_only
5053,descriptive,1,1,0.8606012444731685,0.9220874275332871,both_correct
5054,descriptive,1,1,0.7698620876871536,0.8162400332881841,both_correct
5055,descriptive,1,1,0.9743441261783926,0.9733597118203786,both_correct
5056,descriptive,1,1,0.8960441421899764,0.9002634590962688,both_correct
5057,descriptive,1,1,0.9142908667855112,0.8703088155788472,both_correct
5058,descriptive,1,1,0.8088449976514305,0.8100134140653771,both_correct
5059,descriptive,1,1,0.8784235728591075,0.5633201529148181,both_correct
5060,descriptive,0,1,0.7683451991056731,0.858719474361393,internvl_only
5061,descriptive,1,1,0.7010509523849998,0.7053678551339995,both_correct
5062,descriptive,1,1,0.969137696793766,0.9597939306904224,both_correct
5063,descriptive,1,1,0.9058454019039575,0.9057182823604835,both_correct
5064,descriptive,1,1,0.8987749750974159,0.8588784679380074,both_correct
5065,descriptive,1,1,0.9537293640195104,0.9231555247885188,both_correct
5066,descriptive,0,1,0.9463021067065139,0.949118644514723,internvl_only
5067,descriptive,0,1,0.803458638556755,0.8373267488353675,internvl_only
5068,descriptive,1,1,0.9072049494278245,0.8568653007627052,both_correct
5069,descriptive,1,1,0.8451694404248636,0.8817381699847741,both_correct
5070,descriptive,0,1,0.6393265096795142,0.806115601160026,internvl_only
5071,descriptive,1,1,0.7749068663926056,0.912427198096869,both_correct
5072,descriptive,1,1,0.8937847102055075,0.7703854649525131,both_correct
5073,descriptive,1,1,0.8269570180541913,0.768878347358868,both_correct
5074,descriptive,1,1,0.873440925432439,0.8833028446207732,both_correct
5075,descriptive,1,1,0.9475662086975832,0.9114065305076597,both_correct
5076,descriptive,1,1,0.8835265035048663,0.8851109704021435,both_correct
5077,descriptive,1,1,0.9710273376260986,0.9561729697994021,both_correct
5078,descriptive,0,1,0.9282628566361627,0.9421188597182275,internvl_only
5079,descriptive,0,1,0.803458638556755,0.8373267488353675,internvl_only
5080,descriptive,1,1,0.824534882595742,0.8887754854218296,both_correct
5081,descriptive,1,0,0.754672100478066,0.623238843707579,qwen_only
5082,descriptive,1,1,0.9018168673789684,0.5865223400643358,both_correct
5083,descriptive,1,0,0.8338777608964012,0.690553221503796,qwen_only
5084,descriptive,1,1,0.9006786163558698,0.7731848715367188,both_correct
5085,descriptive,1,1,0.8278663628957528,0.7943471283574502,both_correct
5086,descriptive,1,1,0.8742745391095164,0.8048138358057567,both_correct
5087,descriptive,1,1,0.8146494740493836,0.8769730373327115,both_correct
5088,descriptive,1,1,0.9446787484491102,0.9508012976820058,both_correct
5089,descriptive,1,1,0.8256151079269847,0.8993848856284299,both_correct
5090,descriptive,1,1,0.9211411471124905,0.9433487721089875,both_correct
5091,descriptive,1,1,0.7936433140168334,0.9239798156382483,both_correct
5092,descriptive,1,1,0.8892987205156554,0.9062581795042128,both_correct
5093,descriptive,1,0,0.6778288784736665,0.2463510358241647,qwen_only
5094,descriptive,1,1,0.8947148696285363,0.9055348161840643,both_correct
5095,descriptive,1,1,0.9090972486072144,0.9131033062465368,both_correct
5096,descriptive,1,0,0.9233717192100153,0.8040601198618638,qwen_only
5097,descriptive,1,1,0.8629864241255787,0.9429973139326016,both_correct
5098,descriptive,1,1,0.9377886332773692,0.9609241239795107,both_correct
5099,descriptive,1,1,0.9657111094508654,0.9656581071630925,both_correct
5100,descriptive,1,1,0.9460436597768356,0.9764507568113208,both_correct
5101,descriptive,1,1,0.8752725576429161,0.8712531934941373,both_correct
5102,descriptive,1,1,0.9773965476035551,0.9578485281822605,both_correct
5103,descriptive,1,1,0.6318860868285425,0.2184535284377075,both_correct
5104,descriptive,1,1,0.776305022577724,0.6151716451759227,both_correct
5105,descriptive,1,1,0.9157308393207639,0.8259475920799967,both_correct
5106,descriptive,1,1,0.7451542120069762,0.44142889947462105,both_correct
5107,descriptive,1,1,0.8666104920352878,0.8292240955737623,both_correct
5108,descriptive,1,0,0.8685257388549462,0.8539228153020542,qwen_only
5109,descriptive,1,1,0.8795161616932285,0.9193906122082912,both_correct
5110,descriptive,1,1,0.964853486078046,0.9798462680204798,both_correct
5111,descriptive,1,1,0.803458638556755,0.8373267488353675,both_correct
5112,descriptive,1,1,0.9214083515392172,0.8190936355549016,both_correct
5113,descriptive,1,1,0.9098552994333481,0.9588269007708816,both_correct
5114,descriptive,1,1,0.8483357765554367,0.5812724649030852,both_correct
5115,descriptive,1,1,0.7082862078747686,0.6224965132515212,both_correct
5116,descriptive,1,1,0.8367373761394373,0.7864475317069908,both_correct
5117,descriptive,1,1,0.5785317294401233,0.6691541235344021,both_correct
5118,descriptive,1,1,0.8577318123176952,0.7650698026462796,both_correct
5119,descriptive,1,1,0.9216703376654666,0.9298279670803428,both_correct
5120,descriptive,1,1,0.8910290558556938,0.853911887497583,both_correct
5121,descriptive,1,1,0.9498403663823641,0.9384737620125092,both_correct
5122,descriptive,1,0,0.8942215295377625,0.8238909022284243,qwen_only
5123,descriptive,1,1,0.9808494255191433,0.9887699261796966,both_correct
5124,descriptive,1,0,0.9681263657788719,0.9000295459660103,qwen_only
5125,descriptive,1,1,0.88428707309469,0.9546948065392978,both_correct
5126,descriptive,1,1,0.9208922013340873,0.949717186806071,both_correct
5127,descriptive,1,0,0.8941999200636365,0.8133927252227164,qwen_only
5128,descriptive,1,1,0.9496694564141595,0.8512879550796036,both_correct
5129,descriptive,1,1,0.9293997970251846,0.9004015420446714,both_correct
5130,descriptive,1,0,0.8109785162607651,0.8028469697512637,qwen_only
5131,descriptive,0,0,0.9205840826920391,0.9079399272910118,both_wrong
5132,descriptive,1,1,0.9662782730449226,0.9417481464200342,both_correct
5133,descriptive,1,1,0.9798009782031785,0.9708706696361736,both_correct
5134,descriptive,1,1,0.9562975777255143,0.9624755286184689,both_correct
5135,descriptive,1,1,0.9514091602343128,0.9464671686500484,both_correct
5136,descriptive,0,0,0.6318860868285425,0.2184535284377075,both_wrong
5137,descriptive,1,1,0.8251424038287691,0.5937420258127423,both_correct
5138,descriptive,1,0,0.8015544283931054,0.6438262655667412,qwen_only
5139,descriptive,1,1,0.8990986967183877,0.8430371804513496,both_correct
5140,descriptive,0,1,0.863747136443219,0.7670837172592297,internvl_only
5141,descriptive,1,1,0.8457966007637997,0.8065536987868643,both_correct
5142,descriptive,1,1,0.6918020244936303,0.6316014164336917,both_correct
5143,descriptive,1,1,0.9738841682787175,0.936790872015754,both_correct
5144,descriptive,1,1,0.967594354916934,0.959361743711475,both_correct
5145,descriptive,1,1,0.948191874339207,0.9709160858352271,both_correct
5146,descriptive,1,1,0.9358033765951599,0.9237151086189126,both_correct
5147,descriptive,1,1,0.7937760023706287,0.8931765829298874,both_correct
5148,descriptive,1,0,0.6778288784736665,0.2463510358241647,qwen_only
5149,descriptive,1,1,0.9564656075267064,0.9571526190862771,both_correct
5150,descriptive,1,0,0.8162416759580127,0.6799422517048969,qwen_only
5151,descriptive,1,1,0.7950718761383712,0.7849371971482039,both_correct
5152,descriptive,1,1,0.8981809729592203,0.8929869271362337,both_correct
5153,descriptive,1,0,0.8997618394047098,0.8476697002408056,qwen_only
5154,descriptive,1,1,0.9521750817643321,0.8890930482528925,both_correct
5155,descriptive,1,1,0.9133963781323728,0.8120606933074952,both_correct
5156,descriptive,1,1,0.8871295168304059,0.8445833417431389,both_correct
5157,descriptive,1,1,0.8891744563641902,0.9289204861880738,both_correct
5158,descriptive,1,1,0.8774581769022846,0.7818479957304121,both_correct
5159,descriptive,1,1,0.754672100478066,0.623238843707579,both_correct
5160,descriptive,1,1,0.9033411329264426,0.9114728086221314,both_correct
5161,descriptive,1,1,0.9288487272915913,0.8950493824399979,both_correct
5162,descriptive,1,1,0.8577318123176952,0.7650698026462796,both_correct
5163,descriptive,1,1,0.85901685749775,0.8538746615578672,both_correct
5164,descriptive,1,1,0.8456440074747544,0.8971882144703445,both_correct
5165,descriptive,1,1,0.8815875510813727,0.9452178179331248,both_correct
5166,descriptive,1,1,0.8957312252426519,0.9441745222131812,both_correct
5167,descriptive,1,1,0.9056849189490486,0.8598050995432889,both_correct
5168,descriptive,1,1,0.850547539755402,0.8820881158531969,both_correct
5169,descriptive,1,1,0.8854339535323569,0.7559983539415996,both_correct
5170,descriptive,1,1,0.9133386557276129,0.7728203640367945,both_correct
5171,descriptive,1,1,0.912664258681756,0.7768790731554833,both_correct
5172,descriptive,1,0,0.7633989303874371,0.6042651361200373,qwen_only
5173,descriptive,1,0,0.8077087702990707,0.6742401240878197,qwen_only
5174,descriptive,1,0,0.9287624412737056,0.8616897336175232,qwen_only
5175,descriptive,1,1,0.869591595240981,0.9249335635403257,both_correct
5176,descriptive,1,1,0.9743336796612081,0.9296042618469834,both_correct
5177,descriptive,1,1,0.8842442295664863,0.8328646898410369,both_correct
5178,descriptive,1,1,0.9666336099864102,0.9813962887781981,both_correct
5179,descriptive,1,1,0.9364143575278782,0.763423015874952,both_correct
5180,descriptive,1,1,0.8550443213687088,0.8989745942175374,both_correct
5181,descriptive,1,1,0.8365327378886359,0.9737976664392924,both_correct
5182,descriptive,1,1,0.8426272607314723,0.8593373396459713,both_correct
5183,descriptive,0,1,0.8686346889395905,0.7950820706073324,internvl_only
5184,descriptive,1,1,0.81273031216803,0.6493109762300787,both_correct
5185,descriptive,1,1,0.8993085050968699,0.9305863544992113,both_correct
5186,descriptive,1,1,0.9064291775954169,0.8999509359535103,both_correct
5187,descriptive,1,1,0.9710833936661941,0.9654425156634172,both_correct
5188,descriptive,1,0,0.9214083515392172,0.8190936355549016,qwen_only
5189,descriptive,1,1,0.8836394753330438,0.9113117890829077,both_correct
5190,descriptive,1,1,0.9448227730568469,0.8727943116332036,both_correct
5191,descriptive,1,1,0.869008067407418,0.8923082470527177,both_correct
5192,descriptive,1,1,0.8757045176271996,0.5859851194065518,both_correct
5193,descriptive,0,1,0.8801783905981233,0.8802224675763477,internvl_only
5194,descriptive,1,1,0.8899394479001086,0.8879105926635761,both_correct
5195,descriptive,0,1,0.7705272576549833,0.6202579255145177,internvl_only
5196,descriptive,1,1,0.917376551462367,0.9149318364016918,both_correct
5197,descriptive,0,0,0.8631342017514032,0.8382951406274841,both_wrong
5198,descriptive,1,1,0.9662782730449226,0.9417481464200342,both_correct
5199,descriptive,0,1,0.9216728434359166,0.842423298073923,internvl_only
5200,descriptive,0,1,0.9282628566361627,0.9421188597182275,internvl_only
5201,descriptive,1,1,0.8782867596251684,0.9652719800216714,both_correct
5202,descriptive,1,1,0.7015250842716909,0.8736243928902031,both_correct
5203,descriptive,1,1,0.7937760023706287,0.8931765829298874,both_correct
5204,descriptive,0,0,0.7124029503507185,0.6698079866903394,both_wrong
5205,descriptive,1,1,0.867275977016418,0.739235367787949,both_correct
5206,descriptive,1,1,0.8136337268476305,0.8331323261167691,both_correct
5207,descriptive,1,1,0.9093431993633849,0.9021245140358239,both_correct
5208,descriptive,1,1,0.8012468693588736,0.7710109836667187,both_correct
5209,descriptive,1,1,0.9604734858633112,0.9260621882800135,both_correct
5210,descriptive,1,1,0.803458638556755,0.8373267488353675,both_correct
5211,descriptive,1,1,0.9441046602459776,0.9107497596237868,both_correct
5212,descriptive,1,1,0.8900991349852653,0.9690510254887027,both_correct
5213,descriptive,1,1,0.8719726523427321,0.9581111613762413,both_correct
5214,descriptive,1,1,0.8550443213687088,0.8989745942175374,both_correct
5215,descriptive,1,0,0.8551894136497218,0.8266603452773166,qwen_only
5216,descriptive,1,1,0.8792012095309235,0.7614359622355807,both_correct
5217,descriptive,1,0,0.7065910827684568,0.6682541998046495,qwen_only
5218,descriptive,1,1,0.8735702412178116,0.9133180939394399,both_correct
5219,descriptive,1,1,0.9021294946693152,0.9427748731484928,both_correct
5220,descriptive,1,1,0.9673763387656675,0.9054848428575949,both_correct
5221,descriptive,1,1,0.7664045048541408,0.8824072399992049,both_correct
5222,descriptive,1,1,0.9640933484270782,0.9828815963764902,both_correct
5223,descriptive,1,1,0.8410108902023655,0.9221349481994725,both_correct
5224,descriptive,1,1,0.95582062206652,0.9622327120528087,both_correct
5225,descriptive,0,1,0.7937760023706287,0.8931765829298874,internvl_only
5226,descriptive,1,1,0.9404901012426792,0.9470446905993819,both_correct
5227,descriptive,1,0,0.906903496461955,0.8127965406773662,qwen_only
5228,descriptive,1,1,0.9673683056853886,0.973822709066334,both_correct
5229,descriptive,1,1,0.9459719020665951,0.9603715537310388,both_correct
5230,descriptive,1,1,0.8197822679873734,0.8059386339554817,both_correct
5231,descriptive,1,1,0.9580127907815835,0.8719713052651115,both_correct
5232,descriptive,1,1,0.9214083515392172,0.8190936355549016,both_correct
5233,descriptive,1,1,0.865466054863913,0.8471343398874017,both_correct
5234,descriptive,1,1,0.9242479888098732,0.9574427549841612,both_correct
5235,descriptive,0,0,0.9024982587866018,0.496066879999921,both_wrong
5236,descriptive,0,0,0.871763356821045,0.6064644823275855,both_wrong
5237,descriptive,1,1,0.9391849945536277,0.934398892687292,both_correct
5238,descriptive,1,1,0.8122467380595912,0.7697388005112872,both_correct
5239,descriptive,1,1,0.8877526320797495,0.8152035954423182,both_correct
5240,descriptive,1,1,0.8301599555178717,0.86053252522835,both_correct
5241,descriptive,1,1,0.8518328951185418,0.8842750682611156,both_correct
5242,descriptive,1,1,0.9594530121165581,0.8843403666482408,both_correct
5243,descriptive,1,0,0.9316691519909017,0.848714873039,qwen_only
5244,descriptive,1,1,0.9126993369854642,0.9688872709329761,both_correct
5245,descriptive,1,1,0.8304909781602878,0.9124262269767964,both_correct
5246,descriptive,1,1,0.8144200245266545,0.9669965816444783,both_correct
5247,descriptive,1,0,0.9018168673789684,0.5865223400643358,qwen_only
5248,descriptive,0,1,0.6226112610151342,0.6397574476505157,internvl_only
5249,descriptive,1,1,0.9031429468650095,0.8883068266846417,both_correct
5250,descriptive,1,1,0.9673683056853886,0.973822709066334,both_correct
5251,descriptive,1,1,0.9092045108899341,0.9579229759130508,both_correct
5252,descriptive,1,1,0.9361738292746488,0.9231572566405263,both_correct
5253,descriptive,1,1,0.9497028497019613,0.9379454523835821,both_correct
5254,descriptive,1,1,0.9214083515392172,0.8190936355549016,both_correct
5255,descriptive,1,1,0.9115560603422931,0.9021635680107785,both_correct
5256,descriptive,1,1,0.7761006731093358,0.8226110053333461,both_correct
5257,descriptive,1,1,0.6423740008597045,0.7774454698956861,both_correct
5258,descriptive,1,0,0.9361752433532663,0.7842636584342362,qwen_only
5259,descriptive,1,1,0.9087504031848204,0.8572224972705419,both_correct
5260,descriptive,1,1,0.7872711155926182,0.7236497782292524,both_correct
5261,descriptive,1,1,0.8394998942083458,0.7857644381013689,both_correct
5262,descriptive,1,1,0.9220343058772088,0.8883913147400294,both_correct
5263,descriptive,1,1,0.9166631073939729,0.936098397402175,both_correct
5264,descriptive,1,1,0.9662782730449226,0.9417481464200342,both_correct
5265,descriptive,1,1,0.9672602327949976,0.9103706435796204,both_correct
5266,descriptive,1,1,0.9214083515392172,0.8190936355549016,both_correct
5267,descriptive,0,1,0.6722229260759323,0.7785070756855017,internvl_only
5268,descriptive,1,1,0.7412104930437022,0.8341406128278017,both_correct
5269,descriptive,1,1,0.8108240367454919,0.8854403975614544,both_correct
5270,descriptive,1,1,0.9544069200576228,0.9489866595179569,both_correct
5271,descriptive,1,1,0.8426272607314723,0.8593373396459713,both_correct
5272,descriptive,0,1,0.7065910827684568,0.6682541998046495,internvl_only
5273,descriptive,1,1,0.9066121220664406,0.926827134705857,both_correct
5274,descriptive,1,1,0.8912686730980417,0.9494842644337618,both_correct
5275,descriptive,1,1,0.9604734858633112,0.9260621882800135,both_correct
5276,descriptive,1,1,0.9214083515392172,0.8190936355549016,both_correct
5277,descriptive,1,1,0.9614049354197967,0.9587189355130179,both_correct
5278,descriptive,1,1,0.8805170113737754,0.9538511994789284,both_correct
5279,descriptive,1,1,0.907408197431006,0.9123029310700052,both_correct
5280,descriptive,1,1,0.9358349914531087,0.9520344618687,both_correct
5281,descriptive,0,1,0.7464747522507904,0.7347768775319271,internvl_only
5282,descriptive,0,0,0.7526319397787454,0.6247098003798387,both_wrong
5283,descriptive,1,1,0.7124029503507185,0.6698079866903394,both_correct
5284,descriptive,1,1,0.8199339504731703,0.8973832741572774,both_correct
5285,descriptive,1,1,0.8980395698793624,0.9320483722816288,both_correct
5286,descriptive,1,0,0.982827449010283,0.9344670890164859,qwen_only
5287,descriptive,1,1,0.9315337144005676,0.8982679090825259,both_correct
5288,descriptive,1,1,0.9282628566361627,0.9421188597182275,both_correct
5289,descriptive,1,1,0.8272188218203836,0.9248586998664466,both_correct
5290,descriptive,1,1,0.7281953264299417,0.8163204091005226,both_correct
5291,descriptive,1,1,0.8991999713780842,0.9498267328685454,both_correct
5292,descriptive,0,0,0.8792709494476401,0.7737380471753746,both_wrong
5293,descriptive,1,1,0.8108655648371295,0.6207485043606855,both_correct
5294,descriptive,1,0,0.7739467549936173,0.6657622980956405,qwen_only
5295,descriptive,1,1,0.881683580225203,0.8300333321355226,both_correct
5296,descriptive,1,1,0.8989241684313857,0.9602946311828234,both_correct
5297,descriptive,1,1,0.9813125531282361,0.946969874459963,both_correct
5298,descriptive,1,1,0.9804724513556572,0.9586467942488874,both_correct
5299,descriptive,1,1,0.982616936675049,0.9497780674938006,both_correct
5300,descriptive,1,1,0.8624510001454883,0.9240734186425477,both_correct
5301,descriptive,0,0,0.6778288784736665,0.2463510358241647,both_wrong
5302,descriptive,1,1,0.7412104930437022,0.8341406128278017,both_correct
5303,descriptive,1,1,0.894847146050529,0.901524327853364,both_correct
5304,descriptive,0,1,0.8665884878672769,0.729519675376671,internvl_only
5305,descriptive,1,1,0.9562617958898895,0.948046954074141,both_correct
5306,descriptive,1,1,0.8501038347293942,0.878394239182719,both_correct
5307,descriptive,1,1,0.9149038768144091,0.9596617139114115,both_correct
5308,descriptive,1,1,0.9694739220575983,0.957104114900218,both_correct
5309,descriptive,1,1,0.9107439316509035,0.9850890002591247,both_correct
5310,descriptive,1,0,0.9214083515392172,0.8190936355549016,qwen_only
5311,descriptive,1,1,0.631939829123426,0.6529361198513305,both_correct
5312,descriptive,1,1,0.814116411693794,0.7647077570490695,both_correct
5313,descriptive,1,1,0.8294606019357269,0.7483343884631665,both_correct
5314,descriptive,1,1,0.8847124759519217,0.7431796971358331,both_correct
5315,descriptive,1,0,0.7358793781419065,0.5540056397591501,qwen_only
5316,descriptive,1,1,0.8024739051140588,0.6271063558073549,both_correct
5317,descriptive,1,1,0.8332811377398008,0.7374412957029167,both_correct
5318,descriptive,1,1,0.8070072578682077,0.8166492370404165,both_correct
5319,descriptive,1,1,0.9720052019827885,0.8953293161582454,both_correct
5320,descriptive,1,1,0.9288157135783011,0.956900927208268,both_correct
5321,descriptive,1,1,0.9488479740523573,0.9558134698127733,both_correct
5322,descriptive,1,1,0.8959941888188672,0.937549459961524,both_correct
5323,descriptive,1,1,0.9407038130921371,0.8390314451278605,both_correct
5324,descriptive,1,0,0.7603066014772738,0.20035391027861388,qwen_only
5325,descriptive,1,1,0.9069953043525871,0.8998798619875744,both_correct
5326,descriptive,1,1,0.7358793781419065,0.5540056397591501,both_correct
5327,descriptive,0,0,0.833406734754362,0.6163026110210578,both_wrong
5328,descriptive,1,1,0.8479608682789588,0.8769472644588221,both_correct
5329,descriptive,1,1,0.9059808024546226,0.9313921539780913,both_correct
5330,descriptive,1,1,0.9396851426302236,0.949922992706376,both_correct
5331,descriptive,1,1,0.9699735654098557,0.9541026607999739,both_correct
5332,descriptive,1,1,0.9265696692841956,0.9288809319389806,both_correct
5333,descriptive,1,1,0.9515275081250014,0.878961639175585,both_correct
5334,descriptive,1,1,0.871763356821045,0.6064644823275855,both_correct
5335,descriptive,0,1,0.6981299824368823,0.8564833636359444,internvl_only
5336,descriptive,1,1,0.8721941823863032,0.845785380354528,both_correct
5337,descriptive,1,1,0.8570126508890423,0.7994546493240167,both_correct
5338,descriptive,1,1,0.8927423511785602,0.9140051923218214,both_correct
5339,descriptive,1,0,0.856669790009667,0.745204749026906,qwen_only
5340,descriptive,1,1,0.8835265035048663,0.8851109704021435,both_correct
5341,descriptive,1,1,0.9400959600941857,0.9195398288968549,both_correct
5342,descriptive,1,1,0.9003137415675418,0.8213246484788219,both_correct
5343,descriptive,1,1,0.9585179965139579,0.9815957879943847,both_correct
5344,descriptive,1,1,0.9631080025235933,0.9086332875380096,both_correct
5345,descriptive,1,1,0.8983958511949091,0.9768624313474719,both_correct
5346,descriptive,1,0,0.9024982587866018,0.496066879999921,qwen_only
5347,descriptive,1,1,0.9562617958898895,0.948046954074141,both_correct
5348,descriptive,1,1,0.8412329697905586,0.8061720862523586,both_correct
5349,descriptive,1,1,0.9534534806863855,0.9462956745754264,both_correct
5350,descriptive,1,1,0.881683580225203,0.8300333321355226,both_correct
5351,descriptive,1,1,0.9066772143084161,0.9312944929953051,both_correct
5352,descriptive,1,1,0.9633964079979631,0.9615236411867703,both_correct
5353,descriptive,1,1,0.9659632674828964,0.95138845259115,both_correct
5354,descriptive,1,1,0.8256151079269847,0.8993848856284299,both_correct
5355,descriptive,1,1,0.9358033765951599,0.9237151086189126,both_correct
5356,descriptive,1,1,0.8757045176271996,0.5859851194065518,both_correct
5357,descriptive,1,1,0.9045941253059703,0.895389486806149,both_correct
5358,descriptive,1,1,0.7416278184810731,0.705807695256718,both_correct
5359,descriptive,1,1,0.9226565209307033,0.8416442037233112,both_correct
5360,descriptive,1,1,0.9191778966014679,0.8358964475479943,both_correct
5361,descriptive,1,1,0.8265297894469944,0.8894489121527938,both_correct
5362,descriptive,1,1,0.8985883861175086,0.9496513558530723,both_correct
5363,descriptive,1,1,0.9720052019827885,0.8953293161582454,both_correct
5364,descriptive,1,1,0.9203906300898194,0.8471854197647379,both_correct
5365,descriptive,1,0,0.803458638556755,0.8373267488353675,qwen_only
5366,descriptive,1,1,0.8981545408545722,0.9441751329538292,both_correct
5367,descriptive,1,1,0.7660352643477379,0.9381578007289975,both_correct
5368,descriptive,1,0,0.7603066014772738,0.20035391027861388,qwen_only
5369,descriptive,1,1,0.9003150358406259,0.776625943241074,both_correct
5370,descriptive,0,1,0.8856329684814056,0.7960805920118402,internvl_only
5371,descriptive,1,1,0.8961796712553997,0.8769028633753893,both_correct
5372,descriptive,1,1,0.8663554478119755,0.7782728313328797,both_correct
5373,descriptive,1,1,0.8233946938412262,0.7994497569861226,both_correct
5374,descriptive,1,1,0.9594530121165581,0.8843403666482408,both_correct
5375,descriptive,1,1,0.9811023026068252,0.9473013559545798,both_correct
5376,descriptive,1,1,0.9214083515392172,0.8190936355549016,both_correct
5377,descriptive,1,1,0.8795787964146,0.7993898182864715,both_correct
5378,descriptive,0,0,0.9018168673789684,0.5865223400643358,both_wrong
5379,descriptive,1,1,0.9418026513598253,0.9722202307700591,both_correct
5380,descriptive,0,0,0.8522525513070089,0.7559531312955273,both_wrong
5381,descriptive,0,1,0.6690732440772764,0.6877461948813753,internvl_only
5382,descriptive,1,0,0.8877526320797495,0.8152035954423182,qwen_only
5383,descriptive,1,1,0.892947424930732,0.8318991211810359,both_correct
5384,descriptive,0,1,0.8199934615098488,0.8763918671655603,internvl_only
5385,descriptive,1,1,0.9685162515781413,0.933245776153341,both_correct
5386,descriptive,1,1,0.9672602327949976,0.9103706435796204,both_correct
5387,descriptive,0,0,0.9216728434359166,0.842423298073923,both_wrong
5388,descriptive,1,1,0.8773577060459065,0.9474191812845963,both_correct
5389,descriptive,1,1,0.7676034569273694,0.7255248328340349,both_correct
5390,descriptive,1,1,0.6213238673960968,0.8079018494532366,both_correct
5391,descriptive,1,0,0.9003150358406259,0.776625943241074,qwen_only
5392,descriptive,0,1,0.702115818051133,0.6666841853563469,internvl_only
5393,descriptive,1,0,0.8181092386742149,0.5994245056659264,qwen_only
5394,descriptive,1,1,0.8806655927492641,0.8541500976757507,both_correct
5395,descriptive,1,1,0.828358357820047,0.7790718948697394,both_correct
5396,descriptive,1,1,0.9874773229733356,0.9744493254657924,both_correct
5397,descriptive,1,1,0.9214083515392172,0.8190936355549016,both_correct
5398,descriptive,1,1,0.9288456145975762,0.8666336749300287,both_correct
5399,descriptive,1,1,0.9284989644573841,0.8765877790146719,both_correct
5400,descriptive,1,1,0.9090788983372509,0.9579107585763502,both_correct
5401,descriptive,1,1,0.8715666960038267,0.9070204592018432,both_correct
5402,descriptive,1,1,0.9275123710258745,0.899564356129375,both_correct
5403,descriptive,1,1,0.8962108825654123,0.7950429039303021,both_correct
5404,descriptive,1,1,0.8990627454783214,0.9140175693702836,both_correct
5405,descriptive,1,1,0.9449368872961279,0.9490052957390148,both_correct
5406,descriptive,1,1,0.9042300175820933,0.9059317833393127,both_correct
5407,descriptive,1,1,0.9837076066610225,0.9410872646402321,both_correct
5408,descriptive,1,1,0.9466816339348816,0.9477010067481302,both_correct
5409,descriptive,0,1,0.803458638556755,0.8373267488353675,internvl_only
5410,descriptive,1,1,0.9515275081250014,0.878961639175585,both_correct
5411,descriptive,1,1,0.8446701631136835,0.8705564555280116,both_correct
5412,descriptive,1,1,0.8986322338899787,0.7290355435150963,both_correct
5413,descriptive,1,1,0.8412329697905586,0.8061720862523586,both_correct
5414,descriptive,1,1,0.8125797061813463,0.7589671983046982,both_correct
5415,descriptive,1,1,0.9414564031435512,0.8657043269194816,both_correct
5416,descriptive,1,1,0.9277870533337741,0.9100717174748068,both_correct
5417,descriptive,1,1,0.7958085366296286,0.7684623182540257,both_correct
5418,descriptive,1,1,0.9758570146500992,0.9633870222698214,both_correct
5419,descriptive,1,1,0.8634495605248605,0.8400248720131521,both_correct
5420,descriptive,1,1,0.9509195115922908,0.9367881843510831,both_correct
5421,descriptive,1,1,0.8088449976514305,0.8100134140653771,both_correct
5422,descriptive,1,1,0.930593448294287,0.8466607342406681,both_correct
5423,descriptive,0,1,0.7611101692501476,0.6607906174415445,internvl_only
5424,descriptive,1,1,0.7065910827684568,0.6682541998046495,both_correct
5425,descriptive,1,1,0.8557032438820312,0.7172599757497471,both_correct
5426,descriptive,1,0,0.6812154226029749,0.7254779139327118,qwen_only
5427,descriptive,1,1,0.8258666577892908,0.8896423960078602,both_correct
5428,descriptive,1,1,0.9142915712989623,0.8517132827707897,both_correct
5429,descriptive,1,1,0.9748802154641496,0.9382985223610927,both_correct
5430,descriptive,1,1,0.9441046602459776,0.9107497596237868,both_correct
5431,descriptive,1,1,0.9562975777255143,0.9624755286184689,both_correct
5432,descriptive,1,0,0.9550795624763246,0.9188408760252214,qwen_only
5433,descriptive,1,0,0.6778288784736665,0.2463510358241647,qwen_only
5434,descriptive,1,1,0.9333475036229111,0.9303709494828083,both_correct
5435,descriptive,1,1,0.9286585425564536,0.8974382553337014,both_correct
5436,descriptive,1,1,0.9188357634578188,0.9209829322749332,both_correct
5437,descriptive,1,0,0.8181092386742149,0.5994245056659264,qwen_only
5438,descriptive,1,1,0.8539513903159719,0.8551564606232496,both_correct
5439,descriptive,1,1,0.9422373471550421,0.9559135998355445,both_correct
5440,descriptive,1,0,0.9376128027878542,0.8690723327119048,qwen_only
5441,descriptive,1,1,0.8871295168304059,0.8445833417431389,both_correct
5442,descriptive,1,1,0.9214083515392172,0.8190936355549016,both_correct
5443,descriptive,1,1,0.9472689289879387,0.8631189894842846,both_correct
5444,descriptive,1,1,0.8190761212164956,0.9620421708955061,both_correct
5445,descriptive,1,1,0.9319383393509341,0.7914683438020235,both_correct
5446,descriptive,1,1,0.8683599754378958,0.8794380049073957,both_correct
5447,descriptive,1,1,0.8899394479001086,0.8879105926635761,both_correct
5448,descriptive,1,1,0.9226565209307033,0.8416442037233112,both_correct
5449,descriptive,0,1,0.807180019759725,0.8870881432727424,internvl_only
5450,descriptive,1,1,0.8351168672075394,0.8819047761830365,both_correct
5451,descriptive,1,1,0.946526987326179,0.9254346670433115,both_correct
5452,descriptive,1,1,0.9222259896021111,0.879825714503775,both_correct
5453,descriptive,1,1,0.803458638556755,0.8373267488353675,both_correct
5454,descriptive,1,1,0.94103769564575,0.8939753109459582,both_correct
5455,descriptive,0,1,0.8251424038287691,0.5937420258127423,internvl_only
5456,descriptive,0,0,0.6318860868285425,0.2184535284377075,both_wrong
5457,descriptive,1,1,0.8577318123176952,0.7650698026462796,both_correct
5458,descriptive,1,1,0.8797921040679147,0.8533700660004263,both_correct
5459,descriptive,1,1,0.9242958374861199,0.9399935637963336,both_correct
5460,descriptive,1,1,0.8577773595822151,0.8333345863284537,both_correct
5461,descriptive,1,1,0.8585528904329518,0.9042482144129408,both_correct
5462,descriptive,1,0,0.9422762732811896,0.9002373872564049,qwen_only
5463,descriptive,1,1,0.9214083515392172,0.8190936355549016,both_correct
5464,descriptive,1,1,0.9434236510116664,0.8298967423986079,both_correct
5465,descriptive,1,1,0.9334374722897355,0.9144829316108974,both_correct
5466,descriptive,1,1,0.8450046816400018,0.8760623080267033,both_correct
5467,descriptive,0,0,0.776305022577724,0.6151716451759227,both_wrong
5468,descriptive,1,1,0.8570126508890423,0.7994546493240167,both_correct
5469,descriptive,1,1,0.8829871560826256,0.8898368343733618,both_correct
5470,descriptive,0,1,0.8970680398179937,0.8993587752154234,internvl_only
5471,descriptive,1,1,0.9037792609161128,0.9232206917303648,both_correct
5472,descriptive,1,1,0.8959255929277252,0.9708537839951007,both_correct
5473,descriptive,1,1,0.9719639879626691,0.938435087199394,both_correct
5474,descriptive,1,1,0.9594904293000391,0.9786529201111733,both_correct
5475,descriptive,1,1,0.9214083515392172,0.8190936355549016,both_correct
5476,descriptive,1,1,0.8427258730899401,0.9487178612653212,both_correct
5477,descriptive,1,0,0.871763356821045,0.6064644823275855,qwen_only
5478,descriptive,1,0,0.8784235728591075,0.5633201529148181,qwen_only
5479,descriptive,1,1,0.7705272576549833,0.6202579255145177,both_correct
5480,descriptive,1,1,0.8577318123176952,0.7650698026462796,both_correct
5481,descriptive,1,1,0.9233717192100153,0.8040601198618638,both_correct
5482,descriptive,1,1,0.8852024906760958,0.9223617326910503,both_correct
5483,descriptive,1,1,0.8456440074747544,0.8971882144703445,both_correct
5484,descriptive,1,1,0.9752133576521878,0.9313985823889663,both_correct
5485,descriptive,1,1,0.9670575432457849,0.9538100552525696,both_correct
5486,descriptive,0,1,0.9315337144005676,0.8982679090825259,internvl_only
5487,descriptive,1,1,0.8272188218203836,0.9248586998664466,both_correct
5488,descriptive,1,0,0.7082862078747686,0.6224965132515212,qwen_only
5489,descriptive,1,1,0.9340109443101324,0.8808842631921169,both_correct
5490,descriptive,1,1,0.893881741815689,0.8429675372741225,both_correct
5491,descriptive,1,1,0.9094291838534299,0.8331103368522687,both_correct
5492,descriptive,1,1,0.8531275742800913,0.860031048766112,both_correct
5493,descriptive,1,1,0.8624576995545393,0.7566124754759426,both_correct
5494,descriptive,1,0,0.881925677495876,0.8370780864960643,qwen_only
5495,descriptive,1,1,0.9589577201176787,0.9476263968312214,both_correct
5496,descriptive,1,1,0.9760641340983256,0.9906413978085816,both_correct
5497,descriptive,1,1,0.9664777160853107,0.9728966538103938,both_correct
5498,explanatory,1,1,0.2952009957876236,0.3035614108012257,both_correct
5499,explanatory,0,1,0.17433585992706366,0.4581696112562384,internvl_only
5500,explanatory,0,0,0.27305310075575223,0.3055976134163258,both_wrong
5501,explanatory,0,0,0.24828308652939973,0.21857900677239822,both_wrong
5502,explanatory,1,1,0.15075286341100144,0.30449735794548216,both_correct
5503,explanatory,0,0,0.26739065357087993,0.22871432265292194,both_wrong
5504,explanatory,0,0,0.36659519654668976,0.2826364753391653,both_wrong
5505,explanatory,0,1,0.3481072494819566,0.480922282871014,internvl_only
5506,explanatory,0,0,0.19491874397544387,0.1964269369522586,both_wrong
5507,explanatory,0,0,0.3092787146225565,0.4348437170543482,both_wrong
5508,explanatory,0,0,0.13370948035518046,0.16466441070308124,both_wrong
5509,explanatory,0,0,0.42838418623609364,0.18956351325201723,both_wrong
5510,explanatory,0,1,0.28678529646170253,0.355351493103149,internvl_only
5511,explanatory,0,0,0.29264748396248463,0.3118157852901707,both_wrong
5512,explanatory,1,1,0.29036622020310504,0.4019009221093781,both_correct
5513,explanatory,0,0,0.24913942885137352,0.44204550097588474,both_wrong
5514,explanatory,0,0,0.27734333937230554,0.41000049844177316,both_wrong
5515,explanatory,0,0,0.18112292083696754,0.3127197139660027,both_wrong
5516,explanatory,0,1,0.1624831625449091,0.569880349061612,internvl_only
5517,explanatory,0,1,0.2324034734222534,0.2740430163075006,internvl_only
5518,explanatory,0,0,0.51929591915378,0.4210022550243,both_wrong
5519,explanatory,0,0,0.33009684169219167,0.5314664352570622,both_wrong
5520,explanatory,1,1,0.405317802846982,0.5521949761658749,both_correct
5521,explanatory,0,0,0.20780236457620918,0.2446054875733281,both_wrong
5522,explanatory,1,1,0.19663905339756155,0.25550986005746645,both_correct
5523,explanatory,1,1,0.35117439624587266,0.2912134442127932,both_correct
5524,explanatory,0,0,0.22714216382615257,0.1583908007670459,both_wrong
5525,explanatory,0,0,0.39798107888064443,0.44007220613043413,both_wrong
5526,explanatory,0,0,0.5094185450182073,0.48228406671287144,both_wrong
5527,explanatory,0,0,0.2994881768196947,0.4482162974668566,both_wrong
5528,explanatory,1,1,0.3912020705044879,0.3999195266213468,both_correct
5529,explanatory,1,0,0.17660699497081667,0.19452557924833558,qwen_only
5530,explanatory,1,1,0.28869803607650274,0.43530983435760073,both_correct
5531,explanatory,0,0,0.22713016138139927,0.29543055428286413,both_wrong
5532,explanatory,0,0,0.3135461462729994,0.38409810299257413,both_wrong
5533,explanatory,0,0,0.2509772553981093,0.42234577187964645,both_wrong
5534,explanatory,0,0,0.262930286069357,0.3807383639033085,both_wrong
5535,explanatory,0,0,0.13268835170963414,0.19417222207917942,both_wrong
5536,explanatory,1,0,0.35414587014709525,0.5182010940501296,qwen_only
5537,explanatory,0,0,0.3589350000244688,0.4690213258132689,both_wrong
5538,explanatory,0,0,0.22336809434250104,0.2911743259186339,both_wrong
5539,explanatory,0,0,0.22078037339958498,0.32545718471398083,both_wrong
5540,explanatory,0,0,0.26140402031453247,0.15190697370821624,both_wrong
5541,explanatory,0,1,0.2656909750197053,0.27437856517135334,internvl_only
5542,explanatory,0,0,0.2942177891527843,0.5866694345901686,both_wrong
5543,explanatory,0,0,0.06670087620203624,0.15204795949136624,both_wrong
5544,explanatory,0,0,0.2228466762424143,0.32746422288860916,both_wrong
5545,explanatory,1,0,0.21277126836057064,0.12062253689177718,qwen_only
5546,explanatory,0,0,0.17340850259592416,0.16033708517923503,both_wrong
5547,explanatory,0,0,0.3300203356595518,0.5655525769737273,both_wrong
5548,explanatory,1,0,0.23174058734295308,0.12871532482831377,qwen_only
5549,explanatory,1,1,0.3759498576256426,0.3303152051769659,both_correct
5550,explanatory,0,0,0.19792174393605266,0.23315927635630998,both_wrong
5551,explanatory,0,0,0.17035024345224914,0.3199258715764697,both_wrong
5552,explanatory,0,0,0.20870399080128707,0.2334107045670483,both_wrong
5553,explanatory,1,1,0.25076676255951447,0.5967022948328496,both_correct
5554,explanatory,1,0,0.24218263352614217,0.25699753140722875,qwen_only
5555,explanatory,1,1,0.18127839340753313,0.22236332408154844,both_correct
5556,explanatory,0,0,0.1508354840401776,0.13983261369908825,both_wrong
5557,explanatory,1,1,0.39549273185971484,0.341653264989909,both_correct
5558,explanatory,0,0,0.4633910649739839,0.4438886404594746,both_wrong
5559,explanatory,1,1,0.37271708324580344,0.4242211105914503,both_correct
5560,explanatory,0,1,0.2834309019285815,0.5836933046314617,internvl_only
5561,explanatory,0,1,0.34799085630872245,0.4308689023799371,internvl_only
5562,explanatory,0,0,0.15801692521723648,0.11346376811694123,both_wrong
5563,explanatory,1,1,0.28151207055481015,0.2133888828939971,both_correct
5564,explanatory,0,1,0.21522334932079307,0.3982159909999214,internvl_only
5565,explanatory,0,0,0.25402143730931726,0.12405160161633087,both_wrong
5566,explanatory,0,0,0.2374102841982945,0.1285988121499382,both_wrong
5567,explanatory,0,0,0.2999742881035916,0.3252969328455829,both_wrong
5568,explanatory,0,0,0.2315167671466462,0.27539234901873366,both_wrong
5569,explanatory,0,0,0.2059784476312768,0.17384916401332767,both_wrong
5570,explanatory,0,0,0.23201460882405045,0.16225368613287647,both_wrong
5571,explanatory,0,0,0.18397586727541326,0.23035610038185417,both_wrong
5572,explanatory,0,0,0.2721040111834737,0.28471494429604427,both_wrong
5573,explanatory,1,1,0.265546059450349,0.46127078885489137,both_correct
5574,explanatory,1,0,0.39858189201947863,0.4159259154424791,qwen_only
5575,explanatory,1,1,0.3636607986252709,0.38882182768880086,both_correct
5576,explanatory,0,0,0.32249921307231755,0.226855370218315,both_wrong
5577,explanatory,0,0,0.2220655957194601,0.29296507937276356,both_wrong
5578,explanatory,0,0,0.3224701877607605,0.1699362917600924,both_wrong
5579,explanatory,0,0,0.244655692800345,0.26569229170209074,both_wrong
5580,explanatory,0,0,0.21915750314482046,0.14811154417700495,both_wrong
5581,explanatory,0,0,0.2304236073413872,0.262888921402191,both_wrong
5582,explanatory,0,1,0.24960340422215047,0.4347105765872726,internvl_only
5583,explanatory,1,1,0.25360008546484986,0.26874127093472744,both_correct
5584,explanatory,0,0,0.2528949835333947,0.40042047554955046,both_wrong
5585,explanatory,0,1,0.09127965633601198,0.3190921318611339,internvl_only
5586,explanatory,0,0,0.30005112472065393,0.35717016165182486,both_wrong
5587,explanatory,0,0,0.1880773385522038,0.24194850228659887,both_wrong
5588,explanatory,0,1,0.2507348759913247,0.4386408428752449,internvl_only
5589,explanatory,1,0,0.28491485063590183,0.2568310161995851,qwen_only
5590,explanatory,0,1,0.20280818157775138,0.22813456617034142,internvl_only
5591,explanatory,0,1,0.26725587343016155,0.34013677386416424,internvl_only
5592,explanatory,1,1,0.1876781294470741,0.23475088692262744,both_correct
5593,explanatory,1,0,0.3358954839224453,0.2060363198711448,qwen_only
5594,explanatory,1,1,0.24135170213649731,0.18633915122250236,both_correct
5595,explanatory,0,1,0.2740385127741023,0.523599279885214,internvl_only
5596,explanatory,1,0,0.23879122668821906,0.41033152110672433,qwen_only
5597,explanatory,0,1,0.1724781185784104,0.37986194858826117,internvl_only
5598,explanatory,1,1,0.3479735237003296,0.5268312693144405,both_correct
5599,explanatory,0,0,0.17487682433608817,0.192613203902357,both_wrong
5600,explanatory,1,0,0.17717525715369445,0.22201832717635867,qwen_only
5601,explanatory,0,0,0.20503081718038332,0.26909859965642524,both_wrong
5602,explanatory,0,1,0.3548403488562545,0.5614206456008928,internvl_only
5603,explanatory,0,0,0.29310859525191596,0.17064374109022784,both_wrong
5604,explanatory,1,1,0.3709140437364133,0.2602210335856386,both_correct
5605,explanatory,0,0,0.16582141022554722,0.2866686874590948,both_wrong
5606,explanatory,0,1,0.37459278519556594,0.5858382686287555,internvl_only
5607,explanatory,0,0,0.12890322721653755,0.1687356964980109,both_wrong
5608,explanatory,0,0,0.1827665381754969,0.17239177673886383,both_wrong
5609,explanatory,0,0,0.16836835667561634,0.2638054925392629,both_wrong
5610,explanatory,0,0,0.16098257057180404,0.08334446870792803,both_wrong
5611,explanatory,1,1,0.36769086783862753,0.3773116550537567,both_correct
5612,explanatory,0,1,0.3814249599816947,0.429738822119748,internvl_only
5613,explanatory,0,0,0.29071440607625404,0.19215340896124164,both_wrong
5614,explanatory,1,1,0.32753150700167477,0.3417332656632361,both_correct
5615,explanatory,0,0,0.17594067333111832,0.19605516929723787,both_wrong
5616,explanatory,0,0,0.18755645681657426,0.2541892782515323,both_wrong
5617,explanatory,0,1,0.1903360352108992,0.5711228146850593,internvl_only
5618,explanatory,1,0,0.2831841449623826,0.2014023253386358,qwen_only
5619,explanatory,0,0,0.12107041370678369,0.1521213300530756,both_wrong
5620,explanatory,1,1,0.288384441861363,0.25681899891391446,both_correct
5621,explanatory,1,1,0.4186086229819174,0.5375499887061101,both_correct
5622,explanatory,0,1,0.34708465335238836,0.31027555347213553,internvl_only
5623,explanatory,0,0,0.1682932773986491,0.20794370363746922,both_wrong
5624,explanatory,1,1,0.17538682531500335,0.2779605950661223,both_correct
5625,explanatory,0,0,0.27212560209888437,0.30532551891107124,both_wrong
5626,explanatory,1,1,0.43126804667359714,0.4926597359866387,both_correct
5627,explanatory,1,1,0.3234693471949771,0.21853302339060035,both_correct
5628,explanatory,0,1,0.27773742422782133,0.5883423553035481,internvl_only
5629,explanatory,1,1,0.2825139111204895,0.49926628826519365,both_correct
5630,explanatory,0,0,0.057428745902231376,0.21205223294703962,both_wrong
5631,explanatory,1,0,0.15981556352151163,0.24962395617335062,qwen_only
5632,explanatory,0,0,0.20098666159702133,0.133217678241076,both_wrong
5633,explanatory,0,0,0.27887219830586985,0.38533678074513555,both_wrong
5634,explanatory,0,0,0.18415428152553953,0.3208047073792322,both_wrong
5635,explanatory,1,0,0.2804211257657381,0.23039882949135823,qwen_only
5636,explanatory,1,0,0.19402906564672265,0.31192742784437427,qwen_only
5637,explanatory,0,0,0.2413263718745814,0.2928710050796787,both_wrong
5638,explanatory,0,0,0.28026627788025454,0.4242082471997723,both_wrong
5639,explanatory,0,0,0.23184898809237778,0.30346233524821276,both_wrong
5640,explanatory,0,0,0.3291483488103813,0.24989388822192485,both_wrong
5641,explanatory,0,1,0.2979741926885499,0.38549957464798196,internvl_only
5642,explanatory,0,1,0.17918276487094184,0.34426945095742323,internvl_only
5643,explanatory,1,1,0.2702436466751254,0.4047912199644884,both_correct
5644,explanatory,0,0,0.2124149520686313,0.2274751967503636,both_wrong
5645,explanatory,1,1,0.3139015443869234,0.4268834113367323,both_correct
5646,explanatory,0,0,0.15875208057402831,0.1729946265636118,both_wrong
5647,explanatory,1,0,0.30979732689171097,0.3926746374450535,qwen_only
5648,explanatory,0,0,0.28781322923864855,0.21115351089101966,both_wrong
5649,explanatory,1,1,0.26873467288560293,0.371974467001931,both_correct
5650,explanatory,1,0,0.24945509577871797,0.305645601191726,qwen_only
5651,explanatory,0,0,0.16038499004574075,0.20530661697525068,both_wrong
5652,explanatory,1,1,0.3472690345355279,0.42325062338238895,both_correct
5653,explanatory,0,0,0.35472753196794243,0.3038307724712553,both_wrong
5654,explanatory,0,0,0.2691876735781502,0.3285663126608027,both_wrong
5655,explanatory,0,0,0.26527309515925546,0.4022017640207576,both_wrong
5656,explanatory,0,1,0.21006663717156923,0.18865485679591587,internvl_only
5657,explanatory,1,0,0.36047012313448046,0.2671248561072418,qwen_only
5658,explanatory,0,0,0.24934712330360473,0.25825312617495666,both_wrong
5659,explanatory,1,0,0.2816742917703525,0.3193466467684135,qwen_only
5660,explanatory,0,0,0.2771326904009042,0.2198290334544215,both_wrong
5661,explanatory,0,0,0.2891075615933163,0.40365942116716075,both_wrong
5662,explanatory,0,0,0.2319329981448098,0.27851140773203753,both_wrong
5663,explanatory,0,1,0.26091038443944786,0.2888016219108881,internvl_only
5664,explanatory,0,0,0.34295537274354077,0.2145259714773376,both_wrong
5665,explanatory,1,0,0.21227374762373258,0.41150751111381384,qwen_only
5666,explanatory,0,0,0.1449367547422781,0.2571153149811756,both_wrong
5667,explanatory,0,0,0.3314691795988194,0.23695650531726176,both_wrong
5668,explanatory,0,0,0.1266045620130141,0.3410379468488878,both_wrong
5669,explanatory,1,1,0.3833922636528623,0.3060064382006946,both_correct
5670,explanatory,0,1,0.40222617780752357,0.569545342934621,internvl_only
5671,explanatory,1,1,0.2427989436308694,0.2367828277357019,both_correct
5672,explanatory,0,0,0.3305561475882099,0.31830749112745654,both_wrong
5673,explanatory,1,1,0.34079424238160405,0.3961874620087181,both_correct
5674,explanatory,1,1,0.23396969988345515,0.24836258157967164,both_correct
5675,explanatory,0,0,0.35417028471095324,0.1650792793061745,both_wrong
5676,explanatory,1,1,0.37111188604153655,0.39207712979267567,both_correct
5677,explanatory,0,0,0.16232831914332452,0.3738794618069571,both_wrong
5678,explanatory,0,0,0.3233014811709259,0.33658923844248706,both_wrong
5679,explanatory,0,0,0.2214813627848234,0.40975287496889834,both_wrong
5680,explanatory,0,0,0.2180298869907575,0.2581573069286313,both_wrong
5681,explanatory,1,0,0.303744361533211,0.3169140930993672,qwen_only
5682,explanatory,0,0,0.4028606068910532,0.33468701493388736,both_wrong
5683,explanatory,0,1,0.3376839964299608,0.26334955868227405,internvl_only
5684,explanatory,0,0,0.2646740962229123,0.19211652922243425,both_wrong
5685,explanatory,0,0,0.4097091849618789,0.2957869944722662,both_wrong
5686,explanatory,0,0,0.13726737806567813,0.13236299762512957,both_wrong
5687,explanatory,1,1,0.4727618997060078,0.37951923211570704,both_correct
5688,explanatory,0,0,0.27417017824247303,0.4100380256634664,both_wrong
5689,explanatory,0,0,0.2345953627279897,0.2395146408467276,both_wrong
5690,explanatory,0,0,0.15773773608972866,0.27207424708175215,both_wrong
5691,explanatory,0,0,0.11985642004065972,0.33268717884679216,both_wrong
5692,explanatory,0,0,0.2007375257732092,0.19525970134119577,both_wrong
5693,explanatory,0,0,0.11822895828126549,0.3801748787972073,both_wrong
5694,explanatory,0,0,0.13321421079495516,0.16048081033019235,both_wrong
5695,explanatory,0,0,0.24348629263644506,0.23310456307642835,both_wrong
5696,explanatory,1,1,0.3054785970530642,0.52717052277898,both_correct
5697,explanatory,1,0,0.38280260233558855,0.5211101534156614,qwen_only
5698,explanatory,0,1,0.30499330309666933,0.31303872175732694,internvl_only
5699,explanatory,0,0,0.43410472515431103,0.24997333117685244,both_wrong
5700,explanatory,1,0,0.35652105995334454,0.47131845307396797,qwen_only
5701,explanatory,0,0,0.40735503555457697,0.4729450806341852,both_wrong
5702,explanatory,0,0,0.1382592308117027,0.2647630393330912,both_wrong
5703,explanatory,0,0,0.27548086527564075,0.4744191708093208,both_wrong
5704,explanatory,1,1,0.23669599100339184,0.3125769615897772,both_correct
5705,explanatory,0,0,0.3435790599174431,0.32154172468852105,both_wrong
5706,explanatory,0,0,0.3148607157954481,0.19196212337250915,both_wrong
5707,explanatory,1,1,0.3419935123394234,0.5714234524527106,both_correct
5708,explanatory,0,0,0.21229005246475094,0.4089028395673229,both_wrong
5709,explanatory,1,1,0.3887897930555827,0.3091738323901742,both_correct
5710,explanatory,0,1,0.1980598695722817,0.3928884690772999,internvl_only
5711,explanatory,0,0,0.24147298251026,0.27341776929319106,both_wrong
5712,explanatory,1,1,0.2459197216499983,0.4420060448852938,both_correct
5713,explanatory,0,0,0.18507762948266818,0.3513165468138478,both_wrong
5714,explanatory,0,0,0.22513926878764084,0.2349149767072983,both_wrong
5715,explanatory,0,1,0.1828056903360147,0.37607321758520007,internvl_only
5716,explanatory,0,0,0.2349791884079526,0.25651276664438766,both_wrong
5717,explanatory,0,0,0.3031621424641072,0.30454372301095695,both_wrong
5718,explanatory,0,1,0.333005808148599,0.425901879710671,internvl_only
5719,explanatory,1,0,0.3253099981732513,0.3306344326408644,qwen_only
5720,explanatory,0,0,0.21906196843718154,0.3178691535651749,both_wrong
5721,explanatory,1,1,0.23754853392983877,0.40627415991883487,both_correct
5722,explanatory,1,1,0.302378130381484,0.258477593426019,both_correct
5723,explanatory,0,1,0.41136738724177013,0.44004776024944386,internvl_only
5724,explanatory,0,1,0.2538524834250704,0.5113620366768205,internvl_only
5725,explanatory,0,0,0.318796994478212,0.3651158478081098,both_wrong
5726,explanatory,0,0,0.14976321893629788,0.10192207216634443,both_wrong
5727,explanatory,0,1,0.18290255255282364,0.17843967380340403,internvl_only
5728,explanatory,1,0,0.35329779397273986,0.33038323626632626,qwen_only
5729,explanatory,0,0,0.17803687899840726,0.14308575988706926,both_wrong
5730,explanatory,0,0,0.33958024996301056,0.4257333877954759,both_wrong
5731,explanatory,0,1,0.2300828797545895,0.40591367429063874,internvl_only
5732,explanatory,0,1,0.23897456459101715,0.22891693199146856,internvl_only
5733,explanatory,0,0,0.17381666886506536,0.21744463110204737,both_wrong
5734,explanatory,0,0,0.12255863817758622,0.2069873801416199,both_wrong
5735,explanatory,0,0,0.26549679294539164,0.4531607799839897,both_wrong
5736,explanatory,0,1,0.36828571930092485,0.45310593047737496,internvl_only
5737,explanatory,0,0,0.11691696424050801,0.12374130684562593,both_wrong
5738,explanatory,1,1,0.2954679219606183,0.46272980831592014,both_correct
5739,explanatory,0,0,0.17372949722445952,0.18536957857213915,both_wrong
5740,explanatory,0,0,0.3242006443642648,0.4866663221484599,both_wrong
5741,explanatory,0,0,0.07969141915773939,0.15938904307590493,both_wrong
5742,explanatory,0,0,0.21420870443526274,0.28573820377253745,both_wrong
5743,explanatory,0,0,0.1874839272173109,0.2173832639506291,both_wrong
5744,explanatory,1,0,0.40455306677192676,0.30644466755505195,qwen_only
5745,explanatory,0,0,0.3303635837784263,0.48242881455199027,both_wrong
5746,explanatory,1,1,0.2638733880059482,0.3317334803592714,both_correct
5747,explanatory,1,0,0.33677157017132386,0.3476443793059965,qwen_only
5748,explanatory,0,0,0.1605996209888894,0.12242266759249258,both_wrong
5749,explanatory,0,0,0.5101792225173819,0.4424313367483595,both_wrong
5750,explanatory,0,0,0.23523718756837772,0.2896204318803572,both_wrong
5751,explanatory,1,1,0.2306611985746764,0.28279231336616895,both_correct
5752,explanatory,0,1,0.17427136773318386,0.22375035422945774,internvl_only
5753,explanatory,1,0,0.15572727719348492,0.19158629433483318,qwen_only
5754,explanatory,0,0,0.2785961624103442,0.20306111209132907,both_wrong
5755,explanatory,0,0,0.12127553802293917,0.1280821798013525,both_wrong
5756,explanatory,1,1,0.49819047130002475,0.330955634005606,both_correct
5757,explanatory,0,0,0.4333231061502861,0.2573177488686656,both_wrong
5758,explanatory,0,0,0.1168893967383717,0.11841627046446936,both_wrong
5759,explanatory,0,0,0.16516595868635023,0.17596010884152935,both_wrong
5760,explanatory,1,1,0.3027772455184855,0.400384845418883,both_correct
5761,explanatory,0,0,0.17930582229230044,0.4670685649405891,both_wrong
5762,explanatory,0,1,0.19700792863985186,0.4233958464577523,internvl_only
5763,explanatory,1,0,0.18798460416303073,0.11086758207056606,qwen_only
5764,explanatory,0,1,0.39300365838943746,0.299696330140626,internvl_only
5765,explanatory,1,0,0.12001978545191769,0.17156803973236043,qwen_only
5766,explanatory,0,0,0.2673887439476544,0.38962383709039866,both_wrong
5767,explanatory,0,0,0.29747414332978867,0.6003395501043287,both_wrong
5768,explanatory,0,0,0.20278397214251645,0.30546931221559087,both_wrong
5769,explanatory,0,1,0.17904916912050894,0.28862748916374786,internvl_only
5770,explanatory,1,0,0.35301494386790117,0.24993602389785463,qwen_only
5771,explanatory,0,0,0.28967687440844536,0.18881287309469758,both_wrong
5772,explanatory,0,1,0.305629070791068,0.5623112165334296,internvl_only
5773,explanatory,0,1,0.3984164083259528,0.5428772255644105,internvl_only
5774,explanatory,1,1,0.2427851648412209,0.5002752795284765,both_correct
5775,explanatory,0,0,0.18868084995368425,0.1483341379421742,both_wrong
5776,explanatory,0,0,0.11376755905689517,0.19729372423500754,both_wrong
5777,explanatory,0,0,0.38574369534380737,0.6140820292521436,both_wrong
5778,explanatory,0,0,0.3293832327849278,0.18379425756220852,both_wrong
5779,explanatory,0,0,0.1771481558874331,0.259175833342893,both_wrong
5780,explanatory,0,0,0.18399709235399017,0.17168781017567633,both_wrong
5781,explanatory,1,0,0.25882452042084236,0.17418832283794933,qwen_only
5782,explanatory,0,0,0.09792988135273947,0.23336940553908586,both_wrong
5783,explanatory,0,1,0.3071516389425936,0.2954747038054996,internvl_only
5784,explanatory,0,0,0.1421864385577968,0.1525096446665608,both_wrong
5785,explanatory,1,0,0.4022168170978624,0.49415191804123393,qwen_only
5786,explanatory,0,0,0.25618575187475934,0.4188595126903144,both_wrong
5787,explanatory,0,0,0.19350196519252585,0.42630617509163304,both_wrong
5788,explanatory,1,0,0.08830101924804962,0.2617149345877859,qwen_only
5789,explanatory,1,1,0.4497308886442126,0.5696735815528085,both_correct
5790,explanatory,0,0,0.36056486837145174,0.2512413497852964,both_wrong
5791,explanatory,1,1,0.3593006969425469,0.2793990061515253,both_correct
5792,explanatory,1,0,0.3157198675253501,0.1638788724840875,qwen_only
5793,explanatory,0,0,0.348871329674367,0.17717216371561173,both_wrong
5794,explanatory,0,0,0.3697969552927658,0.28063095415401135,both_wrong
5795,explanatory,1,1,0.3991293550221662,0.3889744809371092,both_correct
5796,explanatory,1,1,0.3574871170644298,0.3743929880824759,both_correct
5797,explanatory,0,1,0.25431786190120387,0.3657998520351875,internvl_only
5798,explanatory,0,1,0.4455161337177405,0.30176323859226334,internvl_only
5799,explanatory,0,0,0.3748298522239495,0.4532202070130105,both_wrong
5800,explanatory,0,0,0.27050621477892856,0.1896759136280703,both_wrong
5801,explanatory,0,0,0.13826476874501517,0.2984691359300211,both_wrong
5802,explanatory,0,1,0.21756008050536732,0.3880407611448532,internvl_only
5803,explanatory,0,0,0.16370273752608863,0.22540858215693968,both_wrong
5804,explanatory,0,0,0.22460095355459378,0.24902021244071212,both_wrong
5805,explanatory,1,1,0.36543029608180044,0.5969753652445402,both_correct
5806,explanatory,1,0,0.18441018685685448,0.22187979578203398,qwen_only
5807,explanatory,0,0,0.2609920037626196,0.3371798819834269,both_wrong
5808,explanatory,0,0,0.24680944864126464,0.33589483888056554,both_wrong
5809,explanatory,1,0,0.3293016951687879,0.28428270961122754,qwen_only
5810,explanatory,1,0,0.1297986708763462,0.12672224541962834,qwen_only
5811,explanatory,1,1,0.390975278467935,0.48055324764263246,both_correct
5812,explanatory,1,0,0.25704486320186704,0.35105466608880964,qwen_only
5813,explanatory,0,0,0.16263714232015197,0.13972882130561198,both_wrong
5814,explanatory,0,0,0.2812029998891659,0.42073655722816433,both_wrong
5815,explanatory,0,0,0.3022677988204384,0.39170780978666675,both_wrong
5816,explanatory,0,0,0.3306901835258506,0.5078996851918072,both_wrong
5817,explanatory,1,1,0.2067176946794127,0.5805041340636733,both_correct
5818,explanatory,1,0,0.18349755319082764,0.18072852029836722,qwen_only
5819,explanatory,0,0,0.21329044515433332,0.37656065612155826,both_wrong
5820,explanatory,0,0,0.16626388101195463,0.24378847543222648,both_wrong
5821,explanatory,0,1,0.37061675753865986,0.36336219910516643,internvl_only
5822,explanatory,0,0,0.29753245761096647,0.5469595661995743,both_wrong
5823,explanatory,0,0,0.25989596097237694,0.5774751282164454,both_wrong
5824,explanatory,0,0,0.2944677005952799,0.3703598348253604,both_wrong
5825,explanatory,1,1,0.33818613686641796,0.3912385504676812,both_correct
5826,explanatory,0,0,0.2409041236173199,0.23148283845431442,both_wrong
5827,explanatory,0,0,0.1568321825766655,0.2740282514654907,both_wrong
5828,explanatory,0,0,0.27803543671395603,0.21037319890980352,both_wrong
5829,explanatory,0,0,0.18899304152096894,0.10962349367835639,both_wrong
5830,explanatory,0,0,0.20665076228401186,0.2485735228940279,both_wrong
5831,explanatory,1,0,0.39853810694276903,0.35795204948115816,qwen_only
5832,explanatory,0,1,0.2873374199267006,0.31868370061149376,internvl_only
5833,explanatory,1,1,0.25081973389163614,0.1782823106395045,both_correct
5834,explanatory,1,0,0.36337420691098854,0.17138561473519986,qwen_only
5835,explanatory,0,1,0.25203666819501974,0.2654454699755404,internvl_only
5836,explanatory,1,0,0.26917973799504935,0.2526227674926889,qwen_only
5837,explanatory,0,1,0.3124337527024085,0.46638759943385466,internvl_only
5838,explanatory,1,1,0.31382462299124925,0.30143601796915925,both_correct
5839,explanatory,1,1,0.2761746121912778,0.25068796934039134,both_correct
5840,explanatory,0,0,0.2042710503187763,0.12826990786313394,both_wrong
5841,explanatory,1,1,0.21780901191513363,0.26110579697059416,both_correct
5842,explanatory,1,1,0.33375972527345926,0.4332870953428004,both_correct
5843,explanatory,0,0,0.2388411198471482,0.43188049268682144,both_wrong
5844,explanatory,0,0,0.3428107955698322,0.2607902433703167,both_wrong
5845,explanatory,0,0,0.2430205471072784,0.18011653197183727,both_wrong
5846,explanatory,0,0,0.3346922158790391,0.27192604475137966,both_wrong
5847,explanatory,0,1,0.35227875759447885,0.35874012695389246,internvl_only
5848,explanatory,0,0,0.15861224845324798,0.13314655836310704,both_wrong
5849,explanatory,0,1,0.1414373891144478,0.3514034921817005,internvl_only
5850,explanatory,0,0,0.3601041554488652,0.5243963671483063,both_wrong
5851,explanatory,0,0,0.12438720681681187,0.12076982525290375,both_wrong
5852,explanatory,1,1,0.11771400304938114,0.16058980567231532,both_correct
5853,explanatory,0,0,0.18878885732709855,0.1495361545168719,both_wrong
5854,explanatory,0,0,0.1802942527804106,0.24170832836334308,both_wrong
5855,explanatory,0,0,0.39924813780318186,0.3461631540979142,both_wrong
5856,explanatory,0,0,0.3528015736197244,0.32553791585322184,both_wrong
5857,explanatory,0,0,0.17339665636921778,0.2910693226901916,both_wrong
5858,explanatory,1,0,0.26003520449993484,0.2802587014941148,qwen_only
5859,explanatory,0,1,0.22696132584387588,0.33563589066266447,internvl_only
5860,explanatory,0,0,0.20633710618634793,0.18068363299866233,both_wrong
5861,explanatory,0,0,0.1436446582906499,0.12450874333117923,both_wrong
5862,explanatory,1,1,0.24484130623987224,0.18679633915256785,both_correct
5863,explanatory,0,1,0.3450307372661881,0.2807281746820125,internvl_only
5864,explanatory,0,0,0.5622777838432483,0.553688465879859,both_wrong
5865,explanatory,1,0,0.3074280698885506,0.15302338953782085,qwen_only
5866,explanatory,0,0,0.19616856397619678,0.26243768392102496,both_wrong
5867,explanatory,0,0,0.16451404236362346,0.2383732711557396,both_wrong
5868,explanatory,1,0,0.17330521746580496,0.24536310464834982,qwen_only
5869,explanatory,0,0,0.21155984423773555,0.2073074315914927,both_wrong
5870,explanatory,1,1,0.29828870238881067,0.3515094143209673,both_correct
5871,explanatory,1,0,0.1603216856908057,0.2762618739188831,qwen_only
5872,explanatory,1,1,0.19335106951440648,0.3213717112777357,both_correct
5873,explanatory,0,0,0.09041259149604983,0.11755428271432168,both_wrong
5874,explanatory,0,0,0.31859099494082005,0.2548000317745913,both_wrong
5875,explanatory,1,0,0.2493549934120861,0.15318820704075853,qwen_only
5876,explanatory,0,0,0.15177861034005646,0.20730613503695233,both_wrong
5877,explanatory,0,0,0.29782925926375364,0.3567555261977302,both_wrong
5878,explanatory,0,0,0.30511827544492026,0.28298013685758955,both_wrong
5879,explanatory,0,0,0.1969376218779463,0.327322037950948,both_wrong
5880,explanatory,0,1,0.37508120252283256,0.489400924230044,internvl_only
5881,explanatory,1,1,0.32209009902725455,0.38790368593312485,both_correct
5882,explanatory,0,0,0.20217045687320276,0.30959812989329655,both_wrong
5883,explanatory,1,0,0.18628782323117507,0.3624245101375064,qwen_only
5884,explanatory,0,0,0.31871326208493467,0.3372519208430638,both_wrong
5885,explanatory,0,0,0.11865678648019558,0.4670495197760565,both_wrong
5886,explanatory,0,0,0.22683760977704628,0.25536838758224606,both_wrong
5887,explanatory,0,0,0.3549790797756671,0.3633772786449469,both_wrong
5888,explanatory,0,1,0.3692638114680921,0.286237569923776,internvl_only
5889,explanatory,1,1,0.38865001048242465,0.4302492498221321,both_correct
5890,explanatory,0,0,0.12381353097693569,0.17528224405545104,both_wrong
5891,explanatory,1,1,0.12893342578796693,0.12184013675296962,both_correct
5892,explanatory,0,0,0.14396367335430915,0.21115004986284036,both_wrong
5893,explanatory,0,0,0.14923269568932057,0.32906689568115227,both_wrong
5894,explanatory,1,0,0.20767780626449714,0.23516632983423857,qwen_only
5895,explanatory,0,0,0.1702691970949425,0.1216965730782807,both_wrong
5896,explanatory,1,1,0.4488664579447168,0.39471291840356554,both_correct
5897,explanatory,0,0,0.28284200404540727,0.13448723228083928,both_wrong
5898,explanatory,0,1,0.1316114926414422,0.341403323613013,internvl_only
5899,explanatory,1,0,0.2999383620227282,0.28058195655019014,qwen_only
5900,explanatory,0,0,0.11491153694019049,0.1446849282358951,both_wrong
5901,explanatory,1,1,0.42832287140453074,0.4395926939954859,both_correct
5902,explanatory,0,1,0.2111614564690398,0.33016218955758564,internvl_only
5903,explanatory,0,0,0.22223739843647372,0.4525949695703653,both_wrong
5904,explanatory,1,0,0.2556121173398526,0.41682247011212514,qwen_only
5905,explanatory,1,1,0.37768893193394376,0.43111306109832437,both_correct
5906,explanatory,0,0,0.2035688697780542,0.37643764145203534,both_wrong
5907,explanatory,0,0,0.20716651489041396,0.260127564735639,both_wrong
5908,explanatory,1,0,0.378025535858313,0.3947926992073359,qwen_only
5909,explanatory,1,0,0.38560288668086073,0.335848767668402,qwen_only
5910,explanatory,0,1,0.31510712488047676,0.25136195146249574,internvl_only
5911,explanatory,0,0,0.15750997054981072,0.10817708344242667,both_wrong
5912,explanatory,0,0,0.1841619437295034,0.15879688942200662,both_wrong
5913,explanatory,1,1,0.26643801263861133,0.4130459999794711,both_correct
5914,explanatory,1,1,0.2902117023966201,0.30355928445369484,both_correct
5915,explanatory,0,0,0.2049013276729425,0.32483270157473776,both_wrong
5916,explanatory,0,0,0.19652516214821833,0.22314513561313992,both_wrong
5917,explanatory,0,0,0.34344201701189175,0.2282834680660029,both_wrong
5918,explanatory,0,0,0.2399645011305199,0.10365703510457466,both_wrong
5919,explanatory,1,1,0.38611109578848724,0.2628225268291229,both_correct
5920,explanatory,0,0,0.2893018933620827,0.3277713945140613,both_wrong
5921,explanatory,0,0,0.3262016047030781,0.6053884864390989,both_wrong
5922,explanatory,1,0,0.11480683663206454,0.2927280120975158,qwen_only
5923,explanatory,0,1,0.39149575140140036,0.4392423142322806,internvl_only
5924,explanatory,0,0,0.17999214147968345,0.1911202258628125,both_wrong
5925,explanatory,1,1,0.340826411217258,0.43883497951607614,both_correct
5926,explanatory,0,0,0.2955752233487347,0.4670652522771055,both_wrong
5927,explanatory,0,1,0.3631177309189171,0.6389950300833064,internvl_only
5928,explanatory,0,0,0.4136985559986984,0.37206736014881747,both_wrong
5929,explanatory,0,1,0.24435418783146498,0.41322528836453193,internvl_only
5930,explanatory,1,1,0.28877693151709266,0.3267832766722113,both_correct
5931,explanatory,0,0,0.1816344218736435,0.15724757959845911,both_wrong
5932,explanatory,0,0,0.26485706391590075,0.22420517017527303,both_wrong
5933,explanatory,0,0,0.2017508488797894,0.11618022974548387,both_wrong
5934,explanatory,1,1,0.17235863763964937,0.29954173127719624,both_correct
5935,explanatory,0,1,0.1848865909329036,0.34213473932521754,internvl_only
5936,explanatory,0,0,0.2654847675413707,0.2439535073632506,both_wrong
5937,explanatory,1,1,0.2911412242205462,0.46738893802545417,both_correct
5938,explanatory,0,0,0.2509156173944898,0.3826091572225054,both_wrong
5939,explanatory,0,0,0.3106385319932041,0.45203596663300444,both_wrong
5940,explanatory,0,0,0.13596733710449946,0.14347084451244602,both_wrong
5941,explanatory,1,1,0.41292834739479495,0.35326226458727494,both_correct
5942,explanatory,0,1,0.14466392025436883,0.28887182986395726,internvl_only
5943,explanatory,0,0,0.30074810629369253,0.1930918157876609,both_wrong
5944,explanatory,1,0,0.37884995805820926,0.23307586522996976,qwen_only
5945,explanatory,0,0,0.1178366013484954,0.20186203977591283,both_wrong
5946,explanatory,0,0,0.2913698407716107,0.3430110373142681,both_wrong
5947,explanatory,1,1,0.325436372715858,0.4705898761455202,both_correct
5948,explanatory,0,0,0.20997934521705602,0.40478742145682445,both_wrong
5949,explanatory,0,0,0.19578075076654552,0.24355567991038923,both_wrong
5950,explanatory,0,0,0.24710362087917473,0.33455681555691386,both_wrong
5951,explanatory,0,0,0.0938241062287746,0.18521010973909988,both_wrong
5952,explanatory,0,0,0.36465332263418443,0.49643251860959664,both_wrong
5953,explanatory,1,0,0.17809770385414359,0.1956653108826727,qwen_only
5954,explanatory,0,0,0.1651830391528275,0.2513857400407885,both_wrong
5955,explanatory,0,0,0.07914628199968661,0.1483054238608939,both_wrong
5956,explanatory,0,0,0.26220703325748973,0.30873778723317724,both_wrong
5957,explanatory,1,0,0.24969327515605202,0.2588662866633223,qwen_only
5958,explanatory,0,1,0.23818562062657897,0.40189404441801546,internvl_only
5959,explanatory,1,1,0.20670492951716019,0.3122002275988721,both_correct
5960,explanatory,0,1,0.34126543533149123,0.34941973052636044,internvl_only
5961,explanatory,1,0,0.2380662671550992,0.2565300898402192,qwen_only
5962,explanatory,0,1,0.28611920540909075,0.21921741219154592,internvl_only
5963,explanatory,0,0,0.13419770320526583,0.1980798986442425,both_wrong
5964,explanatory,1,1,0.4098391078090021,0.3277573579583573,both_correct
5965,explanatory,0,0,0.23600323341489868,0.2079823740256494,both_wrong
5966,explanatory,0,1,0.28846747232348807,0.3819679978762876,internvl_only
5967,explanatory,0,0,0.16166361144030902,0.23142672828431485,both_wrong
5968,explanatory,0,0,0.13481444061932682,0.19645403410528203,both_wrong
5969,explanatory,0,0,0.2874773561157183,0.4219637606796229,both_wrong
5970,explanatory,0,1,0.27382620661219653,0.27027829763099953,internvl_only
5971,explanatory,0,0,0.22461833740684664,0.17365429052048376,both_wrong
5972,explanatory,1,1,0.25862431574682243,0.26488868224592954,both_correct
5973,explanatory,0,1,0.21301575677959614,0.422152768425697,internvl_only
5974,explanatory,1,1,0.27275477618637434,0.30833416156837173,both_correct
5975,explanatory,0,0,0.16078915054973333,0.1375265616815665,both_wrong
5976,explanatory,0,1,0.13931840739615448,0.1598294767919226,internvl_only
5977,explanatory,1,1,0.20568510117667474,0.36880402871343493,both_correct
5978,explanatory,0,0,0.21909157754594047,0.24778527198347047,both_wrong
5979,explanatory,1,0,0.2712526533263361,0.21342358464570158,qwen_only
5980,explanatory,0,0,0.27222132662233084,0.3509274082407069,both_wrong
5981,explanatory,1,1,0.40166490543163014,0.546207476870342,both_correct
5982,explanatory,0,0,0.16458855969194003,0.09264394250672475,both_wrong
5983,explanatory,0,0,0.34317557298263657,0.30079754126297154,both_wrong
5984,explanatory,0,0,0.22150625226093876,0.3505516949136706,both_wrong
5985,explanatory,1,1,0.4107077495069478,0.42874787939275893,both_correct
5986,explanatory,0,0,0.2897995320710954,0.23306350498435105,both_wrong
5987,explanatory,0,0,0.19667706857258302,0.19707258093185057,both_wrong
5988,explanatory,0,1,0.30212284050353405,0.3177602781410545,internvl_only
5989,explanatory,1,1,0.40222049942557225,0.42912523918471074,both_correct
5990,explanatory,0,1,0.25504662431785496,0.47247961289407064,internvl_only
5991,explanatory,0,0,0.240379988821213,0.15326065289565322,both_wrong
5992,explanatory,0,0,0.12952829984802425,0.2004994983983021,both_wrong
5993,explanatory,0,0,0.14332435565036963,0.14281398547397323,both_wrong
5994,explanatory,0,1,0.24781489419780703,0.3636791708684511,internvl_only
5995,explanatory,0,0,0.3016402324193427,0.3460691716858823,both_wrong
5996,explanatory,0,0,0.12275680388049609,0.10333076670443492,both_wrong
5997,explanatory,0,1,0.3498446986890298,0.23576755096587634,internvl_only
5998,explanatory,0,0,0.24851168577016758,0.21690517880486707,both_wrong
5999,explanatory,0,0,0.47791536988820926,0.23334505776375655,both_wrong
6000,explanatory,1,1,0.30499621981189773,0.32979904736240306,both_correct
6001,explanatory,0,0,0.4220516461872429,0.3533423294684994,both_wrong
6002,explanatory,0,1,0.2923312581931587,0.35323962509010526,internvl_only
6003,explanatory,0,1,0.25183384623056876,0.35941447612893257,internvl_only
6004,explanatory,1,0,0.311132205639082,0.3624803372569183,qwen_only
6005,explanatory,0,1,0.3599310309710312,0.4745150265718736,internvl_only
6006,explanatory,0,0,0.45045508948719853,0.4706253912981801,both_wrong
6007,explanatory,0,0,0.1254774307293438,0.13508931479215147,both_wrong
6008,explanatory,0,1,0.32938587468502495,0.42017131542614816,internvl_only
6009,explanatory,0,0,0.19926565786221703,0.30868174028634515,both_wrong
6010,explanatory,1,1,0.2888732605554108,0.2342693577000491,both_correct
6011,explanatory,1,1,0.3280819016784252,0.3717148401367424,both_correct
6012,explanatory,0,0,0.4218058538010076,0.3736536139796433,both_wrong
6013,explanatory,0,1,0.33339214141305745,0.49257746943093533,internvl_only
6014,explanatory,0,0,0.14315073944647225,0.22950597378324256,both_wrong
6015,explanatory,0,0,0.20228766770916226,0.28836630035538563,both_wrong
6016,explanatory,0,1,0.2023613216236675,0.4128410772186407,internvl_only
6017,explanatory,0,1,0.2681094044629206,0.34061013039439786,internvl_only
6018,explanatory,0,0,0.14281591536915486,0.20975976959440154,both_wrong
6019,explanatory,0,0,0.1841773971906662,0.24116202231340753,both_wrong
6020,explanatory,1,1,0.26389634702002013,0.3344960992464313,both_correct
6021,explanatory,0,0,0.23718225155364597,0.17077953108329738,both_wrong
6022,explanatory,1,0,0.40637000469443585,0.31513555917109354,qwen_only
6023,explanatory,0,0,0.2963922888372888,0.28896620308280513,both_wrong
6024,explanatory,0,0,0.16014387121258872,0.13006264098567533,both_wrong
6025,explanatory,0,0,0.17528568936729202,0.23805850015942967,both_wrong
6026,explanatory,0,0,0.28496940818154953,0.37860734760270515,both_wrong
6027,explanatory,1,1,0.40146813871125303,0.5094156794908841,both_correct
6028,explanatory,0,0,0.36057189000494877,0.2596706123458627,both_wrong
6029,explanatory,0,1,0.12622304364248954,0.2859446163233131,internvl_only
6030,explanatory,0,0,0.13377661711111286,0.11583988832428276,both_wrong
6031,explanatory,0,0,0.1309209200506801,0.10708746385053881,both_wrong
6032,explanatory,0,0,0.29792028413909183,0.2703098276487435,both_wrong
6033,explanatory,1,1,0.2515741480239824,0.25078611924633887,both_correct
6034,explanatory,0,0,0.24694527466044583,0.324119871450995,both_wrong
6035,explanatory,0,0,0.3828086511945305,0.41005615258701955,both_wrong
6036,explanatory,0,0,0.20568619959454146,0.2041299658847092,both_wrong
6037,explanatory,1,1,0.32505798775579675,0.36534310302438777,both_correct
6038,explanatory,0,0,0.14329990007000534,0.26014324284036733,both_wrong
6039,explanatory,0,0,0.2502392959838481,0.25434351085662804,both_wrong
6040,explanatory,1,1,0.2678099647555863,0.3133270900697959,both_correct
6041,explanatory,0,0,0.288179021427561,0.4962313802726412,both_wrong
6042,explanatory,0,0,0.1346597593079748,0.12511846876632063,both_wrong
6043,explanatory,0,0,0.1910164506220314,0.3553883935043038,both_wrong
6044,explanatory,0,0,0.18992997559057723,0.19516005658950686,both_wrong
6045,explanatory,0,0,0.25015189382121256,0.42148019406927717,both_wrong
6046,explanatory,0,0,0.3132919389807005,0.42434008059023726,both_wrong
6047,explanatory,0,1,0.3510646558759948,0.553215469322891,internvl_only
6048,explanatory,1,1,0.3783199067908323,0.47898692497999157,both_correct
6049,explanatory,1,1,0.30593100200126644,0.268115359610655,both_correct
6050,explanatory,0,0,0.23484143893140608,0.2910258595552528,both_wrong
6051,explanatory,1,0,0.28542782280948126,0.3777493091826773,qwen_only
6052,explanatory,0,1,0.24303304420360705,0.3807784520470321,internvl_only
6053,explanatory,1,0,0.2187344677828339,0.1312649121098687,qwen_only
6054,explanatory,0,1,0.20223211910324296,0.24992617789264962,internvl_only
6055,explanatory,0,0,0.22096657355220153,0.24970199892536407,both_wrong
6056,explanatory,0,1,0.24485401162621098,0.48103172479606343,internvl_only
6057,explanatory,0,0,0.2539947288474331,0.26712749169768507,both_wrong
6058,explanatory,1,0,0.327854611612562,0.3036614182121312,qwen_only
6059,explanatory,1,0,0.26507682921441056,0.3177870757840426,qwen_only
6060,explanatory,0,0,0.24382573539200839,0.2578154083675955,both_wrong
6061,explanatory,0,1,0.182963523268302,0.4077204505764478,internvl_only
6062,explanatory,0,1,0.20902529243008564,0.49472251836992576,internvl_only
6063,explanatory,1,0,0.2389678356361129,0.35026444238844323,qwen_only
6064,explanatory,0,0,0.2069781637228412,0.1953697236383084,both_wrong
6065,explanatory,0,0,0.20850267445232082,0.19370616639970054,both_wrong
6066,explanatory,0,0,0.322290120351283,0.22987408476692603,both_wrong
6067,explanatory,1,0,0.3047270631886435,0.27903271631132287,qwen_only
6068,explanatory,0,0,0.20068952247004937,0.25020380660026326,both_wrong
6069,explanatory,0,0,0.12849419182077787,0.24868677159750438,both_wrong
6070,explanatory,0,0,0.28509662850274625,0.4242210477671883,both_wrong
6071,explanatory,0,1,0.2656824486526919,0.3247549146237642,internvl_only
6072,explanatory,0,0,0.3347122003560006,0.15873969356527431,both_wrong
6073,explanatory,1,0,0.4440049380321792,0.2758150547841401,qwen_only
6074,explanatory,0,0,0.3283791296299478,0.3537509480709652,both_wrong
6075,explanatory,0,0,0.2957139571205622,0.22921404096323164,both_wrong
6076,explanatory,1,1,0.34669745611624414,0.4589314572124355,both_correct
6077,explanatory,0,0,0.2257825771071279,0.1380275323707178,both_wrong
6078,explanatory,1,1,0.39613557612458905,0.47268882397496215,both_correct
6079,explanatory,0,0,0.09067247955295155,0.15420494162985265,both_wrong
6080,explanatory,0,0,0.11230748825124408,0.2796815486091836,both_wrong
6081,explanatory,0,1,0.2663995972993599,0.29079955431050547,internvl_only
6082,explanatory,0,1,0.2974487153992721,0.45105570185407495,internvl_only
6083,explanatory,0,0,0.20264761878859597,0.16552852829458609,both_wrong
6084,explanatory,0,1,0.3060454204505091,0.526984314755386,internvl_only
6085,explanatory,0,0,0.26290455000106255,0.5043704708051786,both_wrong
6086,explanatory,0,0,0.3179414562546434,0.1981799339872441,both_wrong
6087,explanatory,0,0,0.15341265198854565,0.18241462561705435,both_wrong
6088,explanatory,0,0,0.25780173370488174,0.3415160736777847,both_wrong
6089,explanatory,0,0,0.1754051857094229,0.17081345180872476,both_wrong
6090,explanatory,0,1,0.18275582829644954,0.2308588306886681,internvl_only
6091,explanatory,1,1,0.3308273270988461,0.5474627236914608,both_correct
6092,explanatory,0,0,0.24660125805485547,0.37979469452643805,both_wrong
6093,explanatory,0,0,0.32889521631170016,0.3048621285226892,both_wrong
6094,explanatory,0,1,0.1680393918734278,0.13283893591323886,internvl_only
6095,explanatory,0,0,0.16830969624863978,0.29118563441689926,both_wrong
6096,explanatory,0,0,0.09105996572097776,0.10021204130382512,both_wrong
6097,explanatory,0,1,0.11851496764225215,0.21596363271873878,internvl_only
6098,explanatory,1,1,0.2796731501596768,0.3909512966605875,both_correct
6099,explanatory,0,0,0.29510225190955214,0.2657172425567976,both_wrong
6100,explanatory,0,0,0.1797063937323347,0.22188891957586065,both_wrong
6101,explanatory,0,0,0.1912224329109611,0.35905108760446547,both_wrong
6102,explanatory,1,0,0.2501587626796946,0.36604472597646975,qwen_only
6103,explanatory,0,1,0.20159087960176528,0.46216239334370735,internvl_only
6104,explanatory,0,1,0.3380806940201202,0.6448778778875992,internvl_only
6105,explanatory,0,0,0.25720392655815255,0.20001105735348595,both_wrong
6106,explanatory,0,0,0.39397112590859434,0.6350398101389877,both_wrong
6107,explanatory,0,0,0.2643479943960927,0.2838754613553106,both_wrong
6108,explanatory,0,1,0.32381272936684424,0.3464982357703738,internvl_only
6109,explanatory,0,1,0.35619029734001145,0.26431867529636405,internvl_only
6110,explanatory,0,0,0.16600728013501578,0.20207924274258174,both_wrong
6111,explanatory,0,0,0.19774845569885824,0.15697691837267733,both_wrong
6112,explanatory,1,1,0.1824942602171778,0.19453824157275942,both_correct
6113,explanatory,0,1,0.342572940100196,0.5219121668874317,internvl_only
6114,explanatory,1,0,0.3070271911217831,0.17735857309283412,qwen_only
6115,explanatory,0,0,0.28194244220357223,0.28136882067930463,both_wrong
6116,explanatory,0,1,0.27661216917159986,0.38987386057275775,internvl_only
6117,explanatory,0,0,0.30126299318065947,0.4043009829007125,both_wrong
6118,explanatory,1,0,0.3157121318014526,0.24034703347915937,qwen_only
6119,explanatory,0,1,0.3134660114179254,0.4836170322948592,internvl_only
6120,explanatory,0,0,0.08280207362334853,0.1064507359280843,both_wrong
6121,explanatory,0,0,0.21607970428285087,0.3091999154704004,both_wrong
6122,explanatory,0,0,0.10633309542089266,0.0931133202620595,both_wrong
6123,explanatory,0,0,0.2477701164421475,0.13886469807482946,both_wrong
6124,explanatory,1,1,0.22134943894224132,0.37839417742159875,both_correct
6125,explanatory,1,1,0.27120854719504256,0.3590398121738557,both_correct
6126,explanatory,0,0,0.27263462662676863,0.30731710981243365,both_wrong
6127,explanatory,0,0,0.07991526545554546,0.18511539057058676,both_wrong
6128,explanatory,0,1,0.2315758511100471,0.3082793406426857,internvl_only
6129,explanatory,1,0,0.22605361677805602,0.36474113732399366,qwen_only
6130,explanatory,0,1,0.2972199631743765,0.38556282258226116,internvl_only
6131,explanatory,1,1,0.42024323207530023,0.39159106866857096,both_correct
6132,explanatory,0,0,0.1813813093550485,0.13516649253267324,both_wrong
6133,explanatory,0,0,0.3455016488341241,0.40349426242938585,both_wrong
6134,explanatory,0,0,0.12375023157931182,0.22254052203425162,both_wrong
6135,explanatory,0,1,0.38631583858699614,0.4545235039518796,internvl_only
6136,explanatory,0,1,0.4729535949633806,0.40670396358092326,internvl_only
6137,explanatory,1,1,0.3499128428822041,0.2949183639149767,both_correct
6138,explanatory,0,0,0.2800412595329555,0.261160076274784,both_wrong
6139,explanatory,0,0,0.33792068346746523,0.21349063043100047,both_wrong
6140,explanatory,0,0,0.23337923010477032,0.27041991396244996,both_wrong
6141,explanatory,0,1,0.33757537310995206,0.4267164355121369,internvl_only
6142,explanatory,0,1,0.31158539992602524,0.4484126534307739,internvl_only
6143,explanatory,0,0,0.32786182096792676,0.38606415046336934,both_wrong
6144,explanatory,0,0,0.2358431030012417,0.3912245880633603,both_wrong
6145,explanatory,0,0,0.17605740213218443,0.19191768691591024,both_wrong
6146,explanatory,0,0,0.2300408911484542,0.29402579371084847,both_wrong
6147,explanatory,0,0,0.2673968776572966,0.3216608096367922,both_wrong
6148,explanatory,0,1,0.0865234368646122,0.27696368093232276,internvl_only
6149,explanatory,1,1,0.11145804682577128,0.3945793254094733,both_correct
6150,explanatory,0,0,0.22642852938274585,0.19075673063459947,both_wrong
6151,explanatory,1,1,0.4892050652088462,0.4635133430001074,both_correct
6152,explanatory,0,0,0.13687422718565567,0.1959089590704077,both_wrong
6153,explanatory,0,0,0.2881672916901709,0.5276265366551132,both_wrong
6154,explanatory,0,0,0.40953360495823005,0.39795966978086045,both_wrong
6155,explanatory,0,1,0.22558193923366435,0.19357831884067636,internvl_only
6156,explanatory,0,0,0.35233429359143875,0.2575092992262215,both_wrong
6157,explanatory,0,0,0.281033997130774,0.1267696416656563,both_wrong
6158,explanatory,0,0,0.24932243459580278,0.17373847322004896,both_wrong
6159,explanatory,1,1,0.30052434602060174,0.4172575199132916,both_correct
6160,explanatory,0,0,0.20636925303606066,0.14452204524127144,both_wrong
6161,explanatory,0,0,0.38537347890506524,0.4988924131964033,both_wrong
6162,explanatory,1,0,0.24503376319988804,0.27669321321715074,qwen_only
6163,explanatory,0,0,0.23913473143517935,0.21925115504787102,both_wrong
6164,explanatory,0,0,0.20095457612050513,0.4149273500228077,both_wrong
6165,explanatory,0,0,0.17469590349384703,0.12198671664563804,both_wrong
6166,explanatory,1,1,0.3618128167871583,0.45815809934450447,both_correct
6167,explanatory,0,1,0.3572897540799533,0.5105756317525407,internvl_only
6168,explanatory,0,1,0.21346138218347238,0.451661785746242,internvl_only
6169,explanatory,1,1,0.17181735553373542,0.19492824307807763,both_correct
6170,explanatory,1,1,0.2567566054999535,0.23661948315734913,both_correct
6171,explanatory,0,0,0.25726511563784643,0.3657039856117394,both_wrong
6172,explanatory,1,0,0.2621082955244301,0.2562368274818691,qwen_only
6173,explanatory,1,0,0.2339892713745468,0.2790413146775454,qwen_only
6174,explanatory,0,0,0.1498473930953583,0.10025684627755839,both_wrong
6175,explanatory,0,0,0.2943973510115994,0.25584079831115436,both_wrong
6176,explanatory,0,0,0.31500509867484416,0.4474920280357422,both_wrong
6177,explanatory,1,1,0.32974466369738054,0.2801545090394895,both_correct
6178,explanatory,1,1,0.46557478273410563,0.35208060824844306,both_correct
6179,explanatory,0,0,0.37246800249233847,0.48427076195090585,both_wrong
6180,explanatory,0,1,0.18825377605984003,0.31897555829326096,internvl_only
6181,explanatory,1,1,0.3387657100159832,0.42844107258161246,both_correct
6182,explanatory,0,0,0.23876943658435404,0.13130900959946346,both_wrong
6183,explanatory,0,0,0.255712908472922,0.1973086856782285,both_wrong
6184,explanatory,0,0,0.22078241536727897,0.3421577131786342,both_wrong
6185,explanatory,0,0,0.4049475489847063,0.2919906084944064,both_wrong
6186,explanatory,1,1,0.29767075155025,0.31051195043950064,both_correct
6187,explanatory,0,0,0.14496130240592484,0.33066755879005694,both_wrong
6188,explanatory,0,0,0.06854404733462215,0.11788477329325571,both_wrong
6189,explanatory,0,1,0.19830185055220984,0.3177225202386983,internvl_only
6190,explanatory,0,1,0.3337557501470711,0.44296093773339085,internvl_only
6191,explanatory,1,0,0.10377188242991073,0.1470139667081586,qwen_only
6192,explanatory,0,0,0.28420385273552484,0.344188161403642,both_wrong
6193,explanatory,0,0,0.3140192689587637,0.2498750516666662,both_wrong
6194,explanatory,0,0,0.36629461986017275,0.19867796719013478,both_wrong
6195,explanatory,0,1,0.25085509516947435,0.3154830537158508,internvl_only
6196,explanatory,0,0,0.22091448837424107,0.17546481753431284,both_wrong
6197,explanatory,0,0,0.13823891632799098,0.1737567271787063,both_wrong
6198,explanatory,1,0,0.45172414686836315,0.4721069329444275,qwen_only
6199,explanatory,0,0,0.39274725503499985,0.35901705496696057,both_wrong
6200,explanatory,1,0,0.5519276611666687,0.5011347393261909,qwen_only
6201,explanatory,0,0,0.25375321612933044,0.11766433895175081,both_wrong
6202,explanatory,1,0,0.28151582701144606,0.4577322275763652,qwen_only
6203,explanatory,0,1,0.34740639338504664,0.4708759113677922,internvl_only
6204,explanatory,0,0,0.17178259207359106,0.2191507583098971,both_wrong
6205,explanatory,1,0,0.5302698995230901,0.45235976806941386,qwen_only
6206,explanatory,0,1,0.1754090053874539,0.2622713480577199,internvl_only
6207,explanatory,0,0,0.26659040624229446,0.32378371564923975,both_wrong
6208,explanatory,0,0,0.307816666373822,0.30146576099803635,both_wrong
6209,explanatory,0,1,0.11784583820854035,0.49293684068638455,internvl_only
6210,explanatory,0,0,0.1723297054517065,0.21224447591672413,both_wrong
6211,explanatory,1,0,0.17986452285205626,0.24432830306244466,qwen_only
6212,explanatory,0,0,0.17216943459318398,0.24464939624925003,both_wrong
6213,explanatory,0,0,0.2691336103759483,0.2814344507148811,both_wrong
6214,explanatory,0,0,0.25580220867436443,0.28669965939494224,both_wrong
6215,explanatory,0,0,0.16316668435905934,0.1875749126880064,both_wrong
6216,explanatory,0,1,0.06081913121343098,0.2207971240666674,internvl_only
6217,explanatory,1,1,0.3905786003230816,0.46768771110473517,both_correct
6218,explanatory,0,0,0.25337635424382476,0.24238753646604166,both_wrong
6219,explanatory,0,0,0.40460526014163634,0.42324234393705634,both_wrong
6220,explanatory,0,0,0.27263552812387465,0.37742060089914165,both_wrong
6221,explanatory,0,0,0.1394805177974977,0.2707229054940652,both_wrong
6222,explanatory,0,0,0.4369898003957761,0.45761211877732944,both_wrong
6223,explanatory,0,0,0.23660639391227728,0.19689150097426716,both_wrong
6224,explanatory,0,0,0.31872423405706385,0.32918999684675526,both_wrong
6225,explanatory,1,1,0.3190838099062486,0.14628712421247106,both_correct
6226,explanatory,0,0,0.3030685839092202,0.3506116170606372,both_wrong
6227,explanatory,0,0,0.263979160879852,0.19689152721401676,both_wrong
6228,explanatory,0,0,0.21358583335941478,0.10513363895338762,both_wrong
6229,explanatory,0,0,0.3893761186835409,0.5039188767926673,both_wrong
6230,explanatory,0,0,0.1056035171561678,0.1284103065264612,both_wrong
6231,explanatory,0,1,0.3761380380195045,0.4996881989019107,internvl_only
6232,explanatory,1,0,0.3080972140476945,0.27311762032537534,qwen_only
6233,explanatory,1,0,0.33464208425679925,0.4720367286016027,qwen_only
6234,explanatory,0,0,0.3006528299580551,0.5166724638240702,both_wrong
6235,explanatory,0,0,0.15800553794400854,0.1619795923088467,both_wrong
6236,explanatory,0,0,0.14444043934747197,0.1914512211832741,both_wrong
6237,explanatory,0,0,0.37396357753539045,0.3886667285763801,both_wrong
6238,explanatory,0,1,0.2355587961217258,0.2687416419944944,internvl_only
6239,explanatory,1,0,0.2808934030028879,0.3128299827466446,qwen_only
6240,explanatory,0,0,0.3951182049973913,0.209542655614275,both_wrong
6241,explanatory,0,0,0.28889513435173936,0.31898591434958906,both_wrong
6242,explanatory,0,0,0.24928428983925302,0.3244247670874464,both_wrong
6243,explanatory,0,0,0.2922947552445847,0.3292599452609903,both_wrong
6244,explanatory,0,0,0.2621438735720777,0.24993656888533908,both_wrong
6245,explanatory,0,0,0.39463008052136855,0.45140880176269316,both_wrong
6246,explanatory,0,1,0.42870507524467216,0.6186112446158473,internvl_only
6247,explanatory,0,0,0.22119478420161925,0.24768604680775386,both_wrong
6248,explanatory,0,0,0.2464081298318125,0.34624261551722796,both_wrong
6249,explanatory,0,0,0.2328692948968302,0.22048809160159882,both_wrong
6250,explanatory,0,0,0.33519791067120164,0.36846760168027975,both_wrong
6251,explanatory,0,0,0.17193753788349217,0.2923646047092604,both_wrong
6252,explanatory,0,0,0.19903256131372776,0.17128343992697434,both_wrong
6253,explanatory,0,0,0.1081440948105351,0.14185008001373217,both_wrong
6254,explanatory,0,0,0.3043195183695989,0.3167000220255976,both_wrong
6255,explanatory,0,0,0.28724215366570066,0.17373380919778533,both_wrong
6256,explanatory,0,0,0.34551558248619757,0.413929265723281,both_wrong
6257,explanatory,1,1,0.25352240879799065,0.23325841078762802,both_correct
6258,explanatory,1,1,0.17643908443529552,0.19269145744523578,both_correct
6259,explanatory,1,0,0.24950195702428057,0.3260313674974152,qwen_only
6260,explanatory,1,1,0.3937179412793813,0.18104419326238055,both_correct
6261,explanatory,0,0,0.20212836739236373,0.12216174195636773,both_wrong
6262,explanatory,1,0,0.18988162333709854,0.33533295577241273,qwen_only
6263,explanatory,0,0,0.2888063903311931,0.3782262020220572,both_wrong
6264,explanatory,0,0,0.15957683502458878,0.3257269035554399,both_wrong
6265,explanatory,0,1,0.3099648764023434,0.2921854218263422,internvl_only
6266,explanatory,1,0,0.10951240677584193,0.14276393124356923,qwen_only
6267,explanatory,0,1,0.2603813492398665,0.1975102795867722,internvl_only
6268,explanatory,0,0,0.15819334853824893,0.20337111640440075,both_wrong
6269,explanatory,1,0,0.23088333900612315,0.3458247440390709,qwen_only
6270,explanatory,0,0,0.0687728200517909,0.1236335123651648,both_wrong
6271,explanatory,1,1,0.2801491679433721,0.1774686075338721,both_correct
6272,explanatory,0,0,0.17650544184855152,0.11578700183238953,both_wrong
6273,explanatory,0,1,0.3907247782167036,0.5795144605532748,internvl_only
6274,explanatory,0,0,0.1777461462137169,0.17050221406522906,both_wrong
6275,explanatory,0,0,0.5618380233447576,0.5601340807182676,both_wrong
6276,explanatory,0,0,0.1775065695907142,0.2425690626863066,both_wrong
6277,explanatory,1,0,0.2150238034254272,0.2162180830783525,qwen_only
6278,explanatory,0,0,0.20909843262544525,0.26377144046076345,both_wrong
6279,explanatory,0,0,0.21803969102730197,0.32091477378329625,both_wrong
6280,explanatory,0,0,0.325488398571155,0.23794758970153065,both_wrong
6281,explanatory,0,1,0.21775857466135093,0.4129431565101606,internvl_only
6282,explanatory,0,0,0.20515460048797735,0.2230424226712512,both_wrong
6283,explanatory,1,0,0.19656318315154092,0.23924336782396505,qwen_only
6284,explanatory,1,1,0.31431177825609397,0.41858364043531954,both_correct
6285,explanatory,0,0,0.08601743826411672,0.12312916539778573,both_wrong
6286,explanatory,0,0,0.17321430341174499,0.16312903156620984,both_wrong
6287,explanatory,0,0,0.10282730825612023,0.19746279140656098,both_wrong
6288,explanatory,0,0,0.0914498809709954,0.1569053200605986,both_wrong
6289,explanatory,1,1,0.2806036645568369,0.5058058157170185,both_correct
6290,explanatory,0,1,0.2325442248406159,0.39675676129973053,internvl_only
6291,explanatory,0,1,0.17518331868208714,0.3414627862996504,internvl_only
6292,explanatory,1,1,0.18799418710446422,0.2645871430883736,both_correct
6293,explanatory,0,0,0.38969052562989603,0.27709337416277247,both_wrong
6294,explanatory,0,1,0.31608435896023596,0.35900277195925817,internvl_only
6295,explanatory,1,1,0.41527464567640165,0.5619773622553277,both_correct
6296,explanatory,0,0,0.3074086547629078,0.4753626727215284,both_wrong
6297,explanatory,0,0,0.13310110116863041,0.24353317674047165,both_wrong
6298,explanatory,0,0,0.1967903169114187,0.3679209826263016,both_wrong
6299,explanatory,0,0,0.24407223435925127,0.39841519892442895,both_wrong
6300,explanatory,0,0,0.18651835759045546,0.23346922268428724,both_wrong
6301,explanatory,0,1,0.21304188631923482,0.3186669378204116,internvl_only
6302,explanatory,0,0,0.09416282197227575,0.2507691830273219,both_wrong
6303,explanatory,0,0,0.31141068781886155,0.23648929429122387,both_wrong
6304,explanatory,1,0,0.20827774272299654,0.2286079934475466,qwen_only
6305,explanatory,0,1,0.21346534657102176,0.2030393514421907,internvl_only
6306,explanatory,0,0,0.33953770279372825,0.23462076207928598,both_wrong
6307,explanatory,0,0,0.17244028329506056,0.14538295232319712,both_wrong
6308,explanatory,0,0,0.21933503442677,0.22637876105123544,both_wrong
6309,explanatory,0,0,0.22253311002558013,0.2957175436258186,both_wrong
6310,explanatory,0,1,0.2691152427088673,0.5019021295423437,internvl_only
6311,explanatory,1,0,0.31772766618964676,0.22661363593301917,qwen_only
6312,explanatory,0,0,0.2311496680125032,0.1592008745386213,both_wrong
6313,explanatory,0,0,0.2473577647606968,0.32761347582943573,both_wrong
6314,explanatory,0,0,0.21954789442698752,0.2967467933632897,both_wrong
6315,explanatory,0,0,0.17813917979161586,0.13761518064329456,both_wrong
6316,explanatory,1,1,0.46087684870739287,0.5775907448768925,both_correct
6317,explanatory,0,0,0.23974100518511998,0.36310077920792466,both_wrong
6318,explanatory,1,0,0.3301003844441481,0.3845217634069259,qwen_only
6319,explanatory,0,0,0.16858383107489158,0.3117303158421762,both_wrong
6320,explanatory,0,0,0.17851047105723566,0.15387297081293028,both_wrong
6321,explanatory,0,0,0.4498301232636114,0.23324446495426848,both_wrong
6322,explanatory,0,1,0.1092049720792675,0.2716361163981442,internvl_only
6323,explanatory,0,0,0.2590858605148299,0.55423674125249,both_wrong
6324,explanatory,1,1,0.22517150777613124,0.25775655176829415,both_correct
6325,explanatory,1,0,0.17331624114737532,0.21624120417328238,qwen_only
6326,explanatory,0,0,0.26991736299538477,0.6159221999628515,both_wrong
6327,explanatory,0,0,0.2144784054727919,0.3647461452413132,both_wrong
6328,explanatory,1,0,0.44318847161967573,0.31095555419701304,qwen_only
6329,explanatory,1,0,0.35563522280516435,0.20794507195736908,qwen_only
6330,explanatory,0,0,0.18861953483775623,0.3134068883379203,both_wrong
6331,explanatory,0,0,0.2132145136726014,0.2777888630566889,both_wrong
6332,explanatory,0,1,0.3255014433410242,0.6864290964194578,internvl_only
6333,explanatory,0,0,0.2885618247352733,0.5432541871761083,both_wrong
6334,explanatory,1,1,0.359043428371644,0.5257003006937999,both_correct
6335,explanatory,0,0,0.45112546696629147,0.4274637566592661,both_wrong
6336,explanatory,0,1,0.15727013268922985,0.35734352575288136,internvl_only
6337,explanatory,1,0,0.2940844523153414,0.2742812470448473,qwen_only
6338,explanatory,0,0,0.24717861042278289,0.4066872688303742,both_wrong
6339,explanatory,0,0,0.2110219755137007,0.2651312268248734,both_wrong
6340,explanatory,1,1,0.19471498237608997,0.3018350459823072,both_correct
6341,explanatory,0,0,0.24920614473593314,0.24412463323329187,both_wrong
6342,explanatory,0,1,0.282546665354116,0.38576119547661186,internvl_only
6343,explanatory,0,0,0.11796027729555014,0.17769832737733815,both_wrong
6344,explanatory,0,0,0.21804240186807183,0.20202662742665187,both_wrong
6345,explanatory,1,1,0.17053760576651986,0.3104219948588856,both_correct
6346,explanatory,1,0,0.30674177993502766,0.41415327770111243,qwen_only
6347,explanatory,0,0,0.10906651254394444,0.1042714209062348,both_wrong
6348,predictive,1,1,0.2592393030017532,0.6816764996122866,both_correct
6349,predictive,0,0,0.581777190024126,0.664285257825159,both_wrong
6350,predictive,1,1,0.34286959109389564,0.797109188206512,both_correct
6351,predictive,0,0,0.2186601685463313,0.5276699678623528,both_wrong
6352,predictive,0,1,0.29872770985245567,0.7948118671694585,internvl_only
6353,predictive,1,1,0.311408213733203,0.84025306001765,both_correct
6354,predictive,0,1,0.3929285933888145,0.790316329378272,internvl_only
6355,predictive,0,1,0.37195994356622525,0.6077939181566085,internvl_only
6356,predictive,0,1,0.21833649696097887,0.6982659872067083,internvl_only
6357,predictive,0,1,0.3728775233186462,0.7424611595780364,internvl_only
6358,predictive,1,1,0.2531731299733229,0.6259097315204666,both_correct
6359,predictive,0,0,0.2605376486185373,0.5471467001402823,both_wrong
6360,predictive,1,0,0.44382974736419706,0.7075629475592231,qwen_only
6361,predictive,0,0,0.3453810132013897,0.664680372474814,both_wrong
6362,predictive,0,1,0.34576310340799976,0.674901675172555,internvl_only
6363,predictive,1,0,0.4910604454487779,0.6848914030544543,qwen_only
6364,predictive,0,1,0.2649359139007405,0.48220996204392436,internvl_only
6365,predictive,0,1,0.30892038146164413,0.663824903013923,internvl_only
6366,predictive,0,0,0.3229476960563655,0.6370443878113888,both_wrong
6367,predictive,0,1,0.19344435506558796,0.5932143058540037,internvl_only
6368,predictive,1,1,0.38063941593831363,0.6544284818010422,both_correct
6369,predictive,1,1,0.5309054653823162,0.7300535380840109,both_correct
6370,predictive,0,0,0.3480057687252968,0.7024215340853898,both_wrong
6371,predictive,0,1,0.38581449071884716,0.7112871110751087,internvl_only
6372,predictive,0,1,0.14347733413694777,0.5830677830366078,internvl_only
6373,predictive,0,1,0.41973545323004297,0.6561596716800092,internvl_only
6374,predictive,0,1,0.43939239769885524,0.7393088999127798,internvl_only
6375,predictive,0,0,0.2725598179844925,0.5841612263746675,both_wrong
6376,predictive,1,1,0.38025432908780277,0.6980191317302503,both_correct
6377,predictive,1,1,0.37852099312304494,0.7590640668321298,both_correct
6378,predictive,1,1,0.25212467348341866,0.6410505049826085,both_correct
6379,predictive,0,1,0.4502781280980142,0.7238553692875415,internvl_only
6380,predictive,0,1,0.40925260194473606,0.7455348053400925,internvl_only
6381,predictive,1,1,0.37589208322472134,0.7249220373211972,both_correct
6382,predictive,0,1,0.28381071115360273,0.7445197739289298,internvl_only
6383,predictive,0,1,0.4345033269036372,0.7191194734292115,internvl_only
6384,predictive,1,0,0.34537124915088896,0.7178993270122229,qwen_only
6385,predictive,0,1,0.36076695774576517,0.6702624653451804,internvl_only
6386,predictive,1,1,0.4822850600344874,0.7071026131973702,both_correct
6387,predictive,1,1,0.43196528013823016,0.788909749250042,both_correct
6388,predictive,0,1,0.38537675915016895,0.7862682431138718,internvl_only
6389,predictive,0,1,0.38973870952892037,0.7117371865359936,internvl_only
6390,predictive,1,1,0.4487884696252855,0.7257185385948798,both_correct
6391,predictive,1,1,0.5351766061546375,0.7755188265546554,both_correct
6392,predictive,0,1,0.38730812581960566,0.6927650368417017,internvl_only
6393,predictive,1,1,0.24721331932578963,0.7025617633620633,both_correct
6394,predictive,0,1,0.38613984813941965,0.7063490281719881,internvl_only
6395,predictive,0,0,0.23282635053832465,0.7801502184367012,both_wrong
6396,predictive,0,1,0.2956263069118753,0.5347255482037789,internvl_only
6397,predictive,0,1,0.3675259395185511,0.783818582128581,internvl_only
6398,predictive,1,1,0.3812825723846858,0.7293431828108057,both_correct
6399,predictive,1,1,0.4164234334329525,0.7477063622736612,both_correct
6400,predictive,1,1,0.44241002898960907,0.6601190981113416,both_correct
6401,predictive,0,0,0.2794447260232255,0.6718581936382004,both_wrong
6402,predictive,0,1,0.3518262428358598,0.7305802004885908,internvl_only
6403,predictive,0,0,0.22156705785605582,0.6493084623138966,both_wrong
6404,predictive,1,1,0.3164230128695042,0.7101385508148583,both_correct
6405,predictive,0,1,0.3649044507776276,0.7114530133145668,internvl_only
6406,predictive,1,1,0.4110978498266055,0.7359852689783378,both_correct
6407,predictive,0,1,0.5394583159781002,0.6745791762524143,internvl_only
6408,predictive,1,0,0.3836934448817442,0.6557987444928544,qwen_only
6409,predictive,0,1,0.38181287886116577,0.8237553320902068,internvl_only
6410,predictive,1,0,0.37416699619375215,0.6515425422186428,qwen_only
6411,predictive,1,0,0.22899201655410256,0.6261129501746187,qwen_only
6412,predictive,0,1,0.4526473504118811,0.7358847916919076,internvl_only
6413,predictive,1,1,0.4373119589386067,0.7060156796388457,both_correct
6414,predictive,0,0,0.23552426039809324,0.6637550522287405,both_wrong
6415,predictive,0,1,0.4169596748683194,0.7663928377331718,internvl_only
6416,predictive,0,1,0.3494359795628471,0.6818923954365108,internvl_only
6417,predictive,1,1,0.5067054935967704,0.744851683503116,both_correct
6418,predictive,0,1,0.27688502912326746,0.6086044880530769,internvl_only
6419,predictive,0,0,0.4090065804771426,0.6049466349514458,both_wrong
6420,predictive,0,0,0.2779168828260843,0.6718571060081957,both_wrong
6421,predictive,0,0,0.39617736352518546,0.7005673772445393,both_wrong
6422,predictive,1,0,0.44047759996879765,0.6904018415815685,qwen_only
6423,predictive,1,1,0.21238337494908238,0.6379523296646257,both_correct
6424,predictive,1,0,0.39209796924326773,0.8215503267852675,qwen_only
6425,predictive,0,1,0.3635707597966139,0.7678314547912595,internvl_only
6426,predictive,1,1,0.3941100967200941,0.5530424558722948,both_correct
6427,predictive,0,1,0.4943467022071156,0.7816918894002837,internvl_only
6428,predictive,0,0,0.1648393502655764,0.6038729869875635,both_wrong
6429,predictive,0,1,0.43066025310223105,0.7739055716032706,internvl_only
6430,predictive,0,0,0.3418317392493642,0.6842158192195463,both_wrong
6431,predictive,1,1,0.38055184212022464,0.731136407200347,both_correct
6432,predictive,0,1,0.22457803687086883,0.625111216227988,internvl_only
6433,predictive,1,1,0.595158994445982,0.8082162662539042,both_correct
6434,predictive,1,0,0.2705429922388666,0.6396517702543344,qwen_only
6435,predictive,1,1,0.5347974627383217,0.7193541834751092,both_correct
6436,predictive,0,1,0.4214871572495166,0.7595726804224462,internvl_only
6437,predictive,1,0,0.3726925072901175,0.7139430974861917,qwen_only
6438,predictive,0,0,0.36848072191821085,0.7291531281195096,both_wrong
6439,predictive,1,1,0.2720416411808021,0.7148430383622811,both_correct
6440,predictive,0,1,0.3208070106441728,0.7318930403607152,internvl_only
6441,predictive,0,1,0.3044241460424076,0.783166398377975,internvl_only
6442,predictive,0,1,0.17097478720029008,0.6669615120298682,internvl_only
6443,predictive,1,1,0.3964404341222633,0.780236020446246,both_correct
6444,predictive,1,1,0.609906891345698,0.6966204547487158,both_correct
6445,predictive,1,1,0.3682215955501369,0.7184465621118379,both_correct
6446,predictive,1,0,0.4199533962244369,0.7295495630920916,qwen_only
6447,predictive,0,0,0.3006326390217953,0.6951645243173962,both_wrong
6448,predictive,0,0,0.36937943195538203,0.6427281496575304,both_wrong
6449,predictive,1,1,0.3322755952452242,0.6782734897969152,both_correct
6450,predictive,0,1,0.3880781353921061,0.6511002782811218,internvl_only
6451,predictive,1,1,0.47591709178599095,0.6143060230665541,both_correct
6452,predictive,0,0,0.45149604380415065,0.6198997028222417,both_wrong
6453,predictive,0,0,0.2032971647127039,0.6182997763250182,both_wrong
6454,predictive,0,1,0.18020714050007033,0.5934889077205276,internvl_only
6455,predictive,0,1,0.4756654003657529,0.7796421933793156,internvl_only
6456,predictive,1,1,0.21633504557133024,0.5641498671485146,both_correct
6457,predictive,0,1,0.3021735439863509,0.6189233734118499,internvl_only
6458,predictive,0,0,0.3941882443656451,0.7176604809541344,both_wrong
6459,predictive,1,1,0.3247952900829884,0.6713981210789121,both_correct
6460,predictive,0,0,0.35095531064072355,0.6974161226984646,both_wrong
6461,predictive,1,0,0.45171678237924306,0.6539176417975102,qwen_only
6462,predictive,0,1,0.3104901730297673,0.753204532951784,internvl_only
6463,predictive,0,1,0.3530077590902829,0.7262560695827331,internvl_only
6464,predictive,0,0,0.530453692924861,0.7109845542427088,both_wrong
6465,predictive,1,1,0.4004755038365456,0.7181742653589033,both_correct
6466,predictive,0,1,0.3563158291043381,0.7237989125633998,internvl_only
6467,predictive,0,1,0.29140890342937387,0.6594710062106791,internvl_only
6468,predictive,1,1,0.5342259991283753,0.6996534441255998,both_correct
6469,predictive,1,1,0.35788991425176536,0.707558834370517,both_correct
6470,predictive,0,1,0.37406531863065196,0.6445115651684474,internvl_only
6471,predictive,0,1,0.36725438818022255,0.7252311004224647,internvl_only
6472,predictive,0,1,0.3451980082538075,0.7448556909640675,internvl_only
6473,predictive,0,1,0.30091465223984754,0.6577826360852763,internvl_only
6474,predictive,0,0,0.4169606625667053,0.731061095713943,both_wrong
6475,predictive,1,1,0.3935490150433675,0.6747089267601651,both_correct
6476,predictive,0,1,0.4117487361280084,0.7343259860527758,internvl_only
6477,predictive,0,1,0.27234977707098956,0.7114213603370094,internvl_only
6478,predictive,0,0,0.22285826914925244,0.5382800927537489,both_wrong
6479,predictive,0,0,0.49522150828160794,0.7326390191050863,both_wrong
6480,predictive,0,1,0.3056028933010164,0.6285268964206939,internvl_only
6481,predictive,0,1,0.4736201986795312,0.739209414580326,internvl_only
6482,predictive,0,1,0.44373073478745895,0.7783958860058845,internvl_only
6483,predictive,1,0,0.39810729260513755,0.7296081813123996,qwen_only
6484,predictive,0,1,0.42576709114379124,0.8058128716705508,internvl_only
6485,predictive,1,1,0.4962250136720949,0.8457264029149323,both_correct
6486,predictive,0,1,0.4334231810433628,0.7186929686714765,internvl_only
6487,predictive,0,1,0.23233809721782314,0.6379962548504965,internvl_only
6488,predictive,0,1,0.44175966654172205,0.7212094330668869,internvl_only
6489,predictive,0,1,0.47382845409852214,0.7776558388899695,internvl_only
6490,predictive,1,1,0.4079356441202771,0.7659459764546993,both_correct
6491,predictive,0,1,0.42295031119283494,0.626772497704269,internvl_only
6492,predictive,0,1,0.1972045086597129,0.6030077576255758,internvl_only
6493,predictive,0,1,0.39346016413874085,0.7398123758165512,internvl_only
6494,predictive,1,1,0.5320155277152485,0.7882913071255977,both_correct
6495,predictive,1,1,0.31846135382139446,0.5955603579285392,both_correct
6496,predictive,0,1,0.4471808065514796,0.7784317361788887,internvl_only
6497,predictive,1,1,0.45910797313698404,0.7154799410458373,both_correct
6498,predictive,0,1,0.3793311425954349,0.7400163374608624,internvl_only
6499,predictive,0,1,0.3599190040013281,0.6942501377666148,internvl_only
6500,predictive,0,0,0.2671542630653122,0.6036891837304937,both_wrong
6501,predictive,1,1,0.2831564395538207,0.7428067416851515,both_correct
6502,predictive,1,1,0.30154193651847705,0.7205394924577975,both_correct
6503,predictive,0,0,0.3592731680578646,0.6902670090652249,both_wrong
6504,predictive,0,1,0.3772794546560558,0.8249542590710345,internvl_only
6505,predictive,0,1,0.17597913760994108,0.704770038989376,internvl_only
6506,predictive,1,1,0.42364028388287583,0.6383663765986283,both_correct
6507,predictive,1,0,0.4312959783233837,0.7703845068183678,qwen_only
6508,predictive,1,0,0.3980383181277001,0.6736089435284521,qwen_only
6509,predictive,1,1,0.4745811565776805,0.7239644749193063,both_correct
6510,predictive,0,0,0.43861139996419696,0.5920673160294069,both_wrong
6511,predictive,0,1,0.24817072130899773,0.6782444423702493,internvl_only
6512,predictive,1,1,0.4959649524141849,0.7354819585505702,both_correct
6513,predictive,0,1,0.24177675920132455,0.6379583871183839,internvl_only
6514,predictive,1,1,0.4294949432137113,0.7228008876824347,both_correct
6515,predictive,0,1,0.3490531998795904,0.6764400395014163,internvl_only
6516,predictive,0,1,0.28740344596209166,0.6514811004624814,internvl_only
6517,predictive,1,0,0.3670272228237339,0.7005303042719216,qwen_only
6518,predictive,0,1,0.36391424623965335,0.6880766129032286,internvl_only
6519,predictive,0,0,0.23151791434720106,0.6245545763255734,both_wrong
6520,predictive,0,0,0.2807642475085383,0.5353558902957068,both_wrong
6521,predictive,0,0,0.27298496627655894,0.5685738733649948,both_wrong
6522,predictive,0,0,0.3741164584482112,0.5672914205660418,both_wrong
6523,predictive,1,1,0.3951063419980114,0.7835561556396193,both_correct
6524,predictive,1,1,0.21487239094425759,0.6454891530499953,both_correct
6525,predictive,0,0,0.2835979403321859,0.6187185726491052,both_wrong
6526,predictive,0,1,0.3291063514373116,0.6776172589944918,internvl_only
6527,predictive,0,1,0.3658909926577401,0.6791518141798267,internvl_only
6528,predictive,0,1,0.3248730688528172,0.7545101133970529,internvl_only
6529,predictive,0,1,0.3543286398672794,0.5995447317264124,internvl_only
6530,predictive,0,1,0.26243571948478833,0.6277879210162257,internvl_only
6531,predictive,0,1,0.5788293382667089,0.7799495722234899,internvl_only
6532,predictive,1,1,0.28425806222413386,0.630810256307018,both_correct
6533,predictive,1,1,0.3149331687016927,0.6753286441405826,both_correct
6534,predictive,0,1,0.30643287057100826,0.7647121210544411,internvl_only
6535,predictive,1,1,0.1944912251551684,0.5844675305134469,both_correct
6536,predictive,1,0,0.3084984182715212,0.603515645826082,qwen_only
6537,predictive,0,1,0.2695875131570399,0.7151711590094111,internvl_only
6538,predictive,1,1,0.370304820888903,0.6772834673369009,both_correct
6539,predictive,0,1,0.3750439728223153,0.6383376123935088,internvl_only
6540,predictive,0,1,0.47376212997511574,0.7432171398102954,internvl_only
6541,predictive,0,0,0.4125734979246049,0.7889895524014693,both_wrong
6542,predictive,0,0,0.28078083052965414,0.6611371723427688,both_wrong
6543,predictive,0,1,0.2957530598330925,0.708491701026233,internvl_only
6544,predictive,1,1,0.5542442272162874,0.6797319632249508,both_correct
6545,predictive,1,1,0.3280409246525106,0.6844929783143979,both_correct
6546,predictive,0,1,0.31880305242145274,0.6347713860166745,internvl_only
6547,predictive,0,1,0.39534430747217464,0.7136527939400769,internvl_only
6548,predictive,0,0,0.3690504283143721,0.6395212770411254,both_wrong
6549,predictive,1,1,0.5761228026484193,0.6291644450648132,both_correct
6550,predictive,0,0,0.3815316740619124,0.5032550239383348,both_wrong
6551,predictive,0,1,0.38259745966216924,0.67790582437004,internvl_only
6552,predictive,1,1,0.24271064783460736,0.6606987919559888,both_correct
6553,predictive,0,1,0.43597763473951484,0.6913561856596995,internvl_only
6554,predictive,0,0,0.20764999798427428,0.5721525796723994,both_wrong
6555,predictive,0,1,0.3872638439367787,0.658325320469281,internvl_only
6556,predictive,0,0,0.40181427217297455,0.6607493119204149,both_wrong
6557,predictive,0,1,0.2978988303688529,0.6895005168216283,internvl_only
6558,predictive,1,1,0.34964515772104265,0.7061651221585199,both_correct
6559,predictive,1,0,0.3377007210463058,0.6775220212260554,qwen_only
6560,predictive,0,1,0.30076428423920326,0.7495124141845988,internvl_only
6561,predictive,0,1,0.43561644148175793,0.7134694642166254,internvl_only
6562,predictive,0,0,0.40588778119741664,0.7486543982799749,both_wrong
6563,predictive,0,0,0.40715843588789324,0.6700045226752089,both_wrong
6564,predictive,0,1,0.38529941242634114,0.5345879343891723,internvl_only
6565,predictive,0,1,0.4318856395016664,0.7841447008744243,internvl_only
6566,predictive,1,0,0.4916335402978055,0.7178259952239864,qwen_only
6567,predictive,1,1,0.26896168593012076,0.5969458178867554,both_correct
6568,predictive,0,1,0.3248391117313361,0.6925158638862614,internvl_only
6569,predictive,0,0,0.2905092255160239,0.6516056455787986,both_wrong
6570,predictive,0,0,0.3412066546040944,0.7218205663859656,both_wrong
6571,predictive,1,1,0.29545486104394686,0.7348274397185738,both_correct
6572,predictive,0,1,0.36800427898901805,0.8298947730279013,internvl_only
6573,predictive,0,0,0.2721668020399045,0.6426421239729951,both_wrong
6574,predictive,0,1,0.35415743058639976,0.607938604574876,internvl_only
6575,predictive,0,1,0.29302913608122894,0.6540311822810061,internvl_only
6576,predictive,1,1,0.2724050636828219,0.7328954143059302,both_correct
6577,predictive,0,1,0.24952727956859058,0.6399721741309587,internvl_only
6578,predictive,1,1,0.3117235825366991,0.7302526180978381,both_correct
6579,predictive,0,1,0.3608011066366328,0.7418310432773239,internvl_only
6580,predictive,1,1,0.5123852236483688,0.7216355261754959,both_correct
6581,predictive,0,1,0.22107053214536007,0.6357095780177353,internvl_only
6582,predictive,0,1,0.42378283514387105,0.6575740527382016,internvl_only
6583,predictive,0,1,0.28250903505448016,0.6457366186877161,internvl_only
6584,predictive,0,0,0.25853998673727,0.7181969885908882,both_wrong
6585,predictive,0,1,0.3557700086360659,0.7454787812070729,internvl_only
6586,predictive,1,1,0.3486855744769773,0.7050138508323732,both_correct
6587,predictive,0,1,0.33435160776683087,0.6579440610191963,internvl_only
6588,predictive,1,1,0.4153756359740529,0.7706170496445707,both_correct
6589,predictive,1,0,0.30024425047315867,0.7078734466683356,qwen_only
6590,predictive,1,1,0.3631625762083273,0.7280038223615934,both_correct
6591,predictive,1,1,0.1715751923703444,0.6106059947082515,both_correct
6592,predictive,0,0,0.36142386775600427,0.5866874588387951,both_wrong
6593,predictive,0,1,0.3126775548581251,0.806605439667055,internvl_only
6594,predictive,0,1,0.435018415302137,0.7918314962343135,internvl_only
6595,predictive,1,0,0.27465133096847494,0.5830413502299268,qwen_only
6596,predictive,1,1,0.4499393385437592,0.7960621928843726,both_correct
6597,predictive,1,1,0.40498314729209106,0.685611142671495,both_correct
6598,predictive,0,0,0.3433621341175436,0.6643582843832528,both_wrong
6599,predictive,0,1,0.267621853600441,0.7680034466446358,internvl_only
6600,predictive,1,1,0.3838199955876745,0.6911022498703878,both_correct
6601,predictive,0,1,0.33078564183847625,0.7050086411830704,internvl_only
6602,predictive,0,0,0.25439013696709595,0.694755658055086,both_wrong
6603,predictive,0,1,0.4389691863774248,0.6895975810571363,internvl_only
6604,predictive,0,1,0.3698447924931614,0.6936522234115842,internvl_only
6605,predictive,1,0,0.41535699668963577,0.7026379334063734,qwen_only
6606,predictive,0,1,0.3230571973891298,0.6912846046767263,internvl_only
6607,predictive,1,1,0.32904917357685176,0.6819798532634287,both_correct
6608,predictive,0,1,0.264521255963985,0.5325215064859078,internvl_only
6609,predictive,0,0,0.43441534181739744,0.6473422763602997,both_wrong
6610,predictive,0,0,0.4200703933360731,0.7508653792013975,both_wrong
6611,predictive,0,1,0.18344443119579537,0.5761063290429927,internvl_only
6612,predictive,1,1,0.37264902777333386,0.619617757377724,both_correct
6613,predictive,1,0,0.44618385445049924,0.6486274270742547,qwen_only
6614,predictive,0,0,0.2697174524574212,0.5899276015325288,both_wrong
6615,predictive,0,0,0.23060056604260862,0.5622076006910361,both_wrong
6616,predictive,0,0,0.37909804185580703,0.78565231223924,both_wrong
6617,predictive,1,1,0.37975114557989087,0.7462713128357167,both_correct
6618,predictive,0,1,0.4517914076221916,0.7780318650975626,internvl_only
6619,predictive,0,0,0.47453872877965436,0.634237745143931,both_wrong
6620,predictive,1,1,0.2500332830955311,0.6475379792110059,both_correct
6621,predictive,0,1,0.22071021520397918,0.607624500960447,internvl_only
6622,predictive,0,0,0.3841394876102351,0.6927741361207176,both_wrong
6623,predictive,0,1,0.31531917639022217,0.7806175021031417,internvl_only
6624,predictive,1,0,0.48147776062701275,0.7583181009830658,qwen_only
6625,predictive,0,0,0.30733026563486915,0.6103970683342482,both_wrong
6626,predictive,0,0,0.25846841374815177,0.6752302042155821,both_wrong
6627,predictive,1,1,0.40327083288115323,0.7563557539115292,both_correct
6628,predictive,1,0,0.3257158533230892,0.6316649358253261,qwen_only
6629,predictive,1,1,0.3749009335624174,0.6854794388064993,both_correct
6630,predictive,0,0,0.3052334193092279,0.6253211030650105,both_wrong
6631,predictive,0,0,0.20911328822055505,0.592187033579543,both_wrong
6632,predictive,1,1,0.33471539223466507,0.7342186313217944,both_correct
6633,predictive,1,1,0.42076657844358767,0.5749833822685995,both_correct
6634,predictive,1,0,0.35821809021327206,0.6764650526446568,qwen_only
6635,predictive,0,0,0.2141555764079189,0.49168608903826144,both_wrong
6636,predictive,1,1,0.28273909102157635,0.7241305118973417,both_correct
6637,predictive,0,1,0.2277693502006396,0.661416329480978,internvl_only
6638,predictive,1,1,0.2714093557481134,0.6415250401373247,both_correct
6639,predictive,0,1,0.3844024838992876,0.6862142225432939,internvl_only
6640,predictive,1,1,0.3740211389204399,0.6839664207354605,both_correct
6641,predictive,1,0,0.35190070208216984,0.5998049998712327,qwen_only
6642,predictive,0,0,0.25671025121525215,0.719586722018905,both_wrong
6643,predictive,1,1,0.32477266662634635,0.7483362163168263,both_correct
6644,predictive,0,1,0.26035611098584654,0.6954139946450647,internvl_only
6645,predictive,0,0,0.3392542133422499,0.6637977316888718,both_wrong
6646,predictive,0,0,0.3114209316374822,0.6642073404553539,both_wrong
6647,predictive,1,1,0.5190587184936224,0.694577260818595,both_correct
6648,predictive,1,1,0.4874616227171396,0.738415625944583,both_correct
6649,predictive,1,1,0.3741621116878917,0.768265569440671,both_correct
6650,predictive,1,1,0.3641321435049867,0.651651188171246,both_correct
6651,predictive,0,0,0.23946710430413626,0.5905610537029122,both_wrong
6652,predictive,0,0,0.265552833528808,0.6711444262847466,both_wrong
6653,predictive,1,0,0.33601169866446196,0.7017838456232286,qwen_only
6654,predictive,0,1,0.2223876523669499,0.6932284168676546,internvl_only
6655,predictive,0,1,0.26901271513594516,0.6492376572315967,internvl_only
6656,predictive,0,1,0.46550013639779814,0.778537206967136,internvl_only
6657,predictive,0,1,0.4198993956246751,0.7059606059955045,internvl_only
6658,predictive,0,1,0.37261428141132624,0.7332668493464869,internvl_only
6659,predictive,0,0,0.30871644579075763,0.6819071870855352,both_wrong
6660,predictive,0,1,0.35750652615832335,0.6830975006759072,internvl_only
6661,predictive,0,0,0.34752828258409935,0.6589492348406998,both_wrong
6662,predictive,0,1,0.3227108154142426,0.7322159479378281,internvl_only
6663,predictive,1,1,0.47375265179419124,0.8449619356578382,both_correct
6664,predictive,1,1,0.3610526656847075,0.7328526913435124,both_correct
6665,predictive,1,0,0.32685882742169,0.7461235636395844,qwen_only
6666,predictive,0,1,0.5122570720672377,0.6899726001866328,internvl_only
6667,predictive,0,1,0.3972775717728226,0.7028810326947489,internvl_only
6668,predictive,1,1,0.26628173092178803,0.6835700955825149,both_correct
6669,predictive,1,1,0.3158908855185406,0.6659817253748962,both_correct
6670,predictive,0,1,0.5089205819301389,0.8258511473614821,internvl_only
6671,predictive,0,1,0.2707820317541742,0.7934405982387418,internvl_only
6672,predictive,1,1,0.3994071147812853,0.6780496419471265,both_correct
6673,predictive,1,1,0.3628642017274053,0.6827938837209512,both_correct
6674,predictive,1,0,0.2332901983399014,0.5508144735251868,qwen_only
6675,predictive,0,1,0.4837864813691591,0.7303540129011277,internvl_only
6676,predictive,0,1,0.4246414614432767,0.7843471884079894,internvl_only
6677,predictive,0,1,0.23160553095304176,0.6891275588401928,internvl_only
6678,predictive,0,1,0.27516151793735716,0.6686916742499438,internvl_only
6679,predictive,0,1,0.28744363764416725,0.7302653924765948,internvl_only
6680,predictive,1,1,0.340828868456259,0.6316979191011033,both_correct
6681,predictive,0,1,0.22500384312043925,0.6159394485795939,internvl_only
6682,predictive,0,1,0.28457771368048984,0.6382708906418019,internvl_only
6683,predictive,1,0,0.4375083097339858,0.6814235490742266,qwen_only
6684,predictive,0,0,0.3037214984829087,0.6582562167186153,both_wrong
6685,predictive,0,1,0.38711412999911293,0.7857719906388637,internvl_only
6686,predictive,1,1,0.3911417353360786,0.7663565793505293,both_correct
6687,predictive,0,1,0.2237242086186483,0.6131829471869891,internvl_only
6688,predictive,1,1,0.42804261849832026,0.8189016144692604,both_correct
6689,predictive,1,1,0.47632894107422,0.7943524551581627,both_correct
6690,predictive,0,1,0.3117245060028374,0.6373173484645585,internvl_only
6691,predictive,0,1,0.2127125219215664,0.674029879165925,internvl_only
6692,predictive,0,0,0.4242298444822573,0.655099503035123,both_wrong
6693,predictive,1,0,0.2740461657293765,0.603053376855594,qwen_only
6694,counterfactual,1,0,0.26115909707058566,0.3265373363172288,qwen_only
6695,counterfactual,0,0,0.1734656360528841,0.2651662615460688,both_wrong
6696,counterfactual,1,1,0.18206626689641867,0.3932743334883461,both_correct
6697,counterfactual,1,0,0.19162267235215513,0.41018420243345954,qwen_only
6698,counterfactual,1,1,0.21390699792902726,0.349323623175337,both_correct
6699,counterfactual,0,0,0.15608849545162332,0.3730191558273042,both_wrong
6700,counterfactual,1,0,0.3695841447498168,0.2986502124268675,qwen_only
6701,counterfactual,0,0,0.21121764604888224,0.17063804542659972,both_wrong
6702,counterfactual,0,0,0.12923428015855476,0.1900831475928647,both_wrong
6703,counterfactual,0,0,0.09961636632167083,0.248411302018139,both_wrong
6704,counterfactual,0,0,0.08037453653127956,0.2497252915082867,both_wrong
6705,counterfactual,0,0,0.09043307122562771,0.26318580000727826,both_wrong
6706,counterfactual,0,0,0.10913500658948842,0.14706225805215561,both_wrong
6707,counterfactual,0,0,0.12169810644091575,0.1455965726634817,both_wrong
6708,counterfactual,0,1,0.16344609103269936,0.46903805802496146,internvl_only
6709,counterfactual,0,1,0.17436063987208514,0.37959568170744756,internvl_only
6710,counterfactual,1,0,0.1445484955550336,0.2812755146711677,qwen_only
6711,counterfactual,0,0,0.14017314346586812,0.1756455204156477,both_wrong
6712,counterfactual,0,1,0.3905598170333936,0.4586602283886794,internvl_only
6713,counterfactual,1,0,0.4019349162312003,0.50245360887895,qwen_only
6714,counterfactual,1,0,0.20558550327409086,0.13772870825368516,qwen_only
6715,counterfactual,0,0,0.20525315513478018,0.2295168299803815,both_wrong
6716,counterfactual,0,0,0.29970655086576614,0.4923604141145768,both_wrong
6717,counterfactual,0,0,0.20239799961876526,0.4018567840531304,both_wrong
6718,counterfactual,1,1,0.23475628379702895,0.32201822269511227,both_correct
6719,counterfactual,1,0,0.23104330491800595,0.1402393605892684,qwen_only
6720,counterfactual,0,0,0.20420532796638224,0.2542635257561595,both_wrong
6721,counterfactual,0,0,0.19110840217248648,0.2962557205241938,both_wrong
6722,counterfactual,0,1,0.09108353476960865,0.281465066357767,internvl_only
6723,counterfactual,0,1,0.17685914043938933,0.3035740051409792,internvl_only
6724,counterfactual,0,0,0.423742076663422,0.6771104406280275,both_wrong
6725,counterfactual,0,1,0.39295829529754,0.650605618283208,internvl_only
6726,counterfactual,0,1,0.11343786954060106,0.3107793709305843,internvl_only
6727,counterfactual,0,1,0.10992439819202202,0.34229122084103497,internvl_only
6728,counterfactual,0,0,0.13984977527056017,0.2325414023427113,both_wrong
6729,counterfactual,0,0,0.12925337423914962,0.18913717010724954,both_wrong
6730,counterfactual,0,0,0.16326361988981794,0.2156795699323564,both_wrong
6731,counterfactual,1,1,0.3121637869847498,0.7773563274919182,both_correct
6732,counterfactual,0,1,0.28127339491250986,0.35464606802768006,internvl_only
6733,counterfactual,0,0,0.11369736662161867,0.25356722140537097,both_wrong
6734,counterfactual,1,0,0.25523460951159144,0.26905254950332885,qwen_only
6735,counterfactual,0,0,0.23751931994182474,0.30202690460503784,both_wrong
6736,counterfactual,0,0,0.17154024016372127,0.3697049563307577,both_wrong
6737,counterfactual,0,0,0.2564120826479801,0.37884755317391633,both_wrong
6738,counterfactual,0,0,0.19062447951723857,0.29468484030004377,both_wrong
6739,counterfactual,0,0,0.10613262782719045,0.22858617998833763,both_wrong
6740,counterfactual,0,1,0.23029207076168967,0.4438771603798389,internvl_only
6741,counterfactual,1,0,0.19112435801887237,0.11954084723749452,qwen_only
6742,counterfactual,0,0,0.2025079698556625,0.3634737376214235,both_wrong
6743,counterfactual,0,0,0.16597485807037535,0.28806427111023486,both_wrong
6744,counterfactual,0,1,0.17991024573370681,0.5183752607812079,internvl_only
6745,counterfactual,0,1,0.2064861267894922,0.3448798037994126,internvl_only
6746,counterfactual,0,0,0.217824268616441,0.38102041412958054,both_wrong
6747,counterfactual,1,1,0.24852739251471692,0.5153785433955395,both_correct
6748,counterfactual,0,1,0.3847602099383188,0.6263212279228264,internvl_only
6749,counterfactual,1,1,0.24916021561826526,0.5677579870014214,both_correct
6750,counterfactual,0,1,0.1535430374998159,0.6052863000202447,internvl_only
6751,counterfactual,0,0,0.11742494241712345,0.17898028486753173,both_wrong
6752,counterfactual,0,0,0.17430040415955925,0.31484615808055605,both_wrong
6753,counterfactual,0,0,0.13685408903742208,0.4079531214794888,both_wrong
6754,counterfactual,0,0,0.1295076145195015,0.2322693701037646,both_wrong
6755,counterfactual,0,0,0.15399870424071022,0.2233683068538961,both_wrong
6756,counterfactual,0,0,0.17145690229082222,0.28289423903428834,both_wrong
6757,counterfactual,0,0,0.16863174559792155,0.3608919526929785,both_wrong
6758,counterfactual,1,0,0.15684836331932744,0.19940222794093143,qwen_only
6759,counterfactual,0,0,0.15681658561953524,0.25035625269748324,both_wrong
6760,counterfactual,0,0,0.17166072519818978,0.43353233888669046,both_wrong
6761,counterfactual,0,0,0.08151615541043597,0.2769963297639128,both_wrong
6762,counterfactual,0,1,0.41669745322342044,0.8471351276908494,internvl_only
6763,counterfactual,1,0,0.18496757828841326,0.30015054688542064,qwen_only
6764,counterfactual,0,0,0.21719489791363497,0.20535086832171887,both_wrong
6765,counterfactual,1,1,0.30072781576303526,0.24172006481774808,both_correct
6766,counterfactual,0,0,0.18137778475832866,0.16766039117122747,both_wrong
6767,counterfactual,0,0,0.12985065799961562,0.17642636890452681,both_wrong
6768,counterfactual,0,1,0.12036815876902963,0.23247443526034287,internvl_only
6769,counterfactual,0,1,0.195783900418034,0.2764842458493543,internvl_only
6770,counterfactual,1,0,0.1592205890658171,0.26371576181157486,qwen_only
6771,counterfactual,0,0,0.20482325481964195,0.2887098488678885,both_wrong
6772,counterfactual,0,0,0.06449675011085841,0.2421412658234372,both_wrong
6773,counterfactual,0,0,0.18338715830088917,0.26311850013718746,both_wrong
6774,counterfactual,0,1,0.06713392330952242,0.18749419297447809,internvl_only
6775,counterfactual,0,0,0.19136976028380695,0.310540819720148,both_wrong
6776,counterfactual,0,1,0.1984913068782077,0.341625700700942,internvl_only
6777,counterfactual,0,1,0.11285850781044228,0.3371151949173106,internvl_only
6778,counterfactual,0,0,0.15389497086711668,0.23151191361935328,both_wrong
6779,counterfactual,0,1,0.15254852937458133,0.22391012341904312,internvl_only
6780,counterfactual,0,0,0.11922185248156299,0.23343740480086933,both_wrong
6781,counterfactual,0,1,0.1285282184570076,0.302058824191671,internvl_only
6782,counterfactual,0,0,0.1668178528271302,0.1890342198007079,both_wrong
6783,counterfactual,0,0,0.09368393475874924,0.16991660686627116,both_wrong
6784,counterfactual,0,0,0.07104006186902463,0.24318993508947873,both_wrong
6785,counterfactual,1,0,0.16955008366765859,0.30627871859766564,qwen_only
6786,counterfactual,0,0,0.11808953803503561,0.18026364219144123,both_wrong
6787,counterfactual,0,0,0.09745882415168904,0.24743665675035345,both_wrong
6788,counterfactual,0,0,0.21292354135410602,0.24042807495568885,both_wrong
6789,counterfactual,0,0,0.07698441598800836,0.2412836483255542,both_wrong
6790,counterfactual,0,0,0.111784853757457,0.1382034359957502,both_wrong
6791,counterfactual,0,0,0.18671705311007594,0.2680946648750652,both_wrong
6792,counterfactual,1,0,0.08672021673040115,0.11237970436321967,qwen_only
6793,counterfactual,0,0,0.19578548179807012,0.29882874105321183,both_wrong
6794,counterfactual,0,1,0.35504835495748965,0.6629115821110309,internvl_only
6795,counterfactual,1,0,0.12321188463971894,0.11824052030452298,qwen_only
6796,counterfactual,0,0,0.059630927064650605,0.1374995873786514,both_wrong
6797,counterfactual,0,0,0.27703760342368705,0.5860702020040044,both_wrong
6798,counterfactual,0,1,0.14818299184510417,0.4462672790617363,internvl_only
6799,counterfactual,1,1,0.44206832647162647,0.4804581326793853,both_correct
6800,counterfactual,0,1,0.34001936791352694,0.684005632125896,internvl_only
6801,counterfactual,0,1,0.3196964168094204,0.6425706763386098,internvl_only
6802,counterfactual,0,1,0.22888739124713556,0.4382614004095148,internvl_only
6803,counterfactual,0,1,0.11823735237468294,0.24334938768625208,internvl_only
6804,counterfactual,0,0,0.11084771728944737,0.12521805844566455,both_wrong
6805,counterfactual,0,1,0.43087634289558496,0.7572006482053482,internvl_only
6806,counterfactual,1,1,0.2046899152839646,0.2579733831468643,both_correct
6807,counterfactual,0,0,0.17731497618663528,0.24481258125598057,both_wrong
6808,counterfactual,1,0,0.1483718072181462,0.29579698031050305,qwen_only
6809,counterfactual,0,0,0.19255043739310757,0.381407015005037,both_wrong
6810,counterfactual,1,1,0.2812223197372504,0.778185615782978,both_correct
6811,counterfactual,0,0,0.20299769623811956,0.1983908775106778,both_wrong
6812,counterfactual,0,1,0.1783094079269176,0.21841741385196248,internvl_only
6813,counterfactual,0,0,0.043142915413471976,0.10099338762934837,both_wrong
6814,counterfactual,0,0,0.16370121558214384,0.2070670247447999,both_wrong
6815,counterfactual,0,0,0.18871873820996063,0.36847759810811953,both_wrong
6816,counterfactual,1,1,0.27617988298464646,0.41145907046155933,both_correct
6817,counterfactual,1,1,0.13936107893436409,0.2773507103904887,both_correct
6818,counterfactual,0,1,0.2599412593820613,0.5520906919004384,internvl_only
6819,counterfactual,0,1,0.09375944612507309,0.20693922365663797,internvl_only
6820,counterfactual,0,1,0.1844750871897013,0.24009262457611205,internvl_only
6821,counterfactual,0,0,0.08485305998726649,0.26611429848344637,both_wrong
6822,counterfactual,0,0,0.12131513055962043,0.1753457873840308,both_wrong
6823,counterfactual,1,0,0.149898844726174,0.18952804856773595,qwen_only
6824,counterfactual,0,0,0.09845616007564696,0.1285500239924486,both_wrong
6825,counterfactual,0,0,0.10756650043121023,0.16143089143526818,both_wrong
6826,counterfactual,0,0,0.08708314291870088,0.14312520103105358,both_wrong
6827,counterfactual,0,0,0.11836392534600941,0.3181231436862458,both_wrong
6828,counterfactual,0,1,0.19731090334313645,0.23813141142518102,internvl_only
6829,counterfactual,0,0,0.08725177653037444,0.15831224437658678,both_wrong
6830,counterfactual,1,1,0.26685086399574004,0.18392892127787422,both_correct
6831,counterfactual,0,0,0.19297818371185724,0.2063191309941873,both_wrong
6832,counterfactual,0,0,0.21054967137829864,0.18687271007967268,both_wrong
6833,counterfactual,0,1,0.2019182839800818,0.5888765455198061,internvl_only
6834,counterfactual,0,0,0.178238036106577,0.27422529807237606,both_wrong
6835,counterfactual,0,1,0.24405813384525116,0.6482191487628659,internvl_only
6836,counterfactual,0,0,0.1337192595982346,0.2826563427715413,both_wrong
6837,counterfactual,0,0,0.13369929885601248,0.1402288653743448,both_wrong
6838,counterfactual,0,0,0.08886439525848283,0.1795799034153644,both_wrong
6839,counterfactual,0,0,0.09134662572970179,0.14321864624465952,both_wrong
6840,counterfactual,0,0,0.08157030635980281,0.15097108382647578,both_wrong
6841,counterfactual,1,0,0.2749381568796112,0.6411793990858493,qwen_only
6842,counterfactual,0,0,0.08862712047390271,0.3057695231216913,both_wrong
6843,counterfactual,0,0,0.11594126853393816,0.23415673306689733,both_wrong
6844,counterfactual,1,0,0.3331350832975722,0.397101346752301,qwen_only
6845,counterfactual,1,1,0.4647649541030017,0.6234808865309842,both_correct
6846,counterfactual,0,0,0.13457058496081478,0.1787317165809751,both_wrong
6847,counterfactual,0,0,0.20602561654719087,0.21031157326259003,both_wrong
6848,counterfactual,0,1,0.2417215271068037,0.33189353182833015,internvl_only
6849,counterfactual,0,0,0.24241876222339376,0.5163230788829625,both_wrong
6850,counterfactual,1,0,0.4984291688326348,0.7025378351356707,qwen_only
6851,counterfactual,0,0,0.38427228651684203,0.298543558623754,both_wrong
6852,counterfactual,0,0,0.07537365653805274,0.08704860418466893,both_wrong
6853,counterfactual,0,0,0.15216757757624363,0.24002468228701043,both_wrong
6854,counterfactual,0,1,0.29019920168990315,0.7019027818892105,internvl_only
6855,counterfactual,1,0,0.2063267133700204,0.3303168197204474,qwen_only
6856,counterfactual,1,0,0.3211216799927755,0.5469324471951524,qwen_only
6857,counterfactual,0,1,0.21735551988170088,0.5737591735890467,internvl_only
6858,counterfactual,0,0,0.15825621225727343,0.3190709230915211,both_wrong
6859,counterfactual,0,0,0.22711859990411554,0.19123552746239428,both_wrong
6860,counterfactual,0,0,0.09144984929152837,0.21311081338294888,both_wrong
6861,counterfactual,0,1,0.14068457971152515,0.26182978806317764,internvl_only
6862,counterfactual,0,1,0.20206404791204996,0.19043483393588984,internvl_only
6863,counterfactual,0,0,0.18006294400946005,0.27149529685526974,both_wrong
6864,counterfactual,0,1,0.3114177019628888,0.5236923286755939,internvl_only
6865,counterfactual,0,0,0.1056707515383634,0.278767659529226,both_wrong
6866,counterfactual,0,1,0.23546489187947603,0.32059812320515735,internvl_only
6867,counterfactual,0,1,0.1941931188802299,0.5823793329334637,internvl_only
6868,counterfactual,0,0,0.11808611426408432,0.21133998871551743,both_wrong
6869,counterfactual,0,0,0.07065591962166103,0.19368088546720003,both_wrong
6870,counterfactual,0,0,0.17188811827500358,0.2678961480469198,both_wrong
6871,counterfactual,1,0,0.14453904612569557,0.14988029576485545,qwen_only
6872,counterfactual,0,0,0.22824553740542874,0.27467856803890717,both_wrong
6873,counterfactual,1,1,0.17968829278168336,0.32321352220401545,both_correct
6874,counterfactual,0,0,0.13487281758128072,0.2948240249699663,both_wrong
6875,counterfactual,0,1,0.12429243580908156,0.3358620298091608,internvl_only
6876,counterfactual,1,1,0.35682447952732943,0.4217268882651241,both_correct
6877,counterfactual,0,0,0.11740153272823765,0.14654303967712365,both_wrong
6878,counterfactual,0,0,0.21033963849430434,0.10311835205791446,both_wrong
6879,counterfactual,0,0,0.34334552109904476,0.5095609985937796,both_wrong
6880,counterfactual,1,1,0.09332924307865781,0.27812127318569785,both_correct
6881,counterfactual,0,0,0.1371013101260315,0.21010928556569755,both_wrong
6882,counterfactual,0,0,0.13010744259933632,0.14069938720638675,both_wrong
6883,counterfactual,0,0,0.13741299314532568,0.13498948715468845,both_wrong
6884,counterfactual,0,0,0.09148397324769873,0.22188269644863576,both_wrong
6885,counterfactual,0,0,0.16413699389580053,0.24442013506051447,both_wrong
6886,counterfactual,0,0,0.13106875010494484,0.24928490024307914,both_wrong
6887,counterfactual,0,0,0.1626929526880077,0.2791419471955886,both_wrong
6888,counterfactual,0,1,0.2249697983754081,0.7486301734632499,internvl_only
6889,counterfactual,1,1,0.44268487420080366,0.8266934976737916,both_correct
6890,counterfactual,0,1,0.15857504882661005,0.3852730677971266,internvl_only
6891,counterfactual,0,1,0.2259775186315236,0.6640048769486256,internvl_only
6892,counterfactual,0,0,0.1754964964167634,0.41831306998768164,both_wrong
6893,counterfactual,1,0,0.21505896237884625,0.21267482825971012,qwen_only
6894,counterfactual,0,0,0.09248182472139813,0.26862835858970396,both_wrong
6895,counterfactual,0,0,0.15948150219697924,0.33944815332405054,both_wrong
6896,counterfactual,1,1,0.18329738534511603,0.31698235778462475,both_correct
6897,counterfactual,0,0,0.1533187046487522,0.15062163597824985,both_wrong
6898,counterfactual,0,1,0.1306485198788074,0.17383542516526201,internvl_only
6899,counterfactual,1,0,0.1470215953541218,0.2711600960496272,qwen_only
6900,counterfactual,0,1,0.2255656921021251,0.27053419930812167,internvl_only
6901,counterfactual,0,0,0.1857249500446443,0.20909700450432966,both_wrong
6902,counterfactual,1,1,0.17407549145284457,0.21859317693100414,both_correct
6903,counterfactual,0,0,0.07090002338621314,0.14919309111944193,both_wrong
6904,counterfactual,0,1,0.08218775325197183,0.18053114549752305,internvl_only
6905,counterfactual,0,0,0.22878281905223358,0.31690883936241265,both_wrong
6906,counterfactual,1,0,0.15043438975407822,0.21239810632852277,qwen_only
6907,counterfactual,0,0,0.2083335039520304,0.24248461267019447,both_wrong
6908,counterfactual,0,0,0.11913423570447501,0.2144757084186909,both_wrong
6909,counterfactual,0,0,0.1645849362817525,0.2748913361716902,both_wrong
6910,counterfactual,0,0,0.21272044514499708,0.23809851867994028,both_wrong
6911,counterfactual,0,0,0.07612583080906549,0.2342903539807022,both_wrong
6912,counterfactual,1,1,0.21148825335083835,0.29724123965284127,both_correct
6913,counterfactual,0,0,0.17303021012480277,0.320665287144236,both_wrong
6914,counterfactual,0,1,0.22120516026961953,0.5172597284848459,internvl_only
6915,counterfactual,0,0,0.23049574113016486,0.6080949904993207,both_wrong
6916,counterfactual,0,0,0.2490595323296186,0.7290360513981835,both_wrong
6917,counterfactual,1,1,0.40037411696119085,0.7688044596644321,both_correct
6918,counterfactual,0,0,0.08651061255916491,0.13282085564179213,both_wrong
6919,counterfactual,0,0,0.06301823417645674,0.21036595744768166,both_wrong
6920,counterfactual,0,0,0.23986523522816414,0.4689506156514187,both_wrong
6921,counterfactual,0,1,0.2635888195286569,0.6859028625298924,internvl_only
6922,counterfactual,1,0,0.16737577206225215,0.25030289605513845,qwen_only
6923,counterfactual,0,1,0.03744230529648125,0.19534997547779945,internvl_only
6924,counterfactual,0,0,0.13731531949220172,0.135868394753349,both_wrong
6925,counterfactual,0,0,0.1675579825606746,0.20859586198641814,both_wrong
6926,counterfactual,0,1,0.09469394315752432,0.19810469992586427,internvl_only
6927,counterfactual,1,0,0.125947357464373,0.3129365979798001,qwen_only
6928,counterfactual,0,0,0.0734010423194153,0.24765585158234307,both_wrong
6929,counterfactual,0,0,0.1218838340140841,0.14787454394121255,both_wrong
6930,counterfactual,0,0,0.11600430902510694,0.20981574204520897,both_wrong
6931,counterfactual,0,1,0.07773109063957646,0.18380000841723412,internvl_only
6932,counterfactual,1,1,0.08792035205282257,0.2298377685994815,both_correct
6933,counterfactual,0,0,0.14315395485055873,0.20797472611032952,both_wrong
6934,counterfactual,0,0,0.14303061449277693,0.3037895572165769,both_wrong
6935,counterfactual,0,0,0.054537297126748194,0.19801305727213667,both_wrong
6936,counterfactual,0,0,0.12359044158147063,0.25508999838988344,both_wrong
6937,counterfactual,1,0,0.11822876803719866,0.21767326156072137,qwen_only
6938,counterfactual,0,1,0.11916117734659105,0.21700373918890165,internvl_only
6939,counterfactual,0,0,0.2118756386144563,0.2626731298738048,both_wrong
6940,counterfactual,0,0,0.1321218665748691,0.11116198343736643,both_wrong
6941,counterfactual,0,0,0.12470444160206803,0.1898830143365821,both_wrong
6942,counterfactual,1,1,0.09914654761563353,0.27854827820726613,both_correct
6943,counterfactual,0,0,0.123530269755859,0.27136555057575773,both_wrong
6944,counterfactual,0,0,0.3052596111353272,0.21001759441598677,both_wrong
6945,counterfactual,0,1,0.15784801973029508,0.20244035646388084,internvl_only
6946,counterfactual,1,0,0.14718329292081106,0.2913285074158242,qwen_only
6947,counterfactual,0,1,0.11538932064577104,0.21002178170263172,internvl_only
6948,counterfactual,0,0,0.10943879395392037,0.22999029446234842,both_wrong
6949,counterfactual,0,1,0.13087364328293147,0.2133007524254242,internvl_only
6950,counterfactual,1,0,0.2313949002862495,0.18203566195276866,qwen_only
6951,counterfactual,0,0,0.14187333979968553,0.2551254296182124,both_wrong
6952,counterfactual,0,0,0.28457336067452704,0.24044521161689353,both_wrong
6953,counterfactual,0,1,0.1292656646126824,0.1518065252181957,internvl_only
6954,counterfactual,0,0,0.15214881724314888,0.16825355416689156,both_wrong
6955,counterfactual,1,1,0.16385355341170493,0.27656843946809934,both_correct
6956,counterfactual,0,0,0.06741233969922628,0.1538822144789896,both_wrong
6957,counterfactual,0,1,0.13285701539481645,0.15667743315914096,internvl_only
6958,counterfactual,0,0,0.20848095127992697,0.4008562067833136,both_wrong
6959,counterfactual,0,1,0.24822471069000948,0.601947050443009,internvl_only
6960,counterfactual,0,0,0.114824791832572,0.14483139862327296,both_wrong
6961,counterfactual,0,0,0.1190440410027736,0.15149307409959537,both_wrong
6962,counterfactual,0,0,0.18051812723031277,0.25428620019879566,both_wrong
6963,counterfactual,0,0,0.08706513599866268,0.25183886832886704,both_wrong
6964,counterfactual,1,0,0.2720763705241432,0.29167657195795693,qwen_only
6965,counterfactual,0,0,0.2756106495425706,0.3912627367350127,both_wrong
6966,counterfactual,1,1,0.1574319630208208,0.17282274190750221,both_correct
6967,counterfactual,1,0,0.1604085869286109,0.25313470216731854,qwen_only
6968,counterfactual,1,1,0.20946144006438847,0.6650687016172092,both_correct
6969,counterfactual,0,0,0.10571467505813478,0.19377284326490166,both_wrong
6970,counterfactual,0,0,0.1847672854215177,0.22972254947415874,both_wrong
6971,counterfactual,0,0,0.12201920055126338,0.3673854161918953,both_wrong
6972,counterfactual,0,0,0.12762763480289974,0.18717140899233278,both_wrong
6973,counterfactual,1,0,0.20317292098343567,0.3119761379506847,qwen_only
6974,counterfactual,1,1,0.3202290544719805,0.5443203518994036,both_correct
6975,counterfactual,0,0,0.16763390085737676,0.17185097823593684,both_wrong
6976,counterfactual,0,0,0.13723756481119126,0.12331226584019414,both_wrong
6977,counterfactual,0,0,0.16136755114080492,0.1609379556197433,both_wrong
6978,counterfactual,0,0,0.17888641898009122,0.17533871812797894,both_wrong
6979,counterfactual,0,0,0.11009265760475186,0.4059592455715012,both_wrong
6980,counterfactual,0,1,0.3244870524990447,0.3091261313760625,internvl_only
6981,counterfactual,0,0,0.19054696375790076,0.20834629045811573,both_wrong
6982,counterfactual,0,0,0.13863020529090742,0.1740998333554636,both_wrong
6983,counterfactual,0,0,0.21462334347719186,0.21005712557373032,both_wrong
6984,counterfactual,0,1,0.13530765251305998,0.2509672863842128,internvl_only
6985,counterfactual,0,0,0.15324577121746538,0.14949752792161403,both_wrong
6986,counterfactual,0,0,0.09175551429144038,0.15610689898536848,both_wrong
6987,counterfactual,0,1,0.15809957703536398,0.17293071386975786,internvl_only
6988,counterfactual,0,0,0.10780268472589993,0.18969331112335652,both_wrong
6989,counterfactual,0,0,0.061230499902331086,0.18084242397261321,both_wrong
6990,counterfactual,0,0,0.07922785585687393,0.2463763784397283,both_wrong
6991,counterfactual,0,0,0.08504858426366817,0.31706548337352636,both_wrong
6992,counterfactual,0,0,0.18492673181713623,0.3173244994517875,both_wrong
6993,counterfactual,0,1,0.17197047474376637,0.24541926359374083,internvl_only
6994,counterfactual,0,0,0.08912967012797296,0.16692899136443504,both_wrong
6995,counterfactual,0,1,0.132678946975608,0.2267021879361943,internvl_only
6996,counterfactual,0,1,0.17051996481262904,0.25696371864626505,internvl_only
6997,counterfactual,0,1,0.11698115973435332,0.17237419720958388,internvl_only
6998,counterfactual,0,0,0.09235428569131403,0.14802458521619247,both_wrong
6999,counterfactual,0,0,0.09407233956321336,0.2933636653611021,both_wrong
7000,counterfactual,0,0,0.19389337017130293,0.17567401365296384,both_wrong
7001,counterfactual,0,0,0.3220161810800484,0.4097861942432395,both_wrong
7002,counterfactual,0,1,0.3837989261556423,0.7184178847911021,internvl_only
7003,counterfactual,1,0,0.16964224990485344,0.28265711229692403,qwen_only
7004,counterfactual,0,0,0.156108915268268,0.34206162685899494,both_wrong
7005,counterfactual,0,0,0.3381264073643969,0.5759122775280582,both_wrong
7006,counterfactual,0,1,0.13729577293213419,0.38385655806336294,internvl_only
7007,counterfactual,0,0,0.07937753228946456,0.1945748740460458,both_wrong
7008,counterfactual,0,1,0.1305957579806423,0.11984868168653127,internvl_only
7009,counterfactual,0,1,0.2289721178493801,0.4891504419118388,internvl_only
7010,counterfactual,0,0,0.37556838243361135,0.6164059364827505,both_wrong
7011,counterfactual,1,1,0.13680970074259285,0.24895468463449183,both_correct
7012,counterfactual,1,0,0.1913309741424953,0.26445450132078546,qwen_only
7013,counterfactual,0,0,0.17767415942186074,0.2486978256358807,both_wrong
7014,counterfactual,0,0,0.18727702782491257,0.17102743071195697,both_wrong
7015,counterfactual,1,0,0.12972450260041526,0.211137559683405,qwen_only
7016,counterfactual,0,1,0.06310457999508791,0.2071331192636129,internvl_only
7017,counterfactual,0,0,0.1915306656323024,0.1779790821492204,both_wrong
7018,counterfactual,0,0,0.17191460593169317,0.20765022416792456,both_wrong
7019,counterfactual,0,1,0.1951538715015913,0.27245794329615064,internvl_only
7020,counterfactual,1,0,0.14793437886483415,0.13672182363035718,qwen_only
7021,counterfactual,0,1,0.32325997971166387,0.655599727232852,internvl_only
7022,counterfactual,0,1,0.23026251731882824,0.5668237524732566,internvl_only
7023,counterfactual,0,0,0.14611533866125112,0.18547137964354216,both_wrong
7024,counterfactual,0,0,0.13568102642728744,0.23184513607404156,both_wrong
7025,counterfactual,0,0,0.16566655474454645,0.3624924585218017,both_wrong
7026,counterfactual,0,0,0.22874177350534283,0.39409676262589927,both_wrong
7027,counterfactual,1,0,0.3784168118689066,0.3489736265844853,qwen_only
7028,counterfactual,0,0,0.23127581572478095,0.354253663000786,both_wrong
7029,counterfactual,0,0,0.14910593044733822,0.1997976949473891,both_wrong
7030,counterfactual,1,0,0.09925627799644698,0.13472686149597676,qwen_only
7031,counterfactual,0,1,0.250902483499864,0.7180061981262026,internvl_only
7032,counterfactual,1,0,0.140624473884489,0.3631458491182271,qwen_only
7033,counterfactual,0,0,0.08530442366173226,0.22823185707422422,both_wrong
7034,counterfactual,0,0,0.08816911501781484,0.17270745802298942,both_wrong
7035,counterfactual,0,0,0.27089173970758923,0.2781394440728196,both_wrong
7036,counterfactual,0,0,0.1986923925777628,0.3785148080134118,both_wrong
7037,counterfactual,1,0,0.23788150904429464,0.1866717600907857,qwen_only
7038,counterfactual,0,0,0.25710452799314154,0.2069175183593424,both_wrong
7039,counterfactual,0,0,0.10273322069428763,0.1628924415584614,both_wrong
7040,counterfactual,0,0,0.10281171410257584,0.23445260828192718,both_wrong
7041,counterfactual,0,0,0.21165302718551876,0.5541433873366571,both_wrong
7042,counterfactual,0,1,0.19714654233054518,0.4471746465101552,internvl_only
7043,counterfactual,0,1,0.21228831556625788,0.3417926367782203,internvl_only
7044,counterfactual,0,0,0.273358649173162,0.6323201291772946,both_wrong
7045,counterfactual,1,1,0.3871332920410445,0.7200399090389966,both_correct
7046,counterfactual,0,0,0.10342462809003983,0.16572043233581316,both_wrong
7047,counterfactual,0,0,0.0676014330106155,0.103541172543411,both_wrong
7048,counterfactual,0,0,0.1380347998545299,0.2195955034320301,both_wrong
7049,counterfactual,0,0,0.13247221640964327,0.1318426883195478,both_wrong
7050,counterfactual,0,0,0.2739054949056378,0.2883881409950861,both_wrong
7051,counterfactual,1,1,0.16650710645672023,0.3198834343291587,both_correct
7052,counterfactual,0,0,0.06697420050303345,0.27336023186951336,both_wrong
7053,counterfactual,0,0,0.05637541791326944,0.14533427494071227,both_wrong
7054,counterfactual,0,0,0.1492994494471615,0.17168523809932312,both_wrong
7055,counterfactual,0,0,0.12191653006966634,0.202701051552839,both_wrong
7056,counterfactual,0,0,0.12416862812157779,0.36934897148824697,both_wrong
7057,counterfactual,0,0,0.10099897873504728,0.17193915368142157,both_wrong
7058,counterfactual,1,1,0.20808438540631025,0.238073668409973,both_correct
7059,counterfactual,0,1,0.1266026881180687,0.18839663596530642,internvl_only
7060,counterfactual,0,0,0.05418005589022862,0.09174707271453351,both_wrong
7061,counterfactual,0,0,0.17168933397894143,0.23079117424576798,both_wrong
7062,counterfactual,1,0,0.18100014120160124,0.2523735834629629,qwen_only
7063,counterfactual,0,1,0.15272368778779574,0.21049949190530853,internvl_only
7064,counterfactual,0,0,0.12271117457377766,0.27275994763128164,both_wrong
7065,counterfactual,0,0,0.11260311185494187,0.23961233079202277,both_wrong
7066,counterfactual,0,1,0.1543665048780092,0.28153633777602,internvl_only
7067,counterfactual,1,0,0.11854447357311389,0.22425321875625445,qwen_only
7068,counterfactual,0,1,0.2419705093505879,0.34810060796400444,internvl_only
7069,counterfactual,0,0,0.1842868243235835,0.30317578986164295,both_wrong
7070,counterfactual,1,1,0.11125650325761272,0.18597970300157413,both_correct
7071,counterfactual,0,0,0.10681163031867767,0.20004085873752292,both_wrong
7072,counterfactual,0,1,0.12352415177537096,0.3551801632025226,internvl_only
7073,counterfactual,0,0,0.08604470344973311,0.2586907007893784,both_wrong
7074,counterfactual,0,0,0.06396612210578044,0.21289090175935077,both_wrong
7075,counterfactual,1,0,0.1732939506226405,0.5307864791083774,qwen_only
7076,counterfactual,0,0,0.3278817005637065,0.49550468929497654,both_wrong
7077,counterfactual,0,1,0.20769286866709885,0.23947548816688066,internvl_only
7078,counterfactual,0,0,0.14042536891070972,0.2714798711801665,both_wrong
7079,counterfactual,0,0,0.17529981209054774,0.24617855762400717,both_wrong
7080,counterfactual,0,1,0.12028419454475762,0.2573872676228707,internvl_only
7081,counterfactual,1,0,0.3469511013984015,0.37789242747560875,qwen_only
7082,counterfactual,0,1,0.09098577414905867,0.3751672602915,internvl_only
7083,counterfactual,1,0,0.2506205979585586,0.7233955928470046,qwen_only
7084,counterfactual,0,0,0.14111520512575837,0.25257306508639765,both_wrong
7085,counterfactual,1,0,0.4040860350602812,0.3343543063358883,qwen_only
7086,counterfactual,0,0,0.21532200436194715,0.24846595015117182,both_wrong
7087,counterfactual,0,0,0.22479992754002737,0.2906683439075703,both_wrong
7088,counterfactual,0,0,0.09346992458768019,0.29807205379215407,both_wrong
7089,counterfactual,1,1,0.32430185679890733,0.5542217901387609,both_correct
7090,counterfactual,0,1,0.26941202053522195,0.5922898654374069,internvl_only
7091,counterfactual,0,1,0.23656454121267675,0.4106945871830289,internvl_only
7092,counterfactual,0,0,0.21669928415982104,0.2271300336558858,both_wrong
7093,counterfactual,0,0,0.4052543477699563,0.5414207788399765,both_wrong
7094,counterfactual,0,0,0.24428819583113343,0.2851774853954643,both_wrong
7095,counterfactual,0,1,0.13880403434841038,0.5085240256719706,internvl_only
7096,counterfactual,0,0,0.10668671774811427,0.20965986724776806,both_wrong
7097,counterfactual,0,1,0.3822758840398135,0.7724084761036449,internvl_only
7098,counterfactual,0,0,0.16403088813579886,0.36560079321330397,both_wrong
7099,counterfactual,0,1,0.32442354266748774,0.7453747950880254,internvl_only
7100,counterfactual,0,0,0.11371176267927334,0.27907660285789737,both_wrong
7101,counterfactual,1,0,0.40444473746887016,0.33573080743416606,qwen_only
7102,counterfactual,0,1,0.06999270827193675,0.142662410199841,internvl_only
7103,counterfactual,0,0,0.076133676353644,0.18084821789544386,both_wrong
7104,counterfactual,0,0,0.052030968088841396,0.24116118875320786,both_wrong
7105,counterfactual,0,0,0.18663352489184068,0.2727386078454437,both_wrong
7106,counterfactual,0,0,0.3323957456455662,0.43530048606373145,both_wrong
7107,counterfactual,1,0,0.3150478800357468,0.24962112623701213,qwen_only
7108,counterfactual,0,0,0.29910883387076165,0.28172994358281556,both_wrong
7109,counterfactual,1,1,0.1349061678927972,0.3284449518551436,both_correct
7110,counterfactual,1,0,0.14174652985649008,0.2500423358511527,qwen_only
7111,counterfactual,0,0,0.20349173296874096,0.2238859814862256,both_wrong
7112,counterfactual,0,0,0.09921126617519184,0.20156223077234686,both_wrong
7113,counterfactual,1,0,0.11878161233070889,0.19614693877865907,qwen_only
7114,counterfactual,1,0,0.32286482565829466,0.5856510055639751,qwen_only
7115,counterfactual,0,0,0.19416818478449527,0.4111163650551962,both_wrong
7116,counterfactual,1,1,0.264452134449076,0.37572060746558394,both_correct
7117,counterfactual,0,1,0.06147215970879165,0.20585556124834703,internvl_only
7118,counterfactual,0,0,0.25070735773104663,0.3599838966636013,both_wrong
7119,counterfactual,0,1,0.30078591173925656,0.6548943170195556,internvl_only
7120,counterfactual,1,1,0.10069251598935207,0.21120504155024605,both_correct
7121,counterfactual,0,1,0.12488567132264462,0.22583431414744484,internvl_only
7122,counterfactual,1,0,0.1597706383402011,0.1495928919071511,qwen_only
7123,counterfactual,0,0,0.19342389488715162,0.2058648460112867,both_wrong
7124,counterfactual,0,0,0.11070136249943295,0.21230437352601136,both_wrong
7125,counterfactual,0,0,0.08451671442774675,0.12630792449269404,both_wrong
7126,counterfactual,0,0,0.15981454873507525,0.15895850203698395,both_wrong
7127,counterfactual,0,0,0.16906684897477034,0.1705685587278458,both_wrong
7128,counterfactual,0,0,0.21083723842894259,0.19143568058417765,both_wrong
7129,counterfactual,0,1,0.1496859988098347,0.353781988706751,internvl_only
7130,counterfactual,0,0,0.18120144229374585,0.43615759557094813,both_wrong
7131,counterfactual,0,1,0.09366064091615714,0.36470219487432604,internvl_only
7132,counterfactual,0,0,0.21010423459557243,0.17835973178371098,both_wrong
7133,counterfactual,0,1,0.17097511053499123,0.28064391903092234,internvl_only
7134,counterfactual,0,0,0.18090766524393104,0.38952997341251744,both_wrong
7135,counterfactual,0,0,0.1793980395603972,0.4355816106445641,both_wrong
7136,counterfactual,0,0,0.23168995336690548,0.38394753437004636,both_wrong
7137,counterfactual,1,1,0.2613749763266179,0.5493873550314994,both_correct
7138,counterfactual,0,0,0.1326158136588964,0.2138774770738161,both_wrong
7139,counterfactual,0,0,0.12664659790926563,0.1682789195999112,both_wrong
7140,counterfactual,0,1,0.10074154409245151,0.46670589898580445,internvl_only
7141,counterfactual,0,1,0.11977065069513412,0.30448358073192816,internvl_only
7142,counterfactual,0,0,0.2636912813989144,0.4496729882065036,both_wrong
7143,counterfactual,0,1,0.1199171478054325,0.28447467176177044,internvl_only
7144,counterfactual,0,1,0.13685794473768842,0.32167776592736735,internvl_only
7145,counterfactual,0,1,0.1766418871901053,0.313154339823476,internvl_only
7146,counterfactual,0,1,0.3074446779928666,0.4818191854780374,internvl_only
7147,counterfactual,1,1,0.2582577619261754,0.27664049098638327,both_correct
7148,counterfactual,0,0,0.275046294522272,0.31686974034493337,both_wrong
7149,counterfactual,1,1,0.2063712101272969,0.35284104868965516,both_correct
7150,counterfactual,0,0,0.2722639054521937,0.566789033360443,both_wrong
7151,counterfactual,0,1,0.1481900142585119,0.4760781601032771,internvl_only
7152,counterfactual,0,1,0.1721477672874184,0.2330064924567447,internvl_only
7153,counterfactual,0,1,0.16831688411176723,0.5527971401052046,internvl_only
7154,counterfactual,1,1,0.4511633690004657,0.8143464781134012,both_correct
7155,counterfactual,1,1,0.13031415408818775,0.2323585727628899,both_correct
7156,counterfactual,0,0,0.17776020776063908,0.2225607587407588,both_wrong
7157,counterfactual,0,0,0.18344078411729292,0.15972112795009918,both_wrong
7158,counterfactual,0,0,0.1720894113596732,0.19232176770824178,both_wrong
7159,counterfactual,1,1,0.1925368893037281,0.24404166556451426,both_correct
7160,counterfactual,0,0,0.10612092344279894,0.15873391114144336,both_wrong
7161,counterfactual,0,0,0.11355934324544233,0.20164942301969604,both_wrong
7162,counterfactual,1,1,0.08455253185155998,0.20821744431860326,both_correct
7163,counterfactual,0,1,0.264569172215616,0.6758657360327884,internvl_only
7164,counterfactual,0,1,0.3955998997905648,0.7316609448982211,internvl_only
7165,counterfactual,0,0,0.0929853965988636,0.2958691481950405,both_wrong
7166,counterfactual,0,1,0.13444549405732975,0.3308326590878777,internvl_only
7167,counterfactual,0,1,0.2260855006332545,0.2758658034740545,internvl_only
7168,counterfactual,0,0,0.2081804219313477,0.26258256598995544,both_wrong
7169,counterfactual,0,0,0.09217521729845339,0.1549884535459904,both_wrong
7170,counterfactual,0,1,0.3422447043738815,0.527930346225405,internvl_only
7171,counterfactual,0,0,0.21802733160922172,0.6826975916524579,both_wrong
7172,counterfactual,0,1,0.10147447996493951,0.234034673064541,internvl_only
7173,counterfactual,0,0,0.13621738882339224,0.19260671940849391,both_wrong
7174,counterfactual,0,0,0.0940403972544429,0.17159231674774225,both_wrong
7175,counterfactual,0,0,0.16630561744727704,0.3882650652265831,both_wrong
7176,counterfactual,0,1,0.1291902343155506,0.29673855407506655,internvl_only
7177,counterfactual,0,0,0.07072516274858578,0.23084748109585992,both_wrong
7178,counterfactual,1,0,0.34800457076890406,0.2877398732344697,qwen_only
7179,counterfactual,0,0,0.2760526920554976,0.22411677961032844,both_wrong
7180,counterfactual,1,0,0.12097286826315218,0.13183679734616166,qwen_only
7181,counterfactual,0,0,0.09962466287830332,0.16061676118322007,both_wrong
7182,counterfactual,0,1,0.13792400468538626,0.29316437360819286,internvl_only
7183,counterfactual,0,1,0.1968550648382289,0.35579773998188724,internvl_only
7184,counterfactual,0,1,0.15426524930630722,0.24794008100476567,internvl_only
7185,counterfactual,0,0,0.10352179701227977,0.2557190845284904,both_wrong
7186,counterfactual,0,1,0.33334660692501084,0.6802191150656357,internvl_only
7187,counterfactual,0,1,0.21061885959313437,0.25306307365963604,internvl_only
7188,counterfactual,0,0,0.1100394110825554,0.22892779874964292,both_wrong
7189,counterfactual,0,0,0.23479586279878475,0.40906174693867015,both_wrong
7190,counterfactual,0,1,0.2466184423576447,0.35412862253017946,internvl_only
7191,counterfactual,0,1,0.1703202950644956,0.23830908470797754,internvl_only
7192,counterfactual,0,0,0.10132629917665698,0.22401294246180797,both_wrong
7193,counterfactual,0,0,0.0953259536430732,0.14900920979100699,both_wrong
7194,counterfactual,0,0,0.1237360386571869,0.15739519649595055,both_wrong
7195,counterfactual,0,0,0.2275027974444905,0.28844560526641905,both_wrong
7196,counterfactual,0,0,0.10176901502049135,0.14621767112315737,both_wrong
7197,counterfactual,1,0,0.11923198766741816,0.17947635007038826,qwen_only
7198,counterfactual,0,0,0.11221654189719295,0.16096228253912778,both_wrong
7199,counterfactual,0,0,0.16903137661418288,0.29867175134193374,both_wrong
7200,counterfactual,0,0,0.1435045976872763,0.11713901746262316,both_wrong
7201,counterfactual,0,0,0.16435284705725314,0.18109478915789481,both_wrong
7202,counterfactual,0,0,0.08724294584826672,0.28259545518692974,both_wrong
7203,counterfactual,0,0,0.46916354986565223,0.5702602440787095,both_wrong
7204,counterfactual,1,1,0.3575777985041532,0.6231475380104916,both_correct
7205,counterfactual,0,0,0.100157378733092,0.23108357683291803,both_wrong
7206,counterfactual,0,0,0.165229264470548,0.15957623958599404,both_wrong
7207,counterfactual,0,0,0.15121225074492994,0.5065800156879571,both_wrong
7208,counterfactual,0,0,0.22283381159817064,0.48143926699444217,both_wrong
7209,counterfactual,0,1,0.47092456866681026,0.5517206065891075,internvl_only
7210,counterfactual,0,0,0.3103548114885813,0.4534338326937134,both_wrong
7211,counterfactual,1,0,0.30348119160915316,0.4421372011523088,qwen_only
7212,counterfactual,0,0,0.11924510631997147,0.32652252229591877,both_wrong
7213,counterfactual,0,0,0.16611816587416023,0.2357996941694033,both_wrong
7214,counterfactual,0,0,0.08289373794923108,0.13772590895011075,both_wrong
7215,counterfactual,0,0,0.11858842936357017,0.11281058398923335,both_wrong
7216,counterfactual,1,0,0.17765314518793862,0.20405932424104178,qwen_only
7217,counterfactual,0,0,0.22458037467742736,0.2898356500515459,both_wrong
7218,counterfactual,0,0,0.3099285788881442,0.36199309721945433,both_wrong
7219,counterfactual,1,1,0.19698949513069178,0.36331312710718155,both_correct
7220,counterfactual,1,1,0.2373732618456038,0.2594606010714979,both_correct
7221,counterfactual,0,1,0.09620325113309756,0.2833758251683644,internvl_only
7222,counterfactual,0,0,0.07638219398250888,0.33085694440448016,both_wrong
7223,counterfactual,0,0,0.088844848033192,0.27368616510857785,both_wrong
7224,counterfactual,0,1,0.07432365304409316,0.32382573752388044,internvl_only
7225,counterfactual,0,0,0.1868428500352535,0.21944439057177959,both_wrong
7226,counterfactual,0,0,0.24132343413136023,0.32976862626838693,both_wrong
7227,counterfactual,0,1,0.18272717010480574,0.7301816260622958,internvl_only
7228,counterfactual,1,1,0.36554195948202906,0.35719298441520414,both_correct
7229,counterfactual,1,0,0.2388155923008737,0.29757913841232675,qwen_only
7230,counterfactual,0,0,0.12555588048841468,0.31103466222052056,both_wrong
7231,counterfactual,0,0,0.11871276957931642,0.34936530484365996,both_wrong
7232,counterfactual,0,0,0.16536912953098415,0.16588509408460164,both_wrong
7233,counterfactual,0,0,0.12685471248824148,0.22575276990711865,both_wrong
7234,counterfactual,0,1,0.4038740501599512,0.582578707201998,internvl_only
7235,counterfactual,0,0,0.1594367219902706,0.22651595845796657,both_wrong
7236,counterfactual,1,0,0.23049752810924856,0.22050975717347845,qwen_only
7237,counterfactual,1,0,0.30851318459909055,0.5689762562786351,qwen_only
7238,counterfactual,0,0,0.1527676666238245,0.23814603220601857,both_wrong
7239,counterfactual,0,1,0.2492048409868245,0.4342108672785007,internvl_only
7240,counterfactual,0,1,0.20460553771725254,0.34813139872809223,internvl_only
7241,counterfactual,1,0,0.20805391904065862,0.24032509149979325,qwen_only
7242,counterfactual,0,0,0.1622307917683477,0.27228947720289326,both_wrong
7243,counterfactual,0,0,0.1589001309223626,0.23032589634883352,both_wrong
7244,counterfactual,0,0,0.08575662020602906,0.11764869381826172,both_wrong
7245,counterfactual,1,0,0.14895438856778392,0.32408129848268896,qwen_only
7246,counterfactual,0,0,0.09318481961437287,0.3428192669375433,both_wrong
7247,counterfactual,0,0,0.11488451585919683,0.3378606694419146,both_wrong
7248,counterfactual,0,1,0.3042234673933838,0.6574720927939836,internvl_only
7249,counterfactual,0,1,0.10581517982109814,0.33197682425818553,internvl_only
7250,counterfactual,1,1,0.13205887404687902,0.1949569698567728,both_correct
7251,counterfactual,1,0,0.10867397101532923,0.15149809639568665,qwen_only
7252,counterfactual,0,0,0.21558579009089546,0.28147137887535345,both_wrong
7253,counterfactual,0,0,0.08270423185049337,0.18291154295931666,both_wrong
7254,counterfactual,0,0,0.10021278976040178,0.16233704811981992,both_wrong
7255,counterfactual,1,0,0.24140805299984006,0.2177299243315236,qwen_only
7256,counterfactual,0,0,0.1265473354113108,0.2142997013206774,both_wrong
7257,counterfactual,1,0,0.28520443019472924,0.13451317842881932,qwen_only
7258,counterfactual,0,1,0.2258198172201152,0.29164704795900537,internvl_only
7259,counterfactual,1,1,0.1949839314588929,0.29998881888128276,both_correct
7260,counterfactual,0,0,0.16035525765172956,0.23895275813008882,both_wrong
7261,counterfactual,0,0,0.13654643646027667,0.23781954900202784,both_wrong
7262,counterfactual,0,0,0.10016226813768574,0.21000660489307535,both_wrong
7263,counterfactual,0,0,0.10845017750657078,0.1272062381059819,both_wrong
7264,counterfactual,0,1,0.08472422697997158,0.28264873358120207,internvl_only
7265,counterfactual,1,0,0.29821055673493824,0.24617250416986391,qwen_only
7266,counterfactual,1,0,0.2814029988304203,0.3424946301238738,qwen_only
7267,counterfactual,0,0,0.09914184691020356,0.23498298842316684,both_wrong
7268,counterfactual,0,0,0.20014262256338383,0.3388517078968168,both_wrong
7269,counterfactual,0,0,0.20799168647433325,0.1783169212117547,both_wrong
7270,counterfactual,1,0,0.2166151607048887,0.2189461066370511,qwen_only
7271,counterfactual,1,1,0.4471360207607399,0.3750946246871444,both_correct
7272,counterfactual,0,0,0.29537966443218283,0.3469756046017656,both_wrong
7273,counterfactual,0,0,0.09925052974415488,0.11532632029836877,both_wrong
7274,counterfactual,0,0,0.19396303959138472,0.22058807993146481,both_wrong
7275,counterfactual,0,0,0.3895453650084559,0.5762148558888919,both_wrong
7276,counterfactual,0,1,0.21969558444247436,0.4156507058857931,internvl_only
7277,counterfactual,0,1,0.17542224305469212,0.33381507566768814,internvl_only
7278,counterfactual,1,0,0.2849562218143308,0.5635355461503833,qwen_only
7279,counterfactual,0,0,0.11950766001336273,0.21607760740519769,both_wrong
7280,counterfactual,0,0,0.09647140417365488,0.13905171499870944,both_wrong
7281,counterfactual,0,1,0.16029737138114686,0.33397854604492877,internvl_only
7282,counterfactual,0,1,0.07003269814682125,0.2233541816030566,internvl_only
7283,counterfactual,0,0,0.1338203118006527,0.2600721441250948,both_wrong
7284,counterfactual,0,1,0.08160820333783356,0.25680833492962735,internvl_only
7285,counterfactual,0,0,0.16376570824130332,0.32140377112093443,both_wrong
7286,counterfactual,1,0,0.5285938532539534,0.624406785628286,qwen_only
7287,counterfactual,0,0,0.15378747843343388,0.22862947897415253,both_wrong
7288,counterfactual,0,0,0.1689103572935542,0.2388241052981593,both_wrong
7289,counterfactual,1,1,0.2523428525377821,0.6429254186946867,both_correct
7290,counterfactual,0,0,0.1802083002761746,0.447019660179553,both_wrong
7291,counterfactual,1,0,0.18126157905233536,0.3323283454964423,qwen_only
7292,counterfactual,0,0,0.1648931101001385,0.18755479064303074,both_wrong
7293,counterfactual,0,0,0.13079228588507186,0.21095358584032323,both_wrong
7294,counterfactual,0,1,0.09885835143068308,0.13199876901462665,internvl_only
7295,counterfactual,0,0,0.2135778576637888,0.25579327206143254,both_wrong
7296,counterfactual,0,1,0.1355042434301632,0.22755496214310297,internvl_only
7297,counterfactual,0,1,0.33754046565199686,0.5647407466903841,internvl_only
7298,counterfactual,0,0,0.46090619464590127,0.730082053361785,both_wrong
7299,counterfactual,0,1,0.22863959383218588,0.7397473743272253,internvl_only
7300,counterfactual,0,1,0.24046305204432544,0.4719370421940046,internvl_only
7301,counterfactual,0,0,0.15793553487519113,0.2317158442320988,both_wrong
7302,counterfactual,1,0,0.0853376286137972,0.3149028604297498,qwen_only
7303,counterfactual,0,0,0.06837975109770306,0.1414298411260617,both_wrong
7304,counterfactual,1,0,0.11374763290157937,0.2633539488384538,qwen_only
7305,counterfactual,0,1,0.29661373488578197,0.5716244842349799,internvl_only
7306,counterfactual,0,0,0.18919214975564064,0.30972435480455474,both_wrong
7307,counterfactual,0,0,0.18849936497991127,0.19393236524349905,both_wrong
7308,counterfactual,0,0,0.2667601453911183,0.19757273845079468,both_wrong
7309,counterfactual,0,0,0.12593616222288176,0.3420603706095013,both_wrong
7310,counterfactual,0,0,0.08192298037868001,0.25279164343806976,both_wrong
7311,counterfactual,1,1,0.46352869630474164,0.830816283064458,both_correct
7312,counterfactual,0,0,0.14360960595226555,0.33119598922729376,both_wrong
7313,counterfactual,0,0,0.11090487250750031,0.17038842641061527,both_wrong
7314,counterfactual,0,0,0.1705177694299429,0.2882502229740207,both_wrong
7315,counterfactual,0,1,0.29215779829802335,0.857320310057943,internvl_only
7316,counterfactual,1,1,0.3095269076338065,0.677849551771456,both_correct
7317,counterfactual,0,0,0.061545912452823454,0.15549986689403875,both_wrong
7318,counterfactual,0,1,0.051717633506720775,0.25355655493413287,internvl_only
7319,counterfactual,1,1,0.1376663600974391,0.3246740655019148,both_correct
7320,counterfactual,0,1,0.29505924122438876,0.6370222992492729,internvl_only
7321,counterfactual,0,0,0.16948554807258615,0.22621488744336962,both_wrong
7322,counterfactual,0,1,0.10122084920894302,0.1604338529295181,internvl_only
7323,counterfactual,0,1,0.1497305576072719,0.11836714467405886,internvl_only
7324,counterfactual,0,1,0.11427298165685011,0.28719610202517365,internvl_only
7325,counterfactual,1,0,0.4307247922475093,0.666962387594868,qwen_only
7326,counterfactual,0,0,0.20917693728305867,0.6777415425594356,both_wrong
7327,counterfactual,0,1,0.2736217408502964,0.36529823044375564,internvl_only
7328,counterfactual,1,0,0.10771933556360684,0.2115719223340328,qwen_only
7329,counterfactual,1,1,0.26840069383729065,0.23650498201737477,both_correct
7330,counterfactual,0,1,0.2643260918191978,0.511809839270875,internvl_only
7331,counterfactual,1,0,0.33814499632787415,0.3447815233243377,qwen_only
7332,counterfactual,1,1,0.18201703708369849,0.18898320590593956,both_correct
7333,counterfactual,0,1,0.09967577759201803,0.20814347443100367,internvl_only
7334,counterfactual,0,0,0.07928512812620658,0.2712553980104395,both_wrong
7335,counterfactual,0,1,0.149909476315119,0.213783531224937,internvl_only
7336,counterfactual,0,0,0.12301318630210835,0.10695077849057774,both_wrong
7337,counterfactual,0,0,0.1397719521537544,0.2609017236575209,both_wrong
7338,counterfactual,1,0,0.10762314855389327,0.18873675725609243,qwen_only
7339,counterfactual,0,0,0.12306834008979473,0.19263804359127004,both_wrong
7340,counterfactual,0,0,0.21275260320323214,0.5342581590444055,both_wrong
7341,counterfactual,0,0,0.31736737546314514,0.3521676932511542,both_wrong
7342,counterfactual,0,1,0.1387268576519684,0.41584990550767603,internvl_only
7343,counterfactual,0,1,0.2421455283433295,0.4493554044528481,internvl_only
7344,counterfactual,0,1,0.2145603320954785,0.48870129678548085,internvl_only
7345,counterfactual,0,0,0.17764919330104897,0.4575555090777003,both_wrong
7346,counterfactual,0,1,0.16739460654814506,0.11926263150265681,internvl_only
7347,counterfactual,0,1,0.11516511986061276,0.24299870816761682,internvl_only
7348,counterfactual,0,0,0.20990482820030654,0.5468145561398055,both_wrong
7349,counterfactual,0,0,0.3512276298093157,0.6555446008672972,both_wrong
7350,counterfactual,0,0,0.08202610939837406,0.2174978115725716,both_wrong
7351,counterfactual,0,1,0.1401262767472593,0.24941767325834244,internvl_only
7352,counterfactual,0,0,0.05343042908163588,0.19684101152323039,both_wrong
7353,counterfactual,0,0,0.24449888886910723,0.1703581998096684,both_wrong
7354,counterfactual,0,0,0.21443230278094283,0.36672359712431524,both_wrong
7355,counterfactual,0,0,0.17163527133944556,0.24801435020833276,both_wrong
7356,counterfactual,0,0,0.10637374324860271,0.17121755374581163,both_wrong
7357,counterfactual,0,0,0.37148715628439494,0.3000594942303516,both_wrong
7358,counterfactual,0,1,0.14238631355273657,0.2679162025449362,internvl_only
7359,counterfactual,1,1,0.2279335137298975,0.7330904185471335,both_correct
7360,counterfactual,0,1,0.2855515414259068,0.5986059988779154,internvl_only
7361,counterfactual,1,0,0.15801354117280017,0.20955850218073654,qwen_only
7362,counterfactual,1,0,0.20655745391530322,0.20678029259331154,qwen_only
7363,counterfactual,0,0,0.14784363923233515,0.23765587983322495,both_wrong
7364,counterfactual,1,1,0.3127715222859853,0.5798955235989788,both_correct
7365,counterfactual,0,1,0.3930764332076098,0.7874186198183979,internvl_only
7366,counterfactual,0,0,0.19996800100771023,0.40681715881764574,both_wrong
7367,counterfactual,0,0,0.1571063159284327,0.16033539575473077,both_wrong
7368,counterfactual,0,1,0.15206377985833117,0.23175788220489021,internvl_only
7369,counterfactual,0,0,0.07045828116659598,0.26864762100754963,both_wrong
7370,counterfactual,0,0,0.1980071233135878,0.15310947404628863,both_wrong
7371,counterfactual,0,0,0.09114073210587514,0.21295676459059698,both_wrong
7372,counterfactual,0,0,0.12462099965925266,0.22128703100029834,both_wrong
7373,counterfactual,0,1,0.07677128940908869,0.21957421218655937,internvl_only
7374,counterfactual,1,1,0.17813503474181167,0.3276072308147868,both_correct
7375,counterfactual,0,1,0.1528273451445074,0.379980497988549,internvl_only
7376,counterfactual,0,0,0.15365215445443342,0.23636012050856717,both_wrong
7377,counterfactual,0,1,0.07735337081404063,0.11748227083641276,internvl_only
7378,counterfactual,0,0,0.18982686736121412,0.2541703452983604,both_wrong
7379,counterfactual,0,0,0.18562244225056546,0.2104627410743654,both_wrong
7380,counterfactual,0,0,0.10230534330205954,0.1421223807857765,both_wrong
7381,counterfactual,0,0,0.22975685991662576,0.24533428528395662,both_wrong
7382,counterfactual,0,1,0.11547697956683653,0.18002372399159502,internvl_only
7383,counterfactual,0,0,0.1376304897414838,0.15699636773313672,both_wrong
7384,counterfactual,0,0,0.10662966618757855,0.1232303508898052,both_wrong
7385,counterfactual,0,0,0.19232783992106117,0.38321452528212585,both_wrong
7386,counterfactual,0,0,0.19117271269787925,0.26342466350249233,both_wrong
7387,counterfactual,0,0,0.13872302594764271,0.23757579910844498,both_wrong
7388,counterfactual,0,0,0.23818998144602685,0.2416499202869883,both_wrong
7389,counterfactual,1,0,0.15329806184729375,0.13844944140521148,qwen_only
7390,counterfactual,0,0,0.07868413627254435,0.09000376025078634,both_wrong
7391,counterfactual,0,0,0.15768565257623465,0.1609195247550962,both_wrong
7392,counterfactual,0,0,0.11132433953183493,0.15651277368611186,both_wrong
7393,counterfactual,0,0,0.1840672346835464,0.21956135480391245,both_wrong
7394,counterfactual,0,0,0.09677242086503128,0.20326966223824952,both_wrong
7395,counterfactual,0,0,0.08103563630760051,0.3144768294952581,both_wrong
7396,counterfactual,0,1,0.06367289418463329,0.18817485474746853,internvl_only
7397,counterfactual,0,0,0.14315564633205494,0.1540720630268546,both_wrong
7398,counterfactual,0,0,0.22081331591457598,0.3431962527156669,both_wrong
7399,counterfactual,0,1,0.17560239008673195,0.3522226584163131,internvl_only
7400,counterfactual,0,0,0.10803653308932758,0.1730469736317598,both_wrong
7401,counterfactual,0,0,0.09017586689208082,0.1878865845834601,both_wrong
7402,counterfactual,0,0,0.11083594029514987,0.16786790641582197,both_wrong
7403,counterfactual,0,0,0.10315806341284499,0.18134407034066882,both_wrong
7404,counterfactual,1,1,0.17571516711177013,0.25332828636810495,both_correct
7405,counterfactual,0,0,0.17561411183535283,0.1735271007113429,both_wrong
7406,counterfactual,0,1,0.2626283462484522,0.6645828957916766,internvl_only
7407,counterfactual,0,0,0.1446945134262976,0.326638858070239,both_wrong
7408,counterfactual,0,0,0.2257782444617095,0.30821288232277994,both_wrong
7409,counterfactual,1,1,0.4119362374360794,0.744729149032198,both_correct
7410,counterfactual,0,0,0.23404666902179252,0.36749443330300513,both_wrong
7411,counterfactual,0,0,0.08455342563335273,0.27389235562826575,both_wrong
7412,counterfactual,0,0,0.08128456481296299,0.18448875619956492,both_wrong
7413,counterfactual,0,1,0.2261864732342454,0.5049102137144109,internvl_only
7414,counterfactual,0,0,0.11059436929345577,0.18065320832990767,both_wrong
7415,counterfactual,0,0,0.18857365615600274,0.21273817083207996,both_wrong
7416,counterfactual,0,0,0.08632783921369357,0.21043349002584485,both_wrong
7417,counterfactual,0,0,0.12774340667298223,0.24002848082801895,both_wrong
7418,counterfactual,0,0,0.13755166564225735,0.15625100222779706,both_wrong
7419,counterfactual,0,1,0.15503024064022095,0.22098618591430796,internvl_only
7420,counterfactual,0,1,0.3589774903821825,0.5425234580278635,internvl_only
7421,counterfactual,1,0,0.08510127566091706,0.1257701438089628,qwen_only
7422,counterfactual,0,0,0.1948516748427163,0.16052583133340229,both_wrong
7423,counterfactual,0,0,0.14859068424531713,0.30731740674949465,both_wrong
7424,counterfactual,0,0,0.18366874515499568,0.37684186616961,both_wrong
7425,counterfactual,0,0,0.10381337055827074,0.20043117158109686,both_wrong
7426,counterfactual,0,0,0.08754897162643697,0.2797423542062528,both_wrong
7427,counterfactual,0,0,0.09181933238749836,0.4925585438421959,both_wrong
7428,counterfactual,1,0,0.16135043720396317,0.37939327429237807,qwen_only
7429,counterfactual,0,1,0.08508210046929063,0.2277166511755737,internvl_only
7430,counterfactual,0,0,0.17522365765583292,0.2860329487823479,both_wrong
7431,counterfactual,0,1,0.140176933147114,0.2749124471343769,internvl_only
7432,counterfactual,1,0,0.08134123209840774,0.27339648971124264,qwen_only
7433,counterfactual,0,0,0.2593045632396815,0.4500948352418736,both_wrong
7434,counterfactual,0,0,0.05551831402869731,0.16294339853297432,both_wrong
7435,counterfactual,0,0,0.14563936613221345,0.1895190394297932,both_wrong
7436,counterfactual,0,0,0.10815421909864993,0.2732871937821096,both_wrong
7437,counterfactual,0,0,0.07680908745838501,0.2068046571191727,both_wrong
7438,counterfactual,0,0,0.15431530162292126,0.2018200744766422,both_wrong
7439,counterfactual,1,0,0.4016630613372441,0.6063570224887413,qwen_only
7440,counterfactual,0,1,0.29151677602406356,0.3196719807186885,internvl_only
7441,counterfactual,0,0,0.09023106980514808,0.19018120523087895,both_wrong
7442,counterfactual,0,1,0.17621760550944915,0.3527509324055035,internvl_only
7443,counterfactual,0,0,0.2125449313395833,0.3635341002911215,both_wrong
7444,counterfactual,1,0,0.1928097679635849,0.31866852232682824,qwen_only
7445,counterfactual,0,1,0.27498298411925426,0.5467753123360961,internvl_only
7446,counterfactual,1,1,0.2630883073155426,0.40920265275426104,both_correct
7447,counterfactual,0,1,0.1827121804799091,0.19974787636016772,internvl_only
7448,counterfactual,0,1,0.21064583828040853,0.1481957382464362,internvl_only
7449,counterfactual,0,0,0.13122780000403447,0.2635062007503484,both_wrong
7450,counterfactual,0,0,0.0990531882973498,0.25849546268918727,both_wrong
7451,counterfactual,0,0,0.09975331629067512,0.2422050682356886,both_wrong
7452,counterfactual,0,0,0.0955118121638559,0.21272162907471226,both_wrong
7453,counterfactual,0,0,0.14982809390100532,0.23003041340474212,both_wrong
7454,counterfactual,0,1,0.11802172098271078,0.29373493686091257,internvl_only
7455,counterfactual,0,0,0.14457062456075123,0.1862870615144486,both_wrong
7456,counterfactual,0,0,0.09276084053135254,0.19428596957603966,both_wrong
7457,counterfactual,0,1,0.15766542019620797,0.36742538051300533,internvl_only
7458,counterfactual,0,1,0.1917524509109716,0.4322418037792103,internvl_only
7459,counterfactual,0,1,0.2824949142040889,0.7473124384402537,internvl_only
7460,counterfactual,1,1,0.2625086523984082,0.7916337712716294,both_correct
7461,counterfactual,0,1,0.16048510766036433,0.30705283640546266,internvl_only
7462,counterfactual,0,0,0.21643392278148327,0.23065455089399658,both_wrong
7463,counterfactual,0,0,0.12492497968310697,0.28584993806291387,both_wrong
7464,counterfactual,0,0,0.19974719154967618,0.23612227335512398,both_wrong
7465,counterfactual,0,0,0.1486204318450756,0.2688481407193146,both_wrong
7466,counterfactual,1,1,0.37394923188447793,0.6386926745367077,both_correct
7467,counterfactual,0,1,0.20364803075158844,0.30227761052570623,internvl_only
7468,counterfactual,0,0,0.1332611731924041,0.19593993338602994,both_wrong
7469,counterfactual,1,0,0.11831216898175005,0.11321795618135232,qwen_only
7470,counterfactual,0,0,0.09745774403844427,0.1190982051750305,both_wrong
7471,counterfactual,0,0,0.09684648449526027,0.18521305104249136,both_wrong
7472,counterfactual,0,1,0.414044342569856,0.5903544065426114,internvl_only
7473,counterfactual,0,0,0.13619340888649034,0.19362338435908819,both_wrong
7474,counterfactual,0,0,0.20553660235653223,0.23576719736747379,both_wrong
7475,counterfactual,0,0,0.1480659964043591,0.21412106905403802,both_wrong
7476,counterfactual,0,0,0.2922694580164617,0.2830315896091109,both_wrong
7477,counterfactual,1,0,0.2351363519502517,0.6544887588658442,qwen_only
7478,counterfactual,0,0,0.1360728956385239,0.2676089540027145,both_wrong
7479,counterfactual,1,1,0.37240625424854507,0.638268843510238,both_correct
7480,counterfactual,0,0,0.0725710726880897,0.1532751797355689,both_wrong
7481,counterfactual,0,0,0.08479764705330438,0.245749197566524,both_wrong
7482,counterfactual,0,0,0.2545095353583152,0.25382098700625444,both_wrong
7483,counterfactual,0,1,0.1450505141555963,0.23326930612517457,internvl_only
7484,counterfactual,0,0,0.10744643317699346,0.1352000304698254,both_wrong
7485,counterfactual,0,0,0.12213420834628752,0.2803223759174971,both_wrong
7486,counterfactual,0,1,0.14960645077318693,0.4220134520230936,internvl_only
7487,counterfactual,0,1,0.2632766242856213,0.78368372242808,internvl_only
7488,counterfactual,0,0,0.2068941159854674,0.34641974538976833,both_wrong
7489,counterfactual,0,0,0.05476395040972208,0.21237300008714796,both_wrong
7490,counterfactual,1,0,0.11062013514832313,0.16652200746188475,qwen_only
7491,counterfactual,0,0,0.14445728831876872,0.16525164893868535,both_wrong
7492,counterfactual,0,1,0.18009941656738918,0.2718645154331536,internvl_only
7493,counterfactual,1,0,0.2281800196770481,0.28751194720123985,qwen_only
7494,counterfactual,0,0,0.381075637114954,0.5604942484881278,both_wrong
7495,counterfactual,0,0,0.2738322372057477,0.39452542820348113,both_wrong
7496,counterfactual,0,1,0.28558721217504185,0.3429541144325695,internvl_only
7497,counterfactual,0,0,0.1784013222762296,0.1908574821273567,both_wrong
7498,counterfactual,0,0,0.15165783060891946,0.24423540440583064,both_wrong
7499,counterfactual,0,1,0.09365432190551609,0.14274276765239416,internvl_only
7500,counterfactual,0,1,0.0759160840596712,0.15999319190216207,internvl_only
7501,counterfactual,1,0,0.10629200510158135,0.2247835925353307,qwen_only
7502,counterfactual,0,0,0.12174080144870249,0.22415866780379587,both_wrong
7503,counterfactual,0,0,0.06355481176532146,0.2293308259820682,both_wrong
7504,counterfactual,0,0,0.13469743794252992,0.3626821162990616,both_wrong
7505,counterfactual,0,0,0.08775850436625963,0.21052172753862966,both_wrong
7506,counterfactual,0,0,0.10564583331090231,0.1778988678628419,both_wrong
7507,counterfactual,0,0,0.07063248708620744,0.15426146891018258,both_wrong
7508,counterfactual,0,0,0.1802664676288137,0.15055456582283347,both_wrong
7509,counterfactual,0,0,0.1361089459389402,0.19346237879929798,both_wrong
7510,counterfactual,0,1,0.3882620691475103,0.6983752824450982,internvl_only
7511,counterfactual,0,1,0.2520442112981305,0.5599838500612809,internvl_only
7512,counterfactual,0,0,0.22311640532906923,0.42326962154870346,both_wrong
7513,counterfactual,0,0,0.12785400406331063,0.15109906755717356,both_wrong
7514,counterfactual,0,0,0.055705498738775894,0.10597796153872907,both_wrong
7515,counterfactual,0,0,0.25402921942210194,0.33731477472991844,both_wrong
7516,counterfactual,1,1,0.34051766938760436,0.4455093288421303,both_correct
7517,counterfactual,0,0,0.3512699471822706,0.5775911020038906,both_wrong
7518,counterfactual,0,0,0.26714463480392114,0.2692953960274118,both_wrong
7519,counterfactual,0,0,0.25631876023402717,0.6268276632123305,both_wrong
7520,counterfactual,0,0,0.2473989915410242,0.5611054774840052,both_wrong
7521,counterfactual,0,1,0.11647545842323867,0.331478930665676,internvl_only
7522,counterfactual,0,0,0.10919586048925328,0.35518716035193465,both_wrong
7523,counterfactual,0,1,0.19670482792535693,0.7426956513204542,internvl_only
7524,counterfactual,0,1,0.35066269924553806,0.7688141289825052,internvl_only
7525,counterfactual,1,1,0.2001705702430016,0.31119202036098714,both_correct
7526,counterfactual,0,1,0.09106850927645681,0.30700676822008166,internvl_only
7527,counterfactual,0,0,0.20340375501303168,0.23619658755009762,both_wrong
7528,counterfactual,0,0,0.09188675198719777,0.2863764178393405,both_wrong
7529,counterfactual,1,0,0.2606998718118636,0.2675429753283044,qwen_only
7530,counterfactual,0,0,0.35731248207596594,0.43880149239146043,both_wrong
7531,counterfactual,1,0,0.327666387846475,0.3472138499239273,qwen_only
7532,counterfactual,0,0,0.16123439909264395,0.2899117055798664,both_wrong
7533,counterfactual,0,1,0.25905657792178777,0.6055803897934646,internvl_only
7534,counterfactual,0,0,0.1761791863395621,0.23577577728628596,both_wrong
7535,counterfactual,0,0,0.22937892358907108,0.30031335048665175,both_wrong
7536,counterfactual,1,0,0.11575087140313597,0.19953652750668682,qwen_only
7537,counterfactual,0,1,0.15191615799547878,0.3138538959306196,internvl_only
7538,counterfactual,0,0,0.15625155910281674,0.30705656782955426,both_wrong
7539,counterfactual,0,1,0.10103182141882475,0.17387379180740772,internvl_only
7540,counterfactual,0,1,0.0845512049463455,0.21887331376390512,internvl_only
7541,counterfactual,0,0,0.1409408715231818,0.2807841176239442,both_wrong
7542,counterfactual,1,1,0.20179698056878229,0.33873409502377294,both_correct
7543,counterfactual,0,0,0.188208669325354,0.3165930593172945,both_wrong
7544,counterfactual,0,0,0.10970166709298958,0.1411606102718538,both_wrong
7545,counterfactual,0,0,0.06993098315596123,0.15262617681081753,both_wrong
7546,counterfactual,0,0,0.11058706794612602,0.2922174255435242,both_wrong
7547,counterfactual,0,1,0.07834338748709499,0.2220300763774161,internvl_only
7548,counterfactual,0,1,0.10998545123188237,0.298658226284234,internvl_only
7549,counterfactual,0,0,0.08275930245304526,0.2659037938820438,both_wrong
7550,counterfactual,0,0,0.13316435037650845,0.21129284513884153,both_wrong
7551,counterfactual,0,1,0.1267435075480259,0.37676771704348,internvl_only
7552,counterfactual,0,0,0.08196419518950401,0.1315776254754277,both_wrong
7553,counterfactual,0,0,0.11606212936717607,0.20823228753710277,both_wrong
7554,counterfactual,0,0,0.25752434042311995,0.21827023959727174,both_wrong
7555,counterfactual,0,1,0.1456413495787985,0.29147510461091525,internvl_only
7556,counterfactual,0,0,0.2878178692565352,0.418481812732695,both_wrong
7557,counterfactual,0,0,0.17699468218439515,0.35586327594746286,both_wrong
7558,counterfactual,1,0,0.2702492113501281,0.46492940230797625,qwen_only
7559,counterfactual,0,0,0.18454073327937848,0.24191134015361374,both_wrong
7560,counterfactual,0,1,0.11161661965962988,0.18236623352902856,internvl_only
7561,counterfactual,1,1,0.2829337403557597,0.2725802056876518,both_correct
7562,counterfactual,1,0,0.12751078701880555,0.19943029546698735,qwen_only
7563,counterfactual,0,0,0.1383696131712198,0.235765957733023,both_wrong
7564,counterfactual,0,0,0.07011260357781855,0.3606750152240868,both_wrong
7565,counterfactual,0,0,0.1266724204335669,0.17846796443443488,both_wrong
7566,counterfactual,1,0,0.18044559486356998,0.20702410896288143,qwen_only
7567,counterfactual,0,0,0.08324991222198837,0.35810186821815965,both_wrong
7568,counterfactual,0,0,0.11986138629873674,0.2773728451439647,both_wrong
7569,counterfactual,0,0,0.2032435469185813,0.3544642850877811,both_wrong
7570,counterfactual,1,1,0.18281541104014878,0.37847167224033207,both_correct
7571,counterfactual,0,0,0.23666999391479224,0.45297262251729403,both_wrong
7572,counterfactual,0,0,0.1529663976556735,0.11613150189216173,both_wrong
7573,counterfactual,0,1,0.13113437058517646,0.13085270120025455,internvl_only
7574,counterfactual,0,0,0.0883884824276763,0.2252252372181454,both_wrong
7575,counterfactual,0,0,0.06675639855463363,0.3441825863162965,both_wrong
7576,counterfactual,0,0,0.3325375901835337,0.2870357693675201,both_wrong
7577,counterfactual,0,1,0.35348446595618926,0.6728266205931568,internvl_only
7578,counterfactual,1,1,0.23436904606863754,0.7069192336381505,both_correct
7579,counterfactual,0,0,0.13552818942332998,0.5362414958579805,both_wrong
7580,counterfactual,0,0,0.15057296654406074,0.16814525486812693,both_wrong
7581,counterfactual,0,0,0.1537059066167113,0.14714571322572106,both_wrong
7582,counterfactual,0,0,0.09608595261091185,0.316509442863006,both_wrong
7583,counterfactual,0,0,0.15068944418057084,0.22473040125346305,both_wrong
7584,counterfactual,1,1,0.1597945440388757,0.263685433379303,both_correct
7585,counterfactual,0,0,0.16060869116244764,0.18657856256945554,both_wrong
7586,counterfactual,0,0,0.15762892046505567,0.1642742496230953,both_wrong
7587,counterfactual,0,0,0.11271105578939324,0.16522006227322109,both_wrong
7588,counterfactual,1,1,0.12024453445524122,0.23004587807074478,both_correct
7589,counterfactual,0,0,0.19294801977247775,0.21137777990734793,both_wrong
7590,counterfactual,0,0,0.18635110242766295,0.18742218497754795,both_wrong
7591,counterfactual,0,0,0.1189812135561171,0.3280173077874545,both_wrong
7592,counterfactual,1,1,0.27355121358676987,0.5589067131354777,both_correct
7593,counterfactual,0,0,0.32205043494453406,0.660513553010919,both_wrong
7594,counterfactual,0,1,0.10018998110277574,0.2351043892479568,internvl_only
7595,counterfactual,0,0,0.14774874449379066,0.12529760793564723,both_wrong
7596,counterfactual,1,0,0.3624962834956718,0.39278176457509967,qwen_only
7597,counterfactual,1,0,0.3313656536039473,0.3418842639087507,qwen_only
7598,counterfactual,0,0,0.03629472576290625,0.12274820782497256,both_wrong
7599,counterfactual,0,1,0.07893890988935448,0.1789322673974462,internvl_only
7600,counterfactual,0,0,0.2370197194913673,0.33963341982523343,both_wrong
7601,counterfactual,0,1,0.16089424574025954,0.19059942917225436,internvl_only
7602,counterfactual,0,0,0.12735049249645844,0.13889558048011877,both_wrong
7603,counterfactual,0,0,0.18068034821441964,0.13756222504268142,both_wrong
7604,counterfactual,0,1,0.1662062896666967,0.36683186504130094,internvl_only
7605,counterfactual,0,1,0.1995907226910366,0.2747491082697959,internvl_only
7606,counterfactual,0,0,0.2250236277304449,0.2708662223404267,both_wrong
7607,counterfactual,0,0,0.33555927909730243,0.5153344511614419,both_wrong
7608,counterfactual,0,0,0.16851264214058323,0.12452486010737131,both_wrong
7609,counterfactual,0,1,0.1357430688556826,0.3142449668935189,internvl_only
7610,counterfactual,0,0,0.21843736000187552,0.13162281956093208,both_wrong
7611,counterfactual,0,0,0.12420431331739923,0.1076551018747155,both_wrong
7612,counterfactual,0,0,0.22382903013102182,0.31674378605834513,both_wrong
7613,counterfactual,1,1,0.13140818931543544,0.17180064871472767,both_correct
7614,counterfactual,0,0,0.05677042698686028,0.1622183552275005,both_wrong
7615,counterfactual,0,0,0.1447158730992018,0.3014336259342651,both_wrong
7616,counterfactual,0,0,0.1961938925475785,0.20931068915103512,both_wrong
7617,counterfactual,0,0,0.1387244320919181,0.1985138158739785,both_wrong
7618,counterfactual,1,1,0.5095394528716488,0.6851386487663248,both_correct
7619,counterfactual,0,0,0.2189418712835234,0.3893379277856555,both_wrong
7620,counterfactual,0,1,0.3002862290769935,0.6116218488004566,internvl_only
7621,counterfactual,0,0,0.2264222060973351,0.2546417425525131,both_wrong
7622,counterfactual,0,0,0.1363163178911283,0.22608722105724527,both_wrong
7623,counterfactual,1,1,0.11391568560297628,0.31212411226344655,both_correct
7624,counterfactual,0,0,0.09367628017086536,0.14932406038774873,both_wrong
7625,counterfactual,0,1,0.2028737647859261,0.31260316945134436,internvl_only
7626,counterfactual,0,0,0.10129409915670272,0.23148667620479435,both_wrong
7627,counterfactual,0,0,0.17346444694593202,0.235099645711532,both_wrong
7628,counterfactual,0,1,0.0674081062897129,0.25399344589467115,internvl_only
7629,counterfactual,0,0,0.19590115210575168,0.3057663790159906,both_wrong
7630,counterfactual,1,1,0.25814906972260104,0.6119053552614198,both_correct
7631,counterfactual,0,0,0.11333582516240284,0.20026074718561282,both_wrong
7632,counterfactual,0,0,0.08333540123253588,0.2903170123008866,both_wrong
7633,counterfactual,0,1,0.11440506681194094,0.09958516708055522,internvl_only
7634,counterfactual,0,0,0.17869863728360416,0.28863531769211226,both_wrong
7635,counterfactual,0,0,0.14287092840499174,0.25298015788412487,both_wrong
7636,counterfactual,1,1,0.3616509723487038,0.4626099676872369,both_correct
7637,counterfactual,0,0,0.08452843536721935,0.17759949053438467,both_wrong
7638,counterfactual,0,0,0.09507355187365146,0.16220728770021797,both_wrong
7639,counterfactual,0,0,0.16039614885332204,0.17752297924089705,both_wrong
7640,counterfactual,0,0,0.23658150429798053,0.31343691657315353,both_wrong
7641,counterfactual,0,0,0.16983974754064668,0.237472186852289,both_wrong
7642,counterfactual,0,0,0.06134291296217045,0.23593836610332383,both_wrong
7643,counterfactual,0,1,0.07592170737477645,0.33398465690179635,internvl_only
7644,counterfactual,0,0,0.0677601631333014,0.22740466536259055,both_wrong
7645,counterfactual,0,0,0.1681889460040105,0.23618316794801034,both_wrong
7646,counterfactual,0,0,0.12048998038791367,0.1601858761993806,both_wrong
