category,qid,name,question,answer,model_output_norm,correct
Collide,0,pilot_it2_collision_assorted_targets_box_0000,Will the red torus touch the yellow mat?,no,no,1
Collide,1,pilot_it2_collision_assorted_targets_box_0001,Will the red pyramid touch the yellow mat?,no,no,1
Collide,2,pilot_it2_collision_assorted_targets_box_0002,Will the red triangular prism touch the yellow mat?,yes,yes,1
Collide,3,pilot_it2_collision_assorted_targets_box_0003,Will the red cone touch the yellow mat?,no,no,1
Collide,4,pilot_it2_collision_assorted_targets_box_0004,Will the red cone touch the yellow mat?,no,no,1
Collide,5,pilot_it2_collision_assorted_targets_box_0005,Will the red cone touch the yellow mat?,yes,no,0
Collide,6,pilot_it2_collision_assorted_targets_box_0006,Will the red triangular prism touch the yellow mat?,yes,yes,1
Collide,7,pilot_it2_collision_assorted_targets_box_0007,Will the red pyramid touch the yellow mat?,yes,no,0
Collide,8,pilot_it2_collision_assorted_targets_box_0008,Will the red pyramid touch the yellow mat?,no,no,1
Collide,9,pilot_it2_collision_assorted_targets_box_0009,Will the red pyramid touch the yellow mat?,no,no,1
Collide,10,pilot_it2_collision_assorted_targets_box_0010,Will the red torus touch the yellow mat?,yes,yes,1
Collide,11,pilot_it2_collision_assorted_targets_box_0011,Will the red triangular prism touch the yellow mat?,yes,yes,1
Collide,12,pilot_it2_collision_assorted_targets_box_0012,Will the red pyramid touch the yellow mat?,yes,yes,1
Collide,13,pilot_it2_collision_assorted_targets_box_0013,Will the red dumbbell touch the yellow mat?,yes,yes,1
Collide,14,pilot_it2_collision_assorted_targets_box_0014,Will the red torus touch the yellow mat?,no,no,1
Collide,15,pilot_it2_collision_assorted_targets_box_0015,Will the red torus touch the yellow mat?,no,yes,0
Collide,16,pilot_it2_collision_assorted_targets_box_0016,Will the red torus touch the yellow mat?,no,no,1
Collide,17,pilot_it2_collision_assorted_targets_box_0017,Will the red triangular prism touch the yellow mat?,no,no,1
Collide,18,pilot_it2_collision_assorted_targets_box_0018,Will the red cone touch the yellow mat?,no,yes,0
Collide,19,pilot_it2_collision_assorted_targets_box_0019,Will the red cone touch the yellow mat?,no,no,1
Collide,20,pilot_it2_collision_assorted_targets_box_0020,Will the red torus touch the yellow mat?,yes,yes,1
Collide,21,pilot_it2_collision_assorted_targets_box_0021,Will the red pyramid touch the yellow mat?,yes,no,0
Collide,22,pilot_it2_collision_assorted_targets_box_0022,Will the red torus touch the yellow mat?,no,no,1
Collide,23,pilot_it2_collision_assorted_targets_box_0023,Will the red dumbbell touch the yellow mat?,yes,yes,1
Collide,24,pilot_it2_collision_assorted_targets_box_0024,Will the red torus touch the yellow mat?,yes,no,0
Collide,25,pilot_it2_collision_assorted_targets_box_0025,Will the red torus touch the yellow mat?,yes,yes,1
Collide,26,pilot_it2_collision_assorted_targets_box_0026,Will the red pyramid touch the yellow mat?,no,no,1
Collide,27,pilot_it2_collision_assorted_targets_box_0027,Will the red torus touch the yellow mat?,yes,yes,1
Collide,28,pilot_it2_collision_assorted_targets_box_0028,Will the red pyramid touch the yellow mat?,no,yes,0
Collide,29,pilot_it2_collision_assorted_targets_box_0029,Will the red torus touch the yellow mat?,no,no,1
Collide,30,pilot_it2_collision_assorted_targets_box_0030,Will the red pyramid touch the yellow mat?,no,no,1
Collide,31,pilot_it2_collision_assorted_targets_box_0031,Will the red torus touch the yellow mat?,yes,yes,1
Collide,32,pilot_it2_collision_assorted_targets_box_0032,Will the red pyramid touch the yellow mat?,yes,yes,1
Collide,33,pilot_it2_collision_assorted_targets_box_0033,Will the red pyramid touch the yellow mat?,yes,yes,1
Collide,34,pilot_it2_collision_assorted_targets_box_0034,Will the red dumbbell touch the yellow mat?,yes,no,0
Collide,35,pilot_it2_collision_assorted_targets_box_0035,Will the red torus touch the yellow mat?,no,no,1
Collide,36,pilot_it2_collision_assorted_targets_box_0036,Will the red dumbbell touch the yellow mat?,yes,yes,1
Collide,37,pilot_it2_collision_assorted_targets_box_0037,Will the red cone touch the yellow mat?,no,no,1
Collide,38,pilot_it2_collision_assorted_targets_box_0038,Will the red pyramid touch the yellow mat?,no,no,1
Collide,39,pilot_it2_collision_assorted_targets_box_0039,Will the red cone touch the yellow mat?,no,no,1
Collide,40,pilot_it2_collision_assorted_targets_box_0040,Will the red cone touch the yellow mat?,yes,yes,1
Collide,41,pilot_it2_collision_assorted_targets_box_0041,Will the red cone touch the yellow mat?,no,yes,0
Collide,42,pilot_it2_collision_assorted_targets_box_1_dis_1_occ_0000,Will the red torus touch the yellow mat?,no,yes,0
Collide,43,pilot_it2_collision_assorted_targets_box_1_dis_1_occ_0001,Will the red pyramid touch the yellow mat?,no,yes,0
Collide,44,pilot_it2_collision_assorted_targets_box_1_dis_1_occ_0002,Will the red triangular prism touch the yellow mat?,yes,yes,1
Collide,45,pilot_it2_collision_assorted_targets_box_1_dis_1_occ_0003,Will the red cone touch the yellow mat?,no,no,1
Collide,46,pilot_it2_collision_assorted_targets_box_1_dis_1_occ_0004,Will the red cone touch the yellow mat?,no,no,1
Collide,47,pilot_it2_collision_assorted_targets_box_1_dis_1_occ_0005,Will the red cone touch the yellow mat?,yes,no,0
Collide,48,pilot_it2_collision_assorted_targets_box_1_dis_1_occ_0006,Will the red triangular prism touch the yellow mat?,yes,yes,1
Collide,49,pilot_it2_collision_assorted_targets_box_1_dis_1_occ_0007,Will the red pyramid touch the yellow mat?,yes,yes,1
Collide,50,pilot_it2_collision_assorted_targets_box_1_dis_1_occ_0008,Will the red pyramid touch the yellow mat?,no,no,1
Collide,51,pilot_it2_collision_assorted_targets_box_1_dis_1_occ_0009,Will the red pyramid touch the yellow mat?,no,no,1
Collide,52,pilot_it2_collision_assorted_targets_box_1_dis_1_occ_0010,Will the red torus touch the yellow mat?,yes,yes,1
Collide,53,pilot_it2_collision_assorted_targets_box_1_dis_1_occ_0011,Will the red triangular prism touch the yellow mat?,yes,yes,1
Collide,54,pilot_it2_collision_assorted_targets_box_1_dis_1_occ_0012,Will the red pyramid touch the yellow mat?,yes,yes,1
Collide,55,pilot_it2_collision_assorted_targets_box_1_dis_1_occ_0013,Will the red dumbbell touch the yellow mat?,yes,yes,1
Collide,56,pilot_it2_collision_assorted_targets_box_1_dis_1_occ_0014,Will the red torus touch the yellow mat?,no,no,1
Collide,57,pilot_it2_collision_assorted_targets_box_1_dis_1_occ_0015,Will the red torus touch the yellow mat?,no,yes,0
Collide,58,pilot_it2_collision_assorted_targets_box_1_dis_1_occ_0016,Will the red torus touch the yellow mat?,no,yes,0
Collide,59,pilot_it2_collision_assorted_targets_box_1_dis_1_occ_0017,Will the red triangular prism touch the yellow mat?,no,no,1
Collide,60,pilot_it2_collision_assorted_targets_box_1_dis_1_occ_0018,Will the red cone touch the yellow mat?,no,yes,0
Collide,61,pilot_it2_collision_assorted_targets_box_1_dis_1_occ_0019,Will the red cone touch the yellow mat?,no,no,1
Collide,62,pilot_it2_collision_assorted_targets_box_1_dis_1_occ_0020,Will the red torus touch the yellow mat?,yes,yes,1
Collide,63,pilot_it2_collision_assorted_targets_box_1_dis_1_occ_0021,Will the red pyramid touch the yellow mat?,yes,no,0
Collide,64,pilot_it2_collision_assorted_targets_box_1_dis_1_occ_0022,Will the red torus touch the yellow mat?,no,no,1
Collide,65,pilot_it2_collision_assorted_targets_box_1_dis_1_occ_0023,Will the red dumbbell touch the yellow mat?,yes,yes,1
Collide,66,pilot_it2_collision_assorted_targets_box_1_dis_1_occ_0024,Will the red torus touch the yellow mat?,yes,no,0
Collide,67,pilot_it2_collision_assorted_targets_box_1_dis_1_occ_0025,Will the red torus touch the yellow mat?,yes,yes,1
Collide,68,pilot_it2_collision_assorted_targets_box_1_dis_1_occ_0026,Will the red pyramid touch the yellow mat?,no,no,1
Collide,69,pilot_it2_collision_assorted_targets_box_1_dis_1_occ_0027,Will the red torus touch the yellow mat?,yes,yes,1
Collide,70,pilot_it2_collision_assorted_targets_box_1_dis_1_occ_0028,Will the red pyramid touch the yellow mat?,no,yes,0
Collide,71,pilot_it2_collision_assorted_targets_box_1_dis_1_occ_0029,Will the red torus touch the yellow mat?,no,yes,0
Collide,72,pilot_it2_collision_assorted_targets_box_1_dis_1_occ_0030,Will the red pyramid touch the yellow mat?,no,no,1
Collide,73,pilot_it2_collision_assorted_targets_box_1_dis_1_occ_0031,Will the red torus touch the yellow mat?,yes,yes,1
Collide,74,pilot_it2_collision_assorted_targets_box_1_dis_1_occ_0032,Will the red pyramid touch the yellow mat?,yes,no,0
Collide,75,pilot_it2_collision_assorted_targets_box_1_dis_1_occ_0033,Will the red pyramid touch the yellow mat?,yes,no,0
Collide,76,pilot_it2_collision_assorted_targets_box_1_dis_1_occ_0034,Will the red dumbbell touch the yellow mat?,yes,yes,1
Collide,77,pilot_it2_collision_assorted_targets_box_1_dis_1_occ_0035,Will the red torus touch the yellow mat?,no,yes,0
Collide,78,pilot_it2_collision_assorted_targets_box_1_dis_1_occ_0036,Will the red dumbbell touch the yellow mat?,yes,no,0
Collide,79,pilot_it2_collision_assorted_targets_box_1_dis_1_occ_0037,Will the red cone touch the yellow mat?,no,yes,0
Collide,80,pilot_it2_collision_assorted_targets_box_1_dis_1_occ_0038,Will the red pyramid touch the yellow mat?,no,no,1
Collide,81,pilot_it2_collision_assorted_targets_box_1_dis_1_occ_0039,Will the red cone touch the yellow mat?,no,no,1
Collide,82,pilot_it2_collision_assorted_targets_box_1_dis_1_occ_0040,Will the red cone touch the yellow mat?,yes,yes,1
Collide,83,pilot_it2_collision_assorted_targets_box_1_dis_1_occ_0041,Will the red cone touch the yellow mat?,no,no,1
Collide,84,pilot_it2_collision_assorted_targets_box_2_dis_2_occ_0000,Will the red torus touch the yellow mat?,no,no,1
Collide,85,pilot_it2_collision_assorted_targets_box_2_dis_2_occ_0001,Will the red pyramid touch the yellow mat?,no,no,1
Collide,86,pilot_it2_collision_assorted_targets_box_2_dis_2_occ_0002,Will the red triangular prism touch the yellow mat?,yes,yes,1
Collide,87,pilot_it2_collision_assorted_targets_box_2_dis_2_occ_0003,Will the red cone touch the yellow mat?,no,no,1
Collide,88,pilot_it2_collision_assorted_targets_box_2_dis_2_occ_0004,Will the red cone touch the yellow mat?,no,no,1
Collide,89,pilot_it2_collision_assorted_targets_box_2_dis_2_occ_0005,Will the red cone touch the yellow mat?,yes,no,0
Collide,90,pilot_it2_collision_assorted_targets_box_2_dis_2_occ_0006,Will the red triangular prism touch the yellow mat?,yes,yes,1
Collide,91,pilot_it2_collision_assorted_targets_box_2_dis_2_occ_0007,Will the red pyramid touch the yellow mat?,yes,no,0
Collide,92,pilot_it2_collision_assorted_targets_box_2_dis_2_occ_0008,Will the red pyramid touch the yellow mat?,no,yes,0
Collide,93,pilot_it2_collision_assorted_targets_box_2_dis_2_occ_0009,Will the red pyramid touch the yellow mat?,no,yes,0
Collide,94,pilot_it2_collision_assorted_targets_box_2_dis_2_occ_0010,Will the red torus touch the yellow mat?,yes,yes,1
Collide,95,pilot_it2_collision_assorted_targets_box_2_dis_2_occ_0011,Will the red triangular prism touch the yellow mat?,yes,yes,1
Collide,96,pilot_it2_collision_assorted_targets_box_2_dis_2_occ_0012,Will the red pyramid touch the yellow mat?,yes,yes,1
Collide,97,pilot_it2_collision_assorted_targets_box_2_dis_2_occ_0013,Will the red dumbbell touch the yellow mat?,yes,yes,1
Collide,98,pilot_it2_collision_assorted_targets_box_2_dis_2_occ_0014,Will the red torus touch the yellow mat?,no,no,1
Collide,99,pilot_it2_collision_assorted_targets_box_2_dis_2_occ_0015,Will the red torus touch the yellow mat?,no,no,1
Collide,100,pilot_it2_collision_assorted_targets_box_2_dis_2_occ_0016,Will the red torus touch the yellow mat?,no,no,1
Collide,101,pilot_it2_collision_assorted_targets_box_2_dis_2_occ_0017,Will the red triangular prism touch the yellow mat?,no,no,1
Collide,102,pilot_it2_collision_assorted_targets_box_2_dis_2_occ_0018,Will the red cone touch the yellow mat?,no,no,1
Collide,103,pilot_it2_collision_assorted_targets_box_2_dis_2_occ_0019,Will the red cone touch the yellow mat?,no,yes,0
Collide,104,pilot_it2_collision_assorted_targets_box_2_dis_2_occ_0020,Will the red torus touch the yellow mat?,yes,yes,1
Collide,105,pilot_it2_collision_assorted_targets_box_2_dis_2_occ_0021,Will the red pyramid touch the yellow mat?,yes,no,0
Collide,106,pilot_it2_collision_assorted_targets_box_2_dis_2_occ_0022,Will the red torus touch the yellow mat?,no,yes,0
Collide,107,pilot_it2_collision_assorted_targets_box_2_dis_2_occ_0023,Will the red dumbbell touch the yellow mat?,yes,no,0
Collide,108,pilot_it2_collision_assorted_targets_box_2_dis_2_occ_0024,Will the red torus touch the yellow mat?,yes,no,0
Collide,109,pilot_it2_collision_assorted_targets_box_2_dis_2_occ_0025,Will the red torus touch the yellow mat?,yes,yes,1
Collide,110,pilot_it2_collision_assorted_targets_box_2_dis_2_occ_0026,Will the red pyramid touch the yellow mat?,no,no,1
Collide,111,pilot_it2_collision_assorted_targets_box_2_dis_2_occ_0027,Will the red torus touch the yellow mat?,yes,yes,1
Collide,112,pilot_it2_collision_assorted_targets_box_2_dis_2_occ_0028,Will the red pyramid touch the yellow mat?,no,no,1
Collide,113,pilot_it2_collision_assorted_targets_box_2_dis_2_occ_0029,Will the red torus touch the yellow mat?,yes,yes,1
Collide,114,pilot_it2_collision_assorted_targets_box_2_dis_2_occ_0030,Will the red pyramid touch the yellow mat?,no,no,1
Collide,115,pilot_it2_collision_assorted_targets_box_2_dis_2_occ_0031,Will the red torus touch the yellow mat?,yes,yes,1
Collide,116,pilot_it2_collision_assorted_targets_box_2_dis_2_occ_0032,Will the red pyramid touch the yellow mat?,yes,yes,1
Collide,117,pilot_it2_collision_assorted_targets_box_2_dis_2_occ_0033,Will the red pyramid touch the yellow mat?,yes,no,0
Collide,118,pilot_it2_collision_assorted_targets_box_2_dis_2_occ_0034,Will the red dumbbell touch the yellow mat?,yes,yes,1
Collide,119,pilot_it2_collision_assorted_targets_box_2_dis_2_occ_0035,Will the red torus touch the yellow mat?,no,yes,0
Collide,120,pilot_it2_collision_assorted_targets_box_2_dis_2_occ_0036,Will the red dumbbell touch the yellow mat?,yes,yes,1
Collide,121,pilot_it2_collision_assorted_targets_box_2_dis_2_occ_0037,Will the red cone touch the yellow mat?,no,no,1
Collide,122,pilot_it2_collision_assorted_targets_box_2_dis_2_occ_0038,Will the red pyramid touch the yellow mat?,no,no,1
Collide,123,pilot_it2_collision_assorted_targets_box_2_dis_2_occ_0039,Will the red cone touch the yellow mat?,no,no,1
Collide,124,pilot_it2_collision_assorted_targets_box_2_dis_2_occ_0040,Will the red cone touch the yellow mat?,yes,yes,1
Collide,125,pilot_it2_collision_assorted_targets_box_2_dis_2_occ_0041,Will the red cone touch the yellow mat?,no,yes,0
Collide,126,pilot_it2_collision_assorted_targets_tdw_1_dis_1_occ_0000,Will the red torus touch the yellow mat?,no,yes,0
Collide,127,pilot_it2_collision_assorted_targets_tdw_1_dis_1_occ_0001,Will the red pyramid touch the yellow mat?,no,no,1
Collide,128,pilot_it2_collision_assorted_targets_tdw_1_dis_1_occ_0002,Will the red triangular prism touch the yellow mat?,yes,yes,1
Collide,129,pilot_it2_collision_assorted_targets_tdw_1_dis_1_occ_0003,Will the red cone touch the yellow mat?,no,no,1
Collide,130,pilot_it2_collision_assorted_targets_tdw_1_dis_1_occ_0004,Will the red cone touch the yellow mat?,no,no,1
Collide,131,pilot_it2_collision_assorted_targets_tdw_1_dis_1_occ_0005,Will the red cone touch the yellow mat?,yes,no,0
Collide,132,pilot_it2_collision_assorted_targets_tdw_1_dis_1_occ_0006,Will the red triangular prism touch the yellow mat?,yes,yes,1
Collide,133,pilot_it2_collision_assorted_targets_tdw_1_dis_1_occ_0007,Will the red pyramid touch the yellow mat?,no,no,1
Collide,134,pilot_it2_collision_assorted_targets_tdw_1_dis_1_occ_0008,Will the red pyramid touch the yellow mat?,no,no,1
Collide,135,pilot_it2_collision_assorted_targets_tdw_1_dis_1_occ_0009,Will the red pyramid touch the yellow mat?,no,no,1
Collide,136,pilot_it2_collision_assorted_targets_tdw_1_dis_1_occ_0010,Will the red torus touch the yellow mat?,yes,yes,1
Collide,137,pilot_it2_collision_assorted_targets_tdw_1_dis_1_occ_0011,Will the red triangular prism touch the yellow mat?,yes,yes,1
Collide,138,pilot_it2_collision_assorted_targets_tdw_1_dis_1_occ_0012,Will the red pyramid touch the yellow mat?,yes,no,0
Collide,139,pilot_it2_collision_assorted_targets_tdw_1_dis_1_occ_0013,Will the red dumbbell touch the yellow mat?,yes,yes,1
Collide,140,pilot_it2_collision_assorted_targets_tdw_1_dis_1_occ_0014,Will the red torus touch the yellow mat?,no,yes,0
Collide,141,pilot_it2_collision_assorted_targets_tdw_1_dis_1_occ_0015,Will the red torus touch the yellow mat?,no,yes,0
Collide,142,pilot_it2_collision_assorted_targets_tdw_1_dis_1_occ_0016,Will the red torus touch the yellow mat?,no,yes,0
Collide,143,pilot_it2_collision_assorted_targets_tdw_1_dis_1_occ_0017,Will the red triangular prism touch the yellow mat?,no,yes,0
Collide,144,pilot_it2_collision_assorted_targets_tdw_1_dis_1_occ_0018,Will the red cone touch the yellow mat?,no,yes,0
Collide,145,pilot_it2_collision_assorted_targets_tdw_1_dis_1_occ_0019,Will the red cone touch the yellow mat?,no,no,1
Collide,146,pilot_it2_collision_assorted_targets_tdw_1_dis_1_occ_0020,Will the red torus touch the yellow mat?,yes,yes,1
Collide,147,pilot_it2_collision_assorted_targets_tdw_1_dis_1_occ_0021,Will the red pyramid touch the yellow mat?,yes,no,0
Collide,148,pilot_it2_collision_assorted_targets_tdw_1_dis_1_occ_0022,Will the red torus touch the yellow mat?,no,no,1
Collide,149,pilot_it2_collision_assorted_targets_tdw_1_dis_1_occ_0023,Will the red dumbbell touch the yellow mat?,yes,no,0
Collide,150,pilot_it2_collision_assorted_targets_tdw_1_dis_1_occ_0024,Will the red torus touch the yellow mat?,yes,no,0
Collide,151,pilot_it2_collision_assorted_targets_tdw_1_dis_1_occ_0025,Will the red torus touch the yellow mat?,yes,yes,1
Collide,152,pilot_it2_collision_assorted_targets_tdw_1_dis_1_occ_0026,Will the red pyramid touch the yellow mat?,no,no,1
Collide,153,pilot_it2_collision_assorted_targets_tdw_1_dis_1_occ_0027,Will the red torus touch the yellow mat?,yes,yes,1
Collide,154,pilot_it2_collision_assorted_targets_tdw_1_dis_1_occ_0028,Will the red pyramid touch the yellow mat?,no,yes,0
Collide,155,pilot_it2_collision_assorted_targets_tdw_1_dis_1_occ_0029,Will the red torus touch the yellow mat?,yes,yes,1
Collide,156,pilot_it2_collision_assorted_targets_tdw_1_dis_1_occ_0030,Will the red pyramid touch the yellow mat?,no,no,1
Collide,157,pilot_it2_collision_assorted_targets_tdw_1_dis_1_occ_0031,Will the red torus touch the yellow mat?,no,yes,0
Collide,158,pilot_it2_collision_assorted_targets_tdw_1_dis_1_occ_0032,Will the red pyramid touch the yellow mat?,yes,no,0
Collide,159,pilot_it2_collision_assorted_targets_tdw_1_dis_1_occ_0033,Will the red pyramid touch the yellow mat?,no,no,1
Collide,160,pilot_it2_collision_assorted_targets_tdw_1_dis_1_occ_0034,Will the red dumbbell touch the yellow mat?,yes,yes,1
Collide,161,pilot_it2_collision_assorted_targets_tdw_1_dis_1_occ_0035,Will the red torus touch the yellow mat?,no,no,1
Collide,162,pilot_it2_collision_assorted_targets_tdw_1_dis_1_occ_0036,Will the red dumbbell touch the yellow mat?,yes,yes,1
Collide,163,pilot_it2_collision_assorted_targets_tdw_1_dis_1_occ_0037,Will the red cone touch the yellow mat?,no,yes,0
Collide,164,pilot_it2_collision_assorted_targets_tdw_1_dis_1_occ_0038,Will the red pyramid touch the yellow mat?,no,no,1
Collide,165,pilot_it2_collision_assorted_targets_tdw_1_dis_1_occ_0039,Will the red cone touch the yellow mat?,no,no,1
Collide,166,pilot_it2_collision_assorted_targets_tdw_1_dis_1_occ_0040,Will the red cone touch the yellow mat?,yes,yes,1
Collide,167,pilot_it2_collision_assorted_targets_tdw_1_dis_1_occ_0041,Will the red cone touch the yellow mat?,no,no,1
Collide,168,pilot_it2_collision_assorted_targets_tdw_2_dis_2_occ_0000,Will the red torus touch the yellow mat?,no,no,1
Collide,169,pilot_it2_collision_assorted_targets_tdw_2_dis_2_occ_0001,Will the red pyramid touch the yellow mat?,no,no,1
Collide,170,pilot_it2_collision_assorted_targets_tdw_2_dis_2_occ_0002,Will the red triangular prism touch the yellow mat?,yes,yes,1
Collide,171,pilot_it2_collision_assorted_targets_tdw_2_dis_2_occ_0003,Will the red cone touch the yellow mat?,no,no,1
Collide,172,pilot_it2_collision_assorted_targets_tdw_2_dis_2_occ_0004,Will the red cone touch the yellow mat?,no,no,1
Collide,173,pilot_it2_collision_assorted_targets_tdw_2_dis_2_occ_0005,Will the red cone touch the yellow mat?,yes,no,0
Collide,174,pilot_it2_collision_assorted_targets_tdw_2_dis_2_occ_0006,Will the red triangular prism touch the yellow mat?,yes,yes,1
Collide,175,pilot_it2_collision_assorted_targets_tdw_2_dis_2_occ_0007,Will the red pyramid touch the yellow mat?,no,yes,0
Collide,176,pilot_it2_collision_assorted_targets_tdw_2_dis_2_occ_0008,Will the red pyramid touch the yellow mat?,no,no,1
Collide,177,pilot_it2_collision_assorted_targets_tdw_2_dis_2_occ_0009,Will the red pyramid touch the yellow mat?,no,no,1
Collide,178,pilot_it2_collision_assorted_targets_tdw_2_dis_2_occ_0010,Will the red torus touch the yellow mat?,yes,yes,1
Collide,179,pilot_it2_collision_assorted_targets_tdw_2_dis_2_occ_0011,Will the red triangular prism touch the yellow mat?,yes,yes,1
Collide,180,pilot_it2_collision_assorted_targets_tdw_2_dis_2_occ_0012,Will the red pyramid touch the yellow mat?,yes,no,0
Collide,181,pilot_it2_collision_assorted_targets_tdw_2_dis_2_occ_0013,Will the red dumbbell touch the yellow mat?,yes,yes,1
Collide,182,pilot_it2_collision_assorted_targets_tdw_2_dis_2_occ_0014,Will the red torus touch the yellow mat?,no,yes,0
Collide,183,pilot_it2_collision_assorted_targets_tdw_2_dis_2_occ_0015,Will the red torus touch the yellow mat?,no,yes,0
Collide,184,pilot_it2_collision_assorted_targets_tdw_2_dis_2_occ_0016,Will the red torus touch the yellow mat?,no,no,1
Collide,185,pilot_it2_collision_assorted_targets_tdw_2_dis_2_occ_0017,Will the red triangular prism touch the yellow mat?,no,yes,0
Collide,186,pilot_it2_collision_assorted_targets_tdw_2_dis_2_occ_0018,Will the red cone touch the yellow mat?,no,yes,0
Collide,187,pilot_it2_collision_assorted_targets_tdw_2_dis_2_occ_0019,Will the red cone touch the yellow mat?,no,no,1
Collide,188,pilot_it2_collision_assorted_targets_tdw_2_dis_2_occ_0020,Will the red torus touch the yellow mat?,yes,yes,1
Collide,189,pilot_it2_collision_assorted_targets_tdw_2_dis_2_occ_0021,Will the red pyramid touch the yellow mat?,yes,no,0
Collide,190,pilot_it2_collision_assorted_targets_tdw_2_dis_2_occ_0022,Will the red torus touch the yellow mat?,no,no,1
Collide,191,pilot_it2_collision_assorted_targets_tdw_2_dis_2_occ_0023,Will the red dumbbell touch the yellow mat?,yes,no,0
Collide,192,pilot_it2_collision_assorted_targets_tdw_2_dis_2_occ_0024,Will the red torus touch the yellow mat?,yes,yes,1
Collide,193,pilot_it2_collision_assorted_targets_tdw_2_dis_2_occ_0025,Will the red torus touch the yellow mat?,yes,yes,1
Collide,194,pilot_it2_collision_assorted_targets_tdw_2_dis_2_occ_0026,Will the red pyramid touch the yellow mat?,no,no,1
Collide,195,pilot_it2_collision_assorted_targets_tdw_2_dis_2_occ_0027,Will the red torus touch the yellow mat?,yes,no,0
Collide,196,pilot_it2_collision_assorted_targets_tdw_2_dis_2_occ_0028,Will the red pyramid touch the yellow mat?,no,yes,0
Collide,197,pilot_it2_collision_assorted_targets_tdw_2_dis_2_occ_0029,Will the red torus touch the yellow mat?,yes,yes,1
Collide,198,pilot_it2_collision_assorted_targets_tdw_2_dis_2_occ_0030,Will the red pyramid touch the yellow mat?,no,no,1
Collide,199,pilot_it2_collision_assorted_targets_tdw_2_dis_2_occ_0031,Will the red torus touch the yellow mat?,no,yes,0
Collide,200,pilot_it2_collision_assorted_targets_tdw_2_dis_2_occ_0032,Will the red pyramid touch the yellow mat?,yes,no,0
Collide,201,pilot_it2_collision_assorted_targets_tdw_2_dis_2_occ_0033,Will the red pyramid touch the yellow mat?,no,no,1
Collide,202,pilot_it2_collision_assorted_targets_tdw_2_dis_2_occ_0034,Will the red dumbbell touch the yellow mat?,yes,yes,1
Collide,203,pilot_it2_collision_assorted_targets_tdw_2_dis_2_occ_0035,Will the red torus touch the yellow mat?,no,yes,0
Collide,204,pilot_it2_collision_assorted_targets_tdw_2_dis_2_occ_0036,Will the red dumbbell touch the yellow mat?,yes,yes,1
Collide,205,pilot_it2_collision_assorted_targets_tdw_2_dis_2_occ_0037,Will the red cone touch the yellow mat?,no,no,1
Collide,206,pilot_it2_collision_assorted_targets_tdw_2_dis_2_occ_0038,Will the red pyramid touch the yellow mat?,no,no,1
Collide,207,pilot_it2_collision_assorted_targets_tdw_2_dis_2_occ_0039,Will the red cone touch the yellow mat?,no,no,1
Collide,208,pilot_it2_collision_assorted_targets_tdw_2_dis_2_occ_0040,Will the red cone touch the yellow mat?,yes,yes,1
Collide,209,pilot_it2_collision_assorted_targets_tdw_2_dis_2_occ_0041,Will the red cone touch the yellow mat?,no,yes,0
Collide,210,pilot_it2_collision_non-sphere_box_0000,Will the red pyramid touch the yellow mat?,yes,yes,1
Collide,211,pilot_it2_collision_non-sphere_box_0001,Will the red pentagon touch the yellow mat?,yes,no,0
Collide,212,pilot_it2_collision_non-sphere_box_0002,Will the red pyramid touch the yellow mat?,yes,yes,1
Collide,213,pilot_it2_collision_non-sphere_box_0003,Will the red bowl touch the yellow mat?,no,yes,0
Collide,214,pilot_it2_collision_non-sphere_box_0004,Will the red bowl touch the yellow mat?,yes,yes,1
Collide,215,pilot_it2_collision_non-sphere_box_0005,Will the red bowl touch the yellow mat?,yes,yes,1
Collide,216,pilot_it2_collision_non-sphere_box_0006,Will the red torus touch the yellow mat?,no,no,1
Collide,217,pilot_it2_collision_non-sphere_box_0007,Will the red pentagon touch the yellow mat?,no,no,1
Collide,218,pilot_it2_collision_non-sphere_box_0008,Will the red pentagon touch the yellow mat?,yes,no,0
Collide,219,pilot_it2_collision_non-sphere_box_0009,Will the red dumbbell touch the yellow mat?,yes,no,0
Collide,220,pilot_it2_collision_non-sphere_box_0010,Will the red pipe touch the yellow mat?,yes,yes,1
Collide,221,pilot_it2_collision_non-sphere_box_0011,Will the red cube touch the yellow mat?,yes,yes,1
Collide,222,pilot_it2_collision_non-sphere_box_0012,Will the red dumbbell touch the yellow mat?,yes,no,0
Collide,223,pilot_it2_collision_non-sphere_box_0013,Will the red cube touch the yellow mat?,yes,yes,1
Collide,224,pilot_it2_collision_non-sphere_box_0014,Will the red pipe touch the yellow mat?,yes,yes,1
Collide,225,pilot_it2_collision_non-sphere_box_0015,Will the red pyramid touch the yellow mat?,no,no,1
Collide,226,pilot_it2_collision_non-sphere_box_0016,Will the red pipe touch the yellow mat?,yes,yes,1
Collide,227,pilot_it2_collision_non-sphere_box_0017,Will the red torus touch the yellow mat?,no,no,1
Collide,228,pilot_it2_collision_non-sphere_box_0018,Will the red cone touch the yellow mat?,no,no,1
Collide,229,pilot_it2_collision_non-sphere_box_0019,Will the red cone touch the yellow mat?,no,no,1
Collide,230,pilot_it2_collision_non-sphere_box_0020,Will the red pyramid touch the yellow mat?,yes,yes,1
Collide,231,pilot_it2_collision_non-sphere_box_0021,Will the red pentagon touch the yellow mat?,yes,no,0
Collide,232,pilot_it2_collision_non-sphere_box_0022,Will the red pipe touch the yellow mat?,yes,yes,1
Collide,233,pilot_it2_collision_non-sphere_box_0023,Will the red cylinder touch the yellow mat?,no,no,1
Collide,234,pilot_it2_collision_non-sphere_box_0024,Will the red pyramid touch the yellow mat?,yes,no,0
Collide,235,pilot_it2_collision_non-sphere_box_0025,Will the red pipe touch the yellow mat?,no,no,1
Collide,236,pilot_it2_collision_non-sphere_box_0026,Will the red pentagon touch the yellow mat?,yes,yes,1
Collide,237,pilot_it2_collision_non-sphere_box_0027,Will the red pyramid touch the yellow mat?,no,no,1
Collide,238,pilot_it2_collision_non-sphere_box_0028,Will the red dumbbell touch the yellow mat?,yes,no,0
Collide,239,pilot_it2_collision_non-sphere_box_0029,Will the red pyramid touch the yellow mat?,no,yes,0
Collide,240,pilot_it2_collision_non-sphere_box_0030,Will the red pentagon touch the yellow mat?,yes,no,0
Collide,241,pilot_it2_collision_non-sphere_box_0031,Will the red pipe touch the yellow mat?,no,no,1
Collide,242,pilot_it2_collision_non-sphere_box_0032,Will the red dumbbell touch the yellow mat?,no,no,1
Collide,243,pilot_it2_collision_non-sphere_box_0033,Will the red pentagon touch the yellow mat?,no,no,1
Collide,244,pilot_it2_collision_non-sphere_box_0034,Will the red cube touch the yellow mat?,yes,yes,1
Collide,245,pilot_it2_collision_non-sphere_box_0035,Will the red pyramid touch the yellow mat?,yes,yes,1
Collide,246,pilot_it2_collision_non-sphere_box_0036,Will the red cube touch the yellow mat?,yes,yes,1
Collide,247,pilot_it2_collision_non-sphere_box_0037,Will the red bowl touch the yellow mat?,no,yes,0
Collide,248,pilot_it2_collision_non-sphere_box_0038,Will the red dumbbell touch the yellow mat?,no,no,1
Collide,249,pilot_it2_collision_non-sphere_box_0039,Will the red bowl touch the yellow mat?,no,yes,0
Collide,250,pilot_it2_collision_non-sphere_box_0040,Will the red bowl touch the yellow mat?,no,no,1
Collide,251,pilot_it2_collision_non-sphere_box_0041,Will the red cone touch the yellow mat?,yes,yes,1
Collide,252,pilot_it2_collision_non-sphere_box_1_dis_1_occ_0000,Will the red pyramid touch the yellow mat?,yes,yes,1
Collide,253,pilot_it2_collision_non-sphere_box_1_dis_1_occ_0001,Will the red pentagon touch the yellow mat?,yes,no,0
Collide,254,pilot_it2_collision_non-sphere_box_1_dis_1_occ_0002,Will the red pyramid touch the yellow mat?,yes,yes,1
Collide,255,pilot_it2_collision_non-sphere_box_1_dis_1_occ_0003,Will the red bowl touch the yellow mat?,no,yes,0
Collide,256,pilot_it2_collision_non-sphere_box_1_dis_1_occ_0004,Will the red bowl touch the yellow mat?,yes,yes,1
Collide,257,pilot_it2_collision_non-sphere_box_1_dis_1_occ_0005,Will the red bowl touch the yellow mat?,yes,yes,1
Collide,258,pilot_it2_collision_non-sphere_box_1_dis_1_occ_0006,Will the red torus touch the yellow mat?,no,no,1
Collide,259,pilot_it2_collision_non-sphere_box_1_dis_1_occ_0007,Will the red pentagon touch the yellow mat?,no,no,1
Collide,260,pilot_it2_collision_non-sphere_box_1_dis_1_occ_0008,Will the red pentagon touch the yellow mat?,yes,no,0
Collide,261,pilot_it2_collision_non-sphere_box_1_dis_1_occ_0009,Will the red dumbbell touch the yellow mat?,yes,no,0
Collide,262,pilot_it2_collision_non-sphere_box_1_dis_1_occ_0010,Will the red pipe touch the yellow mat?,yes,yes,1
Collide,263,pilot_it2_collision_non-sphere_box_1_dis_1_occ_0011,Will the red cube touch the yellow mat?,yes,yes,1
Collide,264,pilot_it2_collision_non-sphere_box_1_dis_1_occ_0012,Will the red dumbbell touch the yellow mat?,yes,no,0
Collide,265,pilot_it2_collision_non-sphere_box_1_dis_1_occ_0013,Will the red cube touch the yellow mat?,yes,yes,1
Collide,266,pilot_it2_collision_non-sphere_box_1_dis_1_occ_0014,Will the red pipe touch the yellow mat?,yes,no,0
Collide,267,pilot_it2_collision_non-sphere_box_1_dis_1_occ_0015,Will the red pyramid touch the yellow mat?,no,yes,0
Collide,268,pilot_it2_collision_non-sphere_box_1_dis_1_occ_0016,Will the red pipe touch the yellow mat?,yes,yes,1
Collide,269,pilot_it2_collision_non-sphere_box_1_dis_1_occ_0017,Will the red torus touch the yellow mat?,no,no,1
Collide,270,pilot_it2_collision_non-sphere_box_1_dis_1_occ_0018,Will the red cone touch the yellow mat?,no,yes,0
Collide,271,pilot_it2_collision_non-sphere_box_1_dis_1_occ_0019,Will the red cone touch the yellow mat?,no,no,1
Collide,272,pilot_it2_collision_non-sphere_box_1_dis_1_occ_0020,Will the red pyramid touch the yellow mat?,yes,yes,1
Collide,273,pilot_it2_collision_non-sphere_box_1_dis_1_occ_0021,Will the red pentagon touch the yellow mat?,yes,no,0
Collide,274,pilot_it2_collision_non-sphere_box_1_dis_1_occ_0022,Will the red pipe touch the yellow mat?,yes,yes,1
Collide,275,pilot_it2_collision_non-sphere_box_1_dis_1_occ_0023,Will the red cylinder touch the yellow mat?,no,no,1
Collide,276,pilot_it2_collision_non-sphere_box_1_dis_1_occ_0024,Will the red pyramid touch the yellow mat?,yes,no,0
Collide,277,pilot_it2_collision_non-sphere_box_1_dis_1_occ_0025,Will the red pipe touch the yellow mat?,no,no,1
Collide,278,pilot_it2_collision_non-sphere_box_1_dis_1_occ_0026,Will the red pentagon touch the yellow mat?,yes,yes,1
Collide,279,pilot_it2_collision_non-sphere_box_1_dis_1_occ_0027,Will the red pyramid touch the yellow mat?,no,no,1
Collide,280,pilot_it2_collision_non-sphere_box_1_dis_1_occ_0028,Will the red dumbbell touch the yellow mat?,yes,no,0
Collide,281,pilot_it2_collision_non-sphere_box_1_dis_1_occ_0029,Will the red pyramid touch the yellow mat?,no,yes,0
Collide,282,pilot_it2_collision_non-sphere_box_1_dis_1_occ_0030,Will the red pentagon touch the yellow mat?,yes,no,0
Collide,283,pilot_it2_collision_non-sphere_box_1_dis_1_occ_0031,Will the red pipe touch the yellow mat?,yes,yes,1
Collide,284,pilot_it2_collision_non-sphere_box_1_dis_1_occ_0032,Will the red dumbbell touch the yellow mat?,no,yes,0
Collide,285,pilot_it2_collision_non-sphere_box_1_dis_1_occ_0033,Will the red pentagon touch the yellow mat?,no,no,1
Collide,286,pilot_it2_collision_non-sphere_box_1_dis_1_occ_0034,Will the red cube touch the yellow mat?,yes,yes,1
Collide,287,pilot_it2_collision_non-sphere_box_1_dis_1_occ_0035,Will the red pyramid touch the yellow mat?,yes,yes,1
Collide,288,pilot_it2_collision_non-sphere_box_1_dis_1_occ_0036,Will the red cube touch the yellow mat?,yes,yes,1
Collide,289,pilot_it2_collision_non-sphere_box_1_dis_1_occ_0037,Will the red bowl touch the yellow mat?,yes,yes,1
Collide,290,pilot_it2_collision_non-sphere_box_1_dis_1_occ_0038,Will the red dumbbell touch the yellow mat?,no,no,1
Collide,291,pilot_it2_collision_non-sphere_box_1_dis_1_occ_0039,Will the red bowl touch the yellow mat?,no,yes,0
Collide,292,pilot_it2_collision_non-sphere_box_1_dis_1_occ_0040,Will the red bowl touch the yellow mat?,no,no,1
Collide,293,pilot_it2_collision_non-sphere_box_1_dis_1_occ_0041,Will the red cone touch the yellow mat?,yes,yes,1
Collide,294,pilot_it2_collision_non-sphere_box_2_dis_2_occ_0000,Will the red pyramid touch the yellow mat?,yes,yes,1
Collide,295,pilot_it2_collision_non-sphere_box_2_dis_2_occ_0001,Will the red pentagon touch the yellow mat?,yes,no,0
Collide,296,pilot_it2_collision_non-sphere_box_2_dis_2_occ_0002,Will the red pyramid touch the yellow mat?,yes,yes,1
Collide,297,pilot_it2_collision_non-sphere_box_2_dis_2_occ_0003,Will the red bowl touch the yellow mat?,no,yes,0
Collide,298,pilot_it2_collision_non-sphere_box_2_dis_2_occ_0004,Will the red bowl touch the yellow mat?,yes,yes,1
Collide,299,pilot_it2_collision_non-sphere_box_2_dis_2_occ_0005,Will the red bowl touch the yellow mat?,yes,yes,1
Collide,300,pilot_it2_collision_non-sphere_box_2_dis_2_occ_0006,Will the red torus touch the yellow mat?,no,no,1
Collide,301,pilot_it2_collision_non-sphere_box_2_dis_2_occ_0007,Will the red pentagon touch the yellow mat?,no,yes,0
Collide,302,pilot_it2_collision_non-sphere_box_2_dis_2_occ_0008,Will the red pentagon touch the yellow mat?,yes,yes,1
Collide,303,pilot_it2_collision_non-sphere_box_2_dis_2_occ_0009,Will the red dumbbell touch the yellow mat?,yes,yes,1
Collide,304,pilot_it2_collision_non-sphere_box_2_dis_2_occ_0010,Will the red pipe touch the yellow mat?,yes,yes,1
Collide,305,pilot_it2_collision_non-sphere_box_2_dis_2_occ_0011,Will the red cube touch the yellow mat?,yes,yes,1
Collide,306,pilot_it2_collision_non-sphere_box_2_dis_2_occ_0012,Will the red dumbbell touch the yellow mat?,yes,no,0
Collide,307,pilot_it2_collision_non-sphere_box_2_dis_2_occ_0013,Will the red cube touch the yellow mat?,yes,yes,1
Collide,308,pilot_it2_collision_non-sphere_box_2_dis_2_occ_0014,Will the red pipe touch the yellow mat?,yes,no,0
Collide,309,pilot_it2_collision_non-sphere_box_2_dis_2_occ_0015,Will the red pyramid touch the yellow mat?,no,yes,0
Collide,310,pilot_it2_collision_non-sphere_box_2_dis_2_occ_0016,Will the red pipe touch the yellow mat?,yes,yes,1
Collide,311,pilot_it2_collision_non-sphere_box_2_dis_2_occ_0017,Will the red torus touch the yellow mat?,no,yes,0
Collide,312,pilot_it2_collision_non-sphere_box_2_dis_2_occ_0018,Will the red cone touch the yellow mat?,no,no,1
Collide,313,pilot_it2_collision_non-sphere_box_2_dis_2_occ_0019,Will the red cone touch the yellow mat?,no,yes,0
Collide,314,pilot_it2_collision_non-sphere_box_2_dis_2_occ_0020,Will the red pyramid touch the yellow mat?,yes,yes,1
Collide,315,pilot_it2_collision_non-sphere_box_2_dis_2_occ_0021,Will the red pentagon touch the yellow mat?,yes,yes,1
Collide,316,pilot_it2_collision_non-sphere_box_2_dis_2_occ_0022,Will the red pipe touch the yellow mat?,yes,yes,1
Collide,317,pilot_it2_collision_non-sphere_box_2_dis_2_occ_0023,Will the red cylinder touch the yellow mat?,no,no,1
Collide,318,pilot_it2_collision_non-sphere_box_2_dis_2_occ_0024,Will the red pyramid touch the yellow mat?,yes,no,0
Collide,319,pilot_it2_collision_non-sphere_box_2_dis_2_occ_0025,Will the red pipe touch the yellow mat?,yes,yes,1
Collide,320,pilot_it2_collision_non-sphere_box_2_dis_2_occ_0026,Will the red pentagon touch the yellow mat?,yes,no,0
Collide,321,pilot_it2_collision_non-sphere_box_2_dis_2_occ_0027,Will the red pyramid touch the yellow mat?,no,yes,0
Collide,322,pilot_it2_collision_non-sphere_box_2_dis_2_occ_0028,Will the red dumbbell touch the yellow mat?,yes,yes,1
Collide,323,pilot_it2_collision_non-sphere_box_2_dis_2_occ_0029,Will the red pyramid touch the yellow mat?,no,yes,0
Collide,324,pilot_it2_collision_non-sphere_box_2_dis_2_occ_0030,Will the red pentagon touch the yellow mat?,yes,no,0
Collide,325,pilot_it2_collision_non-sphere_box_2_dis_2_occ_0031,Will the red pipe touch the yellow mat?,yes,yes,1
Collide,326,pilot_it2_collision_non-sphere_box_2_dis_2_occ_0032,Will the red dumbbell touch the yellow mat?,no,yes,0
Collide,327,pilot_it2_collision_non-sphere_box_2_dis_2_occ_0033,Will the red pentagon touch the yellow mat?,no,no,1
Collide,328,pilot_it2_collision_non-sphere_box_2_dis_2_occ_0034,Will the red cube touch the yellow mat?,yes,yes,1
Collide,329,pilot_it2_collision_non-sphere_box_2_dis_2_occ_0035,Will the red pyramid touch the yellow mat?,yes,no,0
Collide,330,pilot_it2_collision_non-sphere_box_2_dis_2_occ_0036,Will the red cube touch the yellow mat?,yes,yes,1
Collide,331,pilot_it2_collision_non-sphere_box_2_dis_2_occ_0037,Will the red bowl touch the yellow mat?,no,yes,0
Collide,332,pilot_it2_collision_non-sphere_box_2_dis_2_occ_0038,Will the red dumbbell touch the yellow mat?,no,no,1
Collide,333,pilot_it2_collision_non-sphere_box_2_dis_2_occ_0039,Will the red bowl touch the yellow mat?,no,yes,0
Collide,334,pilot_it2_collision_non-sphere_box_2_dis_2_occ_0040,Will the red bowl touch the yellow mat?,no,no,1
Collide,335,pilot_it2_collision_non-sphere_box_2_dis_2_occ_0041,Will the red cone touch the yellow mat?,yes,yes,1
Collide,336,pilot_it2_collision_non-sphere_tdw_1_dis_1_occ_0000,Will the red pyramid touch the yellow mat?,yes,no,0
Collide,337,pilot_it2_collision_non-sphere_tdw_1_dis_1_occ_0001,Will the red pentagon touch the yellow mat?,yes,yes,1
Collide,338,pilot_it2_collision_non-sphere_tdw_1_dis_1_occ_0002,Will the red pyramid touch the yellow mat?,yes,yes,1
Collide,339,pilot_it2_collision_non-sphere_tdw_1_dis_1_occ_0003,Will the red bowl touch the yellow mat?,no,yes,0
Collide,340,pilot_it2_collision_non-sphere_tdw_1_dis_1_occ_0004,Will the red bowl touch the yellow mat?,no,yes,0
Collide,341,pilot_it2_collision_non-sphere_tdw_1_dis_1_occ_0005,Will the red bowl touch the yellow mat?,yes,yes,1
Collide,342,pilot_it2_collision_non-sphere_tdw_1_dis_1_occ_0006,Will the red torus touch the yellow mat?,no,no,1
Collide,343,pilot_it2_collision_non-sphere_tdw_1_dis_1_occ_0007,Will the red pentagon touch the yellow mat?,yes,yes,1
Collide,344,pilot_it2_collision_non-sphere_tdw_1_dis_1_occ_0008,Will the red pentagon touch the yellow mat?,yes,no,0
Collide,345,pilot_it2_collision_non-sphere_tdw_1_dis_1_occ_0009,Will the red dumbbell touch the yellow mat?,yes,yes,1
Collide,346,pilot_it2_collision_non-sphere_tdw_1_dis_1_occ_0010,Will the red pipe touch the yellow mat?,yes,yes,1
Collide,347,pilot_it2_collision_non-sphere_tdw_1_dis_1_occ_0011,Will the red cube touch the yellow mat?,yes,yes,1
Collide,348,pilot_it2_collision_non-sphere_tdw_1_dis_1_occ_0012,Will the red dumbbell touch the yellow mat?,yes,no,0
Collide,349,pilot_it2_collision_non-sphere_tdw_1_dis_1_occ_0013,Will the red cube touch the yellow mat?,yes,yes,1
Collide,350,pilot_it2_collision_non-sphere_tdw_1_dis_1_occ_0014,Will the red pipe touch the yellow mat?,yes,yes,1
Collide,351,pilot_it2_collision_non-sphere_tdw_1_dis_1_occ_0015,Will the red pyramid touch the yellow mat?,no,no,1
Collide,352,pilot_it2_collision_non-sphere_tdw_1_dis_1_occ_0016,Will the red pipe touch the yellow mat?,yes,yes,1
Collide,353,pilot_it2_collision_non-sphere_tdw_1_dis_1_occ_0017,Will the red torus touch the yellow mat?,no,no,1
Collide,354,pilot_it2_collision_non-sphere_tdw_1_dis_1_occ_0018,Will the red cone touch the yellow mat?,yes,yes,1
Collide,355,pilot_it2_collision_non-sphere_tdw_1_dis_1_occ_0019,Will the red cone touch the yellow mat?,no,yes,0
Collide,356,pilot_it2_collision_non-sphere_tdw_1_dis_1_occ_0020,Will the red pyramid touch the yellow mat?,yes,yes,1
Collide,357,pilot_it2_collision_non-sphere_tdw_1_dis_1_occ_0021,Will the red pentagon touch the yellow mat?,yes,yes,1
Collide,358,pilot_it2_collision_non-sphere_tdw_1_dis_1_occ_0022,Will the red pipe touch the yellow mat?,yes,yes,1
Collide,359,pilot_it2_collision_non-sphere_tdw_1_dis_1_occ_0023,Will the red cylinder touch the yellow mat?,no,no,1
Collide,360,pilot_it2_collision_non-sphere_tdw_1_dis_1_occ_0024,Will the red pyramid touch the yellow mat?,yes,no,0
Collide,361,pilot_it2_collision_non-sphere_tdw_1_dis_1_occ_0025,Will the red pipe touch the yellow mat?,no,yes,0
Collide,362,pilot_it2_collision_non-sphere_tdw_1_dis_1_occ_0026,Will the red pentagon touch the yellow mat?,yes,no,0
Collide,363,pilot_it2_collision_non-sphere_tdw_1_dis_1_occ_0027,Will the red pyramid touch the yellow mat?,no,yes,0
Collide,364,pilot_it2_collision_non-sphere_tdw_1_dis_1_occ_0028,Will the red dumbbell touch the yellow mat?,yes,no,0
Collide,365,pilot_it2_collision_non-sphere_tdw_1_dis_1_occ_0029,Will the red pyramid touch the yellow mat?,no,yes,0
Collide,366,pilot_it2_collision_non-sphere_tdw_1_dis_1_occ_0030,Will the red pentagon touch the yellow mat?,yes,no,0
Collide,367,pilot_it2_collision_non-sphere_tdw_1_dis_1_occ_0031,Will the red pipe touch the yellow mat?,yes,yes,1
Collide,368,pilot_it2_collision_non-sphere_tdw_1_dis_1_occ_0032,Will the red dumbbell touch the yellow mat?,no,yes,0
Collide,369,pilot_it2_collision_non-sphere_tdw_1_dis_1_occ_0033,Will the red pentagon touch the yellow mat?,no,no,1
Collide,370,pilot_it2_collision_non-sphere_tdw_1_dis_1_occ_0034,Will the red cube touch the yellow mat?,yes,yes,1
Collide,371,pilot_it2_collision_non-sphere_tdw_1_dis_1_occ_0035,Will the red pyramid touch the yellow mat?,no,no,1
Collide,372,pilot_it2_collision_non-sphere_tdw_1_dis_1_occ_0036,Will the red cube touch the yellow mat?,yes,yes,1
Collide,373,pilot_it2_collision_non-sphere_tdw_1_dis_1_occ_0037,Will the red bowl touch the yellow mat?,yes,yes,1
Collide,374,pilot_it2_collision_non-sphere_tdw_1_dis_1_occ_0038,Will the red dumbbell touch the yellow mat?,no,yes,0
Collide,375,pilot_it2_collision_non-sphere_tdw_1_dis_1_occ_0039,Will the red bowl touch the yellow mat?,no,yes,0
Collide,376,pilot_it2_collision_non-sphere_tdw_1_dis_1_occ_0040,Will the red bowl touch the yellow mat?,no,no,1
Collide,377,pilot_it2_collision_non-sphere_tdw_1_dis_1_occ_0041,Will the red cone touch the yellow mat?,yes,yes,1
Collide,378,pilot_it2_collision_non-sphere_tdw_2_dis_2_occ_0000,Will the red pyramid touch the yellow mat?,yes,no,0
Collide,379,pilot_it2_collision_non-sphere_tdw_2_dis_2_occ_0001,Will the red pentagon touch the yellow mat?,yes,yes,1
Collide,380,pilot_it2_collision_non-sphere_tdw_2_dis_2_occ_0002,Will the red pyramid touch the yellow mat?,yes,yes,1
Collide,381,pilot_it2_collision_non-sphere_tdw_2_dis_2_occ_0003,Will the red bowl touch the yellow mat?,no,yes,0
Collide,382,pilot_it2_collision_non-sphere_tdw_2_dis_2_occ_0004,Will the red bowl touch the yellow mat?,yes,yes,1
Collide,383,pilot_it2_collision_non-sphere_tdw_2_dis_2_occ_0005,Will the red bowl touch the yellow mat?,yes,yes,1
Collide,384,pilot_it2_collision_non-sphere_tdw_2_dis_2_occ_0006,Will the red torus touch the yellow mat?,no,no,1
Collide,385,pilot_it2_collision_non-sphere_tdw_2_dis_2_occ_0007,Will the red pentagon touch the yellow mat?,yes,yes,1
Collide,386,pilot_it2_collision_non-sphere_tdw_2_dis_2_occ_0008,Will the red pentagon touch the yellow mat?,yes,no,0
Collide,387,pilot_it2_collision_non-sphere_tdw_2_dis_2_occ_0009,Will the red dumbbell touch the yellow mat?,yes,yes,1
Collide,388,pilot_it2_collision_non-sphere_tdw_2_dis_2_occ_0010,Will the red pipe touch the yellow mat?,yes,yes,1
Collide,389,pilot_it2_collision_non-sphere_tdw_2_dis_2_occ_0011,Will the red cube touch the yellow mat?,yes,yes,1
Collide,390,pilot_it2_collision_non-sphere_tdw_2_dis_2_occ_0012,Will the red dumbbell touch the yellow mat?,yes,no,0
Collide,391,pilot_it2_collision_non-sphere_tdw_2_dis_2_occ_0013,Will the red cube touch the yellow mat?,yes,yes,1
Collide,392,pilot_it2_collision_non-sphere_tdw_2_dis_2_occ_0014,Will the red pipe touch the yellow mat?,yes,no,0
Collide,393,pilot_it2_collision_non-sphere_tdw_2_dis_2_occ_0015,Will the red pyramid touch the yellow mat?,no,no,1
Collide,394,pilot_it2_collision_non-sphere_tdw_2_dis_2_occ_0016,Will the red pipe touch the yellow mat?,yes,no,0
Collide,395,pilot_it2_collision_non-sphere_tdw_2_dis_2_occ_0017,Will the red torus touch the yellow mat?,no,yes,0
Collide,396,pilot_it2_collision_non-sphere_tdw_2_dis_2_occ_0018,Will the red cone touch the yellow mat?,yes,yes,1
Collide,397,pilot_it2_collision_non-sphere_tdw_2_dis_2_occ_0019,Will the red cone touch the yellow mat?,no,yes,0
Collide,398,pilot_it2_collision_non-sphere_tdw_2_dis_2_occ_0020,Will the red pyramid touch the yellow mat?,yes,yes,1
Collide,399,pilot_it2_collision_non-sphere_tdw_2_dis_2_occ_0021,Will the red pentagon touch the yellow mat?,yes,yes,1
Collide,400,pilot_it2_collision_non-sphere_tdw_2_dis_2_occ_0022,Will the red pipe touch the yellow mat?,yes,yes,1
Collide,401,pilot_it2_collision_non-sphere_tdw_2_dis_2_occ_0023,Will the red cylinder touch the yellow mat?,no,no,1
Collide,402,pilot_it2_collision_non-sphere_tdw_2_dis_2_occ_0024,Will the red pyramid touch the yellow mat?,yes,no,0
Collide,403,pilot_it2_collision_non-sphere_tdw_2_dis_2_occ_0025,Will the red pipe touch the yellow mat?,yes,yes,1
Collide,404,pilot_it2_collision_non-sphere_tdw_2_dis_2_occ_0026,Will the red pentagon touch the yellow mat?,yes,no,0
Collide,405,pilot_it2_collision_non-sphere_tdw_2_dis_2_occ_0027,Will the red pyramid touch the yellow mat?,no,no,1
Collide,406,pilot_it2_collision_non-sphere_tdw_2_dis_2_occ_0028,Will the red dumbbell touch the yellow mat?,yes,no,0
Collide,407,pilot_it2_collision_non-sphere_tdw_2_dis_2_occ_0029,Will the red pyramid touch the yellow mat?,no,yes,0
Collide,408,pilot_it2_collision_non-sphere_tdw_2_dis_2_occ_0030,Will the red pentagon touch the yellow mat?,yes,no,0
Collide,409,pilot_it2_collision_non-sphere_tdw_2_dis_2_occ_0031,Will the red pipe touch the yellow mat?,yes,no,0
Collide,410,pilot_it2_collision_non-sphere_tdw_2_dis_2_occ_0032,Will the red dumbbell touch the yellow mat?,no,yes,0
Collide,411,pilot_it2_collision_non-sphere_tdw_2_dis_2_occ_0033,Will the red pentagon touch the yellow mat?,no,no,1
Collide,412,pilot_it2_collision_non-sphere_tdw_2_dis_2_occ_0034,Will the red cube touch the yellow mat?,yes,yes,1
Collide,413,pilot_it2_collision_non-sphere_tdw_2_dis_2_occ_0035,Will the red pyramid touch the yellow mat?,no,no,1
Collide,414,pilot_it2_collision_non-sphere_tdw_2_dis_2_occ_0036,Will the red cube touch the yellow mat?,yes,yes,1
Collide,415,pilot_it2_collision_non-sphere_tdw_2_dis_2_occ_0037,Will the red bowl touch the yellow mat?,yes,yes,1
Collide,416,pilot_it2_collision_non-sphere_tdw_2_dis_2_occ_0038,Will the red dumbbell touch the yellow mat?,no,no,1
Collide,417,pilot_it2_collision_non-sphere_tdw_2_dis_2_occ_0039,Will the red bowl touch the yellow mat?,no,no,1
Collide,418,pilot_it2_collision_non-sphere_tdw_2_dis_2_occ_0040,Will the red bowl touch the yellow mat?,no,no,1
Collide,419,pilot_it2_collision_non-sphere_tdw_2_dis_2_occ_0041,Will the red cone touch the yellow mat?,yes,yes,1
Collide,420,pilot_it2_collision_simple_box_0000,Will the red pyramid touch the yellow mat?,no,no,1
Collide,421,pilot_it2_collision_simple_box_0001,Will the red pentagon touch the yellow mat?,yes,no,0
Collide,422,pilot_it2_collision_simple_box_0002,Will the red pyramid touch the yellow mat?,yes,yes,1
Collide,423,pilot_it2_collision_simple_box_0003,Will the red bowl touch the yellow mat?,no,no,1
Collide,424,pilot_it2_collision_simple_box_0004,Will the red bowl touch the yellow mat?,yes,yes,1
Collide,425,pilot_it2_collision_simple_box_0005,Will the red bowl touch the yellow mat?,yes,yes,1
Collide,426,pilot_it2_collision_simple_box_0006,Will the red pentagon touch the yellow mat?,no,no,1
Collide,427,pilot_it2_collision_simple_box_0007,Will the red pentagon touch the yellow mat?,yes,no,0
Collide,428,pilot_it2_collision_simple_box_0008,Will the red pentagon touch the yellow mat?,yes,yes,1
Collide,429,pilot_it2_collision_simple_box_0009,Will the red dumbbell touch the yellow mat?,no,no,1
Collide,430,pilot_it2_collision_simple_box_0010,Will the red pipe touch the yellow mat?,yes,yes,1
Collide,431,pilot_it2_collision_simple_box_0011,Will the red cube touch the yellow mat?,yes,yes,1
Collide,432,pilot_it2_collision_simple_box_0012,Will the red dumbbell touch the yellow mat?,yes,no,0
Collide,433,pilot_it2_collision_simple_box_0013,Will the red cube touch the yellow mat?,yes,yes,1
Collide,434,pilot_it2_collision_simple_box_0014,Will the red pipe touch the yellow mat?,yes,yes,1
Collide,435,pilot_it2_collision_simple_box_0015,Will the red pyramid touch the yellow mat?,no,no,1
Collide,436,pilot_it2_collision_simple_box_0016,Will the red pipe touch the yellow mat?,yes,yes,1
Collide,437,pilot_it2_collision_simple_box_0017,Will the red bowl touch the yellow mat?,no,yes,0
Collide,438,pilot_it2_collision_simple_box_0018,Will the red cone touch the yellow mat?,no,yes,0
Collide,439,pilot_it2_collision_simple_box_0019,Will the red cone touch the yellow mat?,no,no,1
Collide,440,pilot_it2_collision_simple_box_0020,Will the red pyramid touch the yellow mat?,yes,yes,1
Collide,441,pilot_it2_collision_simple_box_0021,Will the red pentagon touch the yellow mat?,yes,no,0
Collide,442,pilot_it2_collision_simple_box_0022,Will the red pipe touch the yellow mat?,yes,no,0
Collide,443,pilot_it2_collision_simple_box_0023,Will the red cylinder touch the yellow mat?,yes,yes,1
Collide,444,pilot_it2_collision_simple_box_0024,Will the red pyramid touch the yellow mat?,yes,yes,1
Collide,445,pilot_it2_collision_simple_box_0025,Will the red pipe touch the yellow mat?,yes,yes,1
Collide,446,pilot_it2_collision_simple_box_0026,Will the red pentagon touch the yellow mat?,yes,no,0
Collide,447,pilot_it2_collision_simple_box_0027,Will the red pyramid touch the yellow mat?,yes,no,0
Collide,448,pilot_it2_collision_simple_box_0028,Will the red dumbbell touch the yellow mat?,yes,no,0
Collide,449,pilot_it2_collision_simple_box_0029,Will the red pyramid touch the yellow mat?,no,no,1
Collide,450,pilot_it2_collision_simple_box_0030,Will the red pentagon touch the yellow mat?,yes,yes,1
Collide,451,pilot_it2_collision_simple_box_0031,Will the red pipe touch the yellow mat?,yes,yes,1
Collide,452,pilot_it2_collision_simple_box_0032,Will the red dumbbell touch the yellow mat?,yes,no,0
Collide,453,pilot_it2_collision_simple_box_0033,Will the red pentagon touch the yellow mat?,yes,yes,1
Collide,454,pilot_it2_collision_simple_box_0034,Will the red cube touch the yellow mat?,yes,no,0
Collide,455,pilot_it2_collision_simple_box_0035,Will the red pyramid touch the yellow mat?,no,no,1
Collide,456,pilot_it2_collision_simple_box_0036,Will the red cube touch the yellow mat?,yes,yes,1
Collide,457,pilot_it2_collision_simple_box_0037,Will the red bowl touch the yellow mat?,no,no,1
Collide,458,pilot_it2_collision_simple_box_0038,Will the red dumbbell touch the yellow mat?,no,no,1
Collide,459,pilot_it2_collision_simple_box_0039,Will the red bowl touch the yellow mat?,no,no,1
Collide,460,pilot_it2_collision_simple_box_0040,Will the red bowl touch the yellow mat?,yes,yes,1
Collide,461,pilot_it2_collision_simple_box_0041,Will the red cone touch the yellow mat?,no,no,1
Collide,462,pilot_it2_collision_simple_box_1_dis_1_occ_0000,Will the red pyramid touch the yellow mat?,no,no,1
Collide,463,pilot_it2_collision_simple_box_1_dis_1_occ_0001,Will the red pentagon touch the yellow mat?,yes,no,0
Collide,464,pilot_it2_collision_simple_box_1_dis_1_occ_0002,Will the red pyramid touch the yellow mat?,yes,yes,1
Collide,465,pilot_it2_collision_simple_box_1_dis_1_occ_0003,Will the red bowl touch the yellow mat?,no,yes,0
Collide,466,pilot_it2_collision_simple_box_1_dis_1_occ_0004,Will the red bowl touch the yellow mat?,yes,yes,1
Collide,467,pilot_it2_collision_simple_box_1_dis_1_occ_0005,Will the red bowl touch the yellow mat?,yes,yes,1
Collide,468,pilot_it2_collision_simple_box_1_dis_1_occ_0006,Will the red pentagon touch the yellow mat?,no,no,1
Collide,469,pilot_it2_collision_simple_box_1_dis_1_occ_0007,Will the red pentagon touch the yellow mat?,yes,yes,1
Collide,470,pilot_it2_collision_simple_box_1_dis_1_occ_0008,Will the red pentagon touch the yellow mat?,yes,yes,1
Collide,471,pilot_it2_collision_simple_box_1_dis_1_occ_0009,Will the red dumbbell touch the yellow mat?,no,yes,0
Collide,472,pilot_it2_collision_simple_box_1_dis_1_occ_0010,Will the red pipe touch the yellow mat?,yes,yes,1
Collide,473,pilot_it2_collision_simple_box_1_dis_1_occ_0011,Will the red cube touch the yellow mat?,yes,yes,1
Collide,474,pilot_it2_collision_simple_box_1_dis_1_occ_0012,Will the red dumbbell touch the yellow mat?,yes,yes,1
Collide,475,pilot_it2_collision_simple_box_1_dis_1_occ_0013,Will the red cube touch the yellow mat?,yes,yes,1
Collide,476,pilot_it2_collision_simple_box_1_dis_1_occ_0014,Will the red pipe touch the yellow mat?,yes,yes,1
Collide,477,pilot_it2_collision_simple_box_1_dis_1_occ_0015,Will the red pyramid touch the yellow mat?,no,no,1
Collide,478,pilot_it2_collision_simple_box_1_dis_1_occ_0016,Will the red pipe touch the yellow mat?,yes,yes,1
Collide,479,pilot_it2_collision_simple_box_1_dis_1_occ_0017,Will the red bowl touch the yellow mat?,no,no,1
Collide,480,pilot_it2_collision_simple_box_1_dis_1_occ_0018,Will the red cone touch the yellow mat?,no,yes,0
Collide,481,pilot_it2_collision_simple_box_1_dis_1_occ_0019,Will the red cone touch the yellow mat?,no,no,1
Collide,482,pilot_it2_collision_simple_box_1_dis_1_occ_0020,Will the red pyramid touch the yellow mat?,yes,no,0
Collide,483,pilot_it2_collision_simple_box_1_dis_1_occ_0021,Will the red pentagon touch the yellow mat?,yes,no,0
Collide,484,pilot_it2_collision_simple_box_1_dis_1_occ_0022,Will the red pipe touch the yellow mat?,yes,yes,1
Collide,485,pilot_it2_collision_simple_box_1_dis_1_occ_0023,Will the red cylinder touch the yellow mat?,yes,yes,1
Collide,486,pilot_it2_collision_simple_box_1_dis_1_occ_0024,Will the red pyramid touch the yellow mat?,yes,yes,1
Collide,487,pilot_it2_collision_simple_box_1_dis_1_occ_0025,Will the red pipe touch the yellow mat?,yes,no,0
Collide,488,pilot_it2_collision_simple_box_1_dis_1_occ_0026,Will the red pentagon touch the yellow mat?,yes,no,0
Collide,489,pilot_it2_collision_simple_box_1_dis_1_occ_0027,Will the red pyramid touch the yellow mat?,yes,no,0
Collide,490,pilot_it2_collision_simple_box_1_dis_1_occ_0028,Will the red dumbbell touch the yellow mat?,yes,no,0
Collide,491,pilot_it2_collision_simple_box_1_dis_1_occ_0029,Will the red pyramid touch the yellow mat?,no,no,1
Collide,492,pilot_it2_collision_simple_box_1_dis_1_occ_0030,Will the red pentagon touch the yellow mat?,yes,yes,1
Collide,493,pilot_it2_collision_simple_box_1_dis_1_occ_0031,Will the red pipe touch the yellow mat?,yes,yes,1
Collide,494,pilot_it2_collision_simple_box_1_dis_1_occ_0032,Will the red dumbbell touch the yellow mat?,yes,no,0
Collide,495,pilot_it2_collision_simple_box_1_dis_1_occ_0033,Will the red pentagon touch the yellow mat?,yes,yes,1
Collide,496,pilot_it2_collision_simple_box_1_dis_1_occ_0034,Will the red cube touch the yellow mat?,yes,no,0
Collide,497,pilot_it2_collision_simple_box_1_dis_1_occ_0035,Will the red pyramid touch the yellow mat?,no,no,1
Collide,498,pilot_it2_collision_simple_box_1_dis_1_occ_0036,Will the red cube touch the yellow mat?,yes,yes,1
Collide,499,pilot_it2_collision_simple_box_1_dis_1_occ_0037,Will the red bowl touch the yellow mat?,no,no,1
Collide,500,pilot_it2_collision_simple_box_1_dis_1_occ_0038,Will the red dumbbell touch the yellow mat?,no,no,1
Collide,501,pilot_it2_collision_simple_box_1_dis_1_occ_0039,Will the red bowl touch the yellow mat?,no,no,1
Collide,502,pilot_it2_collision_simple_box_1_dis_1_occ_0040,Will the red bowl touch the yellow mat?,yes,yes,1
Collide,503,pilot_it2_collision_simple_box_1_dis_1_occ_0041,Will the red cone touch the yellow mat?,no,yes,0
Collide,504,pilot_it2_collision_simple_box_2_dis_2_occ_0000,Will the red pyramid touch the yellow mat?,no,no,1
Collide,505,pilot_it2_collision_simple_box_2_dis_2_occ_0001,Will the red pentagon touch the yellow mat?,yes,yes,1
Collide,506,pilot_it2_collision_simple_box_2_dis_2_occ_0002,Will the red pyramid touch the yellow mat?,yes,yes,1
Collide,507,pilot_it2_collision_simple_box_2_dis_2_occ_0003,Will the red bowl touch the yellow mat?,no,yes,0
Collide,508,pilot_it2_collision_simple_box_2_dis_2_occ_0004,Will the red bowl touch the yellow mat?,yes,yes,1
Collide,509,pilot_it2_collision_simple_box_2_dis_2_occ_0005,Will the red bowl touch the yellow mat?,yes,yes,1
Collide,510,pilot_it2_collision_simple_box_2_dis_2_occ_0006,Will the red pentagon touch the yellow mat?,no,no,1
Collide,511,pilot_it2_collision_simple_box_2_dis_2_occ_0007,Will the red pentagon touch the yellow mat?,yes,yes,1
Collide,512,pilot_it2_collision_simple_box_2_dis_2_occ_0008,Will the red pentagon touch the yellow mat?,yes,yes,1
Collide,513,pilot_it2_collision_simple_box_2_dis_2_occ_0009,Will the red dumbbell touch the yellow mat?,no,no,1
Collide,514,pilot_it2_collision_simple_box_2_dis_2_occ_0010,Will the red pipe touch the yellow mat?,yes,yes,1
Collide,515,pilot_it2_collision_simple_box_2_dis_2_occ_0011,Will the red cube touch the yellow mat?,yes,yes,1
Collide,516,pilot_it2_collision_simple_box_2_dis_2_occ_0012,Will the red dumbbell touch the yellow mat?,yes,yes,1
Collide,517,pilot_it2_collision_simple_box_2_dis_2_occ_0013,Will the red cube touch the yellow mat?,yes,yes,1
Collide,518,pilot_it2_collision_simple_box_2_dis_2_occ_0014,Will the red pipe touch the yellow mat?,yes,yes,1
Collide,519,pilot_it2_collision_simple_box_2_dis_2_occ_0015,Will the red pyramid touch the yellow mat?,no,no,1
Collide,520,pilot_it2_collision_simple_box_2_dis_2_occ_0016,Will the red pipe touch the yellow mat?,yes,no,0
Collide,521,pilot_it2_collision_simple_box_2_dis_2_occ_0017,Will the red bowl touch the yellow mat?,no,no,1
Collide,522,pilot_it2_collision_simple_box_2_dis_2_occ_0018,Will the red cone touch the yellow mat?,no,yes,0
Collide,523,pilot_it2_collision_simple_box_2_dis_2_occ_0019,Will the red cone touch the yellow mat?,no,no,1
Collide,524,pilot_it2_collision_simple_box_2_dis_2_occ_0020,Will the red pyramid touch the yellow mat?,yes,no,0
Collide,525,pilot_it2_collision_simple_box_2_dis_2_occ_0021,Will the red pentagon touch the yellow mat?,yes,no,0
Collide,526,pilot_it2_collision_simple_box_2_dis_2_occ_0022,Will the red pipe touch the yellow mat?,yes,no,0
Collide,527,pilot_it2_collision_simple_box_2_dis_2_occ_0023,Will the red cylinder touch the yellow mat?,yes,yes,1
Collide,528,pilot_it2_collision_simple_box_2_dis_2_occ_0024,Will the red pyramid touch the yellow mat?,yes,yes,1
Collide,529,pilot_it2_collision_simple_box_2_dis_2_occ_0025,Will the red pipe touch the yellow mat?,yes,yes,1
Collide,530,pilot_it2_collision_simple_box_2_dis_2_occ_0026,Will the red pentagon touch the yellow mat?,yes,no,0
Collide,531,pilot_it2_collision_simple_box_2_dis_2_occ_0027,Will the red pyramid touch the yellow mat?,yes,no,0
Collide,532,pilot_it2_collision_simple_box_2_dis_2_occ_0028,Will the red dumbbell touch the yellow mat?,yes,yes,1
Collide,533,pilot_it2_collision_simple_box_2_dis_2_occ_0029,Will the red pyramid touch the yellow mat?,no,no,1
Collide,534,pilot_it2_collision_simple_box_2_dis_2_occ_0030,Will the red pentagon touch the yellow mat?,yes,yes,1
Collide,535,pilot_it2_collision_simple_box_2_dis_2_occ_0031,Will the red pipe touch the yellow mat?,yes,no,0
Collide,536,pilot_it2_collision_simple_box_2_dis_2_occ_0032,Will the red dumbbell touch the yellow mat?,yes,no,0
Collide,537,pilot_it2_collision_simple_box_2_dis_2_occ_0033,Will the red pentagon touch the yellow mat?,yes,yes,1
Collide,538,pilot_it2_collision_simple_box_2_dis_2_occ_0034,Will the red cube touch the yellow mat?,yes,no,0
Collide,539,pilot_it2_collision_simple_box_2_dis_2_occ_0035,Will the red pyramid touch the yellow mat?,no,no,1
Collide,540,pilot_it2_collision_simple_box_2_dis_2_occ_0036,Will the red cube touch the yellow mat?,yes,yes,1
Collide,541,pilot_it2_collision_simple_box_2_dis_2_occ_0037,Will the red bowl touch the yellow mat?,no,no,1
Collide,542,pilot_it2_collision_simple_box_2_dis_2_occ_0038,Will the red dumbbell touch the yellow mat?,no,no,1
Collide,543,pilot_it2_collision_simple_box_2_dis_2_occ_0039,Will the red bowl touch the yellow mat?,no,no,1
Collide,544,pilot_it2_collision_simple_box_2_dis_2_occ_0040,Will the red bowl touch the yellow mat?,yes,yes,1
Collide,545,pilot_it2_collision_simple_box_2_dis_2_occ_0041,Will the red cone touch the yellow mat?,no,yes,0
Collide,546,pilot_it2_collision_simple_tdw_2_dis_2_occ_0000,Will the red pyramid touch the yellow mat?,no,no,1
Collide,547,pilot_it2_collision_simple_tdw_2_dis_2_occ_0001,Will the red pentagon touch the yellow mat?,yes,no,0
Collide,548,pilot_it2_collision_simple_tdw_2_dis_2_occ_0002,Will the red pyramid touch the yellow mat?,yes,yes,1
Collide,549,pilot_it2_collision_simple_tdw_2_dis_2_occ_0003,Will the red bowl touch the yellow mat?,no,yes,0
Collide,550,pilot_it2_collision_simple_tdw_2_dis_2_occ_0004,Will the red bowl touch the yellow mat?,yes,yes,1
Collide,551,pilot_it2_collision_simple_tdw_2_dis_2_occ_0005,Will the red bowl touch the yellow mat?,yes,yes,1
Collide,553,pilot_it2_collision_simple_tdw_2_dis_2_occ_0007,Will the red pentagon touch the yellow mat?,yes,no,0
Collide,554,pilot_it2_collision_simple_tdw_2_dis_2_occ_0008,Will the red pentagon touch the yellow mat?,yes,yes,1
Collide,555,pilot_it2_collision_simple_tdw_2_dis_2_occ_0009,Will the red dumbbell touch the yellow mat?,no,no,1
Collide,556,pilot_it2_collision_simple_tdw_2_dis_2_occ_0010,Will the red pipe touch the yellow mat?,yes,no,0
Collide,557,pilot_it2_collision_simple_tdw_2_dis_2_occ_0011,Will the red cube touch the yellow mat?,yes,yes,1
Collide,558,pilot_it2_collision_simple_tdw_2_dis_2_occ_0012,Will the red dumbbell touch the yellow mat?,yes,no,0
Collide,559,pilot_it2_collision_simple_tdw_2_dis_2_occ_0013,Will the red cube touch the yellow mat?,yes,no,0
Collide,560,pilot_it2_collision_simple_tdw_2_dis_2_occ_0014,Will the red pipe touch the yellow mat?,yes,yes,1
Collide,561,pilot_it2_collision_simple_tdw_2_dis_2_occ_0015,Will the red pyramid touch the yellow mat?,no,no,1
Collide,562,pilot_it2_collision_simple_tdw_2_dis_2_occ_0016,Will the red pipe touch the yellow mat?,yes,no,0
Collide,563,pilot_it2_collision_simple_tdw_2_dis_2_occ_0017,Will the red bowl touch the yellow mat?,no,no,1
Collide,564,pilot_it2_collision_simple_tdw_2_dis_2_occ_0018,Will the red cone touch the yellow mat?,no,yes,0
Collide,565,pilot_it2_collision_simple_tdw_2_dis_2_occ_0019,Will the red cone touch the yellow mat?,no,no,1
Collide,566,pilot_it2_collision_simple_tdw_2_dis_2_occ_0020,Will the red pyramid touch the yellow mat?,yes,yes,1
Collide,567,pilot_it2_collision_simple_tdw_2_dis_2_occ_0021,Will the red pentagon touch the yellow mat?,yes,yes,1
Collide,568,pilot_it2_collision_simple_tdw_2_dis_2_occ_0022,Will the red pipe touch the yellow mat?,yes,yes,1
Collide,569,pilot_it2_collision_simple_tdw_2_dis_2_occ_0023,Will the red cylinder touch the yellow mat?,no,no,1
Collide,570,pilot_it2_collision_simple_tdw_2_dis_2_occ_0024,Will the red pyramid touch the yellow mat?,yes,no,0
Collide,571,pilot_it2_collision_simple_tdw_2_dis_2_occ_0025,Will the red pipe touch the yellow mat?,yes,no,0
Collide,572,pilot_it2_collision_simple_tdw_2_dis_2_occ_0026,Will the red pentagon touch the yellow mat?,yes,yes,1
Collide,573,pilot_it2_collision_simple_tdw_2_dis_2_occ_0027,Will the red pyramid touch the yellow mat?,yes,no,0
Collide,574,pilot_it2_collision_simple_tdw_2_dis_2_occ_0028,Will the red dumbbell touch the yellow mat?,yes,yes,1
Collide,575,pilot_it2_collision_simple_tdw_2_dis_2_occ_0029,Will the red pyramid touch the yellow mat?,no,no,1
Collide,576,pilot_it2_collision_simple_tdw_2_dis_2_occ_0030,Will the red pentagon touch the yellow mat?,no,no,1
Collide,577,pilot_it2_collision_simple_tdw_2_dis_2_occ_0031,Will the red pipe touch the yellow mat?,yes,no,0
Collide,578,pilot_it2_collision_simple_tdw_2_dis_2_occ_0032,Will the red dumbbell touch the yellow mat?,yes,no,0
Collide,579,pilot_it2_collision_simple_tdw_2_dis_2_occ_0033,Will the red pentagon touch the yellow mat?,yes,yes,1
Collide,580,pilot_it2_collision_simple_tdw_2_dis_2_occ_0034,Will the red cube touch the yellow mat?,yes,yes,1
Collide,581,pilot_it2_collision_simple_tdw_2_dis_2_occ_0035,Will the red pyramid touch the yellow mat?,yes,yes,1
Collide,582,pilot_it2_collision_simple_tdw_2_dis_2_occ_0036,Will the red cube touch the yellow mat?,yes,yes,1
Collide,583,pilot_it2_collision_simple_tdw_2_dis_2_occ_0037,Will the red bowl touch the yellow mat?,no,yes,0
Collide,584,pilot_it2_collision_simple_tdw_2_dis_2_occ_0038,Will the red dumbbell touch the yellow mat?,no,no,1
Collide,585,pilot_it2_collision_simple_tdw_2_dis_2_occ_0039,Will the red bowl touch the yellow mat?,no,no,1
Collide,586,pilot_it2_collision_simple_tdw_2_dis_2_occ_0040,Will the red bowl touch the yellow mat?,yes,yes,1
Collide,587,pilot_it2_collision_simple_tdw_2_dis_2_occ_0041,Will the red cone touch the yellow mat?,no,yes,0
Collide,588,pilot_it2_collision_tiny_ball_box_0000,Will the red pipe touch the yellow mat?,yes,yes,1
Collide,589,pilot_it2_collision_tiny_ball_box_0001,Will the red pentagon touch the yellow mat?,yes,no,0
Collide,590,pilot_it2_collision_tiny_ball_box_0002,Will the red pipe touch the yellow mat?,no,no,1
Collide,591,pilot_it2_collision_tiny_ball_box_0003,Will the red pipe touch the yellow mat?,yes,yes,1
Collide,592,pilot_it2_collision_tiny_ball_box_0004,Will the red cube touch the yellow mat?,yes,yes,1
Collide,593,pilot_it2_collision_tiny_ball_box_0005,Will the red pipe touch the yellow mat?,no,no,1
Collide,594,pilot_it2_collision_tiny_ball_box_0006,Will the red pipe touch the yellow mat?,yes,yes,1
Collide,595,pilot_it2_collision_tiny_ball_box_0007,Will the red pentagon touch the yellow mat?,no,no,1
Collide,596,pilot_it2_collision_tiny_ball_box_0008,Will the red pentagon touch the yellow mat?,yes,yes,1
Collide,597,pilot_it2_collision_tiny_ball_box_0009,Will the red pentagon touch the yellow mat?,yes,yes,1
Collide,598,pilot_it2_collision_tiny_ball_box_0010,Will the red pentagon touch the yellow mat?,yes,no,0
Collide,599,pilot_it2_collision_tiny_ball_box_0011,Will the red pipe touch the yellow mat?,yes,yes,1
Collide,600,pilot_it2_collision_tiny_ball_box_0012,Will the red pentagon touch the yellow mat?,yes,yes,1
Collide,601,pilot_it2_collision_tiny_ball_box_0013,Will the red cube touch the yellow mat?,yes,yes,1
Collide,602,pilot_it2_collision_tiny_ball_box_0014,Will the red pipe touch the yellow mat?,no,no,1
Collide,603,pilot_it2_collision_tiny_ball_box_0015,Will the red pentagon touch the yellow mat?,yes,no,0
Collide,604,pilot_it2_collision_tiny_ball_box_0016,Will the red pentagon touch the yellow mat?,no,no,1
Collide,605,pilot_it2_collision_tiny_ball_box_0017,Will the red pipe touch the yellow mat?,no,no,1
Collide,606,pilot_it2_collision_tiny_ball_box_0018,Will the red cube touch the yellow mat?,no,no,1
Collide,607,pilot_it2_collision_tiny_ball_box_0019,Will the red cube touch the yellow mat?,no,no,1
Collide,608,pilot_it2_collision_tiny_ball_box_0020,Will the red pipe touch the yellow mat?,yes,yes,1
Collide,609,pilot_it2_collision_tiny_ball_box_0021,Will the red pentagon touch the yellow mat?,yes,yes,1
Collide,610,pilot_it2_collision_tiny_ball_box_0022,Will the red pentagon touch the yellow mat?,yes,no,0
Collide,611,pilot_it2_collision_tiny_ball_box_0023,Will the red cube touch the yellow mat?,no,no,1
Collide,612,pilot_it2_collision_tiny_ball_box_0024,Will the red pipe touch the yellow mat?,yes,yes,1
Collide,613,pilot_it2_collision_tiny_ball_box_0025,Will the red pipe touch the yellow mat?,no,no,1
Collide,614,pilot_it2_collision_tiny_ball_box_0026,Will the red pentagon touch the yellow mat?,no,no,1
Collide,615,pilot_it2_collision_tiny_ball_box_0027,Will the red pentagon touch the yellow mat?,no,no,1
Collide,616,pilot_it2_collision_tiny_ball_box_0028,Will the red pentagon touch the yellow mat?,no,no,1
Collide,617,pilot_it2_collision_tiny_ball_box_0029,Will the red pentagon touch the yellow mat?,yes,no,0
Collide,618,pilot_it2_collision_tiny_ball_box_0030,Will the red pentagon touch the yellow mat?,no,no,1
Collide,619,pilot_it2_collision_tiny_ball_box_0031,Will the red pentagon touch the yellow mat?,yes,yes,1
Collide,620,pilot_it2_collision_tiny_ball_box_0032,Will the red pentagon touch the yellow mat?,no,no,1
Collide,621,pilot_it2_collision_tiny_ball_box_0033,Will the red pentagon touch the yellow mat?,no,no,1
Collide,622,pilot_it2_collision_tiny_ball_box_0034,Will the red cube touch the yellow mat?,yes,yes,1
Collide,623,pilot_it2_collision_tiny_ball_box_0035,Will the red pentagon touch the yellow mat?,yes,no,0
Collide,624,pilot_it2_collision_tiny_ball_box_0036,Will the red cube touch the yellow mat?,yes,yes,1
Collide,625,pilot_it2_collision_tiny_ball_box_0037,Will the red cube touch the yellow mat?,no,no,1
Collide,626,pilot_it2_collision_tiny_ball_box_0038,Will the red pentagon touch the yellow mat?,no,no,1
Collide,627,pilot_it2_collision_tiny_ball_box_0039,Will the red cube touch the yellow mat?,yes,yes,1
Collide,628,pilot_it2_collision_tiny_ball_box_0040,Will the red cube touch the yellow mat?,yes,yes,1
Collide,629,pilot_it2_collision_tiny_ball_box_0041,Will the red cube touch the yellow mat?,no,no,1
Collide,630,pilot_it2_collision_tiny_ball_box_1_dis_1_occ_0000,Will the red pipe touch the yellow mat?,yes,yes,1
Collide,631,pilot_it2_collision_tiny_ball_box_1_dis_1_occ_0001,Will the red pentagon touch the yellow mat?,yes,no,0
Collide,632,pilot_it2_collision_tiny_ball_box_1_dis_1_occ_0002,Will the red pipe touch the yellow mat?,no,no,1
Collide,633,pilot_it2_collision_tiny_ball_box_1_dis_1_occ_0003,Will the red pipe touch the yellow mat?,yes,yes,1
Collide,634,pilot_it2_collision_tiny_ball_box_1_dis_1_occ_0004,Will the red cube touch the yellow mat?,yes,yes,1
Collide,635,pilot_it2_collision_tiny_ball_box_1_dis_1_occ_0005,Will the red pipe touch the yellow mat?,no,no,1
Collide,636,pilot_it2_collision_tiny_ball_box_1_dis_1_occ_0006,Will the red pipe touch the yellow mat?,yes,yes,1
Collide,637,pilot_it2_collision_tiny_ball_box_1_dis_1_occ_0007,Will the red pentagon touch the yellow mat?,no,no,1
Collide,638,pilot_it2_collision_tiny_ball_box_1_dis_1_occ_0008,Will the red pentagon touch the yellow mat?,yes,yes,1
Collide,639,pilot_it2_collision_tiny_ball_box_1_dis_1_occ_0009,Will the red pentagon touch the yellow mat?,yes,yes,1
Collide,640,pilot_it2_collision_tiny_ball_box_1_dis_1_occ_0010,Will the red pentagon touch the yellow mat?,yes,yes,1
Collide,641,pilot_it2_collision_tiny_ball_box_1_dis_1_occ_0011,Will the red pipe touch the yellow mat?,yes,yes,1
Collide,642,pilot_it2_collision_tiny_ball_box_1_dis_1_occ_0012,Will the red pentagon touch the yellow mat?,yes,yes,1
Collide,643,pilot_it2_collision_tiny_ball_box_1_dis_1_occ_0013,Will the red cube touch the yellow mat?,yes,yes,1
Collide,644,pilot_it2_collision_tiny_ball_box_1_dis_1_occ_0014,Will the red pipe touch the yellow mat?,no,no,1
Collide,645,pilot_it2_collision_tiny_ball_box_1_dis_1_occ_0015,Will the red pentagon touch the yellow mat?,yes,yes,1
Collide,646,pilot_it2_collision_tiny_ball_box_1_dis_1_occ_0016,Will the red pentagon touch the yellow mat?,no,no,1
Collide,647,pilot_it2_collision_tiny_ball_box_1_dis_1_occ_0017,Will the red pipe touch the yellow mat?,no,no,1
Collide,648,pilot_it2_collision_tiny_ball_box_1_dis_1_occ_0018,Will the red cube touch the yellow mat?,no,yes,0
Collide,649,pilot_it2_collision_tiny_ball_box_1_dis_1_occ_0019,Will the red cube touch the yellow mat?,no,no,1
Collide,650,pilot_it2_collision_tiny_ball_box_1_dis_1_occ_0020,Will the red pipe touch the yellow mat?,yes,yes,1
Collide,651,pilot_it2_collision_tiny_ball_box_1_dis_1_occ_0021,Will the red pentagon touch the yellow mat?,yes,yes,1
Collide,652,pilot_it2_collision_tiny_ball_box_1_dis_1_occ_0022,Will the red pentagon touch the yellow mat?,yes,no,0
Collide,653,pilot_it2_collision_tiny_ball_box_1_dis_1_occ_0023,Will the red cube touch the yellow mat?,no,no,1
Collide,654,pilot_it2_collision_tiny_ball_box_1_dis_1_occ_0024,Will the red pipe touch the yellow mat?,yes,yes,1
Collide,655,pilot_it2_collision_tiny_ball_box_1_dis_1_occ_0025,Will the red pipe touch the yellow mat?,no,no,1
Collide,656,pilot_it2_collision_tiny_ball_box_1_dis_1_occ_0026,Will the red pentagon touch the yellow mat?,no,no,1
Collide,657,pilot_it2_collision_tiny_ball_box_1_dis_1_occ_0027,Will the red pentagon touch the yellow mat?,no,no,1
Collide,658,pilot_it2_collision_tiny_ball_box_1_dis_1_occ_0028,Will the red pentagon touch the yellow mat?,no,no,1
Collide,659,pilot_it2_collision_tiny_ball_box_1_dis_1_occ_0029,Will the red pentagon touch the yellow mat?,yes,yes,1
Collide,660,pilot_it2_collision_tiny_ball_box_1_dis_1_occ_0030,Will the red pentagon touch the yellow mat?,no,no,1
Collide,661,pilot_it2_collision_tiny_ball_box_1_dis_1_occ_0031,Will the red pentagon touch the yellow mat?,yes,yes,1
Collide,662,pilot_it2_collision_tiny_ball_box_1_dis_1_occ_0032,Will the red pentagon touch the yellow mat?,no,no,1
Collide,663,pilot_it2_collision_tiny_ball_box_1_dis_1_occ_0033,Will the red pentagon touch the yellow mat?,no,no,1
Collide,664,pilot_it2_collision_tiny_ball_box_1_dis_1_occ_0034,Will the red cube touch the yellow mat?,yes,yes,1
Collide,665,pilot_it2_collision_tiny_ball_box_1_dis_1_occ_0035,Will the red pentagon touch the yellow mat?,yes,no,0
Collide,666,pilot_it2_collision_tiny_ball_box_1_dis_1_occ_0036,Will the red cube touch the yellow mat?,yes,yes,1
Collide,667,pilot_it2_collision_tiny_ball_box_1_dis_1_occ_0037,Will the red cube touch the yellow mat?,no,no,1
Collide,668,pilot_it2_collision_tiny_ball_box_1_dis_1_occ_0038,Will the red pentagon touch the yellow mat?,no,no,1
Collide,669,pilot_it2_collision_tiny_ball_box_1_dis_1_occ_0039,Will the red cube touch the yellow mat?,yes,yes,1
Collide,670,pilot_it2_collision_tiny_ball_box_1_dis_1_occ_0040,Will the red cube touch the yellow mat?,yes,yes,1
Collide,671,pilot_it2_collision_tiny_ball_box_1_dis_1_occ_0041,Will the red cube touch the yellow mat?,no,no,1
Collide,672,pilot_it2_collision_tiny_ball_box_2_dis_2_occ_0000,Will the red pipe touch the yellow mat?,yes,yes,1
Collide,673,pilot_it2_collision_tiny_ball_box_2_dis_2_occ_0001,Will the red pentagon touch the yellow mat?,yes,no,0
Collide,674,pilot_it2_collision_tiny_ball_box_2_dis_2_occ_0002,Will the red pipe touch the yellow mat?,no,no,1
Collide,675,pilot_it2_collision_tiny_ball_box_2_dis_2_occ_0003,Will the red pipe touch the yellow mat?,yes,yes,1
Collide,676,pilot_it2_collision_tiny_ball_box_2_dis_2_occ_0004,Will the red cube touch the yellow mat?,yes,yes,1
Collide,677,pilot_it2_collision_tiny_ball_box_2_dis_2_occ_0005,Will the red pipe touch the yellow mat?,no,no,1
Collide,678,pilot_it2_collision_tiny_ball_box_2_dis_2_occ_0006,Will the red pipe touch the yellow mat?,yes,yes,1
Collide,679,pilot_it2_collision_tiny_ball_box_2_dis_2_occ_0007,Will the red pentagon touch the yellow mat?,no,no,1
Collide,680,pilot_it2_collision_tiny_ball_box_2_dis_2_occ_0008,Will the red pentagon touch the yellow mat?,yes,yes,1
Collide,681,pilot_it2_collision_tiny_ball_box_2_dis_2_occ_0009,Will the red pentagon touch the yellow mat?,yes,yes,1
Collide,682,pilot_it2_collision_tiny_ball_box_2_dis_2_occ_0010,Will the red pentagon touch the yellow mat?,yes,yes,1
Collide,683,pilot_it2_collision_tiny_ball_box_2_dis_2_occ_0011,Will the red pipe touch the yellow mat?,yes,yes,1
Collide,684,pilot_it2_collision_tiny_ball_box_2_dis_2_occ_0012,Will the red pentagon touch the yellow mat?,yes,yes,1
Collide,685,pilot_it2_collision_tiny_ball_box_2_dis_2_occ_0013,Will the red cube touch the yellow mat?,yes,yes,1
Collide,686,pilot_it2_collision_tiny_ball_box_2_dis_2_occ_0014,Will the red pipe touch the yellow mat?,no,no,1
Collide,687,pilot_it2_collision_tiny_ball_box_2_dis_2_occ_0015,Will the red pentagon touch the yellow mat?,yes,no,0
Collide,688,pilot_it2_collision_tiny_ball_box_2_dis_2_occ_0016,Will the red pentagon touch the yellow mat?,no,no,1
Collide,689,pilot_it2_collision_tiny_ball_box_2_dis_2_occ_0017,Will the red pipe touch the yellow mat?,no,no,1
Collide,690,pilot_it2_collision_tiny_ball_box_2_dis_2_occ_0018,Will the red cube touch the yellow mat?,no,yes,0
Collide,691,pilot_it2_collision_tiny_ball_box_2_dis_2_occ_0019,Will the red cube touch the yellow mat?,no,no,1
Collide,692,pilot_it2_collision_tiny_ball_box_2_dis_2_occ_0020,Will the red pipe touch the yellow mat?,yes,yes,1
Collide,693,pilot_it2_collision_tiny_ball_box_2_dis_2_occ_0021,Will the red pentagon touch the yellow mat?,yes,yes,1
Collide,694,pilot_it2_collision_tiny_ball_box_2_dis_2_occ_0022,Will the red pentagon touch the yellow mat?,yes,no,0
Collide,695,pilot_it2_collision_tiny_ball_box_2_dis_2_occ_0023,Will the red cube touch the yellow mat?,no,no,1
Collide,696,pilot_it2_collision_tiny_ball_box_2_dis_2_occ_0024,Will the red pipe touch the yellow mat?,yes,yes,1
Collide,697,pilot_it2_collision_tiny_ball_box_2_dis_2_occ_0025,Will the red pipe touch the yellow mat?,no,no,1
Collide,698,pilot_it2_collision_tiny_ball_box_2_dis_2_occ_0026,Will the red pentagon touch the yellow mat?,no,yes,0
Collide,699,pilot_it2_collision_tiny_ball_box_2_dis_2_occ_0027,Will the red pentagon touch the yellow mat?,no,no,1
Collide,700,pilot_it2_collision_tiny_ball_box_2_dis_2_occ_0028,Will the red pentagon touch the yellow mat?,no,no,1
Collide,701,pilot_it2_collision_tiny_ball_box_2_dis_2_occ_0029,Will the red pentagon touch the yellow mat?,yes,yes,1
Collide,702,pilot_it2_collision_tiny_ball_box_2_dis_2_occ_0030,Will the red pentagon touch the yellow mat?,no,no,1
Collide,703,pilot_it2_collision_tiny_ball_box_2_dis_2_occ_0031,Will the red pentagon touch the yellow mat?,yes,yes,1
Collide,704,pilot_it2_collision_tiny_ball_box_2_dis_2_occ_0032,Will the red pentagon touch the yellow mat?,no,no,1
Collide,705,pilot_it2_collision_tiny_ball_box_2_dis_2_occ_0033,Will the red pentagon touch the yellow mat?,yes,yes,1
Collide,706,pilot_it2_collision_tiny_ball_box_2_dis_2_occ_0034,Will the red cube touch the yellow mat?,yes,yes,1
Collide,707,pilot_it2_collision_tiny_ball_box_2_dis_2_occ_0035,Will the red pentagon touch the yellow mat?,yes,yes,1
Collide,708,pilot_it2_collision_tiny_ball_box_2_dis_2_occ_0036,Will the red cube touch the yellow mat?,yes,yes,1
Collide,709,pilot_it2_collision_tiny_ball_box_2_dis_2_occ_0037,Will the red cube touch the yellow mat?,no,no,1
Collide,710,pilot_it2_collision_tiny_ball_box_2_dis_2_occ_0038,Will the red pentagon touch the yellow mat?,no,no,1
Collide,711,pilot_it2_collision_tiny_ball_box_2_dis_2_occ_0039,Will the red cube touch the yellow mat?,yes,yes,1
Collide,712,pilot_it2_collision_tiny_ball_box_2_dis_2_occ_0040,Will the red cube touch the yellow mat?,yes,yes,1
Collide,713,pilot_it2_collision_tiny_ball_box_2_dis_2_occ_0041,Will the red cube touch the yellow mat?,no,no,1
Collide,714,pilot_it2_collision_tiny_ball_tdw_1_dis_1_occ_0000,Will the red pipe touch the yellow mat?,yes,yes,1
Collide,715,pilot_it2_collision_tiny_ball_tdw_1_dis_1_occ_0001,Will the red pentagon touch the yellow mat?,yes,no,0
Collide,716,pilot_it2_collision_tiny_ball_tdw_1_dis_1_occ_0002,Will the red pipe touch the yellow mat?,no,no,1
Collide,717,pilot_it2_collision_tiny_ball_tdw_1_dis_1_occ_0003,Will the red pipe touch the yellow mat?,yes,yes,1
Collide,718,pilot_it2_collision_tiny_ball_tdw_1_dis_1_occ_0004,Will the red cube touch the yellow mat?,yes,yes,1
Collide,719,pilot_it2_collision_tiny_ball_tdw_1_dis_1_occ_0005,Will the red pipe touch the yellow mat?,no,yes,0
Collide,720,pilot_it2_collision_tiny_ball_tdw_1_dis_1_occ_0006,Will the red pipe touch the yellow mat?,yes,yes,1
Collide,721,pilot_it2_collision_tiny_ball_tdw_1_dis_1_occ_0007,Will the red pentagon touch the yellow mat?,no,no,1
Collide,722,pilot_it2_collision_tiny_ball_tdw_1_dis_1_occ_0008,Will the red pentagon touch the yellow mat?,yes,yes,1
Collide,723,pilot_it2_collision_tiny_ball_tdw_1_dis_1_occ_0009,Will the red pentagon touch the yellow mat?,yes,yes,1
Collide,724,pilot_it2_collision_tiny_ball_tdw_1_dis_1_occ_0010,Will the red pentagon touch the yellow mat?,yes,yes,1
Collide,725,pilot_it2_collision_tiny_ball_tdw_1_dis_1_occ_0011,Will the red pipe touch the yellow mat?,yes,yes,1
Collide,726,pilot_it2_collision_tiny_ball_tdw_1_dis_1_occ_0012,Will the red pentagon touch the yellow mat?,yes,yes,1
Collide,727,pilot_it2_collision_tiny_ball_tdw_1_dis_1_occ_0013,Will the red cube touch the yellow mat?,yes,yes,1
Collide,728,pilot_it2_collision_tiny_ball_tdw_1_dis_1_occ_0014,Will the red pipe touch the yellow mat?,no,yes,0
Collide,729,pilot_it2_collision_tiny_ball_tdw_1_dis_1_occ_0015,Will the red pentagon touch the yellow mat?,no,no,1
Collide,730,pilot_it2_collision_tiny_ball_tdw_1_dis_1_occ_0016,Will the red pentagon touch the yellow mat?,no,no,1
Collide,731,pilot_it2_collision_tiny_ball_tdw_1_dis_1_occ_0017,Will the red pipe touch the yellow mat?,no,no,1
Collide,732,pilot_it2_collision_tiny_ball_tdw_1_dis_1_occ_0018,Will the red cube touch the yellow mat?,no,yes,0
Collide,733,pilot_it2_collision_tiny_ball_tdw_1_dis_1_occ_0019,Will the red cube touch the yellow mat?,no,no,1
Collide,734,pilot_it2_collision_tiny_ball_tdw_1_dis_1_occ_0020,Will the red pipe touch the yellow mat?,yes,yes,1
Collide,735,pilot_it2_collision_tiny_ball_tdw_1_dis_1_occ_0021,Will the red pentagon touch the yellow mat?,yes,yes,1
Collide,736,pilot_it2_collision_tiny_ball_tdw_1_dis_1_occ_0022,Will the red pentagon touch the yellow mat?,no,no,1
Collide,737,pilot_it2_collision_tiny_ball_tdw_1_dis_1_occ_0023,Will the red cube touch the yellow mat?,no,no,1
Collide,738,pilot_it2_collision_tiny_ball_tdw_1_dis_1_occ_0024,Will the red pipe touch the yellow mat?,yes,yes,1
Collide,739,pilot_it2_collision_tiny_ball_tdw_1_dis_1_occ_0025,Will the red pipe touch the yellow mat?,no,no,1
Collide,740,pilot_it2_collision_tiny_ball_tdw_1_dis_1_occ_0026,Will the red pentagon touch the yellow mat?,no,no,1
Collide,741,pilot_it2_collision_tiny_ball_tdw_1_dis_1_occ_0027,Will the red pentagon touch the yellow mat?,no,no,1
Collide,742,pilot_it2_collision_tiny_ball_tdw_1_dis_1_occ_0028,Will the red pentagon touch the yellow mat?,no,no,1
Collide,743,pilot_it2_collision_tiny_ball_tdw_1_dis_1_occ_0029,Will the red pentagon touch the yellow mat?,yes,yes,1
Collide,744,pilot_it2_collision_tiny_ball_tdw_1_dis_1_occ_0030,Will the red pentagon touch the yellow mat?,yes,yes,1
Collide,745,pilot_it2_collision_tiny_ball_tdw_1_dis_1_occ_0031,Will the red pentagon touch the yellow mat?,yes,yes,1
Collide,746,pilot_it2_collision_tiny_ball_tdw_1_dis_1_occ_0032,Will the red pentagon touch the yellow mat?,no,yes,0
Collide,747,pilot_it2_collision_tiny_ball_tdw_1_dis_1_occ_0033,Will the red pentagon touch the yellow mat?,yes,no,0
Collide,748,pilot_it2_collision_tiny_ball_tdw_1_dis_1_occ_0034,Will the red cube touch the yellow mat?,yes,yes,1
Collide,749,pilot_it2_collision_tiny_ball_tdw_1_dis_1_occ_0035,Will the red pentagon touch the yellow mat?,yes,yes,1
Collide,750,pilot_it2_collision_tiny_ball_tdw_1_dis_1_occ_0036,Will the red cube touch the yellow mat?,yes,yes,1
Collide,751,pilot_it2_collision_tiny_ball_tdw_1_dis_1_occ_0037,Will the red cube touch the yellow mat?,no,no,1
Collide,752,pilot_it2_collision_tiny_ball_tdw_1_dis_1_occ_0038,Will the red pentagon touch the yellow mat?,no,no,1
Collide,753,pilot_it2_collision_tiny_ball_tdw_1_dis_1_occ_0039,Will the red cube touch the yellow mat?,yes,yes,1
Collide,754,pilot_it2_collision_tiny_ball_tdw_1_dis_1_occ_0040,Will the red cube touch the yellow mat?,yes,yes,1
Collide,755,pilot_it2_collision_tiny_ball_tdw_1_dis_1_occ_0041,Will the red cube touch the yellow mat?,no,no,1
Collide,756,pilot_it2_collision_tiny_ball_tdw_2_dis_2_occ_0000,Will the red pipe touch the yellow mat?,yes,yes,1
Collide,757,pilot_it2_collision_tiny_ball_tdw_2_dis_2_occ_0001,Will the red pentagon touch the yellow mat?,yes,no,0
Collide,758,pilot_it2_collision_tiny_ball_tdw_2_dis_2_occ_0002,Will the red pipe touch the yellow mat?,no,no,1
Collide,759,pilot_it2_collision_tiny_ball_tdw_2_dis_2_occ_0003,Will the red pipe touch the yellow mat?,no,yes,0
Collide,760,pilot_it2_collision_tiny_ball_tdw_2_dis_2_occ_0004,Will the red cube touch the yellow mat?,yes,yes,1
Collide,761,pilot_it2_collision_tiny_ball_tdw_2_dis_2_occ_0005,Will the red pipe touch the yellow mat?,no,no,1
Collide,762,pilot_it2_collision_tiny_ball_tdw_2_dis_2_occ_0006,Will the red pipe touch the yellow mat?,yes,yes,1
Collide,763,pilot_it2_collision_tiny_ball_tdw_2_dis_2_occ_0007,Will the red pentagon touch the yellow mat?,no,no,1
Collide,764,pilot_it2_collision_tiny_ball_tdw_2_dis_2_occ_0008,Will the red pentagon touch the yellow mat?,yes,yes,1
Collide,765,pilot_it2_collision_tiny_ball_tdw_2_dis_2_occ_0009,Will the red pentagon touch the yellow mat?,yes,yes,1
Collide,766,pilot_it2_collision_tiny_ball_tdw_2_dis_2_occ_0010,Will the red pentagon touch the yellow mat?,yes,yes,1
Collide,767,pilot_it2_collision_tiny_ball_tdw_2_dis_2_occ_0011,Will the red pipe touch the yellow mat?,yes,yes,1
Collide,768,pilot_it2_collision_tiny_ball_tdw_2_dis_2_occ_0012,Will the red pentagon touch the yellow mat?,yes,yes,1
Collide,769,pilot_it2_collision_tiny_ball_tdw_2_dis_2_occ_0013,Will the red cube touch the yellow mat?,yes,yes,1
Collide,770,pilot_it2_collision_tiny_ball_tdw_2_dis_2_occ_0014,Will the red pipe touch the yellow mat?,no,yes,0
Collide,771,pilot_it2_collision_tiny_ball_tdw_2_dis_2_occ_0015,Will the red pentagon touch the yellow mat?,no,no,1
Collide,772,pilot_it2_collision_tiny_ball_tdw_2_dis_2_occ_0016,Will the red pentagon touch the yellow mat?,no,no,1
Collide,773,pilot_it2_collision_tiny_ball_tdw_2_dis_2_occ_0017,Will the red pipe touch the yellow mat?,no,no,1
Collide,774,pilot_it2_collision_tiny_ball_tdw_2_dis_2_occ_0018,Will the red cube touch the yellow mat?,no,yes,0
Collide,775,pilot_it2_collision_tiny_ball_tdw_2_dis_2_occ_0019,Will the red cube touch the yellow mat?,no,no,1
Collide,776,pilot_it2_collision_tiny_ball_tdw_2_dis_2_occ_0020,Will the red pipe touch the yellow mat?,yes,yes,1
Collide,777,pilot_it2_collision_tiny_ball_tdw_2_dis_2_occ_0021,Will the red pentagon touch the yellow mat?,yes,yes,1
Collide,778,pilot_it2_collision_tiny_ball_tdw_2_dis_2_occ_0022,Will the red pentagon touch the yellow mat?,no,no,1
Collide,779,pilot_it2_collision_tiny_ball_tdw_2_dis_2_occ_0023,Will the red cube touch the yellow mat?,no,no,1
Collide,780,pilot_it2_collision_tiny_ball_tdw_2_dis_2_occ_0024,Will the red pipe touch the yellow mat?,yes,yes,1
Collide,781,pilot_it2_collision_tiny_ball_tdw_2_dis_2_occ_0025,Will the red pipe touch the yellow mat?,no,no,1
Collide,782,pilot_it2_collision_tiny_ball_tdw_2_dis_2_occ_0026,Will the red pentagon touch the yellow mat?,no,no,1
Collide,783,pilot_it2_collision_tiny_ball_tdw_2_dis_2_occ_0027,Will the red pentagon touch the yellow mat?,no,no,1
Collide,784,pilot_it2_collision_tiny_ball_tdw_2_dis_2_occ_0028,Will the red pentagon touch the yellow mat?,no,no,1
Collide,785,pilot_it2_collision_tiny_ball_tdw_2_dis_2_occ_0029,Will the red pentagon touch the yellow mat?,yes,yes,1
Collide,786,pilot_it2_collision_tiny_ball_tdw_2_dis_2_occ_0030,Will the red pentagon touch the yellow mat?,yes,no,0
Collide,787,pilot_it2_collision_tiny_ball_tdw_2_dis_2_occ_0031,Will the red pentagon touch the yellow mat?,yes,yes,1
Collide,788,pilot_it2_collision_tiny_ball_tdw_2_dis_2_occ_0032,Will the red pentagon touch the yellow mat?,no,no,1
Collide,789,pilot_it2_collision_tiny_ball_tdw_2_dis_2_occ_0033,Will the red pentagon touch the yellow mat?,yes,no,0
Collide,790,pilot_it2_collision_tiny_ball_tdw_2_dis_2_occ_0034,Will the red cube touch the yellow mat?,yes,yes,1
Collide,791,pilot_it2_collision_tiny_ball_tdw_2_dis_2_occ_0035,Will the red pentagon touch the yellow mat?,yes,yes,1
Collide,792,pilot_it2_collision_tiny_ball_tdw_2_dis_2_occ_0036,Will the red cube touch the yellow mat?,yes,yes,1
Collide,793,pilot_it2_collision_tiny_ball_tdw_2_dis_2_occ_0037,Will the red cube touch the yellow mat?,no,no,1
Collide,794,pilot_it2_collision_tiny_ball_tdw_2_dis_2_occ_0038,Will the red pentagon touch the yellow mat?,no,no,1
Collide,795,pilot_it2_collision_tiny_ball_tdw_2_dis_2_occ_0039,Will the red cube touch the yellow mat?,yes,yes,1
Collide,796,pilot_it2_collision_tiny_ball_tdw_2_dis_2_occ_0040,Will the red cube touch the yellow mat?,yes,yes,1
Collide,797,pilot_it2_collision_tiny_ball_tdw_2_dis_2_occ_0041,Will the red cube touch the yellow mat?,no,no,1
Collide,798,pilot_it2_collision_yeet_box_0000,Will the red pipe touch the yellow mat?,no,no,1
Collide,799,pilot_it2_collision_yeet_box_0001,Will the red pentagon touch the yellow mat?,yes,no,0
Collide,800,pilot_it2_collision_yeet_box_0002,Will the red pipe touch the yellow mat?,yes,yes,1
Collide,801,pilot_it2_collision_yeet_box_0003,Will the red pipe touch the yellow mat?,no,no,1
Collide,802,pilot_it2_collision_yeet_box_0004,Will the red cube touch the yellow mat?,no,no,1
Collide,803,pilot_it2_collision_yeet_box_0005,Will the red pipe touch the yellow mat?,no,no,1
Collide,804,pilot_it2_collision_yeet_box_0006,Will the red pipe touch the yellow mat?,no,no,1
Collide,805,pilot_it2_collision_yeet_box_0007,Will the red pentagon touch the yellow mat?,yes,no,0
Collide,806,pilot_it2_collision_yeet_box_0008,Will the red pentagon touch the yellow mat?,no,no,1
Collide,807,pilot_it2_collision_yeet_box_0009,Will the red pentagon touch the yellow mat?,no,no,1
Collide,808,pilot_it2_collision_yeet_box_0010,Will the red pentagon touch the yellow mat?,yes,no,0
Collide,809,pilot_it2_collision_yeet_box_0011,Will the red pipe touch the yellow mat?,yes,yes,1
Collide,810,pilot_it2_collision_yeet_box_0012,Will the red pentagon touch the yellow mat?,no,no,1
Collide,811,pilot_it2_collision_yeet_box_0013,Will the red cube touch the yellow mat?,no,no,1
Collide,812,pilot_it2_collision_yeet_box_0014,Will the red pipe touch the yellow mat?,yes,yes,1
Collide,813,pilot_it2_collision_yeet_box_0015,Will the red pentagon touch the yellow mat?,yes,no,0
Collide,814,pilot_it2_collision_yeet_box_0016,Will the red pentagon touch the yellow mat?,yes,yes,1
Collide,815,pilot_it2_collision_yeet_box_0017,Will the red pipe touch the yellow mat?,yes,yes,1
Collide,816,pilot_it2_collision_yeet_box_0018,Will the red cube touch the yellow mat?,yes,yes,1
Collide,817,pilot_it2_collision_yeet_box_0019,Will the red cube touch the yellow mat?,no,no,1
Collide,818,pilot_it2_collision_yeet_box_0020,Will the red pipe touch the yellow mat?,no,no,1
Collide,819,pilot_it2_collision_yeet_box_0021,Will the red pentagon touch the yellow mat?,no,no,1
Collide,820,pilot_it2_collision_yeet_box_0022,Will the red pentagon touch the yellow mat?,yes,no,0
Collide,821,pilot_it2_collision_yeet_box_0023,Will the red cube touch the yellow mat?,no,no,1
Collide,822,pilot_it2_collision_yeet_box_0024,Will the red pipe touch the yellow mat?,no,no,1
Collide,823,pilot_it2_collision_yeet_box_0025,Will the red pipe touch the yellow mat?,no,no,1
Collide,824,pilot_it2_collision_yeet_box_0026,Will the red pentagon touch the yellow mat?,yes,no,0
Collide,825,pilot_it2_collision_yeet_box_0027,Will the red pentagon touch the yellow mat?,no,no,1
Collide,826,pilot_it2_collision_yeet_box_0028,Will the red pentagon touch the yellow mat?,yes,yes,1
Collide,827,pilot_it2_collision_yeet_box_0029,Will the red pentagon touch the yellow mat?,no,no,1
Collide,828,pilot_it2_collision_yeet_box_0030,Will the red pentagon touch the yellow mat?,yes,yes,1
Collide,829,pilot_it2_collision_yeet_box_0031,Will the red pentagon touch the yellow mat?,no,no,1
Collide,830,pilot_it2_collision_yeet_box_0032,Will the red pentagon touch the yellow mat?,no,no,1
Collide,831,pilot_it2_collision_yeet_box_0033,Will the red pentagon touch the yellow mat?,yes,yes,1
Collide,832,pilot_it2_collision_yeet_box_0034,Will the red cube touch the yellow mat?,no,no,1
Collide,833,pilot_it2_collision_yeet_box_0035,Will the red pentagon touch the yellow mat?,no,no,1
Collide,834,pilot_it2_collision_yeet_box_0036,Will the red cube touch the yellow mat?,yes,yes,1
Collide,835,pilot_it2_collision_yeet_box_0037,Will the red cube touch the yellow mat?,no,no,1
Collide,836,pilot_it2_collision_yeet_box_0038,Will the red pentagon touch the yellow mat?,no,no,1
Collide,837,pilot_it2_collision_yeet_box_0039,Will the red cube touch the yellow mat?,no,no,1
Collide,838,pilot_it2_collision_yeet_box_0040,Will the red cube touch the yellow mat?,no,no,1
Collide,839,pilot_it2_collision_yeet_box_0041,Will the red cube touch the yellow mat?,no,yes,0
Collide,840,pilot_it2_collision_yeet_box_1_dis_1_occ_0000,Will the red pipe touch the yellow mat?,no,yes,0
Collide,841,pilot_it2_collision_yeet_box_1_dis_1_occ_0001,Will the red pentagon touch the yellow mat?,yes,no,0
Collide,842,pilot_it2_collision_yeet_box_1_dis_1_occ_0002,Will the red pipe touch the yellow mat?,yes,yes,1
Collide,843,pilot_it2_collision_yeet_box_1_dis_1_occ_0003,Will the red pipe touch the yellow mat?,no,no,1
Collide,844,pilot_it2_collision_yeet_box_1_dis_1_occ_0004,Will the red cube touch the yellow mat?,no,no,1
Collide,845,pilot_it2_collision_yeet_box_1_dis_1_occ_0005,Will the red pipe touch the yellow mat?,no,no,1
Collide,846,pilot_it2_collision_yeet_box_1_dis_1_occ_0006,Will the red pipe touch the yellow mat?,no,no,1
Collide,847,pilot_it2_collision_yeet_box_1_dis_1_occ_0007,Will the red pentagon touch the yellow mat?,yes,no,0
Collide,848,pilot_it2_collision_yeet_box_1_dis_1_occ_0008,Will the red pentagon touch the yellow mat?,no,no,1
Collide,849,pilot_it2_collision_yeet_box_1_dis_1_occ_0009,Will the red pentagon touch the yellow mat?,no,no,1
Collide,850,pilot_it2_collision_yeet_box_1_dis_1_occ_0010,Will the red pentagon touch the yellow mat?,yes,yes,1
Collide,851,pilot_it2_collision_yeet_box_1_dis_1_occ_0011,Will the red pipe touch the yellow mat?,yes,yes,1
Collide,852,pilot_it2_collision_yeet_box_1_dis_1_occ_0012,Will the red pentagon touch the yellow mat?,no,no,1
Collide,853,pilot_it2_collision_yeet_box_1_dis_1_occ_0013,Will the red cube touch the yellow mat?,no,no,1
Collide,854,pilot_it2_collision_yeet_box_1_dis_1_occ_0014,Will the red pipe touch the yellow mat?,yes,yes,1
Collide,855,pilot_it2_collision_yeet_box_1_dis_1_occ_0015,Will the red pentagon touch the yellow mat?,yes,no,0
Collide,856,pilot_it2_collision_yeet_box_1_dis_1_occ_0016,Will the red pentagon touch the yellow mat?,yes,yes,1
Collide,857,pilot_it2_collision_yeet_box_1_dis_1_occ_0017,Will the red pipe touch the yellow mat?,yes,yes,1
Collide,858,pilot_it2_collision_yeet_box_1_dis_1_occ_0018,Will the red cube touch the yellow mat?,yes,yes,1
Collide,859,pilot_it2_collision_yeet_box_1_dis_1_occ_0019,Will the red cube touch the yellow mat?,no,no,1
Collide,860,pilot_it2_collision_yeet_box_1_dis_1_occ_0020,Will the red pipe touch the yellow mat?,no,no,1
Collide,861,pilot_it2_collision_yeet_box_1_dis_1_occ_0021,Will the red pentagon touch the yellow mat?,no,no,1
Collide,862,pilot_it2_collision_yeet_box_1_dis_1_occ_0022,Will the red pentagon touch the yellow mat?,yes,no,0
Collide,863,pilot_it2_collision_yeet_box_1_dis_1_occ_0023,Will the red cube touch the yellow mat?,no,no,1
Collide,864,pilot_it2_collision_yeet_box_1_dis_1_occ_0024,Will the red pipe touch the yellow mat?,no,no,1
Collide,865,pilot_it2_collision_yeet_box_1_dis_1_occ_0025,Will the red pipe touch the yellow mat?,no,no,1
Collide,866,pilot_it2_collision_yeet_box_1_dis_1_occ_0026,Will the red pentagon touch the yellow mat?,yes,no,0
Collide,867,pilot_it2_collision_yeet_box_1_dis_1_occ_0027,Will the red pentagon touch the yellow mat?,no,no,1
Collide,868,pilot_it2_collision_yeet_box_1_dis_1_occ_0028,Will the red pentagon touch the yellow mat?,yes,yes,1
Collide,869,pilot_it2_collision_yeet_box_1_dis_1_occ_0029,Will the red pentagon touch the yellow mat?,no,no,1
Collide,870,pilot_it2_collision_yeet_box_1_dis_1_occ_0030,Will the red pentagon touch the yellow mat?,yes,yes,1
Collide,871,pilot_it2_collision_yeet_box_1_dis_1_occ_0031,Will the red pentagon touch the yellow mat?,no,no,1
Collide,872,pilot_it2_collision_yeet_box_1_dis_1_occ_0032,Will the red pentagon touch the yellow mat?,no,no,1
Collide,873,pilot_it2_collision_yeet_box_1_dis_1_occ_0033,Will the red pentagon touch the yellow mat?,yes,no,0
Collide,874,pilot_it2_collision_yeet_box_1_dis_1_occ_0034,Will the red cube touch the yellow mat?,no,no,1
Collide,875,pilot_it2_collision_yeet_box_1_dis_1_occ_0035,Will the red pentagon touch the yellow mat?,no,no,1
Collide,876,pilot_it2_collision_yeet_box_1_dis_1_occ_0036,Will the red cube touch the yellow mat?,yes,yes,1
Collide,877,pilot_it2_collision_yeet_box_1_dis_1_occ_0037,Will the red cube touch the yellow mat?,no,no,1
Collide,878,pilot_it2_collision_yeet_box_1_dis_1_occ_0038,Will the red pentagon touch the yellow mat?,no,no,1
Collide,879,pilot_it2_collision_yeet_box_1_dis_1_occ_0039,Will the red cube touch the yellow mat?,no,no,1
Collide,880,pilot_it2_collision_yeet_box_1_dis_1_occ_0040,Will the red cube touch the yellow mat?,no,no,1
Collide,881,pilot_it2_collision_yeet_box_1_dis_1_occ_0041,Will the red cube touch the yellow mat?,no,no,1
Collide,882,pilot_it2_collision_yeet_box_2_dis_2_occ_0000,Will the red pipe touch the yellow mat?,no,no,1
Collide,883,pilot_it2_collision_yeet_box_2_dis_2_occ_0001,Will the red pentagon touch the yellow mat?,yes,no,0
Collide,884,pilot_it2_collision_yeet_box_2_dis_2_occ_0002,Will the red pipe touch the yellow mat?,yes,yes,1
Collide,885,pilot_it2_collision_yeet_box_2_dis_2_occ_0003,Will the red pipe touch the yellow mat?,no,no,1
Collide,886,pilot_it2_collision_yeet_box_2_dis_2_occ_0004,Will the red cube touch the yellow mat?,no,no,1
Collide,887,pilot_it2_collision_yeet_box_2_dis_2_occ_0005,Will the red pipe touch the yellow mat?,no,no,1
Collide,888,pilot_it2_collision_yeet_box_2_dis_2_occ_0006,Will the red pipe touch the yellow mat?,no,no,1
Collide,889,pilot_it2_collision_yeet_box_2_dis_2_occ_0007,Will the red pentagon touch the yellow mat?,yes,yes,1
Collide,890,pilot_it2_collision_yeet_box_2_dis_2_occ_0008,Will the red pentagon touch the yellow mat?,no,no,1
Collide,891,pilot_it2_collision_yeet_box_2_dis_2_occ_0009,Will the red pentagon touch the yellow mat?,no,no,1
Collide,892,pilot_it2_collision_yeet_box_2_dis_2_occ_0010,Will the red pentagon touch the yellow mat?,yes,yes,1
Collide,893,pilot_it2_collision_yeet_box_2_dis_2_occ_0011,Will the red pipe touch the yellow mat?,yes,yes,1
Collide,894,pilot_it2_collision_yeet_box_2_dis_2_occ_0012,Will the red pentagon touch the yellow mat?,no,no,1
Collide,895,pilot_it2_collision_yeet_box_2_dis_2_occ_0013,Will the red cube touch the yellow mat?,no,no,1
Collide,896,pilot_it2_collision_yeet_box_2_dis_2_occ_0014,Will the red pipe touch the yellow mat?,yes,yes,1
Collide,897,pilot_it2_collision_yeet_box_2_dis_2_occ_0015,Will the red pentagon touch the yellow mat?,yes,no,0
Collide,898,pilot_it2_collision_yeet_box_2_dis_2_occ_0016,Will the red pentagon touch the yellow mat?,yes,no,0
Collide,899,pilot_it2_collision_yeet_box_2_dis_2_occ_0017,Will the red pipe touch the yellow mat?,yes,yes,1
Collide,900,pilot_it2_collision_yeet_box_2_dis_2_occ_0018,Will the red cube touch the yellow mat?,yes,yes,1
Collide,901,pilot_it2_collision_yeet_box_2_dis_2_occ_0019,Will the red cube touch the yellow mat?,no,no,1
Collide,902,pilot_it2_collision_yeet_box_2_dis_2_occ_0020,Will the red pipe touch the yellow mat?,no,no,1
Collide,903,pilot_it2_collision_yeet_box_2_dis_2_occ_0021,Will the red pentagon touch the yellow mat?,no,no,1
Collide,904,pilot_it2_collision_yeet_box_2_dis_2_occ_0022,Will the red pentagon touch the yellow mat?,yes,yes,1
Collide,905,pilot_it2_collision_yeet_box_2_dis_2_occ_0023,Will the red cube touch the yellow mat?,no,no,1
Collide,906,pilot_it2_collision_yeet_box_2_dis_2_occ_0024,Will the red pipe touch the yellow mat?,no,no,1
Collide,907,pilot_it2_collision_yeet_box_2_dis_2_occ_0025,Will the red pipe touch the yellow mat?,no,no,1
Collide,908,pilot_it2_collision_yeet_box_2_dis_2_occ_0026,Will the red pentagon touch the yellow mat?,yes,no,0
Collide,909,pilot_it2_collision_yeet_box_2_dis_2_occ_0027,Will the red pentagon touch the yellow mat?,no,no,1
Collide,910,pilot_it2_collision_yeet_box_2_dis_2_occ_0028,Will the red pentagon touch the yellow mat?,yes,yes,1
Collide,911,pilot_it2_collision_yeet_box_2_dis_2_occ_0029,Will the red pentagon touch the yellow mat?,no,no,1
Collide,912,pilot_it2_collision_yeet_box_2_dis_2_occ_0030,Will the red pentagon touch the yellow mat?,yes,yes,1
Collide,913,pilot_it2_collision_yeet_box_2_dis_2_occ_0031,Will the red pentagon touch the yellow mat?,no,no,1
Collide,914,pilot_it2_collision_yeet_box_2_dis_2_occ_0032,Will the red pentagon touch the yellow mat?,no,no,1
Collide,915,pilot_it2_collision_yeet_box_2_dis_2_occ_0033,Will the red pentagon touch the yellow mat?,yes,yes,1
Collide,916,pilot_it2_collision_yeet_box_2_dis_2_occ_0034,Will the red cube touch the yellow mat?,no,no,1
Collide,917,pilot_it2_collision_yeet_box_2_dis_2_occ_0035,Will the red pentagon touch the yellow mat?,no,no,1
Collide,918,pilot_it2_collision_yeet_box_2_dis_2_occ_0036,Will the red cube touch the yellow mat?,yes,yes,1
Collide,919,pilot_it2_collision_yeet_box_2_dis_2_occ_0037,Will the red cube touch the yellow mat?,no,no,1
Collide,920,pilot_it2_collision_yeet_box_2_dis_2_occ_0038,Will the red pentagon touch the yellow mat?,no,no,1
Collide,921,pilot_it2_collision_yeet_box_2_dis_2_occ_0039,Will the red cube touch the yellow mat?,no,no,1
Collide,922,pilot_it2_collision_yeet_box_2_dis_2_occ_0040,Will the red cube touch the yellow mat?,no,no,1
Collide,923,pilot_it2_collision_yeet_box_2_dis_2_occ_0041,Will the red cube touch the yellow mat?,no,no,1
Collide,924,pilot_it2_collision_yeet_tdw_1_dis_1_occ_0000,Will the red pipe touch the yellow mat?,no,no,1
Collide,925,pilot_it2_collision_yeet_tdw_1_dis_1_occ_0001,Will the red pentagon touch the yellow mat?,yes,no,0
Collide,926,pilot_it2_collision_yeet_tdw_1_dis_1_occ_0002,Will the red pipe touch the yellow mat?,yes,yes,1
Collide,927,pilot_it2_collision_yeet_tdw_1_dis_1_occ_0003,Will the red pipe touch the yellow mat?,no,no,1
Collide,928,pilot_it2_collision_yeet_tdw_1_dis_1_occ_0004,Will the red cube touch the yellow mat?,no,no,1
Collide,929,pilot_it2_collision_yeet_tdw_1_dis_1_occ_0005,Will the red pipe touch the yellow mat?,no,no,1
Collide,930,pilot_it2_collision_yeet_tdw_1_dis_1_occ_0006,Will the red pipe touch the yellow mat?,no,no,1
Collide,931,pilot_it2_collision_yeet_tdw_1_dis_1_occ_0007,Will the red pentagon touch the yellow mat?,yes,no,0
Collide,932,pilot_it2_collision_yeet_tdw_1_dis_1_occ_0008,Will the red pentagon touch the yellow mat?,no,no,1
Collide,933,pilot_it2_collision_yeet_tdw_1_dis_1_occ_0009,Will the red pentagon touch the yellow mat?,no,no,1
Collide,934,pilot_it2_collision_yeet_tdw_1_dis_1_occ_0010,Will the red pentagon touch the yellow mat?,yes,yes,1
Collide,935,pilot_it2_collision_yeet_tdw_1_dis_1_occ_0011,Will the red pipe touch the yellow mat?,yes,yes,1
Collide,936,pilot_it2_collision_yeet_tdw_1_dis_1_occ_0012,Will the red pentagon touch the yellow mat?,no,no,1
Collide,937,pilot_it2_collision_yeet_tdw_1_dis_1_occ_0013,Will the red cube touch the yellow mat?,no,no,1
Collide,938,pilot_it2_collision_yeet_tdw_1_dis_1_occ_0014,Will the red pipe touch the yellow mat?,no,no,1
Collide,939,pilot_it2_collision_yeet_tdw_1_dis_1_occ_0015,Will the red pentagon touch the yellow mat?,yes,no,0
Collide,940,pilot_it2_collision_yeet_tdw_1_dis_1_occ_0016,Will the red pentagon touch the yellow mat?,yes,no,0
Collide,941,pilot_it2_collision_yeet_tdw_1_dis_1_occ_0017,Will the red pipe touch the yellow mat?,yes,yes,1
Collide,942,pilot_it2_collision_yeet_tdw_1_dis_1_occ_0018,Will the red cube touch the yellow mat?,yes,yes,1
Collide,943,pilot_it2_collision_yeet_tdw_1_dis_1_occ_0019,Will the red cube touch the yellow mat?,no,yes,0
Collide,944,pilot_it2_collision_yeet_tdw_1_dis_1_occ_0020,Will the red pipe touch the yellow mat?,no,no,1
Collide,945,pilot_it2_collision_yeet_tdw_1_dis_1_occ_0021,Will the red pentagon touch the yellow mat?,no,no,1
Collide,946,pilot_it2_collision_yeet_tdw_1_dis_1_occ_0022,Will the red pentagon touch the yellow mat?,yes,no,0
Collide,947,pilot_it2_collision_yeet_tdw_1_dis_1_occ_0023,Will the red cube touch the yellow mat?,no,no,1
Collide,948,pilot_it2_collision_yeet_tdw_1_dis_1_occ_0024,Will the red pipe touch the yellow mat?,no,no,1
Collide,949,pilot_it2_collision_yeet_tdw_1_dis_1_occ_0025,Will the red pipe touch the yellow mat?,no,no,1
Collide,950,pilot_it2_collision_yeet_tdw_1_dis_1_occ_0026,Will the red pentagon touch the yellow mat?,yes,no,0
Collide,951,pilot_it2_collision_yeet_tdw_1_dis_1_occ_0027,Will the red pentagon touch the yellow mat?,no,no,1
Collide,952,pilot_it2_collision_yeet_tdw_1_dis_1_occ_0028,Will the red pentagon touch the yellow mat?,yes,yes,1
Collide,953,pilot_it2_collision_yeet_tdw_1_dis_1_occ_0029,Will the red pentagon touch the yellow mat?,no,no,1
Collide,954,pilot_it2_collision_yeet_tdw_1_dis_1_occ_0030,Will the red pentagon touch the yellow mat?,yes,yes,1
Collide,955,pilot_it2_collision_yeet_tdw_1_dis_1_occ_0031,Will the red pentagon touch the yellow mat?,no,no,1
Collide,956,pilot_it2_collision_yeet_tdw_1_dis_1_occ_0032,Will the red pentagon touch the yellow mat?,no,no,1
Collide,957,pilot_it2_collision_yeet_tdw_1_dis_1_occ_0033,Will the red pentagon touch the yellow mat?,yes,yes,1
Collide,958,pilot_it2_collision_yeet_tdw_1_dis_1_occ_0034,Will the red cube touch the yellow mat?,no,no,1
Collide,959,pilot_it2_collision_yeet_tdw_1_dis_1_occ_0035,Will the red pentagon touch the yellow mat?,no,no,1
Collide,960,pilot_it2_collision_yeet_tdw_1_dis_1_occ_0036,Will the red cube touch the yellow mat?,yes,yes,1
Collide,961,pilot_it2_collision_yeet_tdw_1_dis_1_occ_0037,Will the red cube touch the yellow mat?,no,no,1
Collide,962,pilot_it2_collision_yeet_tdw_1_dis_1_occ_0038,Will the red pentagon touch the yellow mat?,no,no,1
Collide,963,pilot_it2_collision_yeet_tdw_1_dis_1_occ_0039,Will the red cube touch the yellow mat?,no,no,1
Collide,964,pilot_it2_collision_yeet_tdw_1_dis_1_occ_0040,Will the red cube touch the yellow mat?,no,no,1
Collide,965,pilot_it2_collision_yeet_tdw_1_dis_1_occ_0041,Will the red cube touch the yellow mat?,no,no,1
Collide,966,pilot_it2_collision_yeet_tdw_2_dis_2_occ_0000,Will the red pipe touch the yellow mat?,no,no,1
Collide,967,pilot_it2_collision_yeet_tdw_2_dis_2_occ_0001,Will the red pentagon touch the yellow mat?,yes,no,0
Collide,968,pilot_it2_collision_yeet_tdw_2_dis_2_occ_0002,Will the red pipe touch the yellow mat?,yes,no,0
Collide,969,pilot_it2_collision_yeet_tdw_2_dis_2_occ_0003,Will the red pipe touch the yellow mat?,no,no,1
Collide,970,pilot_it2_collision_yeet_tdw_2_dis_2_occ_0004,Will the red cube touch the yellow mat?,no,no,1
Collide,971,pilot_it2_collision_yeet_tdw_2_dis_2_occ_0005,Will the red pipe touch the yellow mat?,no,no,1
Collide,972,pilot_it2_collision_yeet_tdw_2_dis_2_occ_0006,Will the red pipe touch the yellow mat?,no,no,1
Collide,973,pilot_it2_collision_yeet_tdw_2_dis_2_occ_0007,Will the red pentagon touch the yellow mat?,yes,no,0
Collide,974,pilot_it2_collision_yeet_tdw_2_dis_2_occ_0008,Will the red pentagon touch the yellow mat?,no,no,1
Collide,975,pilot_it2_collision_yeet_tdw_2_dis_2_occ_0009,Will the red pentagon touch the yellow mat?,no,no,1
Collide,976,pilot_it2_collision_yeet_tdw_2_dis_2_occ_0010,Will the red pentagon touch the yellow mat?,yes,yes,1
Collide,977,pilot_it2_collision_yeet_tdw_2_dis_2_occ_0011,Will the red pipe touch the yellow mat?,yes,yes,1
Collide,978,pilot_it2_collision_yeet_tdw_2_dis_2_occ_0012,Will the red pentagon touch the yellow mat?,no,no,1
Collide,979,pilot_it2_collision_yeet_tdw_2_dis_2_occ_0013,Will the red cube touch the yellow mat?,no,no,1
Collide,980,pilot_it2_collision_yeet_tdw_2_dis_2_occ_0014,Will the red pipe touch the yellow mat?,no,no,1
Collide,981,pilot_it2_collision_yeet_tdw_2_dis_2_occ_0015,Will the red pentagon touch the yellow mat?,yes,no,0
Collide,982,pilot_it2_collision_yeet_tdw_2_dis_2_occ_0016,Will the red pentagon touch the yellow mat?,yes,no,0
Collide,983,pilot_it2_collision_yeet_tdw_2_dis_2_occ_0017,Will the red pipe touch the yellow mat?,yes,no,0
Collide,984,pilot_it2_collision_yeet_tdw_2_dis_2_occ_0018,Will the red cube touch the yellow mat?,yes,yes,1
Collide,985,pilot_it2_collision_yeet_tdw_2_dis_2_occ_0019,Will the red cube touch the yellow mat?,no,yes,0
Collide,986,pilot_it2_collision_yeet_tdw_2_dis_2_occ_0020,Will the red pipe touch the yellow mat?,no,no,1
Collide,987,pilot_it2_collision_yeet_tdw_2_dis_2_occ_0021,Will the red pentagon touch the yellow mat?,no,no,1
Collide,988,pilot_it2_collision_yeet_tdw_2_dis_2_occ_0022,Will the red pentagon touch the yellow mat?,yes,no,0
Collide,989,pilot_it2_collision_yeet_tdw_2_dis_2_occ_0023,Will the red cube touch the yellow mat?,no,no,1
Collide,990,pilot_it2_collision_yeet_tdw_2_dis_2_occ_0024,Will the red pipe touch the yellow mat?,no,no,1
Collide,991,pilot_it2_collision_yeet_tdw_2_dis_2_occ_0025,Will the red pipe touch the yellow mat?,no,no,1
Collide,992,pilot_it2_collision_yeet_tdw_2_dis_2_occ_0026,Will the red pentagon touch the yellow mat?,yes,no,0
Collide,993,pilot_it2_collision_yeet_tdw_2_dis_2_occ_0027,Will the red pentagon touch the yellow mat?,no,no,1
Collide,994,pilot_it2_collision_yeet_tdw_2_dis_2_occ_0028,Will the red pentagon touch the yellow mat?,yes,yes,1
Collide,995,pilot_it2_collision_yeet_tdw_2_dis_2_occ_0029,Will the red pentagon touch the yellow mat?,no,no,1
Collide,996,pilot_it2_collision_yeet_tdw_2_dis_2_occ_0030,Will the red pentagon touch the yellow mat?,yes,yes,1
Collide,997,pilot_it2_collision_yeet_tdw_2_dis_2_occ_0031,Will the red pentagon touch the yellow mat?,no,no,1
Collide,998,pilot_it2_collision_yeet_tdw_2_dis_2_occ_0032,Will the red pentagon touch the yellow mat?,no,no,1
Collide,999,pilot_it2_collision_yeet_tdw_2_dis_2_occ_0033,Will the red pentagon touch the yellow mat?,yes,yes,1
Collide,1000,pilot_it2_collision_yeet_tdw_2_dis_2_occ_0034,Will the red cube touch the yellow mat?,no,no,1
Collide,1001,pilot_it2_collision_yeet_tdw_2_dis_2_occ_0035,Will the red pentagon touch the yellow mat?,no,no,1
Collide,1002,pilot_it2_collision_yeet_tdw_2_dis_2_occ_0036,Will the red cube touch the yellow mat?,yes,yes,1
Collide,1003,pilot_it2_collision_yeet_tdw_2_dis_2_occ_0037,Will the red cube touch the yellow mat?,no,no,1
Collide,1004,pilot_it2_collision_yeet_tdw_2_dis_2_occ_0038,Will the red pentagon touch the yellow mat?,no,no,1
Collide,1005,pilot_it2_collision_yeet_tdw_2_dis_2_occ_0039,Will the red cube touch the yellow mat?,no,no,1
Collide,1006,pilot_it2_collision_yeet_tdw_2_dis_2_occ_0040,Will the red cube touch the yellow mat?,no,no,1
Collide,1007,pilot_it2_collision_yeet_tdw_2_dis_2_occ_0041,Will the red cube touch the yellow mat?,no,no,1
Contain,0,pilot-containment-bowl_0000,Will the red sphere touch the yellow mat?,yes,no,0
Contain,1,pilot-containment-bowl_0001,Will the red sphere touch the yellow mat?,yes,yes,1
Contain,2,pilot-containment-bowl_0002,Will the red sphere touch the yellow mat?,yes,yes,1
Contain,3,pilot-containment-bowl_0003,Will the red sphere touch the yellow mat?,no,yes,0
Contain,4,pilot-containment-bowl_0004,Will the red sphere touch the yellow mat?,no,yes,0
Contain,5,pilot-containment-bowl_0005,Will the red sphere touch the yellow mat?,yes,yes,1
Contain,6,pilot-containment-bowl_0006,Will the red sphere touch the yellow mat?,no,yes,0
Contain,7,pilot-containment-bowl_0007,Will the red sphere touch the yellow mat?,yes,no,0
Contain,8,pilot-containment-bowl_0008,Will the red sphere touch the yellow mat?,no,no,1
Contain,9,pilot-containment-bowl_0009,Will the red sphere touch the yellow mat?,yes,no,0
Contain,10,pilot-containment-bowl_0010,Will the red sphere touch the yellow mat?,no,yes,0
Contain,11,pilot-containment-bowl_0011,Will the red sphere touch the yellow mat?,yes,yes,1
Contain,12,pilot-containment-bowl_0012,Will the red sphere touch the yellow mat?,no,no,1
Contain,13,pilot-containment-bowl_0013,Will the red sphere touch the yellow mat?,yes,yes,1
Contain,14,pilot-containment-bowl_0014,Will the red sphere touch the yellow mat?,no,yes,0
Contain,15,pilot-containment-bowl_0015,Will the red sphere touch the yellow mat?,yes,yes,1
Contain,16,pilot-containment-bowl_0016,Will the red sphere touch the yellow mat?,no,yes,0
Contain,17,pilot-containment-bowl_0017,Will the red sphere touch the yellow mat?,no,no,1
Contain,18,pilot-containment-bowl_0018,Will the red sphere touch the yellow mat?,no,yes,0
Contain,19,pilot-containment-bowl_0019,Will the red sphere touch the yellow mat?,no,no,1
Contain,20,pilot-containment-bowl_0020,Will the red sphere touch the yellow mat?,no,yes,0
Contain,21,pilot-containment-bowl_0021,Will the red sphere touch the yellow mat?,no,yes,0
Contain,22,pilot-containment-bowl_0022,Will the red sphere touch the yellow mat?,yes,yes,1
Contain,23,pilot-containment-bowl_0023,Will the red sphere touch the yellow mat?,no,yes,0
Contain,24,pilot-containment-bowl_0024,Will the red sphere touch the yellow mat?,no,no,1
Contain,25,pilot-containment-bowl_0025,Will the red sphere touch the yellow mat?,no,yes,0
Contain,26,pilot-containment-bowl_0026,Will the red sphere touch the yellow mat?,yes,yes,1
Contain,27,pilot-containment-bowl_0027,Will the red sphere touch the yellow mat?,no,yes,0
Contain,28,pilot-containment-bowl_0028,Will the red sphere touch the yellow mat?,yes,yes,1
Contain,29,pilot-containment-bowl_0029,Will the red sphere touch the yellow mat?,yes,yes,1
Contain,30,pilot-containment-bowl_0030,Will the red sphere touch the yellow mat?,no,yes,0
Contain,31,pilot-containment-bowl_0031,Will the red sphere touch the yellow mat?,yes,yes,1
Contain,32,pilot-containment-bowl_0032,Will the red sphere touch the yellow mat?,yes,yes,1
Contain,33,pilot-containment-bowl_0033,Will the red sphere touch the yellow mat?,yes,yes,1
Contain,34,pilot-containment-bowl_0034,Will the red sphere touch the yellow mat?,no,no,1
Contain,35,pilot-containment-bowl_0035,Will the red sphere touch the yellow mat?,yes,yes,1
Contain,36,pilot-containment-bowl_0036,Will the red sphere touch the yellow mat?,yes,no,0
Contain,37,pilot-containment-bowl_0037,Will the red sphere touch the yellow mat?,yes,yes,1
Contain,38,pilot-containment-bowl_0038,Will the red sphere touch the yellow mat?,yes,yes,1
Contain,39,pilot-containment-bowl_0039,Will the red sphere touch the yellow mat?,no,no,1
Contain,40,pilot-containment-bowl_0040,Will the red sphere touch the yellow mat?,no,yes,0
Contain,41,pilot-containment-bowl_0041,Will the red sphere touch the yellow mat?,no,yes,0
Contain,42,pilot-containment-bowl_0042,Will the red sphere touch the yellow mat?,yes,no,0
Contain,43,pilot-containment-bowl_0043,Will the red sphere touch the yellow mat?,no,yes,0
Contain,44,pilot-containment-bowl_0044,Will the red sphere touch the yellow mat?,no,no,1
Contain,45,pilot-containment-bowl_0045,Will the red sphere touch the yellow mat?,yes,no,0
Contain,46,pilot-containment-bowl_0046,Will the red sphere touch the yellow mat?,yes,yes,1
Contain,47,pilot-containment-bowl_0047,Will the red sphere touch the yellow mat?,no,yes,0
Contain,48,pilot-containment-bowl_0048,Will the red sphere touch the yellow mat?,no,no,1
Contain,49,pilot-containment-bowl_0049,Will the red sphere touch the yellow mat?,no,no,1
Contain,50,pilot-containment-bowl_0050,Will the red sphere touch the yellow mat?,yes,no,0
Contain,51,pilot-containment-bowl_0051,Will the red sphere touch the yellow mat?,yes,no,0
Contain,52,pilot-containment-bowl_0052,Will the red sphere touch the yellow mat?,yes,no,0
Contain,53,pilot-containment-bowl_0053,Will the red sphere touch the yellow mat?,no,yes,0
Contain,54,pilot-containment-bowl_0054,Will the red sphere touch the yellow mat?,yes,yes,1
Contain,55,pilot-containment-bowl_0055,Will the red sphere touch the yellow mat?,no,yes,0
Contain,56,pilot-containment-bowl_0056,Will the red sphere touch the yellow mat?,no,yes,0
Contain,57,pilot-containment-bowl_0057,Will the red sphere touch the yellow mat?,yes,no,0
Contain,58,pilot-containment-bowl_0058,Will the red sphere touch the yellow mat?,yes,yes,1
Contain,59,pilot-containment-bowl_0059,Will the red sphere touch the yellow mat?,no,yes,0
Contain,60,pilot-containment-bowl_0060,Will the red sphere touch the yellow mat?,yes,no,0
Contain,61,pilot-containment-bowl_0061,Will the red sphere touch the yellow mat?,no,no,1
Contain,62,pilot-containment-bowl_0062,Will the red sphere touch the yellow mat?,yes,no,0
Contain,63,pilot-containment-bowl_0063,Will the red sphere touch the yellow mat?,no,yes,0
Contain,64,pilot-containment-bowl_0064,Will the red sphere touch the yellow mat?,no,no,1
Contain,65,pilot-containment-bowl_0065,Will the red sphere touch the yellow mat?,yes,yes,1
Contain,66,pilot-containment-bowl_0066,Will the red sphere touch the yellow mat?,yes,yes,1
Contain,67,pilot-containment-bowl_0067,Will the red sphere touch the yellow mat?,no,yes,0
Contain,68,pilot-containment-bowl_0068,Will the red sphere touch the yellow mat?,no,yes,0
Contain,69,pilot-containment-bowl_0069,Will the red sphere touch the yellow mat?,no,no,1
Contain,70,pilot-containment-bowl_0070,Will the red sphere touch the yellow mat?,yes,yes,1
Contain,71,pilot-containment-bowl_0071,Will the red sphere touch the yellow mat?,yes,yes,1
Contain,72,pilot-containment-bowl_0072,Will the red sphere touch the yellow mat?,no,yes,0
Contain,73,pilot-containment-bowl_0073,Will the red sphere touch the yellow mat?,yes,yes,1
Contain,74,pilot-containment-bowl_0074,Will the red sphere touch the yellow mat?,yes,yes,1
Contain,75,pilot-containment-bowl_0075,Will the red sphere touch the yellow mat?,no,yes,0
Contain,76,pilot-containment-bowl_0076,Will the red sphere touch the yellow mat?,yes,no,0
Contain,77,pilot-containment-bowl_0077,Will the red sphere touch the yellow mat?,no,yes,0
Contain,78,pilot-containment-bowl_0078,Will the red sphere touch the yellow mat?,yes,no,0
Contain,79,pilot-containment-bowl_0079,Will the red sphere touch the yellow mat?,no,yes,0
Contain,80,pilot-containment-bowl_0080,Will the red sphere touch the yellow mat?,no,yes,0
Contain,81,pilot-containment-bowl_0081,Will the red sphere touch the yellow mat?,no,no,1
Contain,82,pilot-containment-bowl_0082,Will the red sphere touch the yellow mat?,yes,yes,1
Contain,83,pilot-containment-bowl_0083,Will the red sphere touch the yellow mat?,yes,yes,1
Contain,84,pilot-containment-bowl_0084,Will the red sphere touch the yellow mat?,yes,no,0
Contain,85,pilot-containment-bowl_0085,Will the red sphere touch the yellow mat?,yes,no,0
Contain,86,pilot-containment-bowl_0086,Will the red sphere touch the yellow mat?,yes,no,0
Contain,87,pilot-containment-bowl_0087,Will the red sphere touch the yellow mat?,yes,yes,1
Contain,88,pilot-containment-bowl_0088,Will the red sphere touch the yellow mat?,no,yes,0
Contain,89,pilot-containment-bowl_0089,Will the red sphere touch the yellow mat?,no,yes,0
Contain,90,pilot-containment-bowl_0090,Will the red sphere touch the yellow mat?,no,yes,0
Contain,91,pilot-containment-bowl_0091,Will the red sphere touch the yellow mat?,no,yes,0
Contain,92,pilot-containment-bowl_0092,Will the red sphere touch the yellow mat?,no,no,1
Contain,93,pilot-containment-bowl_0093,Will the red sphere touch the yellow mat?,no,yes,0
Contain,94,pilot-containment-bowl_0094,Will the red sphere touch the yellow mat?,no,yes,0
Contain,95,pilot-containment-bowl_0095,Will the red sphere touch the yellow mat?,no,yes,0
Contain,96,pilot-containment-bowl_0096,Will the red sphere touch the yellow mat?,no,yes,0
Contain,97,pilot-containment-bowl_0097,Will the red sphere touch the yellow mat?,yes,no,0
Contain,98,pilot-containment-bowl_0098,Will the red sphere touch the yellow mat?,no,yes,0
Contain,99,pilot-containment-bowl_0099,Will the red sphere touch the yellow mat?,yes,yes,1
Contain,100,pilot-containment-bowl_0100,Will the red sphere touch the yellow mat?,no,yes,0
Contain,101,pilot-containment-bowl_0101,Will the red sphere touch the yellow mat?,no,no,1
Contain,102,pilot-containment-bowl_0102,Will the red sphere touch the yellow mat?,no,yes,0
Contain,103,pilot-containment-bowl_0103,Will the red sphere touch the yellow mat?,yes,no,0
Contain,104,pilot-containment-bowl_0104,Will the red sphere touch the yellow mat?,no,yes,0
Contain,105,pilot-containment-bowl_0105,Will the red sphere touch the yellow mat?,no,yes,0
Contain,106,pilot-containment-bowl_0106,Will the red sphere touch the yellow mat?,no,no,1
Contain,107,pilot-containment-bowl_0107,Will the red sphere touch the yellow mat?,yes,yes,1
Contain,108,pilot-containment-bowl_0108,Will the red sphere touch the yellow mat?,yes,yes,1
Contain,109,pilot-containment-bowl_0109,Will the red sphere touch the yellow mat?,no,yes,0
Contain,110,pilot-containment-bowl_0110,Will the red sphere touch the yellow mat?,no,no,1
Contain,111,pilot-containment-bowl_0111,Will the red sphere touch the yellow mat?,no,yes,0
Contain,112,pilot-containment-bowl_0112,Will the red sphere touch the yellow mat?,no,yes,0
Contain,113,pilot-containment-bowl_0113,Will the red sphere touch the yellow mat?,yes,yes,1
Contain,114,pilot-containment-bowl_0114,Will the red sphere touch the yellow mat?,no,yes,0
Contain,115,pilot-containment-bowl_0115,Will the red sphere touch the yellow mat?,yes,yes,1
Contain,116,pilot-containment-bowl_0116,Will the red sphere touch the yellow mat?,no,yes,0
Contain,117,pilot-containment-bowl_0117,Will the red sphere touch the yellow mat?,no,yes,0
Contain,118,pilot-containment-bowl_0118,Will the red sphere touch the yellow mat?,no,yes,0
Contain,119,pilot-containment-bowl_0119,Will the red sphere touch the yellow mat?,no,yes,0
Contain,120,pilot-containment-bowl_0120,Will the red sphere touch the yellow mat?,no,yes,0
Contain,121,pilot-containment-bowl_0121,Will the red sphere touch the yellow mat?,no,yes,0
Contain,122,pilot-containment-bowl_0122,Will the red sphere touch the yellow mat?,yes,yes,1
Contain,123,pilot-containment-bowl_0123,Will the red sphere touch the yellow mat?,yes,no,0
Contain,124,pilot-containment-bowl_0124,Will the red sphere touch the yellow mat?,no,no,1
Contain,125,pilot-containment-bowl_0125,Will the red sphere touch the yellow mat?,no,yes,0
Contain,126,pilot-containment-bowl_0126,Will the red sphere touch the yellow mat?,yes,no,0
Contain,127,pilot-containment-bowl_0127,Will the red sphere touch the yellow mat?,no,yes,0
Contain,128,pilot-containment-bowl_0128,Will the red sphere touch the yellow mat?,no,no,1
Contain,129,pilot-containment-bowl_0129,Will the red sphere touch the yellow mat?,no,yes,0
Contain,130,pilot-containment-bowl_0130,Will the red sphere touch the yellow mat?,no,no,1
Contain,131,pilot-containment-bowl_0131,Will the red sphere touch the yellow mat?,no,yes,0
Contain,132,pilot-containment-bowl_0132,Will the red sphere touch the yellow mat?,yes,yes,1
Contain,133,pilot-containment-bowl_0133,Will the red sphere touch the yellow mat?,yes,yes,1
Contain,134,pilot-containment-bowl_0134,Will the red sphere touch the yellow mat?,no,yes,0
Contain,135,pilot-containment-bowl_0135,Will the red sphere touch the yellow mat?,yes,yes,1
Contain,136,pilot-containment-bowl_0136,Will the red sphere touch the yellow mat?,no,no,1
Contain,137,pilot-containment-bowl_0137,Will the red sphere touch the yellow mat?,no,yes,0
Contain,138,pilot-containment-bowl_0138,Will the red sphere touch the yellow mat?,yes,yes,1
Contain,139,pilot-containment-bowl_0139,Will the red sphere touch the yellow mat?,no,no,1
Contain,140,pilot-containment-bowl_0140,Will the red sphere touch the yellow mat?,no,no,1
Contain,141,pilot-containment-bowl_0141,Will the red sphere touch the yellow mat?,no,no,1
Contain,142,pilot-containment-bowl_0142,Will the red sphere touch the yellow mat?,no,no,1
Contain,143,pilot-containment-box_0000,Will the red cube touch the yellow mat?,yes,yes,1
Contain,144,pilot-containment-box_0001,Will the red cube touch the yellow mat?,no,yes,0
Contain,145,pilot-containment-box_0002,Will the red cube touch the yellow mat?,yes,yes,1
Contain,146,pilot-containment-box_0003,Will the red cube touch the yellow mat?,no,yes,0
Contain,147,pilot-containment-box_0004,Will the red cube touch the yellow mat?,no,no,1
Contain,148,pilot-containment-box_0005,Will the red cube touch the yellow mat?,yes,yes,1
Contain,149,pilot-containment-box_0006,Will the red cube touch the yellow mat?,yes,yes,1
Contain,150,pilot-containment-box_0007,Will the red cube touch the yellow mat?,no,yes,0
Contain,151,pilot-containment-box_0008,Will the red cube touch the yellow mat?,yes,yes,1
Contain,152,pilot-containment-box_0009,Will the red cube touch the yellow mat?,yes,yes,1
Contain,153,pilot-containment-box_0010,Will the red cube touch the yellow mat?,yes,yes,1
Contain,154,pilot-containment-box_0011,Will the red cube touch the yellow mat?,no,yes,0
Contain,155,pilot-containment-box_0012,Will the red cube touch the yellow mat?,no,yes,0
Contain,156,pilot-containment-box_0013,Will the red cube touch the yellow mat?,yes,yes,1
Contain,157,pilot-containment-box_0014,Will the red cube touch the yellow mat?,yes,yes,1
Contain,158,pilot-containment-box_0015,Will the red cube touch the yellow mat?,yes,yes,1
Contain,159,pilot-containment-box_0016,Will the red cube touch the yellow mat?,yes,no,0
Contain,160,pilot-containment-box_0017,Will the red cube touch the yellow mat?,yes,yes,1
Contain,161,pilot-containment-box_0018,Will the red cube touch the yellow mat?,no,yes,0
Contain,162,pilot-containment-box_0019,Will the red cube touch the yellow mat?,no,yes,0
Contain,163,pilot-containment-box_0020,Will the red cube touch the yellow mat?,no,yes,0
Contain,164,pilot-containment-box_0021,Will the red cube touch the yellow mat?,yes,yes,1
Contain,165,pilot-containment-box_0022,Will the red cube touch the yellow mat?,yes,yes,1
Contain,166,pilot-containment-box_0023,Will the red cube touch the yellow mat?,yes,yes,1
Contain,167,pilot-containment-box_0024,Will the red cube touch the yellow mat?,yes,yes,1
Contain,168,pilot-containment-box_0025,Will the red cube touch the yellow mat?,yes,no,0
Contain,169,pilot-containment-box_0026,Will the red cube touch the yellow mat?,no,no,1
Contain,170,pilot-containment-box_0027,Will the red cube touch the yellow mat?,no,yes,0
Contain,171,pilot-containment-box_0028,Will the red cube touch the yellow mat?,yes,yes,1
Contain,172,pilot-containment-box_0029,Will the red cube touch the yellow mat?,no,yes,0
Contain,173,pilot-containment-box_0030,Will the red cube touch the yellow mat?,no,yes,0
Contain,174,pilot-containment-box_0031,Will the red cube touch the yellow mat?,no,yes,0
Contain,175,pilot-containment-box_0032,Will the red cube touch the yellow mat?,yes,yes,1
Contain,176,pilot-containment-box_0033,Will the red cube touch the yellow mat?,yes,yes,1
Contain,177,pilot-containment-box_0034,Will the red cube touch the yellow mat?,yes,no,0
Contain,178,pilot-containment-box_0035,Will the red cube touch the yellow mat?,yes,yes,1
Contain,179,pilot-containment-box_0036,Will the red cube touch the yellow mat?,yes,yes,1
Contain,180,pilot-containment-box_0037,Will the red cube touch the yellow mat?,yes,no,0
Contain,181,pilot-containment-box_0038,Will the red cube touch the yellow mat?,no,yes,0
Contain,182,pilot-containment-box_0039,Will the red cube touch the yellow mat?,yes,yes,1
Contain,183,pilot-containment-box_0040,Will the red cube touch the yellow mat?,no,yes,0
Contain,184,pilot-containment-box_0041,Will the red cube touch the yellow mat?,no,yes,0
Contain,185,pilot-containment-box_0042,Will the red cube touch the yellow mat?,no,yes,0
Contain,186,pilot-containment-box_0043,Will the red cube touch the yellow mat?,no,yes,0
Contain,187,pilot-containment-box_0044,Will the red cube touch the yellow mat?,yes,yes,1
Contain,188,pilot-containment-box_0045,Will the red cube touch the yellow mat?,yes,yes,1
Contain,189,pilot-containment-box_0046,Will the red cube touch the yellow mat?,yes,yes,1
Contain,190,pilot-containment-box_0047,Will the red cube touch the yellow mat?,yes,yes,1
Contain,191,pilot-containment-box_0048,Will the red cube touch the yellow mat?,yes,yes,1
Contain,192,pilot-containment-box_0049,Will the red cube touch the yellow mat?,no,yes,0
Contain,193,pilot-containment-box_0050,Will the red cube touch the yellow mat?,yes,yes,1
Contain,194,pilot-containment-box_0051,Will the red cube touch the yellow mat?,yes,yes,1
Contain,195,pilot-containment-box_0052,Will the red cube touch the yellow mat?,yes,yes,1
Contain,196,pilot-containment-box_0053,Will the red cube touch the yellow mat?,yes,yes,1
Contain,197,pilot-containment-box_0054,Will the red cube touch the yellow mat?,yes,yes,1
Contain,198,pilot-containment-box_0055,Will the red cube touch the yellow mat?,yes,yes,1
Contain,199,pilot-containment-box_0056,Will the red cube touch the yellow mat?,yes,yes,1
Contain,200,pilot-containment-box_0057,Will the red cube touch the yellow mat?,yes,yes,1
Contain,201,pilot-containment-box_0058,Will the red cube touch the yellow mat?,no,yes,0
Contain,202,pilot-containment-box_0059,Will the red cube touch the yellow mat?,no,yes,0
Contain,203,pilot-containment-box_0060,Will the red cube touch the yellow mat?,no,yes,0
Contain,204,pilot-containment-box_0061,Will the red cube touch the yellow mat?,no,no,1
Contain,205,pilot-containment-box_0062,Will the red cube touch the yellow mat?,yes,yes,1
Contain,206,pilot-containment-box_0063,Will the red cube touch the yellow mat?,yes,yes,1
Contain,207,pilot-containment-box_0064,Will the red cube touch the yellow mat?,no,yes,0
Contain,208,pilot-containment-box_0065,Will the red cube touch the yellow mat?,yes,yes,1
Contain,209,pilot-containment-box_0066,Will the red cube touch the yellow mat?,no,yes,0
Contain,210,pilot-containment-box_0067,Will the red cube touch the yellow mat?,yes,yes,1
Contain,211,pilot-containment-box_0068,Will the red cube touch the yellow mat?,no,yes,0
Contain,212,pilot-containment-box_0069,Will the red cube touch the yellow mat?,yes,yes,1
Contain,213,pilot-containment-box_0070,Will the red cube touch the yellow mat?,no,yes,0
Contain,214,pilot-containment-box_0071,Will the red cube touch the yellow mat?,no,yes,0
Contain,215,pilot-containment-box_0072,Will the red cube touch the yellow mat?,no,yes,0
Contain,216,pilot-containment-box_0073,Will the red cube touch the yellow mat?,yes,yes,1
Contain,217,pilot-containment-box_0074,Will the red cube touch the yellow mat?,yes,yes,1
Contain,218,pilot-containment-box_0075,Will the red cube touch the yellow mat?,yes,yes,1
Contain,219,pilot-containment-box_0076,Will the red cube touch the yellow mat?,yes,yes,1
Contain,220,pilot-containment-box_0077,Will the red cube touch the yellow mat?,no,yes,0
Contain,221,pilot-containment-box_0078,Will the red cube touch the yellow mat?,yes,yes,1
Contain,222,pilot-containment-box_0079,Will the red cube touch the yellow mat?,yes,no,0
Contain,223,pilot-containment-box_0080,Will the red cube touch the yellow mat?,no,yes,0
Contain,224,pilot-containment-box_0081,Will the red cube touch the yellow mat?,no,no,1
Contain,225,pilot-containment-box_0082,Will the red cube touch the yellow mat?,yes,yes,1
Contain,226,pilot-containment-box_0083,Will the red cube touch the yellow mat?,yes,yes,1
Contain,227,pilot-containment-box_0084,Will the red cube touch the yellow mat?,no,yes,0
Contain,228,pilot-containment-box_0085,Will the red cube touch the yellow mat?,yes,no,0
Contain,229,pilot-containment-box_0086,Will the red cube touch the yellow mat?,yes,yes,1
Contain,230,pilot-containment-box_0087,Will the red cube touch the yellow mat?,yes,yes,1
Contain,231,pilot-containment-box_0088,Will the red cube touch the yellow mat?,yes,yes,1
Contain,232,pilot-containment-box_0089,Will the red cube touch the yellow mat?,yes,yes,1
Contain,233,pilot-containment-box_0090,Will the red cube touch the yellow mat?,yes,yes,1
Contain,234,pilot-containment-box_0091,Will the red cube touch the yellow mat?,no,yes,0
Contain,235,pilot-containment-box_0092,Will the red cube touch the yellow mat?,no,yes,0
Contain,236,pilot-containment-box_0093,Will the red cube touch the yellow mat?,yes,yes,1
Contain,237,pilot-containment-box_0094,Will the red cube touch the yellow mat?,yes,yes,1
Contain,238,pilot-containment-box_0095,Will the red cube touch the yellow mat?,yes,yes,1
Contain,239,pilot-containment-box_0096,Will the red cube touch the yellow mat?,yes,yes,1
Contain,240,pilot-containment-box_0097,Will the red cube touch the yellow mat?,yes,yes,1
Contain,241,pilot-containment-box_0098,Will the red cube touch the yellow mat?,yes,yes,1
Contain,242,pilot-containment-box_0099,Will the red cube touch the yellow mat?,yes,yes,1
Contain,243,pilot-containment-box_0100,Will the red cube touch the yellow mat?,no,yes,0
Contain,244,pilot-containment-box_0101,Will the red cube touch the yellow mat?,no,yes,0
Contain,245,pilot-containment-box_0102,Will the red cube touch the yellow mat?,yes,yes,1
Contain,246,pilot-containment-box_0103,Will the red cube touch the yellow mat?,no,yes,0
Contain,247,pilot-containment-box_0104,Will the red cube touch the yellow mat?,yes,yes,1
Contain,248,pilot-containment-box_0105,Will the red cube touch the yellow mat?,no,yes,0
Contain,249,pilot-containment-box_0106,Will the red cube touch the yellow mat?,yes,yes,1
Contain,250,pilot-containment-box_0107,Will the red cube touch the yellow mat?,no,yes,0
Contain,251,pilot-containment-box_0108,Will the red cube touch the yellow mat?,no,yes,0
Contain,252,pilot-containment-box_0109,Will the red cube touch the yellow mat?,yes,no,0
Contain,253,pilot-containment-box_0110,Will the red cube touch the yellow mat?,yes,no,0
Contain,254,pilot-containment-box_0111,Will the red cube touch the yellow mat?,no,no,1
Contain,255,pilot-containment-box_0112,Will the red cube touch the yellow mat?,yes,yes,1
Contain,256,pilot-containment-box_0113,Will the red cube touch the yellow mat?,no,yes,0
Contain,257,pilot-containment-box_0114,Will the red cube touch the yellow mat?,yes,yes,1
Contain,258,pilot-containment-box_0115,Will the red cube touch the yellow mat?,yes,yes,1
Contain,259,pilot-containment-box_0116,Will the red cube touch the yellow mat?,yes,yes,1
Contain,260,pilot-containment-box_0117,Will the red cube touch the yellow mat?,yes,yes,1
Contain,261,pilot-containment-box_0118,Will the red cube touch the yellow mat?,yes,yes,1
Contain,262,pilot-containment-box_0119,Will the red cube touch the yellow mat?,no,yes,0
Contain,263,pilot-containment-box_0120,Will the red cube touch the yellow mat?,yes,yes,1
Contain,264,pilot-containment-box_0121,Will the red cube touch the yellow mat?,yes,yes,1
Contain,265,pilot-containment-box_0122,Will the red cube touch the yellow mat?,yes,yes,1
Contain,266,pilot-containment-box_0123,Will the red cube touch the yellow mat?,yes,yes,1
Contain,267,pilot-containment-box_0124,Will the red cube touch the yellow mat?,yes,yes,1
Contain,268,pilot-containment-box_0125,Will the red cube touch the yellow mat?,yes,yes,1
Contain,269,pilot-containment-box_0126,Will the red cube touch the yellow mat?,yes,yes,1
Contain,270,pilot-containment-box_0127,Will the red cube touch the yellow mat?,no,yes,0
Contain,271,pilot-containment-box_0128,Will the red cube touch the yellow mat?,yes,yes,1
Contain,272,pilot-containment-box_0129,Will the red cube touch the yellow mat?,no,yes,0
Contain,273,pilot-containment-box_0130,Will the red cube touch the yellow mat?,no,yes,0
Contain,274,pilot-containment-box_0131,Will the red cube touch the yellow mat?,no,yes,0
Contain,275,pilot-containment-box_0132,Will the red cube touch the yellow mat?,yes,yes,1
Contain,276,pilot-containment-box_0133,Will the red cube touch the yellow mat?,no,no,1
Contain,277,pilot-containment-box_0134,Will the red cube touch the yellow mat?,no,yes,0
Contain,278,pilot-containment-box_0135,Will the red cube touch the yellow mat?,no,yes,0
Contain,279,pilot-containment-box_0136,Will the red cube touch the yellow mat?,yes,yes,1
Contain,280,pilot-containment-box_0137,Will the red cube touch the yellow mat?,yes,no,0
Contain,281,pilot-containment-box_0138,Will the red cube touch the yellow mat?,no,no,1
Contain,282,pilot-containment-box_0139,Will the red cube touch the yellow mat?,no,yes,0
Contain,283,pilot-containment-box_0140,Will the red cube touch the yellow mat?,yes,yes,1
Contain,284,pilot-containment-box_0141,Will the red cube touch the yellow mat?,yes,no,0
Contain,285,pilot-containment-box_0142,Will the red cube touch the yellow mat?,yes,yes,1
Contain,286,pilot-containment-cone-plate_0000,Will the red sphere touch the yellow mat?,yes,yes,1
Contain,287,pilot-containment-cone-plate_0001,Will the red sphere touch the yellow mat?,yes,no,0
Contain,288,pilot-containment-cone-plate_0002,Will the red sphere touch the yellow mat?,no,yes,0
Contain,289,pilot-containment-cone-plate_0003,Will the red sphere touch the yellow mat?,no,yes,0
Contain,290,pilot-containment-cone-plate_0004,Will the red sphere touch the yellow mat?,no,yes,0
Contain,291,pilot-containment-cone-plate_0005,Will the red sphere touch the yellow mat?,no,yes,0
Contain,292,pilot-containment-cone-plate_0006,Will the red sphere touch the yellow mat?,no,yes,0
Contain,293,pilot-containment-cone-plate_0007,Will the red sphere touch the yellow mat?,no,yes,0
Contain,294,pilot-containment-cone-plate_0008,Will the red sphere touch the yellow mat?,yes,no,0
Contain,295,pilot-containment-cone-plate_0009,Will the red sphere touch the yellow mat?,yes,yes,1
Contain,296,pilot-containment-cone-plate_0010,Will the red sphere touch the yellow mat?,no,yes,0
Contain,297,pilot-containment-cone-plate_0011,Will the red sphere touch the yellow mat?,yes,no,0
Contain,298,pilot-containment-cone-plate_0012,Will the red sphere touch the yellow mat?,no,yes,0
Contain,299,pilot-containment-cone-plate_0013,Will the red sphere touch the yellow mat?,yes,yes,1
Contain,300,pilot-containment-cone-plate_0014,Will the red sphere touch the yellow mat?,no,yes,0
Contain,301,pilot-containment-cone-plate_0015,Will the red sphere touch the yellow mat?,yes,yes,1
Contain,302,pilot-containment-cone-plate_0016,Will the red sphere touch the yellow mat?,yes,yes,1
Contain,303,pilot-containment-cone-plate_0017,Will the red sphere touch the yellow mat?,no,yes,0
Contain,304,pilot-containment-cone-plate_0018,Will the red sphere touch the yellow mat?,no,yes,0
Contain,305,pilot-containment-cone-plate_0019,Will the red sphere touch the yellow mat?,no,no,1
Contain,306,pilot-containment-cone-plate_0020,Will the red sphere touch the yellow mat?,no,yes,0
Contain,307,pilot-containment-cone-plate_0021,Will the red sphere touch the yellow mat?,no,yes,0
Contain,308,pilot-containment-cone-plate_0022,Will the red sphere touch the yellow mat?,yes,no,0
Contain,309,pilot-containment-cone-plate_0023,Will the red sphere touch the yellow mat?,yes,yes,1
Contain,310,pilot-containment-cone-plate_0024,Will the red sphere touch the yellow mat?,no,yes,0
Contain,311,pilot-containment-cone-plate_0025,Will the red sphere touch the yellow mat?,no,yes,0
Contain,312,pilot-containment-cone-plate_0026,Will the red sphere touch the yellow mat?,yes,yes,1
Contain,313,pilot-containment-cone-plate_0027,Will the red sphere touch the yellow mat?,no,yes,0
Contain,314,pilot-containment-cone-plate_0028,Will the red sphere touch the yellow mat?,yes,yes,1
Contain,315,pilot-containment-cone-plate_0029,Will the red sphere touch the yellow mat?,yes,yes,1
Contain,316,pilot-containment-cone-plate_0030,Will the red sphere touch the yellow mat?,no,yes,0
Contain,317,pilot-containment-cone-plate_0031,Will the red sphere touch the yellow mat?,yes,no,0
Contain,318,pilot-containment-cone-plate_0032,Will the red sphere touch the yellow mat?,no,yes,0
Contain,319,pilot-containment-cone-plate_0033,Will the red sphere touch the yellow mat?,yes,no,0
Contain,320,pilot-containment-cone-plate_0034,Will the red sphere touch the yellow mat?,yes,yes,1
Contain,321,pilot-containment-cone-plate_0035,Will the red sphere touch the yellow mat?,no,no,1
Contain,322,pilot-containment-cone-plate_0036,Will the red sphere touch the yellow mat?,yes,yes,1
Contain,323,pilot-containment-cone-plate_0037,Will the red sphere touch the yellow mat?,no,no,1
Contain,324,pilot-containment-cone-plate_0038,Will the red sphere touch the yellow mat?,no,yes,0
Contain,325,pilot-containment-cone-plate_0039,Will the red sphere touch the yellow mat?,yes,yes,1
Contain,326,pilot-containment-cone-plate_0040,Will the red sphere touch the yellow mat?,yes,yes,1
Contain,327,pilot-containment-cone-plate_0041,Will the red sphere touch the yellow mat?,no,yes,0
Contain,328,pilot-containment-cone-plate_0042,Will the red sphere touch the yellow mat?,yes,yes,1
Contain,329,pilot-containment-cone-plate_0043,Will the red sphere touch the yellow mat?,yes,yes,1
Contain,330,pilot-containment-cone-plate_0044,Will the red sphere touch the yellow mat?,yes,yes,1
Contain,331,pilot-containment-cone-plate_0045,Will the red sphere touch the yellow mat?,yes,yes,1
Contain,332,pilot-containment-cone-plate_0046,Will the red sphere touch the yellow mat?,yes,yes,1
Contain,333,pilot-containment-cone-plate_0047,Will the red sphere touch the yellow mat?,yes,yes,1
Contain,334,pilot-containment-cone-plate_0048,Will the red sphere touch the yellow mat?,no,no,1
Contain,335,pilot-containment-cone-plate_0049,Will the red sphere touch the yellow mat?,yes,no,0
Contain,336,pilot-containment-cone-plate_0050,Will the red sphere touch the yellow mat?,yes,yes,1
Contain,337,pilot-containment-cone-plate_0051,Will the red sphere touch the yellow mat?,yes,yes,1
Contain,338,pilot-containment-cone-plate_0052,Will the red sphere touch the yellow mat?,no,no,1
Contain,339,pilot-containment-cone-plate_0053,Will the red sphere touch the yellow mat?,yes,no,0
Contain,340,pilot-containment-cone-plate_0054,Will the red sphere touch the yellow mat?,yes,no,0
Contain,341,pilot-containment-cone-plate_0055,Will the red sphere touch the yellow mat?,yes,no,0
Contain,342,pilot-containment-cone-plate_0056,Will the red sphere touch the yellow mat?,yes,no,0
Contain,343,pilot-containment-cone-plate_0057,Will the red sphere touch the yellow mat?,yes,yes,1
Contain,344,pilot-containment-cone-plate_0058,Will the red sphere touch the yellow mat?,no,no,1
Contain,345,pilot-containment-cone-plate_0059,Will the red sphere touch the yellow mat?,yes,yes,1
Contain,346,pilot-containment-cone-plate_0060,Will the red sphere touch the yellow mat?,yes,yes,1
Contain,347,pilot-containment-cone-plate_0061,Will the red sphere touch the yellow mat?,yes,yes,1
Contain,348,pilot-containment-cone-plate_0062,Will the red sphere touch the yellow mat?,yes,no,0
Contain,349,pilot-containment-cone-plate_0063,Will the red sphere touch the yellow mat?,no,yes,0
Contain,350,pilot-containment-cone-plate_0064,Will the red sphere touch the yellow mat?,yes,yes,1
Contain,351,pilot-containment-cone-plate_0065,Will the red sphere touch the yellow mat?,no,yes,0
Contain,352,pilot-containment-cone-plate_0066,Will the red sphere touch the yellow mat?,yes,yes,1
Contain,353,pilot-containment-cone-plate_0067,Will the red sphere touch the yellow mat?,yes,no,0
Contain,354,pilot-containment-cone-plate_0068,Will the red sphere touch the yellow mat?,yes,yes,1
Contain,355,pilot-containment-cone-plate_0069,Will the red sphere touch the yellow mat?,yes,yes,1
Contain,356,pilot-containment-cone-plate_0070,Will the red sphere touch the yellow mat?,no,no,1
Contain,357,pilot-containment-cone-plate_0071,Will the red sphere touch the yellow mat?,yes,yes,1
Contain,358,pilot-containment-cone-plate_0072,Will the red sphere touch the yellow mat?,yes,yes,1
Contain,359,pilot-containment-cone-plate_0073,Will the red sphere touch the yellow mat?,yes,yes,1
Contain,360,pilot-containment-cone-plate_0074,Will the red sphere touch the yellow mat?,no,yes,0
Contain,361,pilot-containment-cone-plate_0075,Will the red sphere touch the yellow mat?,yes,yes,1
Contain,362,pilot-containment-cone-plate_0076,Will the red sphere touch the yellow mat?,yes,yes,1
Contain,363,pilot-containment-cone-plate_0077,Will the red sphere touch the yellow mat?,no,yes,0
Contain,364,pilot-containment-cone-plate_0078,Will the red sphere touch the yellow mat?,no,no,1
Contain,365,pilot-containment-cone-plate_0079,Will the red sphere touch the yellow mat?,yes,yes,1
Contain,366,pilot-containment-cone-plate_0080,Will the red sphere touch the yellow mat?,yes,yes,1
Contain,367,pilot-containment-cone-plate_0081,Will the red sphere touch the yellow mat?,yes,yes,1
Contain,368,pilot-containment-cone-plate_0082,Will the red sphere touch the yellow mat?,yes,yes,1
Contain,369,pilot-containment-cone-plate_0083,Will the red sphere touch the yellow mat?,yes,yes,1
Contain,370,pilot-containment-cone-plate_0084,Will the red sphere touch the yellow mat?,yes,yes,1
Contain,371,pilot-containment-cone-plate_0085,Will the red sphere touch the yellow mat?,yes,no,0
Contain,372,pilot-containment-cone-plate_0086,Will the red sphere touch the yellow mat?,yes,yes,1
Contain,373,pilot-containment-cone-plate_0087,Will the red sphere touch the yellow mat?,yes,yes,1
Contain,374,pilot-containment-cone-plate_0088,Will the red sphere touch the yellow mat?,no,yes,0
Contain,375,pilot-containment-cone-plate_0089,Will the red sphere touch the yellow mat?,yes,no,0
Contain,376,pilot-containment-cone-plate_0090,Will the red sphere touch the yellow mat?,no,yes,0
Contain,377,pilot-containment-cone-plate_0091,Will the red sphere touch the yellow mat?,yes,yes,1
Contain,378,pilot-containment-cone-plate_0092,Will the red sphere touch the yellow mat?,yes,yes,1
Contain,379,pilot-containment-cone-plate_0093,Will the red sphere touch the yellow mat?,no,no,1
Contain,380,pilot-containment-cone-plate_0094,Will the red sphere touch the yellow mat?,yes,yes,1
Contain,381,pilot-containment-cone-plate_0095,Will the red sphere touch the yellow mat?,yes,yes,1
Contain,382,pilot-containment-cone-plate_0096,Will the red sphere touch the yellow mat?,no,no,1
Contain,383,pilot-containment-cone-plate_0097,Will the red sphere touch the yellow mat?,no,yes,0
Contain,384,pilot-containment-cone-plate_0098,Will the red sphere touch the yellow mat?,yes,yes,1
Contain,385,pilot-containment-cone-plate_0099,Will the red sphere touch the yellow mat?,yes,yes,1
Contain,386,pilot-containment-cone-plate_0100,Will the red sphere touch the yellow mat?,yes,yes,1
Contain,387,pilot-containment-cone-plate_0101,Will the red sphere touch the yellow mat?,no,no,1
Contain,388,pilot-containment-cone-plate_0102,Will the red sphere touch the yellow mat?,yes,yes,1
Contain,389,pilot-containment-cone-plate_0103,Will the red sphere touch the yellow mat?,yes,yes,1
Contain,390,pilot-containment-cone-plate_0104,Will the red sphere touch the yellow mat?,yes,no,0
Contain,391,pilot-containment-cone-plate_0105,Will the red sphere touch the yellow mat?,no,yes,0
Contain,392,pilot-containment-cone-plate_0106,Will the red sphere touch the yellow mat?,yes,yes,1
Contain,393,pilot-containment-cone-plate_0107,Will the red sphere touch the yellow mat?,no,yes,0
Contain,394,pilot-containment-cone-plate_0108,Will the red sphere touch the yellow mat?,no,yes,0
Contain,395,pilot-containment-cone-plate_0109,Will the red sphere touch the yellow mat?,no,yes,0
Contain,396,pilot-containment-cone-plate_0110,Will the red sphere touch the yellow mat?,yes,yes,1
Contain,397,pilot-containment-cone-plate_0111,Will the red sphere touch the yellow mat?,yes,no,0
Contain,398,pilot-containment-cone-plate_0112,Will the red sphere touch the yellow mat?,yes,no,0
Contain,399,pilot-containment-cone-plate_0113,Will the red sphere touch the yellow mat?,no,no,1
Contain,400,pilot-containment-cone-plate_0114,Will the red sphere touch the yellow mat?,no,yes,0
Contain,401,pilot-containment-cone-plate_0115,Will the red sphere touch the yellow mat?,yes,yes,1
Contain,402,pilot-containment-cone-plate_0116,Will the red sphere touch the yellow mat?,yes,yes,1
Contain,403,pilot-containment-cone-plate_0117,Will the red sphere touch the yellow mat?,no,yes,0
Contain,404,pilot-containment-cone-plate_0118,Will the red sphere touch the yellow mat?,no,yes,0
Contain,405,pilot-containment-cone-plate_0119,Will the red sphere touch the yellow mat?,no,yes,0
Contain,406,pilot-containment-cone-plate_0120,Will the red sphere touch the yellow mat?,no,yes,0
Contain,407,pilot-containment-cone-plate_0121,Will the red sphere touch the yellow mat?,no,no,1
Contain,408,pilot-containment-cone-plate_0122,Will the red sphere touch the yellow mat?,no,yes,0
Contain,409,pilot-containment-cone-plate_0123,Will the red sphere touch the yellow mat?,yes,yes,1
Contain,410,pilot-containment-cone-plate_0124,Will the red sphere touch the yellow mat?,yes,no,0
Contain,411,pilot-containment-cone-plate_0125,Will the red sphere touch the yellow mat?,no,no,1
Contain,412,pilot-containment-cone-plate_0126,Will the red sphere touch the yellow mat?,yes,no,0
Contain,413,pilot-containment-cone-plate_0127,Will the red sphere touch the yellow mat?,yes,no,0
Contain,414,pilot-containment-cone-plate_0128,Will the red sphere touch the yellow mat?,no,no,1
Contain,415,pilot-containment-cone-plate_0129,Will the red sphere touch the yellow mat?,yes,yes,1
Contain,416,pilot-containment-cone-plate_0130,Will the red sphere touch the yellow mat?,yes,yes,1
Contain,417,pilot-containment-cone-plate_0131,Will the red sphere touch the yellow mat?,yes,yes,1
Contain,418,pilot-containment-cone-plate_0132,Will the red sphere touch the yellow mat?,yes,yes,1
Contain,419,pilot-containment-cone-plate_0133,Will the red sphere touch the yellow mat?,yes,yes,1
Contain,420,pilot-containment-cone-plate_0134,Will the red sphere touch the yellow mat?,no,no,1
Contain,421,pilot-containment-cone-plate_0135,Will the red sphere touch the yellow mat?,yes,no,0
Contain,422,pilot-containment-cone-plate_0136,Will the red sphere touch the yellow mat?,no,no,1
Contain,423,pilot-containment-cone-plate_0137,Will the red sphere touch the yellow mat?,yes,yes,1
Contain,424,pilot-containment-cone-plate_0138,Will the red sphere touch the yellow mat?,no,yes,0
Contain,425,pilot-containment-cone-plate_0139,Will the red sphere touch the yellow mat?,yes,yes,1
Contain,426,pilot-containment-cone-plate_0140,Will the red sphere touch the yellow mat?,no,no,1
Contain,427,pilot-containment-cone-plate_0141,Will the red sphere touch the yellow mat?,yes,no,0
Contain,428,pilot-containment-cone-plate_0142,Will the red sphere touch the yellow mat?,no,yes,0
Contain,429,pilot-containment-cylinder-bowl_0000,Will the red cylinder touch the yellow mat?,yes,yes,1
Contain,430,pilot-containment-cylinder-bowl_0001,Will the red cylinder touch the yellow mat?,yes,yes,1
Contain,431,pilot-containment-cylinder-bowl_0002,Will the red cylinder touch the yellow mat?,yes,yes,1
Contain,432,pilot-containment-cylinder-bowl_0003,Will the red cylinder touch the yellow mat?,yes,yes,1
Contain,433,pilot-containment-cylinder-bowl_0004,Will the red cylinder touch the yellow mat?,no,no,1
Contain,434,pilot-containment-cylinder-bowl_0005,Will the red cylinder touch the yellow mat?,no,no,1
Contain,435,pilot-containment-cylinder-bowl_0006,Will the red cylinder touch the yellow mat?,no,no,1
Contain,436,pilot-containment-cylinder-bowl_0007,Will the red cylinder touch the yellow mat?,yes,no,0
Contain,437,pilot-containment-cylinder-bowl_0008,Will the red cylinder touch the yellow mat?,yes,yes,1
Contain,438,pilot-containment-cylinder-bowl_0009,Will the red cylinder touch the yellow mat?,yes,yes,1
Contain,439,pilot-containment-cylinder-bowl_0010,Will the red cylinder touch the yellow mat?,no,no,1
Contain,440,pilot-containment-cylinder-bowl_0011,Will the red cylinder touch the yellow mat?,yes,yes,1
Contain,441,pilot-containment-cylinder-bowl_0012,Will the red cylinder touch the yellow mat?,no,no,1
Contain,442,pilot-containment-cylinder-bowl_0013,Will the red cylinder touch the yellow mat?,no,yes,0
Contain,443,pilot-containment-cylinder-bowl_0014,Will the red cylinder touch the yellow mat?,no,no,1
Contain,444,pilot-containment-cylinder-bowl_0015,Will the red cylinder touch the yellow mat?,yes,yes,1
Contain,445,pilot-containment-cylinder-bowl_0016,Will the red cylinder touch the yellow mat?,yes,yes,1
Contain,446,pilot-containment-cylinder-bowl_0017,Will the red cylinder touch the yellow mat?,yes,yes,1
Contain,447,pilot-containment-cylinder-bowl_0018,Will the red cylinder touch the yellow mat?,no,no,1
Contain,448,pilot-containment-cylinder-bowl_0019,Will the red cylinder touch the yellow mat?,no,no,1
Contain,449,pilot-containment-cylinder-bowl_0020,Will the red cylinder touch the yellow mat?,no,no,1
Contain,450,pilot-containment-cylinder-bowl_0021,Will the red cylinder touch the yellow mat?,yes,yes,1
Contain,451,pilot-containment-cylinder-bowl_0022,Will the red cylinder touch the yellow mat?,no,no,1
Contain,452,pilot-containment-cylinder-bowl_0023,Will the red cylinder touch the yellow mat?,no,no,1
Contain,453,pilot-containment-cylinder-bowl_0024,Will the red cylinder touch the yellow mat?,no,yes,0
Contain,454,pilot-containment-cylinder-bowl_0025,Will the red cylinder touch the yellow mat?,yes,no,0
Contain,455,pilot-containment-cylinder-bowl_0026,Will the red cylinder touch the yellow mat?,yes,no,0
Contain,456,pilot-containment-cylinder-bowl_0027,Will the red cylinder touch the yellow mat?,yes,yes,1
Contain,457,pilot-containment-cylinder-bowl_0028,Will the red cylinder touch the yellow mat?,yes,yes,1
Contain,458,pilot-containment-cylinder-bowl_0029,Will the red cylinder touch the yellow mat?,yes,yes,1
Contain,459,pilot-containment-cylinder-bowl_0030,Will the red cylinder touch the yellow mat?,yes,yes,1
Contain,460,pilot-containment-cylinder-bowl_0031,Will the red cylinder touch the yellow mat?,yes,yes,1
Contain,461,pilot-containment-cylinder-bowl_0032,Will the red cylinder touch the yellow mat?,no,yes,0
Contain,462,pilot-containment-cylinder-bowl_0033,Will the red cylinder touch the yellow mat?,yes,yes,1
Contain,463,pilot-containment-cylinder-bowl_0034,Will the red cylinder touch the yellow mat?,no,no,1
Contain,464,pilot-containment-cylinder-bowl_0035,Will the red cylinder touch the yellow mat?,yes,yes,1
Contain,465,pilot-containment-cylinder-bowl_0036,Will the red cylinder touch the yellow mat?,yes,no,0
Contain,466,pilot-containment-cylinder-bowl_0037,Will the red cylinder touch the yellow mat?,yes,no,0
Contain,467,pilot-containment-cylinder-bowl_0038,Will the red cylinder touch the yellow mat?,yes,no,0
Contain,468,pilot-containment-cylinder-bowl_0039,Will the red cylinder touch the yellow mat?,yes,no,0
Contain,469,pilot-containment-cylinder-bowl_0040,Will the red cylinder touch the yellow mat?,yes,no,0
Contain,470,pilot-containment-cylinder-bowl_0041,Will the red cylinder touch the yellow mat?,no,no,1
Contain,471,pilot-containment-cylinder-bowl_0042,Will the red cylinder touch the yellow mat?,yes,no,0
Contain,472,pilot-containment-cylinder-bowl_0043,Will the red cylinder touch the yellow mat?,yes,yes,1
Contain,473,pilot-containment-cylinder-bowl_0044,Will the red cylinder touch the yellow mat?,no,no,1
Contain,474,pilot-containment-cylinder-bowl_0045,Will the red cylinder touch the yellow mat?,no,no,1
Contain,475,pilot-containment-cylinder-bowl_0046,Will the red cylinder touch the yellow mat?,yes,yes,1
Contain,476,pilot-containment-cylinder-bowl_0047,Will the red cylinder touch the yellow mat?,yes,no,0
Contain,477,pilot-containment-cylinder-bowl_0048,Will the red cylinder touch the yellow mat?,yes,yes,1
Contain,478,pilot-containment-cylinder-bowl_0049,Will the red cylinder touch the yellow mat?,yes,no,0
Contain,479,pilot-containment-cylinder-bowl_0050,Will the red cylinder touch the yellow mat?,yes,no,0
Contain,480,pilot-containment-cylinder-bowl_0051,Will the red cylinder touch the yellow mat?,yes,no,0
Contain,481,pilot-containment-cylinder-bowl_0052,Will the red cylinder touch the yellow mat?,yes,yes,1
Contain,482,pilot-containment-cylinder-bowl_0053,Will the red cylinder touch the yellow mat?,yes,yes,1
Contain,483,pilot-containment-cylinder-bowl_0054,Will the red cylinder touch the yellow mat?,no,no,1
Contain,484,pilot-containment-cylinder-bowl_0055,Will the red cylinder touch the yellow mat?,no,no,1
Contain,485,pilot-containment-cylinder-bowl_0056,Will the red cylinder touch the yellow mat?,no,no,1
Contain,486,pilot-containment-cylinder-bowl_0057,Will the red cylinder touch the yellow mat?,yes,yes,1
Contain,487,pilot-containment-cylinder-bowl_0058,Will the red cylinder touch the yellow mat?,no,yes,0
Contain,488,pilot-containment-cylinder-bowl_0059,Will the red cylinder touch the yellow mat?,yes,no,0
Contain,489,pilot-containment-cylinder-bowl_0060,Will the red cylinder touch the yellow mat?,yes,yes,1
Contain,490,pilot-containment-cylinder-bowl_0061,Will the red cylinder touch the yellow mat?,yes,yes,1
Contain,491,pilot-containment-cylinder-bowl_0062,Will the red cylinder touch the yellow mat?,yes,yes,1
Contain,492,pilot-containment-cylinder-bowl_0063,Will the red cylinder touch the yellow mat?,yes,yes,1
Contain,493,pilot-containment-cylinder-bowl_0064,Will the red cylinder touch the yellow mat?,yes,yes,1
Contain,494,pilot-containment-cylinder-bowl_0065,Will the red cylinder touch the yellow mat?,yes,yes,1
Contain,495,pilot-containment-cylinder-bowl_0066,Will the red cylinder touch the yellow mat?,yes,yes,1
Contain,496,pilot-containment-cylinder-bowl_0067,Will the red cylinder touch the yellow mat?,no,no,1
Contain,497,pilot-containment-cylinder-bowl_0068,Will the red cylinder touch the yellow mat?,yes,yes,1
Contain,498,pilot-containment-cylinder-bowl_0069,Will the red cylinder touch the yellow mat?,no,no,1
Contain,499,pilot-containment-cylinder-bowl_0070,Will the red cylinder touch the yellow mat?,yes,yes,1
Contain,500,pilot-containment-cylinder-bowl_0071,Will the red cylinder touch the yellow mat?,yes,yes,1
Contain,501,pilot-containment-cylinder-bowl_0072,Will the red cylinder touch the yellow mat?,yes,yes,1
Contain,502,pilot-containment-cylinder-bowl_0073,Will the red cylinder touch the yellow mat?,yes,no,0
Contain,503,pilot-containment-cylinder-bowl_0074,Will the red cylinder touch the yellow mat?,yes,no,0
Contain,504,pilot-containment-cylinder-bowl_0075,Will the red cylinder touch the yellow mat?,no,no,1
Contain,505,pilot-containment-cylinder-bowl_0076,Will the red cylinder touch the yellow mat?,no,no,1
Contain,506,pilot-containment-cylinder-bowl_0077,Will the red cylinder touch the yellow mat?,yes,yes,1
Contain,507,pilot-containment-cylinder-bowl_0078,Will the red cylinder touch the yellow mat?,no,no,1
Contain,508,pilot-containment-cylinder-bowl_0079,Will the red cylinder touch the yellow mat?,yes,yes,1
Contain,509,pilot-containment-cylinder-bowl_0080,Will the red cylinder touch the yellow mat?,no,no,1
Contain,510,pilot-containment-cylinder-bowl_0081,Will the red cylinder touch the yellow mat?,yes,yes,1
Contain,511,pilot-containment-cylinder-bowl_0082,Will the red cylinder touch the yellow mat?,yes,no,0
Contain,512,pilot-containment-cylinder-bowl_0083,Will the red cylinder touch the yellow mat?,no,no,1
Contain,513,pilot-containment-cylinder-bowl_0084,Will the red cylinder touch the yellow mat?,yes,no,0
Contain,514,pilot-containment-cylinder-bowl_0085,Will the red cylinder touch the yellow mat?,yes,yes,1
Contain,515,pilot-containment-cylinder-bowl_0086,Will the red cylinder touch the yellow mat?,no,no,1
Contain,516,pilot-containment-cylinder-bowl_0087,Will the red cylinder touch the yellow mat?,yes,no,0
Contain,517,pilot-containment-cylinder-bowl_0088,Will the red cylinder touch the yellow mat?,yes,no,0
Contain,518,pilot-containment-cylinder-bowl_0089,Will the red cylinder touch the yellow mat?,yes,yes,1
Contain,519,pilot-containment-cylinder-bowl_0090,Will the red cylinder touch the yellow mat?,yes,yes,1
Contain,520,pilot-containment-cylinder-bowl_0091,Will the red cylinder touch the yellow mat?,yes,yes,1
Contain,521,pilot-containment-cylinder-bowl_0092,Will the red cylinder touch the yellow mat?,yes,yes,1
Contain,522,pilot-containment-cylinder-bowl_0093,Will the red cylinder touch the yellow mat?,yes,yes,1
Contain,523,pilot-containment-cylinder-bowl_0094,Will the red cylinder touch the yellow mat?,no,no,1
Contain,524,pilot-containment-cylinder-bowl_0095,Will the red cylinder touch the yellow mat?,yes,yes,1
Contain,525,pilot-containment-cylinder-bowl_0096,Will the red cylinder touch the yellow mat?,no,yes,0
Contain,526,pilot-containment-cylinder-bowl_0097,Will the red cylinder touch the yellow mat?,yes,yes,1
Contain,527,pilot-containment-cylinder-bowl_0098,Will the red cylinder touch the yellow mat?,no,yes,0
Contain,528,pilot-containment-cylinder-bowl_0099,Will the red cylinder touch the yellow mat?,yes,yes,1
Contain,529,pilot-containment-cylinder-bowl_0100,Will the red cylinder touch the yellow mat?,no,no,1
Contain,530,pilot-containment-cylinder-bowl_0101,Will the red cylinder touch the yellow mat?,yes,no,0
Contain,531,pilot-containment-cylinder-bowl_0102,Will the red cylinder touch the yellow mat?,yes,yes,1
Contain,532,pilot-containment-cylinder-bowl_0103,Will the red cylinder touch the yellow mat?,yes,no,0
Contain,533,pilot-containment-cylinder-bowl_0104,Will the red cylinder touch the yellow mat?,yes,yes,1
Contain,534,pilot-containment-cylinder-bowl_0105,Will the red cylinder touch the yellow mat?,no,no,1
Contain,535,pilot-containment-cylinder-bowl_0106,Will the red cylinder touch the yellow mat?,yes,yes,1
Contain,536,pilot-containment-cylinder-bowl_0107,Will the red cylinder touch the yellow mat?,yes,yes,1
Contain,537,pilot-containment-cylinder-bowl_0108,Will the red cylinder touch the yellow mat?,yes,yes,1
Contain,538,pilot-containment-cylinder-bowl_0109,Will the red cylinder touch the yellow mat?,yes,yes,1
Contain,539,pilot-containment-cylinder-bowl_0110,Will the red cylinder touch the yellow mat?,no,yes,0
Contain,540,pilot-containment-cylinder-bowl_0111,Will the red cylinder touch the yellow mat?,yes,yes,1
Contain,541,pilot-containment-cylinder-bowl_0112,Will the red cylinder touch the yellow mat?,yes,yes,1
Contain,542,pilot-containment-cylinder-bowl_0113,Will the red cylinder touch the yellow mat?,no,yes,0
Contain,543,pilot-containment-cylinder-bowl_0114,Will the red cylinder touch the yellow mat?,yes,yes,1
Contain,544,pilot-containment-cylinder-bowl_0115,Will the red cylinder touch the yellow mat?,yes,yes,1
Contain,545,pilot-containment-cylinder-bowl_0116,Will the red cylinder touch the yellow mat?,no,no,1
Contain,546,pilot-containment-cylinder-bowl_0117,Will the red cylinder touch the yellow mat?,yes,yes,1
Contain,547,pilot-containment-cylinder-bowl_0118,Will the red cylinder touch the yellow mat?,no,no,1
Contain,548,pilot-containment-cylinder-bowl_0119,Will the red cylinder touch the yellow mat?,yes,yes,1
Contain,549,pilot-containment-cylinder-bowl_0120,Will the red cylinder touch the yellow mat?,no,no,1
Contain,550,pilot-containment-cylinder-bowl_0121,Will the red cylinder touch the yellow mat?,yes,no,0
Contain,551,pilot-containment-cylinder-bowl_0122,Will the red cylinder touch the yellow mat?,yes,yes,1
Contain,552,pilot-containment-cylinder-bowl_0123,Will the red cylinder touch the yellow mat?,yes,yes,1
Contain,553,pilot-containment-cylinder-bowl_0124,Will the red cylinder touch the yellow mat?,no,yes,0
Contain,554,pilot-containment-cylinder-bowl_0125,Will the red cylinder touch the yellow mat?,no,no,1
Contain,555,pilot-containment-cylinder-bowl_0126,Will the red cylinder touch the yellow mat?,yes,yes,1
Contain,556,pilot-containment-cylinder-bowl_0127,Will the red cylinder touch the yellow mat?,yes,yes,1
Contain,557,pilot-containment-cylinder-bowl_0128,Will the red cylinder touch the yellow mat?,yes,yes,1
Contain,558,pilot-containment-cylinder-bowl_0129,Will the red cylinder touch the yellow mat?,yes,yes,1
Contain,559,pilot-containment-cylinder-bowl_0130,Will the red cylinder touch the yellow mat?,no,no,1
Contain,560,pilot-containment-cylinder-bowl_0131,Will the red cylinder touch the yellow mat?,no,yes,0
Contain,561,pilot-containment-cylinder-bowl_0132,Will the red cylinder touch the yellow mat?,yes,yes,1
Contain,562,pilot-containment-cylinder-bowl_0133,Will the red cylinder touch the yellow mat?,yes,no,0
Contain,563,pilot-containment-cylinder-bowl_0134,Will the red cylinder touch the yellow mat?,no,no,1
Contain,564,pilot-containment-cylinder-bowl_0135,Will the red cylinder touch the yellow mat?,no,no,1
Contain,565,pilot-containment-cylinder-bowl_0136,Will the red cylinder touch the yellow mat?,yes,yes,1
Contain,566,pilot-containment-cylinder-bowl_0137,Will the red cylinder touch the yellow mat?,yes,yes,1
Contain,567,pilot-containment-cylinder-bowl_0138,Will the red cylinder touch the yellow mat?,yes,yes,1
Contain,568,pilot-containment-cylinder-bowl_0139,Will the red cylinder touch the yellow mat?,no,yes,0
Contain,569,pilot-containment-cylinder-bowl_0140,Will the red cylinder touch the yellow mat?,no,no,1
Contain,570,pilot-containment-cylinder-bowl_0141,Will the red cylinder touch the yellow mat?,yes,yes,1
Contain,571,pilot-containment-cylinder-bowl_0142,Will the red cylinder touch the yellow mat?,yes,yes,1
Contain,572,pilot-containment-multi-bowl_0000,Will the red sphere touch the yellow mat?,yes,yes,1
Contain,573,pilot-containment-multi-bowl_0001,Will the red sphere touch the yellow mat?,yes,yes,1
Contain,574,pilot-containment-multi-bowl_0002,Will the red sphere touch the yellow mat?,yes,yes,1
Contain,575,pilot-containment-multi-bowl_0003,Will the red sphere touch the yellow mat?,no,yes,0
Contain,576,pilot-containment-multi-bowl_0004,Will the red sphere touch the yellow mat?,no,no,1
Contain,577,pilot-containment-multi-bowl_0005,Will the red sphere touch the yellow mat?,yes,yes,1
Contain,578,pilot-containment-multi-bowl_0006,Will the red sphere touch the yellow mat?,no,yes,0
Contain,579,pilot-containment-multi-bowl_0007,Will the red sphere touch the yellow mat?,no,yes,0
Contain,580,pilot-containment-multi-bowl_0008,Will the red sphere touch the yellow mat?,no,no,1
Contain,581,pilot-containment-multi-bowl_0009,Will the red sphere touch the yellow mat?,yes,yes,1
Contain,582,pilot-containment-multi-bowl_0010,Will the red sphere touch the yellow mat?,yes,yes,1
Contain,583,pilot-containment-multi-bowl_0011,Will the red sphere touch the yellow mat?,yes,no,0
Contain,584,pilot-containment-multi-bowl_0012,Will the red sphere touch the yellow mat?,no,yes,0
Contain,585,pilot-containment-multi-bowl_0013,Will the red sphere touch the yellow mat?,yes,yes,1
Contain,586,pilot-containment-multi-bowl_0014,Will the red sphere touch the yellow mat?,no,yes,0
Contain,587,pilot-containment-multi-bowl_0015,Will the red sphere touch the yellow mat?,yes,yes,1
Contain,588,pilot-containment-multi-bowl_0016,Will the red sphere touch the yellow mat?,no,yes,0
Contain,589,pilot-containment-multi-bowl_0017,Will the red sphere touch the yellow mat?,yes,yes,1
Contain,590,pilot-containment-multi-bowl_0018,Will the red sphere touch the yellow mat?,no,yes,0
Contain,591,pilot-containment-multi-bowl_0019,Will the red sphere touch the yellow mat?,no,yes,0
Contain,592,pilot-containment-multi-bowl_0020,Will the red sphere touch the yellow mat?,no,no,1
Contain,593,pilot-containment-multi-bowl_0021,Will the red sphere touch the yellow mat?,no,yes,0
Contain,594,pilot-containment-multi-bowl_0022,Will the red sphere touch the yellow mat?,yes,yes,1
Contain,595,pilot-containment-multi-bowl_0023,Will the red sphere touch the yellow mat?,no,yes,0
Contain,596,pilot-containment-multi-bowl_0024,Will the red sphere touch the yellow mat?,yes,yes,1
Contain,597,pilot-containment-multi-bowl_0025,Will the red sphere touch the yellow mat?,yes,yes,1
Contain,598,pilot-containment-multi-bowl_0026,Will the red sphere touch the yellow mat?,no,yes,0
Contain,599,pilot-containment-multi-bowl_0027,Will the red sphere touch the yellow mat?,no,yes,0
Contain,600,pilot-containment-multi-bowl_0028,Will the red sphere touch the yellow mat?,yes,yes,1
Contain,601,pilot-containment-multi-bowl_0029,Will the red sphere touch the yellow mat?,yes,yes,1
Contain,602,pilot-containment-multi-bowl_0030,Will the red sphere touch the yellow mat?,no,yes,0
Contain,603,pilot-containment-multi-bowl_0031,Will the red sphere touch the yellow mat?,yes,yes,1
Contain,604,pilot-containment-multi-bowl_0032,Will the red sphere touch the yellow mat?,no,no,1
Contain,605,pilot-containment-multi-bowl_0033,Will the red sphere touch the yellow mat?,yes,yes,1
Contain,606,pilot-containment-multi-bowl_0034,Will the red sphere touch the yellow mat?,no,yes,0
Contain,607,pilot-containment-multi-bowl_0035,Will the red sphere touch the yellow mat?,yes,yes,1
Contain,608,pilot-containment-multi-bowl_0036,Will the red sphere touch the yellow mat?,yes,yes,1
Contain,609,pilot-containment-multi-bowl_0037,Will the red sphere touch the yellow mat?,yes,no,0
Contain,610,pilot-containment-multi-bowl_0038,Will the red sphere touch the yellow mat?,yes,no,0
Contain,611,pilot-containment-multi-bowl_0039,Will the red sphere touch the yellow mat?,yes,yes,1
Contain,612,pilot-containment-multi-bowl_0040,Will the red sphere touch the yellow mat?,yes,no,0
Contain,613,pilot-containment-multi-bowl_0041,Will the red sphere touch the yellow mat?,no,no,1
Contain,614,pilot-containment-multi-bowl_0042,Will the red sphere touch the yellow mat?,yes,yes,1
Contain,615,pilot-containment-multi-bowl_0043,Will the red sphere touch the yellow mat?,no,yes,0
Contain,616,pilot-containment-multi-bowl_0044,Will the red sphere touch the yellow mat?,no,yes,0
Contain,617,pilot-containment-multi-bowl_0045,Will the red sphere touch the yellow mat?,no,yes,0
Contain,618,pilot-containment-multi-bowl_0046,Will the red sphere touch the yellow mat?,yes,yes,1
Contain,619,pilot-containment-multi-bowl_0047,Will the red sphere touch the yellow mat?,no,yes,0
Contain,620,pilot-containment-multi-bowl_0048,Will the red sphere touch the yellow mat?,no,yes,0
Contain,621,pilot-containment-multi-bowl_0049,Will the red sphere touch the yellow mat?,yes,yes,1
Contain,622,pilot-containment-multi-bowl_0050,Will the red sphere touch the yellow mat?,no,no,1
Contain,623,pilot-containment-multi-bowl_0051,Will the red sphere touch the yellow mat?,yes,yes,1
Contain,624,pilot-containment-multi-bowl_0052,Will the red sphere touch the yellow mat?,no,yes,0
Contain,625,pilot-containment-multi-bowl_0053,Will the red sphere touch the yellow mat?,no,no,1
Contain,626,pilot-containment-multi-bowl_0054,Will the red sphere touch the yellow mat?,yes,yes,1
Contain,627,pilot-containment-multi-bowl_0055,Will the red sphere touch the yellow mat?,no,yes,0
Contain,628,pilot-containment-multi-bowl_0056,Will the red sphere touch the yellow mat?,no,no,1
Contain,629,pilot-containment-multi-bowl_0057,Will the red sphere touch the yellow mat?,yes,yes,1
Contain,630,pilot-containment-multi-bowl_0058,Will the red sphere touch the yellow mat?,yes,yes,1
Contain,631,pilot-containment-multi-bowl_0059,Will the red sphere touch the yellow mat?,no,yes,0
Contain,632,pilot-containment-multi-bowl_0060,Will the red sphere touch the yellow mat?,yes,yes,1
Contain,633,pilot-containment-multi-bowl_0061,Will the red sphere touch the yellow mat?,no,no,1
Contain,634,pilot-containment-multi-bowl_0062,Will the red sphere touch the yellow mat?,no,no,1
Contain,635,pilot-containment-multi-bowl_0063,Will the red sphere touch the yellow mat?,no,yes,0
Contain,636,pilot-containment-multi-bowl_0064,Will the red sphere touch the yellow mat?,no,yes,0
Contain,637,pilot-containment-multi-bowl_0065,Will the red sphere touch the yellow mat?,yes,yes,1
Contain,638,pilot-containment-multi-bowl_0066,Will the red sphere touch the yellow mat?,yes,yes,1
Contain,639,pilot-containment-multi-bowl_0067,Will the red sphere touch the yellow mat?,yes,yes,1
Contain,640,pilot-containment-multi-bowl_0068,Will the red sphere touch the yellow mat?,no,no,1
Contain,641,pilot-containment-multi-bowl_0069,Will the red sphere touch the yellow mat?,no,yes,0
Contain,642,pilot-containment-multi-bowl_0070,Will the red sphere touch the yellow mat?,yes,no,0
Contain,643,pilot-containment-multi-bowl_0071,Will the red sphere touch the yellow mat?,yes,yes,1
Contain,644,pilot-containment-multi-bowl_0072,Will the red sphere touch the yellow mat?,no,yes,0
Contain,645,pilot-containment-multi-bowl_0073,Will the red sphere touch the yellow mat?,yes,yes,1
Contain,646,pilot-containment-multi-bowl_0074,Will the red sphere touch the yellow mat?,yes,yes,1
Contain,647,pilot-containment-multi-bowl_0075,Will the red sphere touch the yellow mat?,yes,yes,1
Contain,648,pilot-containment-multi-bowl_0076,Will the red sphere touch the yellow mat?,yes,yes,1
Contain,649,pilot-containment-multi-bowl_0077,Will the red sphere touch the yellow mat?,yes,yes,1
Contain,650,pilot-containment-multi-bowl_0078,Will the red sphere touch the yellow mat?,yes,yes,1
Contain,651,pilot-containment-multi-bowl_0079,Will the red sphere touch the yellow mat?,yes,yes,1
Contain,652,pilot-containment-multi-bowl_0080,Will the red sphere touch the yellow mat?,no,no,1
Contain,653,pilot-containment-multi-bowl_0081,Will the red sphere touch the yellow mat?,no,no,1
Contain,654,pilot-containment-multi-bowl_0082,Will the red sphere touch the yellow mat?,yes,yes,1
Contain,655,pilot-containment-multi-bowl_0083,Will the red sphere touch the yellow mat?,yes,yes,1
Contain,656,pilot-containment-multi-bowl_0084,Will the red sphere touch the yellow mat?,yes,yes,1
Contain,657,pilot-containment-multi-bowl_0085,Will the red sphere touch the yellow mat?,no,yes,0
Contain,658,pilot-containment-multi-bowl_0086,Will the red sphere touch the yellow mat?,yes,yes,1
Contain,659,pilot-containment-multi-bowl_0087,Will the red sphere touch the yellow mat?,yes,no,0
Contain,660,pilot-containment-multi-bowl_0088,Will the red sphere touch the yellow mat?,yes,yes,1
Contain,661,pilot-containment-multi-bowl_0089,Will the red sphere touch the yellow mat?,no,no,1
Contain,662,pilot-containment-multi-bowl_0090,Will the red sphere touch the yellow mat?,yes,yes,1
Contain,663,pilot-containment-multi-bowl_0091,Will the red sphere touch the yellow mat?,no,yes,0
Contain,664,pilot-containment-multi-bowl_0092,Will the red sphere touch the yellow mat?,no,yes,0
Contain,665,pilot-containment-multi-bowl_0093,Will the red sphere touch the yellow mat?,yes,yes,1
Contain,666,pilot-containment-multi-bowl_0094,Will the red sphere touch the yellow mat?,no,yes,0
Contain,667,pilot-containment-multi-bowl_0095,Will the red sphere touch the yellow mat?,yes,yes,1
Contain,668,pilot-containment-multi-bowl_0096,Will the red sphere touch the yellow mat?,no,yes,0
Contain,669,pilot-containment-multi-bowl_0097,Will the red sphere touch the yellow mat?,no,yes,0
Contain,670,pilot-containment-multi-bowl_0098,Will the red sphere touch the yellow mat?,no,no,1
Contain,671,pilot-containment-multi-bowl_0099,Will the red sphere touch the yellow mat?,yes,yes,1
Contain,672,pilot-containment-multi-bowl_0100,Will the red sphere touch the yellow mat?,no,yes,0
Contain,673,pilot-containment-multi-bowl_0101,Will the red sphere touch the yellow mat?,no,no,1
Contain,674,pilot-containment-multi-bowl_0102,Will the red sphere touch the yellow mat?,no,no,1
Contain,675,pilot-containment-multi-bowl_0103,Will the red sphere touch the yellow mat?,no,yes,0
Contain,676,pilot-containment-multi-bowl_0104,Will the red sphere touch the yellow mat?,no,yes,0
Contain,677,pilot-containment-multi-bowl_0105,Will the red sphere touch the yellow mat?,no,no,1
Contain,678,pilot-containment-multi-bowl_0106,Will the red sphere touch the yellow mat?,yes,yes,1
Contain,679,pilot-containment-multi-bowl_0107,Will the red sphere touch the yellow mat?,no,yes,0
Contain,680,pilot-containment-multi-bowl_0108,Will the red sphere touch the yellow mat?,yes,yes,1
Contain,681,pilot-containment-multi-bowl_0109,Will the red sphere touch the yellow mat?,yes,yes,1
Contain,682,pilot-containment-multi-bowl_0110,Will the red sphere touch the yellow mat?,no,no,1
Contain,683,pilot-containment-multi-bowl_0111,Will the red sphere touch the yellow mat?,no,yes,0
Contain,684,pilot-containment-multi-bowl_0112,Will the red sphere touch the yellow mat?,yes,yes,1
Contain,685,pilot-containment-multi-bowl_0113,Will the red sphere touch the yellow mat?,yes,yes,1
Contain,686,pilot-containment-multi-bowl_0114,Will the red sphere touch the yellow mat?,no,yes,0
Contain,687,pilot-containment-multi-bowl_0115,Will the red sphere touch the yellow mat?,yes,yes,1
Contain,688,pilot-containment-multi-bowl_0116,Will the red sphere touch the yellow mat?,yes,yes,1
Contain,689,pilot-containment-multi-bowl_0117,Will the red sphere touch the yellow mat?,no,no,1
Contain,690,pilot-containment-multi-bowl_0118,Will the red sphere touch the yellow mat?,no,no,1
Contain,691,pilot-containment-multi-bowl_0119,Will the red sphere touch the yellow mat?,no,yes,0
Contain,692,pilot-containment-multi-bowl_0120,Will the red sphere touch the yellow mat?,no,yes,0
Contain,693,pilot-containment-multi-bowl_0121,Will the red sphere touch the yellow mat?,no,no,1
Contain,694,pilot-containment-multi-bowl_0122,Will the red sphere touch the yellow mat?,yes,yes,1
Contain,695,pilot-containment-multi-bowl_0123,Will the red sphere touch the yellow mat?,yes,no,0
Contain,696,pilot-containment-multi-bowl_0124,Will the red sphere touch the yellow mat?,no,yes,0
Contain,697,pilot-containment-multi-bowl_0125,Will the red sphere touch the yellow mat?,yes,yes,1
Contain,698,pilot-containment-multi-bowl_0126,Will the red sphere touch the yellow mat?,yes,yes,1
Contain,699,pilot-containment-multi-bowl_0127,Will the red sphere touch the yellow mat?,no,yes,0
Contain,700,pilot-containment-multi-bowl_0128,Will the red sphere touch the yellow mat?,yes,yes,1
Contain,701,pilot-containment-multi-bowl_0129,Will the red sphere touch the yellow mat?,no,no,1
Contain,702,pilot-containment-multi-bowl_0130,Will the red sphere touch the yellow mat?,no,no,1
Contain,703,pilot-containment-multi-bowl_0131,Will the red sphere touch the yellow mat?,no,yes,0
Contain,704,pilot-containment-multi-bowl_0132,Will the red sphere touch the yellow mat?,no,yes,0
Contain,705,pilot-containment-multi-bowl_0133,Will the red sphere touch the yellow mat?,yes,no,0
Contain,706,pilot-containment-multi-bowl_0134,Will the red sphere touch the yellow mat?,no,no,1
Contain,707,pilot-containment-multi-bowl_0135,Will the red sphere touch the yellow mat?,yes,yes,1
Contain,708,pilot-containment-multi-bowl_0136,Will the red sphere touch the yellow mat?,yes,yes,1
Contain,709,pilot-containment-multi-bowl_0137,Will the red sphere touch the yellow mat?,no,yes,0
Contain,710,pilot-containment-multi-bowl_0138,Will the red sphere touch the yellow mat?,no,yes,0
Contain,711,pilot-containment-multi-bowl_0139,Will the red sphere touch the yellow mat?,no,yes,0
Contain,712,pilot-containment-multi-bowl_0140,Will the red sphere touch the yellow mat?,no,no,1
Contain,713,pilot-containment-multi-bowl_0141,Will the red sphere touch the yellow mat?,no,yes,0
Contain,714,pilot-containment-multi-bowl_0142,Will the red sphere touch the yellow mat?,yes,no,0
Contain,715,pilot-containment-torus_0000,Will the red sphere touch the yellow mat?,yes,yes,1
Contain,716,pilot-containment-torus_0001,Will the red sphere touch the yellow mat?,yes,yes,1
Contain,717,pilot-containment-torus_0002,Will the red sphere touch the yellow mat?,yes,yes,1
Contain,718,pilot-containment-torus_0003,Will the red sphere touch the yellow mat?,yes,yes,1
Contain,719,pilot-containment-torus_0004,Will the red sphere touch the yellow mat?,no,no,1
Contain,720,pilot-containment-torus_0005,Will the red sphere touch the yellow mat?,yes,yes,1
Contain,721,pilot-containment-torus_0006,Will the red sphere touch the yellow mat?,yes,yes,1
Contain,722,pilot-containment-torus_0007,Will the red sphere touch the yellow mat?,no,yes,0
Contain,723,pilot-containment-torus_0008,Will the red sphere touch the yellow mat?,no,no,1
Contain,724,pilot-containment-torus_0009,Will the red sphere touch the yellow mat?,yes,yes,1
Contain,725,pilot-containment-torus_0010,Will the red sphere touch the yellow mat?,yes,yes,1
Contain,726,pilot-containment-torus_0011,Will the red sphere touch the yellow mat?,yes,yes,1
Contain,727,pilot-containment-torus_0012,Will the red sphere touch the yellow mat?,no,no,1
Contain,728,pilot-containment-torus_0013,Will the red sphere touch the yellow mat?,yes,yes,1
Contain,729,pilot-containment-torus_0014,Will the red sphere touch the yellow mat?,no,yes,0
Contain,730,pilot-containment-torus_0015,Will the red sphere touch the yellow mat?,yes,yes,1
Contain,731,pilot-containment-torus_0016,Will the red sphere touch the yellow mat?,no,no,1
Contain,732,pilot-containment-torus_0017,Will the red sphere touch the yellow mat?,no,no,1
Contain,733,pilot-containment-torus_0018,Will the red sphere touch the yellow mat?,no,yes,0
Contain,734,pilot-containment-torus_0019,Will the red sphere touch the yellow mat?,no,yes,0
Contain,735,pilot-containment-torus_0020,Will the red sphere touch the yellow mat?,no,no,1
Contain,736,pilot-containment-torus_0021,Will the red sphere touch the yellow mat?,no,yes,0
Contain,737,pilot-containment-torus_0022,Will the red sphere touch the yellow mat?,no,yes,0
Contain,738,pilot-containment-torus_0023,Will the red sphere touch the yellow mat?,no,yes,0
Contain,739,pilot-containment-torus_0024,Will the red sphere touch the yellow mat?,yes,yes,1
Contain,740,pilot-containment-torus_0025,Will the red sphere touch the yellow mat?,yes,yes,1
Contain,741,pilot-containment-torus_0026,Will the red sphere touch the yellow mat?,yes,yes,1
Contain,742,pilot-containment-torus_0027,Will the red sphere touch the yellow mat?,no,no,1
Contain,743,pilot-containment-torus_0028,Will the red sphere touch the yellow mat?,yes,yes,1
Contain,744,pilot-containment-torus_0029,Will the red sphere touch the yellow mat?,yes,yes,1
Contain,745,pilot-containment-torus_0030,Will the red sphere touch the yellow mat?,no,yes,0
Contain,746,pilot-containment-torus_0031,Will the red sphere touch the yellow mat?,yes,yes,1
Contain,747,pilot-containment-torus_0032,Will the red sphere touch the yellow mat?,no,yes,0
Contain,748,pilot-containment-torus_0033,Will the red sphere touch the yellow mat?,yes,yes,1
Contain,749,pilot-containment-torus_0034,Will the red sphere touch the yellow mat?,no,no,1
Contain,750,pilot-containment-torus_0035,Will the red sphere touch the yellow mat?,yes,yes,1
Contain,751,pilot-containment-torus_0036,Will the red sphere touch the yellow mat?,yes,yes,1
Contain,752,pilot-containment-torus_0037,Will the red sphere touch the yellow mat?,no,no,1
Contain,753,pilot-containment-torus_0038,Will the red sphere touch the yellow mat?,yes,yes,1
Contain,754,pilot-containment-torus_0039,Will the red sphere touch the yellow mat?,yes,yes,1
Contain,755,pilot-containment-torus_0040,Will the red sphere touch the yellow mat?,no,no,1
Contain,756,pilot-containment-torus_0041,Will the red sphere touch the yellow mat?,no,yes,0
Contain,757,pilot-containment-torus_0042,Will the red sphere touch the yellow mat?,no,no,1
Contain,758,pilot-containment-torus_0043,Will the red sphere touch the yellow mat?,no,yes,0
Contain,759,pilot-containment-torus_0044,Will the red sphere touch the yellow mat?,yes,yes,1
Contain,760,pilot-containment-torus_0045,Will the red sphere touch the yellow mat?,no,yes,0
Contain,761,pilot-containment-torus_0046,Will the red sphere touch the yellow mat?,yes,yes,1
Contain,762,pilot-containment-torus_0047,Will the red sphere touch the yellow mat?,yes,yes,1
Contain,763,pilot-containment-torus_0048,Will the red sphere touch the yellow mat?,yes,yes,1
Contain,764,pilot-containment-torus_0049,Will the red sphere touch the yellow mat?,yes,yes,1
Contain,765,pilot-containment-torus_0050,Will the red sphere touch the yellow mat?,no,no,1
Contain,766,pilot-containment-torus_0051,Will the red sphere touch the yellow mat?,yes,yes,1
Contain,767,pilot-containment-torus_0052,Will the red sphere touch the yellow mat?,yes,yes,1
Contain,768,pilot-containment-torus_0053,Will the red sphere touch the yellow mat?,no,no,1
Contain,769,pilot-containment-torus_0054,Will the red sphere touch the yellow mat?,yes,yes,1
Contain,770,pilot-containment-torus_0055,Will the red sphere touch the yellow mat?,no,no,1
Contain,771,pilot-containment-torus_0056,Will the red sphere touch the yellow mat?,no,no,1
Contain,772,pilot-containment-torus_0057,Will the red sphere touch the yellow mat?,no,no,1
Contain,773,pilot-containment-torus_0058,Will the red sphere touch the yellow mat?,yes,yes,1
Contain,774,pilot-containment-torus_0059,Will the red sphere touch the yellow mat?,no,yes,0
Contain,775,pilot-containment-torus_0060,Will the red sphere touch the yellow mat?,yes,no,0
Contain,776,pilot-containment-torus_0061,Will the red sphere touch the yellow mat?,no,no,1
Contain,777,pilot-containment-torus_0062,Will the red sphere touch the yellow mat?,yes,no,0
Contain,778,pilot-containment-torus_0063,Will the red sphere touch the yellow mat?,no,no,1
Contain,779,pilot-containment-torus_0064,Will the red sphere touch the yellow mat?,no,yes,0
Contain,780,pilot-containment-torus_0065,Will the red sphere touch the yellow mat?,yes,yes,1
Contain,781,pilot-containment-torus_0066,Will the red sphere touch the yellow mat?,yes,yes,1
Contain,782,pilot-containment-torus_0067,Will the red sphere touch the yellow mat?,yes,yes,1
Contain,783,pilot-containment-torus_0068,Will the red sphere touch the yellow mat?,no,no,1
Contain,784,pilot-containment-torus_0069,Will the red sphere touch the yellow mat?,no,no,1
Contain,785,pilot-containment-torus_0070,Will the red sphere touch the yellow mat?,yes,yes,1
Contain,786,pilot-containment-torus_0071,Will the red sphere touch the yellow mat?,no,no,1
Contain,787,pilot-containment-torus_0072,Will the red sphere touch the yellow mat?,no,no,1
Contain,788,pilot-containment-torus_0073,Will the red sphere touch the yellow mat?,yes,yes,1
Contain,789,pilot-containment-torus_0074,Will the red sphere touch the yellow mat?,no,no,1
Contain,790,pilot-containment-torus_0075,Will the red sphere touch the yellow mat?,no,no,1
Contain,791,pilot-containment-torus_0076,Will the red sphere touch the yellow mat?,no,no,1
Contain,792,pilot-containment-torus_0077,Will the red sphere touch the yellow mat?,yes,yes,1
Contain,793,pilot-containment-torus_0078,Will the red sphere touch the yellow mat?,no,no,1
Contain,794,pilot-containment-torus_0079,Will the red sphere touch the yellow mat?,yes,yes,1
Contain,795,pilot-containment-torus_0080,Will the red sphere touch the yellow mat?,no,no,1
Contain,796,pilot-containment-torus_0081,Will the red sphere touch the yellow mat?,no,no,1
Contain,797,pilot-containment-torus_0082,Will the red sphere touch the yellow mat?,yes,yes,1
Contain,798,pilot-containment-torus_0083,Will the red sphere touch the yellow mat?,yes,yes,1
Contain,799,pilot-containment-torus_0084,Will the red sphere touch the yellow mat?,yes,yes,1
Contain,800,pilot-containment-torus_0085,Will the red sphere touch the yellow mat?,yes,yes,1
Contain,801,pilot-containment-torus_0086,Will the red sphere touch the yellow mat?,no,no,1
Contain,802,pilot-containment-torus_0087,Will the red sphere touch the yellow mat?,yes,yes,1
Contain,803,pilot-containment-torus_0088,Will the red sphere touch the yellow mat?,no,no,1
Contain,804,pilot-containment-torus_0089,Will the red sphere touch the yellow mat?,no,no,1
Contain,805,pilot-containment-torus_0090,Will the red sphere touch the yellow mat?,yes,yes,1
Contain,806,pilot-containment-torus_0091,Will the red sphere touch the yellow mat?,no,no,1
Contain,807,pilot-containment-torus_0092,Will the red sphere touch the yellow mat?,yes,no,0
Contain,808,pilot-containment-torus_0093,Will the red sphere touch the yellow mat?,yes,yes,1
Contain,809,pilot-containment-torus_0094,Will the red sphere touch the yellow mat?,no,no,1
Contain,810,pilot-containment-torus_0095,Will the red sphere touch the yellow mat?,no,yes,0
Contain,811,pilot-containment-torus_0096,Will the red sphere touch the yellow mat?,no,yes,0
Contain,812,pilot-containment-torus_0097,Will the red sphere touch the yellow mat?,no,yes,0
Contain,813,pilot-containment-torus_0098,Will the red sphere touch the yellow mat?,no,no,1
Contain,814,pilot-containment-torus_0099,Will the red sphere touch the yellow mat?,yes,yes,1
Contain,815,pilot-containment-torus_0100,Will the red sphere touch the yellow mat?,no,yes,0
Contain,816,pilot-containment-torus_0101,Will the red sphere touch the yellow mat?,no,yes,0
Contain,817,pilot-containment-torus_0102,Will the red sphere touch the yellow mat?,no,no,1
Contain,818,pilot-containment-torus_0103,Will the red sphere touch the yellow mat?,yes,yes,1
Contain,819,pilot-containment-torus_0104,Will the red sphere touch the yellow mat?,yes,yes,1
Contain,820,pilot-containment-torus_0105,Will the red sphere touch the yellow mat?,yes,yes,1
Contain,821,pilot-containment-torus_0106,Will the red sphere touch the yellow mat?,yes,yes,1
Contain,822,pilot-containment-torus_0107,Will the red sphere touch the yellow mat?,no,yes,0
Contain,823,pilot-containment-torus_0108,Will the red sphere touch the yellow mat?,yes,yes,1
Contain,824,pilot-containment-torus_0109,Will the red sphere touch the yellow mat?,yes,yes,1
Contain,825,pilot-containment-torus_0110,Will the red sphere touch the yellow mat?,no,no,1
Contain,826,pilot-containment-torus_0111,Will the red sphere touch the yellow mat?,no,no,1
Contain,827,pilot-containment-torus_0112,Will the red sphere touch the yellow mat?,yes,yes,1
Contain,828,pilot-containment-torus_0113,Will the red sphere touch the yellow mat?,yes,yes,1
Contain,829,pilot-containment-torus_0114,Will the red sphere touch the yellow mat?,no,no,1
Contain,830,pilot-containment-torus_0115,Will the red sphere touch the yellow mat?,yes,yes,1
Contain,831,pilot-containment-torus_0116,Will the red sphere touch the yellow mat?,no,no,1
Contain,832,pilot-containment-torus_0117,Will the red sphere touch the yellow mat?,no,no,1
Contain,833,pilot-containment-torus_0118,Will the red sphere touch the yellow mat?,yes,yes,1
Contain,834,pilot-containment-torus_0119,Will the red sphere touch the yellow mat?,no,no,1
Contain,835,pilot-containment-torus_0120,Will the red sphere touch the yellow mat?,yes,yes,1
Contain,836,pilot-containment-torus_0121,Will the red sphere touch the yellow mat?,yes,yes,1
Contain,837,pilot-containment-torus_0122,Will the red sphere touch the yellow mat?,yes,yes,1
Contain,838,pilot-containment-torus_0123,Will the red sphere touch the yellow mat?,yes,yes,1
Contain,839,pilot-containment-torus_0124,Will the red sphere touch the yellow mat?,no,yes,0
Contain,840,pilot-containment-torus_0125,Will the red sphere touch the yellow mat?,yes,yes,1
Contain,841,pilot-containment-torus_0126,Will the red sphere touch the yellow mat?,yes,yes,1
Contain,842,pilot-containment-torus_0127,Will the red sphere touch the yellow mat?,no,no,1
Contain,843,pilot-containment-torus_0128,Will the red sphere touch the yellow mat?,yes,yes,1
Contain,844,pilot-containment-torus_0129,Will the red sphere touch the yellow mat?,no,no,1
Contain,845,pilot-containment-torus_0130,Will the red sphere touch the yellow mat?,yes,yes,1
Contain,846,pilot-containment-torus_0131,Will the red sphere touch the yellow mat?,yes,yes,1
Contain,847,pilot-containment-torus_0132,Will the red sphere touch the yellow mat?,yes,yes,1
Contain,848,pilot-containment-torus_0133,Will the red sphere touch the yellow mat?,yes,yes,1
Contain,849,pilot-containment-torus_0134,Will the red sphere touch the yellow mat?,no,no,1
Contain,850,pilot-containment-torus_0135,Will the red sphere touch the yellow mat?,yes,yes,1
Contain,851,pilot-containment-torus_0136,Will the red sphere touch the yellow mat?,no,yes,0
Contain,852,pilot-containment-torus_0137,Will the red sphere touch the yellow mat?,no,no,1
Contain,853,pilot-containment-torus_0138,Will the red sphere touch the yellow mat?,no,yes,0
Contain,854,pilot-containment-torus_0139,Will the red sphere touch the yellow mat?,no,no,1
Contain,855,pilot-containment-torus_0140,Will the red sphere touch the yellow mat?,no,no,1
Contain,856,pilot-containment-torus_0141,Will the red sphere touch the yellow mat?,yes,no,0
Contain,857,pilot-containment-torus_0142,Will the red sphere touch the yellow mat?,yes,yes,1
Contain,858,pilot-containment-vase_0000,Will the red sphere touch the yellow mat?,yes,yes,1
Contain,859,pilot-containment-vase_0001,Will the red sphere touch the yellow mat?,yes,yes,1
Contain,860,pilot-containment-vase_0002,Will the red sphere touch the yellow mat?,no,yes,0
Contain,861,pilot-containment-vase_0003,Will the red sphere touch the yellow mat?,yes,yes,1
Contain,862,pilot-containment-vase_0004,Will the red sphere touch the yellow mat?,no,no,1
Contain,863,pilot-containment-vase_0005,Will the red sphere touch the yellow mat?,no,no,1
Contain,864,pilot-containment-vase_0006,Will the red sphere touch the yellow mat?,no,no,1
Contain,865,pilot-containment-vase_0007,Will the red sphere touch the yellow mat?,no,yes,0
Contain,866,pilot-containment-vase_0008,Will the red sphere touch the yellow mat?,no,no,1
Contain,867,pilot-containment-vase_0009,Will the red sphere touch the yellow mat?,no,no,1
Contain,868,pilot-containment-vase_0010,Will the red sphere touch the yellow mat?,no,no,1
Contain,869,pilot-containment-vase_0011,Will the red sphere touch the yellow mat?,yes,yes,1
Contain,870,pilot-containment-vase_0012,Will the red sphere touch the yellow mat?,no,no,1
Contain,871,pilot-containment-vase_0013,Will the red sphere touch the yellow mat?,no,no,1
Contain,872,pilot-containment-vase_0014,Will the red sphere touch the yellow mat?,no,no,1
Contain,873,pilot-containment-vase_0015,Will the red sphere touch the yellow mat?,yes,yes,1
Contain,874,pilot-containment-vase_0016,Will the red sphere touch the yellow mat?,yes,no,0
Contain,875,pilot-containment-vase_0017,Will the red sphere touch the yellow mat?,no,no,1
Contain,876,pilot-containment-vase_0018,Will the red sphere touch the yellow mat?,no,no,1
Contain,877,pilot-containment-vase_0019,Will the red sphere touch the yellow mat?,no,yes,0
Contain,878,pilot-containment-vase_0020,Will the red sphere touch the yellow mat?,no,yes,0
Contain,879,pilot-containment-vase_0021,Will the red sphere touch the yellow mat?,no,yes,0
Contain,880,pilot-containment-vase_0022,Will the red sphere touch the yellow mat?,no,no,1
Contain,881,pilot-containment-vase_0023,Will the red sphere touch the yellow mat?,no,no,1
Contain,882,pilot-containment-vase_0024,Will the red sphere touch the yellow mat?,no,no,1
Contain,883,pilot-containment-vase_0025,Will the red sphere touch the yellow mat?,yes,yes,1
Contain,884,pilot-containment-vase_0026,Will the red sphere touch the yellow mat?,yes,yes,1
Contain,885,pilot-containment-vase_0027,Will the red sphere touch the yellow mat?,no,yes,0
Contain,886,pilot-containment-vase_0028,Will the red sphere touch the yellow mat?,yes,yes,1
Contain,887,pilot-containment-vase_0029,Will the red sphere touch the yellow mat?,no,no,1
Contain,888,pilot-containment-vase_0030,Will the red sphere touch the yellow mat?,no,yes,0
Contain,889,pilot-containment-vase_0031,Will the red sphere touch the yellow mat?,yes,no,0
Contain,890,pilot-containment-vase_0032,Will the red sphere touch the yellow mat?,no,yes,0
Contain,891,pilot-containment-vase_0033,Will the red sphere touch the yellow mat?,no,no,1
Contain,892,pilot-containment-vase_0034,Will the red sphere touch the yellow mat?,no,yes,0
Contain,893,pilot-containment-vase_0035,Will the red sphere touch the yellow mat?,no,no,1
Contain,894,pilot-containment-vase_0036,Will the red sphere touch the yellow mat?,no,yes,0
Contain,895,pilot-containment-vase_0037,Will the red sphere touch the yellow mat?,yes,yes,1
Contain,896,pilot-containment-vase_0038,Will the red sphere touch the yellow mat?,yes,yes,1
Contain,897,pilot-containment-vase_0039,Will the red sphere touch the yellow mat?,no,no,1
Contain,898,pilot-containment-vase_0040,Will the red sphere touch the yellow mat?,yes,yes,1
Contain,899,pilot-containment-vase_0041,Will the red sphere touch the yellow mat?,yes,yes,1
Contain,900,pilot-containment-vase_0042,Will the red sphere touch the yellow mat?,no,no,1
Contain,901,pilot-containment-vase_0043,Will the red sphere touch the yellow mat?,yes,yes,1
Contain,902,pilot-containment-vase_0044,Will the red sphere touch the yellow mat?,no,no,1
Contain,903,pilot-containment-vase_0045,Will the red sphere touch the yellow mat?,no,no,1
Contain,904,pilot-containment-vase_0046,Will the red sphere touch the yellow mat?,yes,yes,1
Contain,905,pilot-containment-vase_0047,Will the red sphere touch the yellow mat?,no,yes,0
Contain,906,pilot-containment-vase_0048,Will the red sphere touch the yellow mat?,no,no,1
Contain,907,pilot-containment-vase_0049,Will the red sphere touch the yellow mat?,yes,yes,1
Contain,908,pilot-containment-vase_0050,Will the red sphere touch the yellow mat?,no,no,1
Contain,909,pilot-containment-vase_0051,Will the red sphere touch the yellow mat?,no,no,1
Contain,910,pilot-containment-vase_0052,Will the red sphere touch the yellow mat?,yes,yes,1
Contain,911,pilot-containment-vase_0053,Will the red sphere touch the yellow mat?,no,yes,0
Contain,912,pilot-containment-vase_0054,Will the red sphere touch the yellow mat?,no,no,1
Contain,913,pilot-containment-vase_0055,Will the red sphere touch the yellow mat?,no,no,1
Contain,914,pilot-containment-vase_0056,Will the red sphere touch the yellow mat?,no,no,1
Contain,915,pilot-containment-vase_0057,Will the red sphere touch the yellow mat?,yes,yes,1
Contain,916,pilot-containment-vase_0058,Will the red sphere touch the yellow mat?,no,no,1
Contain,917,pilot-containment-vase_0059,Will the red sphere touch the yellow mat?,yes,yes,1
Contain,918,pilot-containment-vase_0060,Will the red sphere touch the yellow mat?,yes,yes,1
Contain,919,pilot-containment-vase_0061,Will the red sphere touch the yellow mat?,yes,yes,1
Contain,920,pilot-containment-vase_0062,Will the red sphere touch the yellow mat?,no,no,1
Contain,921,pilot-containment-vase_0063,Will the red sphere touch the yellow mat?,yes,yes,1
Contain,922,pilot-containment-vase_0064,Will the red sphere touch the yellow mat?,yes,yes,1
Contain,923,pilot-containment-vase_0065,Will the red sphere touch the yellow mat?,yes,no,0
Contain,924,pilot-containment-vase_0066,Will the red sphere touch the yellow mat?,yes,no,0
Contain,925,pilot-containment-vase_0067,Will the red sphere touch the yellow mat?,no,no,1
Contain,926,pilot-containment-vase_0068,Will the red sphere touch the yellow mat?,no,no,1
Contain,927,pilot-containment-vase_0069,Will the red sphere touch the yellow mat?,no,no,1
Contain,928,pilot-containment-vase_0070,Will the red sphere touch the yellow mat?,no,no,1
Contain,929,pilot-containment-vase_0071,Will the red sphere touch the yellow mat?,yes,yes,1
Contain,930,pilot-containment-vase_0072,Will the red sphere touch the yellow mat?,no,no,1
Contain,931,pilot-containment-vase_0073,Will the red sphere touch the yellow mat?,yes,yes,1
Contain,932,pilot-containment-vase_0074,Will the red sphere touch the yellow mat?,yes,yes,1
Contain,933,pilot-containment-vase_0075,Will the red sphere touch the yellow mat?,no,no,1
Contain,934,pilot-containment-vase_0076,Will the red sphere touch the yellow mat?,no,no,1
Contain,935,pilot-containment-vase_0077,Will the red sphere touch the yellow mat?,yes,yes,1
Contain,936,pilot-containment-vase_0078,Will the red sphere touch the yellow mat?,no,no,1
Contain,937,pilot-containment-vase_0079,Will the red sphere touch the yellow mat?,no,no,1
Contain,938,pilot-containment-vase_0080,Will the red sphere touch the yellow mat?,no,no,1
Contain,939,pilot-containment-vase_0081,Will the red sphere touch the yellow mat?,no,no,1
Contain,940,pilot-containment-vase_0082,Will the red sphere touch the yellow mat?,yes,yes,1
Contain,941,pilot-containment-vase_0083,Will the red sphere touch the yellow mat?,no,no,1
Contain,942,pilot-containment-vase_0084,Will the red sphere touch the yellow mat?,no,yes,0
Contain,943,pilot-containment-vase_0085,Will the red sphere touch the yellow mat?,no,yes,0
Contain,944,pilot-containment-vase_0086,Will the red sphere touch the yellow mat?,no,yes,0
Contain,945,pilot-containment-vase_0087,Will the red sphere touch the yellow mat?,no,no,1
Contain,946,pilot-containment-vase_0088,Will the red sphere touch the yellow mat?,no,no,1
Contain,947,pilot-containment-vase_0089,Will the red sphere touch the yellow mat?,no,no,1
Contain,948,pilot-containment-vase_0090,Will the red sphere touch the yellow mat?,yes,yes,1
Contain,949,pilot-containment-vase_0091,Will the red sphere touch the yellow mat?,no,yes,0
Contain,950,pilot-containment-vase_0092,Will the red sphere touch the yellow mat?,no,no,1
Contain,951,pilot-containment-vase_0093,Will the red sphere touch the yellow mat?,no,no,1
Contain,952,pilot-containment-vase_0094,Will the red sphere touch the yellow mat?,no,yes,0
Contain,953,pilot-containment-vase_0095,Will the red sphere touch the yellow mat?,no,yes,0
Contain,954,pilot-containment-vase_0096,Will the red sphere touch the yellow mat?,no,yes,0
Contain,955,pilot-containment-vase_0097,Will the red sphere touch the yellow mat?,no,yes,0
Contain,956,pilot-containment-vase_0098,Will the red sphere touch the yellow mat?,no,yes,0
Contain,957,pilot-containment-vase_0099,Will the red sphere touch the yellow mat?,yes,yes,1
Contain,958,pilot-containment-vase_0100,Will the red sphere touch the yellow mat?,no,no,1
Contain,959,pilot-containment-vase_0101,Will the red sphere touch the yellow mat?,yes,yes,1
Contain,960,pilot-containment-vase_0102,Will the red sphere touch the yellow mat?,no,no,1
Contain,961,pilot-containment-vase_0103,Will the red sphere touch the yellow mat?,no,yes,0
Contain,962,pilot-containment-vase_0104,Will the red sphere touch the yellow mat?,no,yes,0
Contain,963,pilot-containment-vase_0105,Will the red sphere touch the yellow mat?,no,yes,0
Contain,964,pilot-containment-vase_0106,Will the red sphere touch the yellow mat?,yes,yes,1
Contain,965,pilot-containment-vase_0107,Will the red sphere touch the yellow mat?,yes,yes,1
Contain,966,pilot-containment-vase_0108,Will the red sphere touch the yellow mat?,no,yes,0
Contain,967,pilot-containment-vase_0109,Will the red sphere touch the yellow mat?,yes,yes,1
Contain,968,pilot-containment-vase_0110,Will the red sphere touch the yellow mat?,no,yes,0
Contain,969,pilot-containment-vase_0111,Will the red sphere touch the yellow mat?,no,no,1
Contain,970,pilot-containment-vase_0112,Will the red sphere touch the yellow mat?,no,no,1
Contain,971,pilot-containment-vase_0113,Will the red sphere touch the yellow mat?,yes,no,0
Contain,972,pilot-containment-vase_0114,Will the red sphere touch the yellow mat?,no,yes,0
Contain,973,pilot-containment-vase_0115,Will the red sphere touch the yellow mat?,no,no,1
Contain,974,pilot-containment-vase_0116,Will the red sphere touch the yellow mat?,no,yes,0
Contain,975,pilot-containment-vase_0117,Will the red sphere touch the yellow mat?,yes,no,0
Contain,976,pilot-containment-vase_0118,Will the red sphere touch the yellow mat?,no,no,1
Contain,977,pilot-containment-vase_0119,Will the red sphere touch the yellow mat?,no,no,1
Contain,978,pilot-containment-vase_0120,Will the red sphere touch the yellow mat?,no,no,1
Contain,979,pilot-containment-vase_0121,Will the red sphere touch the yellow mat?,no,no,1
Contain,980,pilot-containment-vase_0122,Will the red sphere touch the yellow mat?,no,no,1
Contain,981,pilot-containment-vase_0123,Will the red sphere touch the yellow mat?,no,yes,0
Contain,982,pilot-containment-vase_0124,Will the red sphere touch the yellow mat?,no,no,1
Contain,983,pilot-containment-vase_0125,Will the red sphere touch the yellow mat?,yes,no,0
Contain,984,pilot-containment-vase_0126,Will the red sphere touch the yellow mat?,yes,yes,1
Contain,985,pilot-containment-vase_0127,Will the red sphere touch the yellow mat?,no,yes,0
Contain,986,pilot-containment-vase_0128,Will the red sphere touch the yellow mat?,yes,yes,1
Contain,987,pilot-containment-vase_0129,Will the red sphere touch the yellow mat?,no,no,1
Contain,988,pilot-containment-vase_0130,Will the red sphere touch the yellow mat?,no,no,1
Contain,989,pilot-containment-vase_0131,Will the red sphere touch the yellow mat?,no,no,1
Contain,990,pilot-containment-vase_0132,Will the red sphere touch the yellow mat?,yes,yes,1
Contain,991,pilot-containment-vase_0133,Will the red sphere touch the yellow mat?,no,no,1
Contain,992,pilot-containment-vase_0134,Will the red sphere touch the yellow mat?,no,no,1
Contain,993,pilot-containment-vase_0135,Will the red sphere touch the yellow mat?,yes,yes,1
Contain,994,pilot-containment-vase_0136,Will the red sphere touch the yellow mat?,no,no,1
Contain,995,pilot-containment-vase_0137,Will the red sphere touch the yellow mat?,yes,yes,1
Contain,996,pilot-containment-vase_0138,Will the red sphere touch the yellow mat?,no,no,1
Contain,997,pilot-containment-vase_0139,Will the red sphere touch the yellow mat?,no,no,1
Contain,998,pilot-containment-vase_0140,Will the red sphere touch the yellow mat?,no,no,1
Contain,999,pilot-containment-vase_0141,Will the red sphere touch the yellow mat?,no,no,1
Contain,1000,pilot-containment-vase_0142,Will the red sphere touch the yellow mat?,no,no,1
Dominoes,0,pilot_dominoes_0mid_d3chairs_o1plants_tdwroom_0000,Will the red domino fall onto the yellow mat?,no,yes,0
Dominoes,1,pilot_dominoes_0mid_d3chairs_o1plants_tdwroom_0001,Will the red domino fall onto the yellow mat?,yes,yes,1
Dominoes,2,pilot_dominoes_0mid_d3chairs_o1plants_tdwroom_0002,Will the red domino fall onto the yellow mat?,no,no,1
Dominoes,3,pilot_dominoes_0mid_d3chairs_o1plants_tdwroom_0003,Will the red domino fall onto the yellow mat?,yes,yes,1
Dominoes,4,pilot_dominoes_0mid_d3chairs_o1plants_tdwroom_0004,Will the red domino fall onto the yellow mat?,yes,yes,1
Dominoes,5,pilot_dominoes_0mid_d3chairs_o1plants_tdwroom_0005,Will the red domino fall onto the yellow mat?,yes,yes,1
Dominoes,6,pilot_dominoes_0mid_d3chairs_o1plants_tdwroom_0006,Will the red domino fall onto the yellow mat?,no,no,1
Dominoes,7,pilot_dominoes_0mid_d3chairs_o1plants_tdwroom_0007,Will the red domino fall onto the yellow mat?,no,yes,0
Dominoes,8,pilot_dominoes_0mid_d3chairs_o1plants_tdwroom_0008,Will the red domino fall onto the yellow mat?,yes,yes,1
Dominoes,9,pilot_dominoes_0mid_d3chairs_o1plants_tdwroom_0009,Will the red domino fall onto the yellow mat?,no,no,1
Dominoes,10,pilot_dominoes_0mid_d3chairs_o1plants_tdwroom_0010,Will the red domino fall onto the yellow mat?,no,no,1
Dominoes,11,pilot_dominoes_0mid_d3chairs_o1plants_tdwroom_0011,Will the red domino fall onto the yellow mat?,yes,yes,1
Dominoes,12,pilot_dominoes_0mid_d3chairs_o1plants_tdwroom_0012,Will the red domino fall onto the yellow mat?,no,yes,0
Dominoes,13,pilot_dominoes_0mid_d3chairs_o1plants_tdwroom_0013,Will the red domino fall onto the yellow mat?,yes,yes,1
Dominoes,14,pilot_dominoes_0mid_d3chairs_o1plants_tdwroom_0014,Will the red domino fall onto the yellow mat?,yes,yes,1
Dominoes,15,pilot_dominoes_0mid_d3chairs_o1plants_tdwroom_0015,Will the red domino fall onto the yellow mat?,no,yes,0
Dominoes,16,pilot_dominoes_0mid_d3chairs_o1plants_tdwroom_0016,Will the red domino fall onto the yellow mat?,no,no,1
Dominoes,17,pilot_dominoes_0mid_d3chairs_o1plants_tdwroom_0017,Will the red domino fall onto the yellow mat?,yes,yes,1
Dominoes,18,pilot_dominoes_0mid_d3chairs_o1plants_tdwroom_0018,Will the red domino fall onto the yellow mat?,no,yes,0
Dominoes,19,pilot_dominoes_0mid_d3chairs_o1plants_tdwroom_0019,Will the red domino fall onto the yellow mat?,yes,yes,1
Dominoes,20,pilot_dominoes_0mid_d3chairs_o1plants_tdwroom_0020,Will the red domino fall onto the yellow mat?,no,yes,0
Dominoes,21,pilot_dominoes_0mid_d3chairs_o1plants_tdwroom_0021,Will the red domino fall onto the yellow mat?,no,yes,0
Dominoes,22,pilot_dominoes_0mid_d3chairs_o1plants_tdwroom_0022,Will the red domino fall onto the yellow mat?,yes,yes,1
Dominoes,23,pilot_dominoes_0mid_d3chairs_o1plants_tdwroom_0023,Will the red domino fall onto the yellow mat?,yes,yes,1
Dominoes,24,pilot_dominoes_0mid_d3chairs_o1plants_tdwroom_0024,Will the red domino fall onto the yellow mat?,no,no,1
Dominoes,25,pilot_dominoes_0mid_d3chairs_o1plants_tdwroom_0025,Will the red domino fall onto the yellow mat?,no,no,1
Dominoes,26,pilot_dominoes_0mid_d3chairs_o1plants_tdwroom_0026,Will the red domino fall onto the yellow mat?,no,yes,0
Dominoes,27,pilot_dominoes_0mid_d3chairs_o1plants_tdwroom_0027,Will the red domino fall onto the yellow mat?,yes,yes,1
Dominoes,28,pilot_dominoes_0mid_d3chairs_o1plants_tdwroom_0028,Will the red domino fall onto the yellow mat?,no,no,1
Dominoes,29,pilot_dominoes_0mid_d3chairs_o1plants_tdwroom_0029,Will the red domino fall onto the yellow mat?,no,no,1
Dominoes,30,pilot_dominoes_0mid_d3chairs_o1plants_tdwroom_0030,Will the red domino fall onto the yellow mat?,no,no,1
Dominoes,31,pilot_dominoes_0mid_d3chairs_o1plants_tdwroom_0031,Will the red domino fall onto the yellow mat?,no,yes,0
Dominoes,32,pilot_dominoes_0mid_d3chairs_o1plants_tdwroom_0032,Will the red domino fall onto the yellow mat?,no,no,1
Dominoes,33,pilot_dominoes_0mid_d3chairs_o1plants_tdwroom_0033,Will the red domino fall onto the yellow mat?,yes,yes,1
Dominoes,34,pilot_dominoes_0mid_d3chairs_o1plants_tdwroom_0034,Will the red domino fall onto the yellow mat?,yes,yes,1
Dominoes,35,pilot_dominoes_0mid_d3chairs_o1plants_tdwroom_0035,Will the red domino fall onto the yellow mat?,yes,yes,1
Dominoes,36,pilot_dominoes_0mid_d3chairs_o1plants_tdwroom_0036,Will the red domino fall onto the yellow mat?,yes,yes,1
Dominoes,37,pilot_dominoes_0mid_d3chairs_o1plants_tdwroom_0037,Will the red domino fall onto the yellow mat?,no,no,1
Dominoes,38,pilot_dominoes_0mid_d3chairs_o1plants_tdwroom_0038,Will the red domino fall onto the yellow mat?,no,no,1
Dominoes,39,pilot_dominoes_0mid_d3chairs_o1plants_tdwroom_0039,Will the red domino fall onto the yellow mat?,no,no,1
Dominoes,40,pilot_dominoes_0mid_d3chairs_o1plants_tdwroom_0040,Will the red domino fall onto the yellow mat?,no,yes,0
Dominoes,41,pilot_dominoes_0mid_d3chairs_o1plants_tdwroom_0041,Will the red domino fall onto the yellow mat?,yes,yes,1
Dominoes,42,pilot_dominoes_0mid_d3chairs_o1plants_tdwroom_0042,Will the red domino fall onto the yellow mat?,yes,yes,1
Dominoes,43,pilot_dominoes_0mid_d3chairs_o1plants_tdwroom_0043,Will the red domino fall onto the yellow mat?,yes,no,0
Dominoes,44,pilot_dominoes_0mid_d3chairs_o1plants_tdwroom_0044,Will the red domino fall onto the yellow mat?,yes,yes,1
Dominoes,45,pilot_dominoes_0mid_d3chairs_o1plants_tdwroom_0045,Will the red domino fall onto the yellow mat?,no,yes,0
Dominoes,46,pilot_dominoes_0mid_d3chairs_o1plants_tdwroom_0046,Will the red domino fall onto the yellow mat?,yes,yes,1
Dominoes,47,pilot_dominoes_0mid_d3chairs_o1plants_tdwroom_0047,Will the red domino fall onto the yellow mat?,yes,yes,1
Dominoes,48,pilot_dominoes_0mid_d3chairs_o1plants_tdwroom_0048,Will the red domino fall onto the yellow mat?,no,no,1
Dominoes,49,pilot_dominoes_0mid_d3chairs_o1plants_tdwroom_0049,Will the red domino fall onto the yellow mat?,no,no,1
Dominoes,50,pilot_dominoes_0mid_d3chairs_o1plants_tdwroom_0050,Will the red domino fall onto the yellow mat?,yes,yes,1
Dominoes,51,pilot_dominoes_0mid_d3chairs_o1plants_tdwroom_0051,Will the red domino fall onto the yellow mat?,yes,yes,1
Dominoes,52,pilot_dominoes_0mid_d3chairs_o1plants_tdwroom_0052,Will the red domino fall onto the yellow mat?,yes,yes,1
Dominoes,53,pilot_dominoes_0mid_d3chairs_o1plants_tdwroom_0053,Will the red domino fall onto the yellow mat?,no,yes,0
Dominoes,54,pilot_dominoes_0mid_d3chairs_o1plants_tdwroom_0054,Will the red domino fall onto the yellow mat?,no,no,1
Dominoes,55,pilot_dominoes_0mid_d3chairs_o1plants_tdwroom_0055,Will the red domino fall onto the yellow mat?,no,yes,0
Dominoes,56,pilot_dominoes_0mid_d3chairs_o1plants_tdwroom_0056,Will the red domino fall onto the yellow mat?,no,no,1
Dominoes,57,pilot_dominoes_0mid_d3chairs_o1plants_tdwroom_0057,Will the red domino fall onto the yellow mat?,no,no,1
Dominoes,58,pilot_dominoes_0mid_d3chairs_o1plants_tdwroom_0058,Will the red domino fall onto the yellow mat?,no,no,1
Dominoes,59,pilot_dominoes_0mid_d3chairs_o1plants_tdwroom_0059,Will the red domino fall onto the yellow mat?,yes,yes,1
Dominoes,60,pilot_dominoes_0mid_d3chairs_o1plants_tdwroom_0060,Will the red domino fall onto the yellow mat?,no,no,1
Dominoes,61,pilot_dominoes_0mid_d3chairs_o1plants_tdwroom_0061,Will the red domino fall onto the yellow mat?,yes,yes,1
Dominoes,62,pilot_dominoes_0mid_d3chairs_o1plants_tdwroom_0062,Will the red domino fall onto the yellow mat?,no,no,1
Dominoes,63,pilot_dominoes_0mid_d3chairs_o1plants_tdwroom_0063,Will the red domino fall onto the yellow mat?,no,no,1
Dominoes,64,pilot_dominoes_0mid_d3chairs_o1plants_tdwroom_0064,Will the red domino fall onto the yellow mat?,yes,yes,1
Dominoes,65,pilot_dominoes_0mid_d3chairs_o1plants_tdwroom_0065,Will the red domino fall onto the yellow mat?,no,yes,0
Dominoes,66,pilot_dominoes_0mid_d3chairs_o1plants_tdwroom_0066,Will the red domino fall onto the yellow mat?,no,yes,0
Dominoes,67,pilot_dominoes_0mid_d3chairs_o1plants_tdwroom_0067,Will the red domino fall onto the yellow mat?,yes,yes,1
Dominoes,68,pilot_dominoes_0mid_d3chairs_o1plants_tdwroom_0068,Will the red domino fall onto the yellow mat?,no,yes,0
Dominoes,69,pilot_dominoes_0mid_d3chairs_o1plants_tdwroom_0069,Will the red domino fall onto the yellow mat?,no,no,1
Dominoes,70,pilot_dominoes_0mid_d3chairs_o1plants_tdwroom_0070,Will the red domino fall onto the yellow mat?,yes,no,0
Dominoes,71,pilot_dominoes_0mid_d3chairs_o1plants_tdwroom_0071,Will the red domino fall onto the yellow mat?,yes,yes,1
Dominoes,72,pilot_dominoes_0mid_d3chairs_o1plants_tdwroom_0072,Will the red domino fall onto the yellow mat?,no,yes,0
Dominoes,73,pilot_dominoes_0mid_d3chairs_o1plants_tdwroom_0073,Will the red domino fall onto the yellow mat?,yes,yes,1
Dominoes,74,pilot_dominoes_0mid_d3chairs_o1plants_tdwroom_0074,Will the red domino fall onto the yellow mat?,no,no,1
Dominoes,75,pilot_dominoes_0mid_d3chairs_o1plants_tdwroom_0075,Will the red domino fall onto the yellow mat?,yes,no,0
Dominoes,76,pilot_dominoes_0mid_d3chairs_o1plants_tdwroom_0076,Will the red domino fall onto the yellow mat?,no,yes,0
Dominoes,77,pilot_dominoes_0mid_d3chairs_o1plants_tdwroom_0077,Will the red domino fall onto the yellow mat?,no,no,1
Dominoes,78,pilot_dominoes_0mid_d3chairs_o1plants_tdwroom_0078,Will the red domino fall onto the yellow mat?,yes,yes,1
Dominoes,79,pilot_dominoes_0mid_d3chairs_o1plants_tdwroom_0079,Will the red domino fall onto the yellow mat?,no,yes,0
Dominoes,80,pilot_dominoes_0mid_d3chairs_o1plants_tdwroom_0080,Will the red domino fall onto the yellow mat?,no,no,1
Dominoes,81,pilot_dominoes_0mid_d3chairs_o1plants_tdwroom_0081,Will the red domino fall onto the yellow mat?,yes,yes,1
Dominoes,82,pilot_dominoes_0mid_d3chairs_o1plants_tdwroom_0082,Will the red domino fall onto the yellow mat?,yes,yes,1
Dominoes,83,pilot_dominoes_0mid_d3chairs_o1plants_tdwroom_0083,Will the red domino fall onto the yellow mat?,no,no,1
Dominoes,84,pilot_dominoes_0mid_d3chairs_o1plants_tdwroom_0084,Will the red domino fall onto the yellow mat?,no,no,1
Dominoes,85,pilot_dominoes_0mid_d3chairs_o1plants_tdwroom_0085,Will the red domino fall onto the yellow mat?,yes,yes,1
Dominoes,86,pilot_dominoes_0mid_d3chairs_o1plants_tdwroom_0086,Will the red domino fall onto the yellow mat?,yes,yes,1
Dominoes,87,pilot_dominoes_0mid_d3chairs_o1plants_tdwroom_0087,Will the red domino fall onto the yellow mat?,no,yes,0
Dominoes,88,pilot_dominoes_0mid_d3chairs_o1plants_tdwroom_0088,Will the red domino fall onto the yellow mat?,no,yes,0
Dominoes,89,pilot_dominoes_0mid_d3chairs_o1plants_tdwroom_0089,Will the red domino fall onto the yellow mat?,no,yes,0
Dominoes,90,pilot_dominoes_0mid_d3chairs_o1plants_tdwroom_0090,Will the red domino fall onto the yellow mat?,no,no,1
Dominoes,91,pilot_dominoes_0mid_d3chairs_o1plants_tdwroom_0091,Will the red domino fall onto the yellow mat?,yes,yes,1
Dominoes,92,pilot_dominoes_0mid_d3chairs_o1plants_tdwroom_0092,Will the red domino fall onto the yellow mat?,no,no,1
Dominoes,93,pilot_dominoes_0mid_d3chairs_o1plants_tdwroom_0093,Will the red domino fall onto the yellow mat?,yes,yes,1
Dominoes,94,pilot_dominoes_0mid_d3chairs_o1plants_tdwroom_0094,Will the red domino fall onto the yellow mat?,no,yes,0
Dominoes,95,pilot_dominoes_0mid_d3chairs_o1plants_tdwroom_0095,Will the red domino fall onto the yellow mat?,yes,yes,1
Dominoes,96,pilot_dominoes_0mid_d3chairs_o1plants_tdwroom_0096,Will the red domino fall onto the yellow mat?,no,yes,0
Dominoes,97,pilot_dominoes_0mid_d3chairs_o1plants_tdwroom_0097,Will the red domino fall onto the yellow mat?,no,yes,0
Dominoes,98,pilot_dominoes_0mid_d3chairs_o1plants_tdwroom_0098,Will the red domino fall onto the yellow mat?,yes,yes,1
Dominoes,99,pilot_dominoes_0mid_d3chairs_o1plants_tdwroom_0099,Will the red domino fall onto the yellow mat?,no,yes,0
Dominoes,100,pilot_dominoes_0mid_d3chairs_o1plants_tdwroom_0100,Will the red domino fall onto the yellow mat?,no,yes,0
Dominoes,101,pilot_dominoes_1mid_J025R45_boxroom_0000,Will the red domino fall onto the yellow mat?,no,no,1
Dominoes,102,pilot_dominoes_1mid_J025R45_boxroom_0001,Will the red domino fall onto the yellow mat?,no,no,1
Dominoes,103,pilot_dominoes_1mid_J025R45_boxroom_0002,Will the red domino fall onto the yellow mat?,yes,yes,1
Dominoes,104,pilot_dominoes_1mid_J025R45_boxroom_0003,Will the red domino fall onto the yellow mat?,yes,yes,1
Dominoes,105,pilot_dominoes_1mid_J025R45_boxroom_0004,Will the red domino fall onto the yellow mat?,yes,yes,1
Dominoes,106,pilot_dominoes_1mid_J025R45_boxroom_0005,Will the red domino fall onto the yellow mat?,no,no,1
Dominoes,107,pilot_dominoes_1mid_J025R45_boxroom_0006,Will the red domino fall onto the yellow mat?,no,no,1
Dominoes,108,pilot_dominoes_1mid_J025R45_boxroom_0007,Will the red domino fall onto the yellow mat?,yes,yes,1
Dominoes,109,pilot_dominoes_1mid_J025R45_boxroom_0008,Will the red domino fall onto the yellow mat?,no,no,1
Dominoes,110,pilot_dominoes_1mid_J025R45_boxroom_0009,Will the red domino fall onto the yellow mat?,no,no,1
Dominoes,111,pilot_dominoes_1mid_J025R45_boxroom_0010,Will the red domino fall onto the yellow mat?,no,yes,0
Dominoes,112,pilot_dominoes_1mid_J025R45_boxroom_0011,Will the red domino fall onto the yellow mat?,yes,yes,1
Dominoes,113,pilot_dominoes_1mid_J025R45_boxroom_0012,Will the red domino fall onto the yellow mat?,yes,yes,1
Dominoes,114,pilot_dominoes_1mid_J025R45_boxroom_0013,Will the red domino fall onto the yellow mat?,no,yes,0
Dominoes,115,pilot_dominoes_1mid_J025R45_boxroom_0014,Will the red domino fall onto the yellow mat?,yes,yes,1
Dominoes,116,pilot_dominoes_1mid_J025R45_boxroom_0015,Will the red domino fall onto the yellow mat?,no,no,1
Dominoes,117,pilot_dominoes_1mid_J025R45_boxroom_0016,Will the red domino fall onto the yellow mat?,yes,yes,1
Dominoes,118,pilot_dominoes_1mid_J025R45_boxroom_0017,Will the red domino fall onto the yellow mat?,no,yes,0
Dominoes,119,pilot_dominoes_1mid_J025R45_boxroom_0018,Will the red domino fall onto the yellow mat?,no,yes,0
Dominoes,120,pilot_dominoes_1mid_J025R45_boxroom_0019,Will the red domino fall onto the yellow mat?,yes,yes,1
Dominoes,121,pilot_dominoes_1mid_J025R45_boxroom_0020,Will the red domino fall onto the yellow mat?,yes,yes,1
Dominoes,122,pilot_dominoes_1mid_J025R45_boxroom_0021,Will the red domino fall onto the yellow mat?,yes,yes,1
Dominoes,123,pilot_dominoes_1mid_J025R45_boxroom_0022,Will the red domino fall onto the yellow mat?,no,no,1
Dominoes,124,pilot_dominoes_1mid_J025R45_boxroom_0023,Will the red domino fall onto the yellow mat?,yes,yes,1
Dominoes,125,pilot_dominoes_1mid_J025R45_boxroom_0024,Will the red domino fall onto the yellow mat?,no,no,1
Dominoes,126,pilot_dominoes_1mid_J025R45_boxroom_0025,Will the red domino fall onto the yellow mat?,no,yes,0
Dominoes,127,pilot_dominoes_1mid_J025R45_boxroom_0026,Will the red domino fall onto the yellow mat?,yes,yes,1
Dominoes,128,pilot_dominoes_1mid_J025R45_boxroom_0027,Will the red domino fall onto the yellow mat?,no,no,1
Dominoes,129,pilot_dominoes_1mid_J025R45_boxroom_0028,Will the red domino fall onto the yellow mat?,no,yes,0
Dominoes,130,pilot_dominoes_1mid_J025R45_boxroom_0029,Will the red domino fall onto the yellow mat?,yes,yes,1
Dominoes,131,pilot_dominoes_1mid_J025R45_boxroom_0030,Will the red domino fall onto the yellow mat?,no,yes,0
Dominoes,132,pilot_dominoes_1mid_J025R45_boxroom_0031,Will the red domino fall onto the yellow mat?,yes,yes,1
Dominoes,133,pilot_dominoes_1mid_J025R45_boxroom_0032,Will the red domino fall onto the yellow mat?,yes,yes,1
Dominoes,134,pilot_dominoes_1mid_J025R45_boxroom_0033,Will the red domino fall onto the yellow mat?,no,no,1
Dominoes,135,pilot_dominoes_1mid_J025R45_boxroom_0034,Will the red domino fall onto the yellow mat?,yes,yes,1
Dominoes,136,pilot_dominoes_1mid_J025R45_boxroom_0035,Will the red domino fall onto the yellow mat?,yes,yes,1
Dominoes,137,pilot_dominoes_1mid_J025R45_boxroom_0036,Will the red domino fall onto the yellow mat?,yes,yes,1
Dominoes,138,pilot_dominoes_1mid_J025R45_boxroom_0037,Will the red domino fall onto the yellow mat?,yes,yes,1
Dominoes,139,pilot_dominoes_1mid_J025R45_boxroom_0038,Will the red domino fall onto the yellow mat?,no,no,1
Dominoes,140,pilot_dominoes_1mid_J025R45_boxroom_0039,Will the red domino fall onto the yellow mat?,yes,yes,1
Dominoes,141,pilot_dominoes_1mid_J025R45_boxroom_0040,Will the red domino fall onto the yellow mat?,yes,yes,1
Dominoes,142,pilot_dominoes_1mid_J025R45_boxroom_0041,Will the red domino fall onto the yellow mat?,no,yes,0
Dominoes,143,pilot_dominoes_1mid_J025R45_boxroom_0042,Will the red domino fall onto the yellow mat?,yes,yes,1
Dominoes,144,pilot_dominoes_1mid_J025R45_boxroom_0043,Will the red domino fall onto the yellow mat?,no,no,1
Dominoes,145,pilot_dominoes_1mid_J025R45_boxroom_0044,Will the red domino fall onto the yellow mat?,no,no,1
Dominoes,146,pilot_dominoes_1mid_J025R45_boxroom_0045,Will the red domino fall onto the yellow mat?,no,no,1
Dominoes,147,pilot_dominoes_1mid_J025R45_boxroom_0046,Will the red domino fall onto the yellow mat?,no,yes,0
Dominoes,148,pilot_dominoes_1mid_J025R45_boxroom_0047,Will the red domino fall onto the yellow mat?,no,no,1
Dominoes,149,pilot_dominoes_1mid_J025R45_boxroom_0048,Will the red domino fall onto the yellow mat?,yes,yes,1
Dominoes,150,pilot_dominoes_1mid_J025R45_boxroom_0049,Will the red domino fall onto the yellow mat?,yes,yes,1
Dominoes,151,pilot_dominoes_1mid_J025R45_boxroom_0050,Will the red domino fall onto the yellow mat?,no,yes,0
Dominoes,152,pilot_dominoes_1mid_J025R45_boxroom_0051,Will the red domino fall onto the yellow mat?,yes,no,0
Dominoes,153,pilot_dominoes_1mid_J025R45_boxroom_0052,Will the red domino fall onto the yellow mat?,no,yes,0
Dominoes,154,pilot_dominoes_1mid_J025R45_boxroom_0053,Will the red domino fall onto the yellow mat?,no,no,1
Dominoes,155,pilot_dominoes_1mid_J025R45_boxroom_0054,Will the red domino fall onto the yellow mat?,no,no,1
Dominoes,156,pilot_dominoes_1mid_J025R45_boxroom_0055,Will the red domino fall onto the yellow mat?,yes,yes,1
Dominoes,157,pilot_dominoes_1mid_J025R45_boxroom_0056,Will the red domino fall onto the yellow mat?,yes,yes,1
Dominoes,158,pilot_dominoes_1mid_J025R45_boxroom_0057,Will the red domino fall onto the yellow mat?,no,no,1
Dominoes,159,pilot_dominoes_1mid_J025R45_boxroom_0058,Will the red domino fall onto the yellow mat?,yes,yes,1
Dominoes,160,pilot_dominoes_1mid_J025R45_boxroom_0059,Will the red domino fall onto the yellow mat?,yes,yes,1
Dominoes,161,pilot_dominoes_1mid_J025R45_boxroom_0060,Will the red domino fall onto the yellow mat?,no,yes,0
Dominoes,162,pilot_dominoes_1mid_J025R45_boxroom_0061,Will the red domino fall onto the yellow mat?,yes,yes,1
Dominoes,163,pilot_dominoes_1mid_J025R45_boxroom_0062,Will the red domino fall onto the yellow mat?,no,no,1
Dominoes,164,pilot_dominoes_1mid_J025R45_boxroom_0063,Will the red domino fall onto the yellow mat?,no,no,1
Dominoes,165,pilot_dominoes_1mid_J025R45_boxroom_0064,Will the red domino fall onto the yellow mat?,yes,yes,1
Dominoes,166,pilot_dominoes_1mid_J025R45_boxroom_0065,Will the red domino fall onto the yellow mat?,no,yes,0
Dominoes,167,pilot_dominoes_1mid_J025R45_boxroom_0066,Will the red domino fall onto the yellow mat?,no,yes,0
Dominoes,168,pilot_dominoes_1mid_J025R45_boxroom_0067,Will the red domino fall onto the yellow mat?,yes,yes,1
Dominoes,169,pilot_dominoes_1mid_J025R45_boxroom_0068,Will the red domino fall onto the yellow mat?,no,no,1
Dominoes,170,pilot_dominoes_1mid_J025R45_boxroom_0069,Will the red domino fall onto the yellow mat?,no,yes,0
Dominoes,171,pilot_dominoes_1mid_J025R45_boxroom_0070,Will the red domino fall onto the yellow mat?,yes,yes,1
Dominoes,172,pilot_dominoes_1mid_J025R45_boxroom_0071,Will the red domino fall onto the yellow mat?,yes,yes,1
Dominoes,173,pilot_dominoes_1mid_J025R45_boxroom_0072,Will the red domino fall onto the yellow mat?,yes,yes,1
Dominoes,174,pilot_dominoes_1mid_J025R45_boxroom_0073,Will the red domino fall onto the yellow mat?,no,no,1
Dominoes,175,pilot_dominoes_1mid_J025R45_boxroom_0074,Will the red domino fall onto the yellow mat?,no,yes,0
Dominoes,176,pilot_dominoes_1mid_J025R45_boxroom_0075,Will the red domino fall onto the yellow mat?,yes,yes,1
Dominoes,177,pilot_dominoes_1mid_J025R45_boxroom_0076,Will the red domino fall onto the yellow mat?,no,yes,0
Dominoes,178,pilot_dominoes_1mid_J025R45_boxroom_0077,Will the red domino fall onto the yellow mat?,no,yes,0
Dominoes,179,pilot_dominoes_1mid_J025R45_boxroom_0078,Will the red domino fall onto the yellow mat?,yes,yes,1
Dominoes,180,pilot_dominoes_1mid_J025R45_boxroom_0079,Will the red domino fall onto the yellow mat?,no,no,1
Dominoes,181,pilot_dominoes_1mid_J025R45_boxroom_0080,Will the red domino fall onto the yellow mat?,yes,yes,1
Dominoes,182,pilot_dominoes_1mid_J025R45_boxroom_0081,Will the red domino fall onto the yellow mat?,no,yes,0
Dominoes,183,pilot_dominoes_1mid_J025R45_boxroom_0082,Will the red domino fall onto the yellow mat?,yes,yes,1
Dominoes,184,pilot_dominoes_1mid_J025R45_boxroom_0083,Will the red domino fall onto the yellow mat?,no,no,1
Dominoes,185,pilot_dominoes_1mid_J025R45_boxroom_0084,Will the red domino fall onto the yellow mat?,yes,yes,1
Dominoes,186,pilot_dominoes_1mid_J025R45_boxroom_0085,Will the red domino fall onto the yellow mat?,yes,no,0
Dominoes,187,pilot_dominoes_1mid_J025R45_boxroom_0086,Will the red domino fall onto the yellow mat?,no,yes,0
Dominoes,188,pilot_dominoes_1mid_J025R45_boxroom_0087,Will the red domino fall onto the yellow mat?,yes,yes,1
Dominoes,189,pilot_dominoes_1mid_J025R45_boxroom_0088,Will the red domino fall onto the yellow mat?,no,no,1
Dominoes,190,pilot_dominoes_1mid_J025R45_boxroom_0089,Will the red domino fall onto the yellow mat?,yes,yes,1
Dominoes,191,pilot_dominoes_1mid_J025R45_boxroom_0090,Will the red domino fall onto the yellow mat?,yes,yes,1
Dominoes,192,pilot_dominoes_1mid_J025R45_boxroom_0091,Will the red domino fall onto the yellow mat?,no,yes,0
Dominoes,193,pilot_dominoes_1mid_J025R45_boxroom_0092,Will the red domino fall onto the yellow mat?,yes,yes,1
Dominoes,194,pilot_dominoes_1mid_J025R45_boxroom_0093,Will the red domino fall onto the yellow mat?,no,no,1
Dominoes,195,pilot_dominoes_1mid_J025R45_boxroom_0094,Will the red domino fall onto the yellow mat?,yes,yes,1
Dominoes,196,pilot_dominoes_1mid_J025R45_boxroom_0095,Will the red domino fall onto the yellow mat?,yes,no,0
Dominoes,197,pilot_dominoes_1mid_J025R45_boxroom_0096,Will the red domino fall onto the yellow mat?,no,no,1
Dominoes,198,pilot_dominoes_1mid_J025R45_boxroom_0097,Will the red domino fall onto the yellow mat?,yes,yes,1
Dominoes,199,pilot_dominoes_1mid_J025R45_boxroom_0098,Will the red domino fall onto the yellow mat?,no,no,1
Dominoes,200,pilot_dominoes_1mid_J025R45_boxroom_0099,Will the red domino fall onto the yellow mat?,yes,yes,1
Dominoes,201,pilot_dominoes_1mid_J025R45_boxroom_0100,Will the red domino fall onto the yellow mat?,yes,yes,1
Dominoes,202,pilot_dominoes_1mid_J025R45_boxroom_0101,Will the red domino fall onto the yellow mat?,yes,yes,1
Dominoes,203,pilot_dominoes_1mid_J025R45_boxroom_0102,Will the red domino fall onto the yellow mat?,no,yes,0
Dominoes,204,pilot_dominoes_1mid_J025R45_boxroom_0103,Will the red domino fall onto the yellow mat?,no,yes,0
Dominoes,205,pilot_dominoes_1mid_J025R45_boxroom_0104,Will the red domino fall onto the yellow mat?,no,no,1
Dominoes,206,pilot_dominoes_1mid_J025R45_boxroom_0105,Will the red domino fall onto the yellow mat?,yes,yes,1
Dominoes,207,pilot_dominoes_1mid_J025R45_boxroom_0106,Will the red domino fall onto the yellow mat?,no,no,1
Dominoes,208,pilot_dominoes_1mid_J025R45_boxroom_0107,Will the red domino fall onto the yellow mat?,no,no,1
Dominoes,209,pilot_dominoes_1mid_J025R45_o1full_tdwroom_0000,Will the red domino fall onto the yellow mat?,no,no,1
Dominoes,210,pilot_dominoes_1mid_J025R45_o1full_tdwroom_0001,Will the red domino fall onto the yellow mat?,no,no,1
Dominoes,211,pilot_dominoes_1mid_J025R45_o1full_tdwroom_0002,Will the red domino fall onto the yellow mat?,yes,yes,1
Dominoes,212,pilot_dominoes_1mid_J025R45_o1full_tdwroom_0003,Will the red domino fall onto the yellow mat?,yes,yes,1
Dominoes,213,pilot_dominoes_1mid_J025R45_o1full_tdwroom_0004,Will the red domino fall onto the yellow mat?,yes,yes,1
Dominoes,214,pilot_dominoes_1mid_J025R45_o1full_tdwroom_0005,Will the red domino fall onto the yellow mat?,no,no,1
Dominoes,215,pilot_dominoes_1mid_J025R45_o1full_tdwroom_0006,Will the red domino fall onto the yellow mat?,no,no,1
Dominoes,216,pilot_dominoes_1mid_J025R45_o1full_tdwroom_0007,Will the red domino fall onto the yellow mat?,yes,no,0
Dominoes,217,pilot_dominoes_1mid_J025R45_o1full_tdwroom_0008,Will the red domino fall onto the yellow mat?,no,no,1
Dominoes,218,pilot_dominoes_1mid_J025R45_o1full_tdwroom_0009,Will the red domino fall onto the yellow mat?,no,no,1
Dominoes,219,pilot_dominoes_1mid_J025R45_o1full_tdwroom_0010,Will the red domino fall onto the yellow mat?,no,yes,0
Dominoes,220,pilot_dominoes_1mid_J025R45_o1full_tdwroom_0011,Will the red domino fall onto the yellow mat?,yes,yes,1
Dominoes,221,pilot_dominoes_1mid_J025R45_o1full_tdwroom_0012,Will the red domino fall onto the yellow mat?,yes,yes,1
Dominoes,222,pilot_dominoes_1mid_J025R45_o1full_tdwroom_0013,Will the red domino fall onto the yellow mat?,no,yes,0
Dominoes,223,pilot_dominoes_1mid_J025R45_o1full_tdwroom_0014,Will the red domino fall onto the yellow mat?,yes,yes,1
Dominoes,224,pilot_dominoes_1mid_J025R45_o1full_tdwroom_0015,Will the red domino fall onto the yellow mat?,no,no,1
Dominoes,225,pilot_dominoes_1mid_J025R45_o1full_tdwroom_0016,Will the red domino fall onto the yellow mat?,yes,yes,1
Dominoes,226,pilot_dominoes_1mid_J025R45_o1full_tdwroom_0017,Will the red domino fall onto the yellow mat?,no,yes,0
Dominoes,227,pilot_dominoes_1mid_J025R45_o1full_tdwroom_0018,Will the red domino fall onto the yellow mat?,no,yes,0
Dominoes,228,pilot_dominoes_1mid_J025R45_o1full_tdwroom_0019,Will the red domino fall onto the yellow mat?,yes,yes,1
Dominoes,229,pilot_dominoes_1mid_J025R45_o1full_tdwroom_0020,Will the red domino fall onto the yellow mat?,yes,yes,1
Dominoes,230,pilot_dominoes_1mid_J025R45_o1full_tdwroom_0021,Will the red domino fall onto the yellow mat?,yes,yes,1
Dominoes,231,pilot_dominoes_1mid_J025R45_o1full_tdwroom_0022,Will the red domino fall onto the yellow mat?,no,no,1
Dominoes,232,pilot_dominoes_1mid_J025R45_o1full_tdwroom_0023,Will the red domino fall onto the yellow mat?,yes,yes,1
Dominoes,233,pilot_dominoes_1mid_J025R45_o1full_tdwroom_0024,Will the red domino fall onto the yellow mat?,no,no,1
Dominoes,234,pilot_dominoes_1mid_J025R45_o1full_tdwroom_0025,Will the red domino fall onto the yellow mat?,no,yes,0
Dominoes,235,pilot_dominoes_1mid_J025R45_o1full_tdwroom_0026,Will the red domino fall onto the yellow mat?,yes,yes,1
Dominoes,236,pilot_dominoes_1mid_J025R45_o1full_tdwroom_0027,Will the red domino fall onto the yellow mat?,no,no,1
Dominoes,237,pilot_dominoes_1mid_J025R45_o1full_tdwroom_0028,Will the red domino fall onto the yellow mat?,no,yes,0
Dominoes,238,pilot_dominoes_1mid_J025R45_o1full_tdwroom_0029,Will the red domino fall onto the yellow mat?,yes,yes,1
Dominoes,239,pilot_dominoes_1mid_J025R45_o1full_tdwroom_0030,Will the red domino fall onto the yellow mat?,no,yes,0
Dominoes,240,pilot_dominoes_1mid_J025R45_o1full_tdwroom_0031,Will the red domino fall onto the yellow mat?,yes,yes,1
Dominoes,241,pilot_dominoes_1mid_J025R45_o1full_tdwroom_0032,Will the red domino fall onto the yellow mat?,no,no,1
Dominoes,242,pilot_dominoes_1mid_J025R45_o1full_tdwroom_0033,Will the red domino fall onto the yellow mat?,no,no,1
Dominoes,243,pilot_dominoes_1mid_J025R45_o1full_tdwroom_0034,Will the red domino fall onto the yellow mat?,yes,yes,1
Dominoes,244,pilot_dominoes_1mid_J025R45_o1full_tdwroom_0035,Will the red domino fall onto the yellow mat?,yes,yes,1
Dominoes,245,pilot_dominoes_1mid_J025R45_o1full_tdwroom_0036,Will the red domino fall onto the yellow mat?,yes,yes,1
Dominoes,246,pilot_dominoes_1mid_J025R45_o1full_tdwroom_0037,Will the red domino fall onto the yellow mat?,yes,yes,1
Dominoes,247,pilot_dominoes_1mid_J025R45_o1full_tdwroom_0038,Will the red domino fall onto the yellow mat?,no,no,1
Dominoes,248,pilot_dominoes_1mid_J025R45_o1full_tdwroom_0039,Will the red domino fall onto the yellow mat?,yes,yes,1
Dominoes,249,pilot_dominoes_1mid_J025R45_o1full_tdwroom_0040,Will the red domino fall onto the yellow mat?,yes,yes,1
Dominoes,250,pilot_dominoes_1mid_J025R45_o1full_tdwroom_0041,Will the red domino fall onto the yellow mat?,no,no,1
Dominoes,251,pilot_dominoes_1mid_J025R45_o1full_tdwroom_0042,Will the red domino fall onto the yellow mat?,yes,yes,1
Dominoes,252,pilot_dominoes_1mid_J025R45_o1full_tdwroom_0043,Will the red domino fall onto the yellow mat?,yes,yes,1
Dominoes,253,pilot_dominoes_1mid_J025R45_o1full_tdwroom_0044,Will the red domino fall onto the yellow mat?,no,yes,0
Dominoes,254,pilot_dominoes_1mid_J025R45_o1full_tdwroom_0045,Will the red domino fall onto the yellow mat?,no,no,1
Dominoes,255,pilot_dominoes_1mid_J025R45_o1full_tdwroom_0046,Will the red domino fall onto the yellow mat?,no,no,1
Dominoes,256,pilot_dominoes_1mid_J025R45_o1full_tdwroom_0047,Will the red domino fall onto the yellow mat?,no,yes,0
Dominoes,257,pilot_dominoes_1mid_J025R45_o1full_tdwroom_0048,Will the red domino fall onto the yellow mat?,yes,no,0
Dominoes,258,pilot_dominoes_1mid_J025R45_o1full_tdwroom_0049,Will the red domino fall onto the yellow mat?,yes,yes,1
Dominoes,259,pilot_dominoes_1mid_J025R45_o1full_tdwroom_0050,Will the red domino fall onto the yellow mat?,no,yes,0
Dominoes,260,pilot_dominoes_1mid_J025R45_o1full_tdwroom_0051,Will the red domino fall onto the yellow mat?,yes,no,0
Dominoes,261,pilot_dominoes_1mid_J025R45_o1full_tdwroom_0052,Will the red domino fall onto the yellow mat?,no,no,1
Dominoes,262,pilot_dominoes_1mid_J025R45_o1full_tdwroom_0053,Will the red domino fall onto the yellow mat?,no,no,1
Dominoes,263,pilot_dominoes_1mid_J025R45_o1full_tdwroom_0054,Will the red domino fall onto the yellow mat?,no,no,1
Dominoes,264,pilot_dominoes_1mid_J025R45_o1full_tdwroom_0055,Will the red domino fall onto the yellow mat?,yes,yes,1
Dominoes,265,pilot_dominoes_1mid_J025R45_o1full_tdwroom_0056,Will the red domino fall onto the yellow mat?,yes,yes,1
Dominoes,266,pilot_dominoes_1mid_J025R45_o1full_tdwroom_0057,Will the red domino fall onto the yellow mat?,no,no,1
Dominoes,267,pilot_dominoes_1mid_J025R45_o1full_tdwroom_0058,Will the red domino fall onto the yellow mat?,yes,yes,1
Dominoes,268,pilot_dominoes_1mid_J025R45_o1full_tdwroom_0059,Will the red domino fall onto the yellow mat?,yes,yes,1
Dominoes,269,pilot_dominoes_1mid_J025R45_o1full_tdwroom_0060,Will the red domino fall onto the yellow mat?,no,no,1
Dominoes,270,pilot_dominoes_1mid_J025R45_o1full_tdwroom_0061,Will the red domino fall onto the yellow mat?,yes,yes,1
Dominoes,271,pilot_dominoes_1mid_J025R45_o1full_tdwroom_0062,Will the red domino fall onto the yellow mat?,no,no,1
Dominoes,272,pilot_dominoes_1mid_J025R45_o1full_tdwroom_0063,Will the red domino fall onto the yellow mat?,no,no,1
Dominoes,273,pilot_dominoes_1mid_J025R45_o1full_tdwroom_0064,Will the red domino fall onto the yellow mat?,yes,yes,1
Dominoes,274,pilot_dominoes_1mid_J025R45_o1full_tdwroom_0065,Will the red domino fall onto the yellow mat?,no,no,1
Dominoes,275,pilot_dominoes_1mid_J025R45_o1full_tdwroom_0066,Will the red domino fall onto the yellow mat?,no,yes,0
Dominoes,276,pilot_dominoes_1mid_J025R45_o1full_tdwroom_0067,Will the red domino fall onto the yellow mat?,yes,yes,1
Dominoes,277,pilot_dominoes_1mid_J025R45_o1full_tdwroom_0068,Will the red domino fall onto the yellow mat?,no,yes,0
Dominoes,278,pilot_dominoes_1mid_J025R45_o1full_tdwroom_0069,Will the red domino fall onto the yellow mat?,no,no,1
Dominoes,279,pilot_dominoes_1mid_J025R45_o1full_tdwroom_0070,Will the red domino fall onto the yellow mat?,yes,yes,1
Dominoes,280,pilot_dominoes_1mid_J025R45_o1full_tdwroom_0071,Will the red domino fall onto the yellow mat?,yes,yes,1
Dominoes,281,pilot_dominoes_1mid_J025R45_o1full_tdwroom_0072,Will the red domino fall onto the yellow mat?,yes,yes,1
Dominoes,282,pilot_dominoes_1mid_J025R45_o1full_tdwroom_0073,Will the red domino fall onto the yellow mat?,no,no,1
Dominoes,283,pilot_dominoes_1mid_J025R45_o1full_tdwroom_0074,Will the red domino fall onto the yellow mat?,no,yes,0
Dominoes,284,pilot_dominoes_1mid_J025R45_o1full_tdwroom_0075,Will the red domino fall onto the yellow mat?,yes,no,0
Dominoes,285,pilot_dominoes_1mid_J025R45_o1full_tdwroom_0076,Will the red domino fall onto the yellow mat?,no,no,1
Dominoes,286,pilot_dominoes_1mid_J025R45_o1full_tdwroom_0077,Will the red domino fall onto the yellow mat?,no,no,1
Dominoes,287,pilot_dominoes_1mid_J025R45_o1full_tdwroom_0078,Will the red domino fall onto the yellow mat?,yes,yes,1
Dominoes,288,pilot_dominoes_1mid_J025R45_o1full_tdwroom_0079,Will the red domino fall onto the yellow mat?,no,no,1
Dominoes,289,pilot_dominoes_1mid_J025R45_o1full_tdwroom_0080,Will the red domino fall onto the yellow mat?,yes,yes,1
Dominoes,290,pilot_dominoes_1mid_J025R45_o1full_tdwroom_0081,Will the red domino fall onto the yellow mat?,no,no,1
Dominoes,291,pilot_dominoes_1mid_J025R45_o1full_tdwroom_0082,Will the red domino fall onto the yellow mat?,yes,no,0
Dominoes,292,pilot_dominoes_1mid_J025R45_o1full_tdwroom_0083,Will the red domino fall onto the yellow mat?,no,no,1
Dominoes,293,pilot_dominoes_1mid_J025R45_o1full_tdwroom_0084,Will the red domino fall onto the yellow mat?,yes,yes,1
Dominoes,294,pilot_dominoes_1mid_J025R45_o1full_tdwroom_0085,Will the red domino fall onto the yellow mat?,yes,yes,1
Dominoes,295,pilot_dominoes_1mid_J025R45_o1full_tdwroom_0086,Will the red domino fall onto the yellow mat?,no,no,1
Dominoes,296,pilot_dominoes_1mid_J025R45_o1full_tdwroom_0087,Will the red domino fall onto the yellow mat?,yes,yes,1
Dominoes,297,pilot_dominoes_1mid_J025R45_o1full_tdwroom_0088,Will the red domino fall onto the yellow mat?,no,no,1
Dominoes,298,pilot_dominoes_1mid_J025R45_o1full_tdwroom_0089,Will the red domino fall onto the yellow mat?,no,no,1
Dominoes,299,pilot_dominoes_1mid_J025R45_o1full_tdwroom_0090,Will the red domino fall onto the yellow mat?,yes,yes,1
Dominoes,300,pilot_dominoes_1mid_J025R45_o1full_tdwroom_0091,Will the red domino fall onto the yellow mat?,no,yes,0
Dominoes,301,pilot_dominoes_1mid_J025R45_o1full_tdwroom_0092,Will the red domino fall onto the yellow mat?,yes,yes,1
Dominoes,302,pilot_dominoes_1mid_J025R45_o1full_tdwroom_0093,Will the red domino fall onto the yellow mat?,no,yes,0
Dominoes,303,pilot_dominoes_1mid_J025R45_o1full_tdwroom_0094,Will the red domino fall onto the yellow mat?,yes,yes,1
Dominoes,304,pilot_dominoes_1mid_J025R45_o1full_tdwroom_0095,Will the red domino fall onto the yellow mat?,yes,yes,1
Dominoes,305,pilot_dominoes_1mid_J025R45_o1full_tdwroom_0096,Will the red domino fall onto the yellow mat?,no,no,1
Dominoes,306,pilot_dominoes_1mid_J025R45_o1full_tdwroom_0097,Will the red domino fall onto the yellow mat?,yes,yes,1
Dominoes,307,pilot_dominoes_1mid_J025R45_o1full_tdwroom_0098,Will the red domino fall onto the yellow mat?,no,no,1
Dominoes,308,pilot_dominoes_1mid_J025R45_o1full_tdwroom_0099,Will the red domino fall onto the yellow mat?,yes,yes,1
Dominoes,309,pilot_dominoes_1mid_J025R45_o1full_tdwroom_0100,Will the red domino fall onto the yellow mat?,yes,yes,1
Dominoes,310,pilot_dominoes_1mid_J025R45_o1full_tdwroom_0101,Will the red domino fall onto the yellow mat?,yes,yes,1
Dominoes,311,pilot_dominoes_1mid_J025R45_o1full_tdwroom_0102,Will the red domino fall onto the yellow mat?,no,yes,0
Dominoes,312,pilot_dominoes_1mid_J025R45_o1full_tdwroom_0103,Will the red domino fall onto the yellow mat?,no,yes,0
Dominoes,313,pilot_dominoes_1mid_J025R45_o1full_tdwroom_0104,Will the red domino fall onto the yellow mat?,no,no,1
Dominoes,314,pilot_dominoes_1mid_J025R45_o1full_tdwroom_0105,Will the red domino fall onto the yellow mat?,yes,yes,1
Dominoes,315,pilot_dominoes_1mid_J025R45_o1full_tdwroom_0106,Will the red domino fall onto the yellow mat?,no,no,1
Dominoes,316,pilot_dominoes_1mid_J025R45_o1full_tdwroom_0107,Will the red domino fall onto the yellow mat?,no,no,1
Dominoes,317,pilot_dominoes_2mid_J020R15_d3chairs_o1plants_tdwroom_0000,Will the red domino fall onto the yellow mat?,yes,yes,1
Dominoes,318,pilot_dominoes_2mid_J020R15_d3chairs_o1plants_tdwroom_0001,Will the red domino fall onto the yellow mat?,yes,yes,1
Dominoes,319,pilot_dominoes_2mid_J020R15_d3chairs_o1plants_tdwroom_0002,Will the red domino fall onto the yellow mat?,yes,yes,1
Dominoes,320,pilot_dominoes_2mid_J020R15_d3chairs_o1plants_tdwroom_0003,Will the red domino fall onto the yellow mat?,yes,no,0
Dominoes,321,pilot_dominoes_2mid_J020R15_d3chairs_o1plants_tdwroom_0004,Will the red domino fall onto the yellow mat?,yes,yes,1
Dominoes,322,pilot_dominoes_2mid_J020R15_d3chairs_o1plants_tdwroom_0005,Will the red domino fall onto the yellow mat?,no,no,1
Dominoes,323,pilot_dominoes_2mid_J020R15_d3chairs_o1plants_tdwroom_0006,Will the red domino fall onto the yellow mat?,no,no,1
Dominoes,324,pilot_dominoes_2mid_J020R15_d3chairs_o1plants_tdwroom_0007,Will the red domino fall onto the yellow mat?,yes,yes,1
Dominoes,325,pilot_dominoes_2mid_J020R15_d3chairs_o1plants_tdwroom_0008,Will the red domino fall onto the yellow mat?,yes,yes,1
Dominoes,326,pilot_dominoes_2mid_J020R15_d3chairs_o1plants_tdwroom_0009,Will the red domino fall onto the yellow mat?,no,no,1
Dominoes,327,pilot_dominoes_2mid_J020R15_d3chairs_o1plants_tdwroom_0010,Will the red domino fall onto the yellow mat?,no,no,1
Dominoes,328,pilot_dominoes_2mid_J020R15_d3chairs_o1plants_tdwroom_0011,Will the red domino fall onto the yellow mat?,yes,yes,1
Dominoes,329,pilot_dominoes_2mid_J020R15_d3chairs_o1plants_tdwroom_0012,Will the red domino fall onto the yellow mat?,yes,no,0
Dominoes,330,pilot_dominoes_2mid_J020R15_d3chairs_o1plants_tdwroom_0013,Will the red domino fall onto the yellow mat?,no,yes,0
Dominoes,331,pilot_dominoes_2mid_J020R15_d3chairs_o1plants_tdwroom_0014,Will the red domino fall onto the yellow mat?,yes,yes,1
Dominoes,332,pilot_dominoes_2mid_J020R15_d3chairs_o1plants_tdwroom_0015,Will the red domino fall onto the yellow mat?,yes,yes,1
Dominoes,333,pilot_dominoes_2mid_J020R15_d3chairs_o1plants_tdwroom_0016,Will the red domino fall onto the yellow mat?,no,yes,0
Dominoes,334,pilot_dominoes_2mid_J020R15_d3chairs_o1plants_tdwroom_0017,Will the red domino fall onto the yellow mat?,yes,yes,1
Dominoes,335,pilot_dominoes_2mid_J020R15_d3chairs_o1plants_tdwroom_0018,Will the red domino fall onto the yellow mat?,yes,yes,1
Dominoes,336,pilot_dominoes_2mid_J020R15_d3chairs_o1plants_tdwroom_0019,Will the red domino fall onto the yellow mat?,yes,yes,1
Dominoes,337,pilot_dominoes_2mid_J020R15_d3chairs_o1plants_tdwroom_0020,Will the red domino fall onto the yellow mat?,yes,yes,1
Dominoes,338,pilot_dominoes_2mid_J020R15_d3chairs_o1plants_tdwroom_0021,Will the red domino fall onto the yellow mat?,yes,yes,1
Dominoes,339,pilot_dominoes_2mid_J020R15_d3chairs_o1plants_tdwroom_0022,Will the red domino fall onto the yellow mat?,no,no,1
Dominoes,340,pilot_dominoes_2mid_J020R15_d3chairs_o1plants_tdwroom_0023,Will the red domino fall onto the yellow mat?,yes,yes,1
Dominoes,341,pilot_dominoes_2mid_J020R15_d3chairs_o1plants_tdwroom_0024,Will the red domino fall onto the yellow mat?,no,no,1
Dominoes,342,pilot_dominoes_2mid_J020R15_d3chairs_o1plants_tdwroom_0025,Will the red domino fall onto the yellow mat?,no,no,1
Dominoes,343,pilot_dominoes_2mid_J020R15_d3chairs_o1plants_tdwroom_0026,Will the red domino fall onto the yellow mat?,no,no,1
Dominoes,344,pilot_dominoes_2mid_J020R15_d3chairs_o1plants_tdwroom_0027,Will the red domino fall onto the yellow mat?,yes,yes,1
Dominoes,345,pilot_dominoes_2mid_J020R15_d3chairs_o1plants_tdwroom_0028,Will the red domino fall onto the yellow mat?,yes,no,0
Dominoes,346,pilot_dominoes_2mid_J020R15_d3chairs_o1plants_tdwroom_0029,Will the red domino fall onto the yellow mat?,yes,yes,1
Dominoes,347,pilot_dominoes_2mid_J020R15_d3chairs_o1plants_tdwroom_0030,Will the red domino fall onto the yellow mat?,yes,yes,1
Dominoes,348,pilot_dominoes_2mid_J020R15_d3chairs_o1plants_tdwroom_0031,Will the red domino fall onto the yellow mat?,yes,yes,1
Dominoes,349,pilot_dominoes_2mid_J020R15_d3chairs_o1plants_tdwroom_0032,Will the red domino fall onto the yellow mat?,yes,yes,1
Dominoes,350,pilot_dominoes_2mid_J020R15_d3chairs_o1plants_tdwroom_0033,Will the red domino fall onto the yellow mat?,yes,yes,1
Dominoes,351,pilot_dominoes_2mid_J020R15_d3chairs_o1plants_tdwroom_0034,Will the red domino fall onto the yellow mat?,yes,yes,1
Dominoes,352,pilot_dominoes_2mid_J020R15_d3chairs_o1plants_tdwroom_0035,Will the red domino fall onto the yellow mat?,yes,yes,1
Dominoes,353,pilot_dominoes_2mid_J020R15_d3chairs_o1plants_tdwroom_0036,Will the red domino fall onto the yellow mat?,yes,yes,1
Dominoes,354,pilot_dominoes_2mid_J020R15_d3chairs_o1plants_tdwroom_0037,Will the red domino fall onto the yellow mat?,no,no,1
Dominoes,355,pilot_dominoes_2mid_J020R15_d3chairs_o1plants_tdwroom_0038,Will the red domino fall onto the yellow mat?,no,no,1
Dominoes,356,pilot_dominoes_2mid_J020R15_d3chairs_o1plants_tdwroom_0039,Will the red domino fall onto the yellow mat?,yes,yes,1
Dominoes,357,pilot_dominoes_2mid_J020R15_d3chairs_o1plants_tdwroom_0040,Will the red domino fall onto the yellow mat?,yes,yes,1
Dominoes,358,pilot_dominoes_2mid_J020R15_d3chairs_o1plants_tdwroom_0041,Will the red domino fall onto the yellow mat?,no,no,1
Dominoes,359,pilot_dominoes_2mid_J020R15_d3chairs_o1plants_tdwroom_0042,Will the red domino fall onto the yellow mat?,yes,yes,1
Dominoes,360,pilot_dominoes_2mid_J020R15_d3chairs_o1plants_tdwroom_0043,Will the red domino fall onto the yellow mat?,yes,yes,1
Dominoes,361,pilot_dominoes_2mid_J020R15_d3chairs_o1plants_tdwroom_0044,Will the red domino fall onto the yellow mat?,no,no,1
Dominoes,362,pilot_dominoes_2mid_J020R15_d3chairs_o1plants_tdwroom_0045,Will the red domino fall onto the yellow mat?,yes,no,0
Dominoes,363,pilot_dominoes_2mid_J020R15_d3chairs_o1plants_tdwroom_0046,Will the red domino fall onto the yellow mat?,no,yes,0
Dominoes,364,pilot_dominoes_2mid_J020R15_d3chairs_o1plants_tdwroom_0047,Will the red domino fall onto the yellow mat?,yes,yes,1
Dominoes,365,pilot_dominoes_2mid_J020R15_d3chairs_o1plants_tdwroom_0048,Will the red domino fall onto the yellow mat?,yes,yes,1
Dominoes,366,pilot_dominoes_2mid_J020R15_d3chairs_o1plants_tdwroom_0049,Will the red domino fall onto the yellow mat?,yes,no,0
Dominoes,367,pilot_dominoes_2mid_J020R15_d3chairs_o1plants_tdwroom_0050,Will the red domino fall onto the yellow mat?,yes,yes,1
Dominoes,368,pilot_dominoes_2mid_J020R15_d3chairs_o1plants_tdwroom_0051,Will the red domino fall onto the yellow mat?,yes,yes,1
Dominoes,369,pilot_dominoes_2mid_J020R15_d3chairs_o1plants_tdwroom_0052,Will the red domino fall onto the yellow mat?,no,no,1
Dominoes,370,pilot_dominoes_2mid_J020R15_d3chairs_o1plants_tdwroom_0053,Will the red domino fall onto the yellow mat?,yes,yes,1
Dominoes,371,pilot_dominoes_2mid_J020R15_d3chairs_o1plants_tdwroom_0054,Will the red domino fall onto the yellow mat?,no,yes,0
Dominoes,372,pilot_dominoes_2mid_J020R15_d3chairs_o1plants_tdwroom_0055,Will the red domino fall onto the yellow mat?,yes,yes,1
Dominoes,373,pilot_dominoes_2mid_J020R15_d3chairs_o1plants_tdwroom_0056,Will the red domino fall onto the yellow mat?,yes,yes,1
Dominoes,374,pilot_dominoes_2mid_J020R15_d3chairs_o1plants_tdwroom_0057,Will the red domino fall onto the yellow mat?,no,yes,0
Dominoes,375,pilot_dominoes_2mid_J020R15_d3chairs_o1plants_tdwroom_0058,Will the red domino fall onto the yellow mat?,yes,yes,1
Dominoes,376,pilot_dominoes_2mid_J020R15_d3chairs_o1plants_tdwroom_0059,Will the red domino fall onto the yellow mat?,yes,yes,1
Dominoes,377,pilot_dominoes_2mid_J020R15_d3chairs_o1plants_tdwroom_0060,Will the red domino fall onto the yellow mat?,yes,yes,1
Dominoes,378,pilot_dominoes_2mid_J020R15_d3chairs_o1plants_tdwroom_0061,Will the red domino fall onto the yellow mat?,no,no,1
Dominoes,379,pilot_dominoes_2mid_J020R15_d3chairs_o1plants_tdwroom_0062,Will the red domino fall onto the yellow mat?,yes,yes,1
Dominoes,380,pilot_dominoes_2mid_J020R15_d3chairs_o1plants_tdwroom_0063,Will the red domino fall onto the yellow mat?,yes,no,0
Dominoes,381,pilot_dominoes_2mid_J020R15_d3chairs_o1plants_tdwroom_0064,Will the red domino fall onto the yellow mat?,yes,yes,1
Dominoes,382,pilot_dominoes_2mid_J020R15_d3chairs_o1plants_tdwroom_0065,Will the red domino fall onto the yellow mat?,no,no,1
Dominoes,383,pilot_dominoes_2mid_J020R15_d3chairs_o1plants_tdwroom_0066,Will the red domino fall onto the yellow mat?,yes,yes,1
Dominoes,384,pilot_dominoes_2mid_J020R15_d3chairs_o1plants_tdwroom_0067,Will the red domino fall onto the yellow mat?,yes,yes,1
Dominoes,385,pilot_dominoes_2mid_J020R15_d3chairs_o1plants_tdwroom_0068,Will the red domino fall onto the yellow mat?,no,no,1
Dominoes,386,pilot_dominoes_2mid_J020R15_d3chairs_o1plants_tdwroom_0069,Will the red domino fall onto the yellow mat?,yes,yes,1
Dominoes,387,pilot_dominoes_2mid_J020R15_d3chairs_o1plants_tdwroom_0070,Will the red domino fall onto the yellow mat?,yes,yes,1
Dominoes,388,pilot_dominoes_2mid_J020R15_d3chairs_o1plants_tdwroom_0071,Will the red domino fall onto the yellow mat?,yes,yes,1
Dominoes,389,pilot_dominoes_2mid_J020R15_d3chairs_o1plants_tdwroom_0072,Will the red domino fall onto the yellow mat?,no,no,1
Dominoes,390,pilot_dominoes_2mid_J020R15_d3chairs_o1plants_tdwroom_0073,Will the red domino fall onto the yellow mat?,yes,yes,1
Dominoes,391,pilot_dominoes_2mid_J020R15_d3chairs_o1plants_tdwroom_0074,Will the red domino fall onto the yellow mat?,no,no,1
Dominoes,392,pilot_dominoes_2mid_J020R15_d3chairs_o1plants_tdwroom_0075,Will the red domino fall onto the yellow mat?,yes,yes,1
Dominoes,393,pilot_dominoes_2mid_J020R15_d3chairs_o1plants_tdwroom_0076,Will the red domino fall onto the yellow mat?,no,no,1
Dominoes,394,pilot_dominoes_2mid_J020R15_d3chairs_o1plants_tdwroom_0077,Will the red domino fall onto the yellow mat?,yes,yes,1
Dominoes,395,pilot_dominoes_2mid_J020R15_d3chairs_o1plants_tdwroom_0078,Will the red domino fall onto the yellow mat?,yes,yes,1
Dominoes,396,pilot_dominoes_2mid_J020R15_d3chairs_o1plants_tdwroom_0079,Will the red domino fall onto the yellow mat?,yes,yes,1
Dominoes,397,pilot_dominoes_2mid_J020R15_d3chairs_o1plants_tdwroom_0080,Will the red domino fall onto the yellow mat?,yes,yes,1
Dominoes,398,pilot_dominoes_2mid_J020R15_d3chairs_o1plants_tdwroom_0081,Will the red domino fall onto the yellow mat?,yes,yes,1
Dominoes,399,pilot_dominoes_2mid_J020R15_d3chairs_o1plants_tdwroom_0082,Will the red domino fall onto the yellow mat?,yes,yes,1
Dominoes,400,pilot_dominoes_2mid_J020R15_d3chairs_o1plants_tdwroom_0083,Will the red domino fall onto the yellow mat?,yes,yes,1
Dominoes,401,pilot_dominoes_2mid_J020R15_d3chairs_o1plants_tdwroom_0084,Will the red domino fall onto the yellow mat?,yes,yes,1
Dominoes,402,pilot_dominoes_2mid_J020R15_d3chairs_o1plants_tdwroom_0085,Will the red domino fall onto the yellow mat?,yes,no,0
Dominoes,403,pilot_dominoes_2mid_J020R15_d3chairs_o1plants_tdwroom_0086,Will the red domino fall onto the yellow mat?,yes,yes,1
Dominoes,404,pilot_dominoes_2mid_J020R15_d3chairs_o1plants_tdwroom_0087,Will the red domino fall onto the yellow mat?,yes,yes,1
Dominoes,405,pilot_dominoes_2mid_J020R15_d3chairs_o1plants_tdwroom_0088,Will the red domino fall onto the yellow mat?,no,no,1
Dominoes,406,pilot_dominoes_2mid_J020R15_d3chairs_o1plants_tdwroom_0089,Will the red domino fall onto the yellow mat?,yes,no,0
Dominoes,407,pilot_dominoes_2mid_J020R15_d3chairs_o1plants_tdwroom_0090,Will the red domino fall onto the yellow mat?,yes,yes,1
Dominoes,408,pilot_dominoes_2mid_J020R15_d3chairs_o1plants_tdwroom_0091,Will the red domino fall onto the yellow mat?,yes,yes,1
Dominoes,409,pilot_dominoes_2mid_J020R15_d3chairs_o1plants_tdwroom_0092,Will the red domino fall onto the yellow mat?,no,yes,0
Dominoes,410,pilot_dominoes_2mid_J020R15_d3chairs_o1plants_tdwroom_0093,Will the red domino fall onto the yellow mat?,no,yes,0
Dominoes,411,pilot_dominoes_2mid_J020R15_d3chairs_o1plants_tdwroom_0094,Will the red domino fall onto the yellow mat?,no,no,1
Dominoes,412,pilot_dominoes_2mid_J020R15_d3chairs_o1plants_tdwroom_0095,Will the red domino fall onto the yellow mat?,yes,yes,1
Dominoes,413,pilot_dominoes_2mid_J020R15_d3chairs_o1plants_tdwroom_0096,Will the red domino fall onto the yellow mat?,yes,yes,1
Dominoes,414,pilot_dominoes_2mid_J020R15_d3chairs_o1plants_tdwroom_0097,Will the red domino fall onto the yellow mat?,no,no,1
Dominoes,415,pilot_dominoes_2mid_J020R15_d3chairs_o1plants_tdwroom_0098,Will the red domino fall onto the yellow mat?,no,no,1
Dominoes,416,pilot_dominoes_2mid_J020R15_d3chairs_o1plants_tdwroom_0099,Will the red domino fall onto the yellow mat?,no,no,1
Dominoes,417,pilot_dominoes_2mid_J020R15_d3chairs_o1plants_tdwroom_0100,Will the red domino fall onto the yellow mat?,yes,yes,1
Dominoes,418,pilot_dominoes_2mid_J020R15_d3chairs_o1plants_tdwroom_0101,Will the red domino fall onto the yellow mat?,yes,yes,1
Dominoes,419,pilot_dominoes_2mid_J020R15_d3chairs_o1plants_tdwroom_0102,Will the red domino fall onto the yellow mat?,yes,yes,1
Dominoes,420,pilot_dominoes_2mid_J020R15_d3chairs_o1plants_tdwroom_0103,Will the red domino fall onto the yellow mat?,no,no,1
Dominoes,421,pilot_dominoes_2mid_J020R15_d3chairs_o1plants_tdwroom_0104,Will the red domino fall onto the yellow mat?,yes,yes,1
Dominoes,422,pilot_dominoes_2mid_J020R15_d3chairs_o1plants_tdwroom_0105,Will the red domino fall onto the yellow mat?,yes,no,0
Dominoes,423,pilot_dominoes_2mid_J020R15_d3chairs_o1plants_tdwroom_0106,Will the red domino fall onto the yellow mat?,no,no,1
Dominoes,424,pilot_dominoes_2mid_J020R15_d3chairs_o1plants_tdwroom_0107,Will the red domino fall onto the yellow mat?,no,no,1
Dominoes,425,pilot_dominoes_2mid_J020R15_d3chairs_o1plants_tdwroom_2_0000,Will the red domino fall onto the yellow mat?,yes,yes,1
Dominoes,426,pilot_dominoes_2mid_J020R15_d3chairs_o1plants_tdwroom_2_0001,Will the red domino fall onto the yellow mat?,yes,yes,1
Dominoes,427,pilot_dominoes_2mid_J020R15_d3chairs_o1plants_tdwroom_2_0002,Will the red domino fall onto the yellow mat?,yes,yes,1
Dominoes,428,pilot_dominoes_2mid_J020R15_d3chairs_o1plants_tdwroom_2_0003,Will the red domino fall onto the yellow mat?,yes,no,0
Dominoes,429,pilot_dominoes_2mid_J020R15_d3chairs_o1plants_tdwroom_2_0004,Will the red domino fall onto the yellow mat?,yes,yes,1
Dominoes,430,pilot_dominoes_2mid_J020R15_d3chairs_o1plants_tdwroom_2_0005,Will the red domino fall onto the yellow mat?,no,no,1
Dominoes,431,pilot_dominoes_2mid_J020R15_d3chairs_o1plants_tdwroom_2_0006,Will the red domino fall onto the yellow mat?,no,no,1
Dominoes,432,pilot_dominoes_2mid_J020R15_d3chairs_o1plants_tdwroom_2_0007,Will the red domino fall onto the yellow mat?,yes,yes,1
Dominoes,433,pilot_dominoes_2mid_J020R15_d3chairs_o1plants_tdwroom_2_0008,Will the red domino fall onto the yellow mat?,yes,yes,1
Dominoes,434,pilot_dominoes_2mid_J020R15_d3chairs_o1plants_tdwroom_2_0009,Will the red domino fall onto the yellow mat?,no,no,1
Dominoes,435,pilot_dominoes_2mid_J020R15_d3chairs_o1plants_tdwroom_2_0010,Will the red domino fall onto the yellow mat?,no,no,1
Dominoes,436,pilot_dominoes_2mid_J020R15_d3chairs_o1plants_tdwroom_2_0011,Will the red domino fall onto the yellow mat?,yes,yes,1
Dominoes,437,pilot_dominoes_2mid_J020R15_d3chairs_o1plants_tdwroom_2_0012,Will the red domino fall onto the yellow mat?,yes,no,0
Dominoes,438,pilot_dominoes_2mid_J020R15_d3chairs_o1plants_tdwroom_2_0013,Will the red domino fall onto the yellow mat?,no,no,1
Dominoes,439,pilot_dominoes_2mid_J020R15_d3chairs_o1plants_tdwroom_2_0014,Will the red domino fall onto the yellow mat?,yes,yes,1
Dominoes,440,pilot_dominoes_2mid_J020R15_d3chairs_o1plants_tdwroom_2_0015,Will the red domino fall onto the yellow mat?,yes,yes,1
Dominoes,441,pilot_dominoes_2mid_J020R15_d3chairs_o1plants_tdwroom_2_0016,Will the red domino fall onto the yellow mat?,no,yes,0
Dominoes,442,pilot_dominoes_2mid_J020R15_d3chairs_o1plants_tdwroom_2_0017,Will the red domino fall onto the yellow mat?,yes,yes,1
Dominoes,443,pilot_dominoes_2mid_J020R15_d3chairs_o1plants_tdwroom_2_0018,Will the red domino fall onto the yellow mat?,yes,yes,1
Dominoes,444,pilot_dominoes_2mid_J020R15_d3chairs_o1plants_tdwroom_2_0019,Will the red domino fall onto the yellow mat?,yes,yes,1
Dominoes,445,pilot_dominoes_2mid_J020R15_d3chairs_o1plants_tdwroom_2_0020,Will the red domino fall onto the yellow mat?,yes,yes,1
Dominoes,446,pilot_dominoes_2mid_J020R15_d3chairs_o1plants_tdwroom_2_0021,Will the red domino fall onto the yellow mat?,yes,yes,1
Dominoes,447,pilot_dominoes_2mid_J020R15_d3chairs_o1plants_tdwroom_2_0022,Will the red domino fall onto the yellow mat?,no,no,1
Dominoes,448,pilot_dominoes_2mid_J020R15_d3chairs_o1plants_tdwroom_2_0023,Will the red domino fall onto the yellow mat?,yes,yes,1
Dominoes,449,pilot_dominoes_2mid_J020R15_d3chairs_o1plants_tdwroom_2_0024,Will the red domino fall onto the yellow mat?,no,no,1
Dominoes,450,pilot_dominoes_2mid_J020R15_d3chairs_o1plants_tdwroom_2_0025,Will the red domino fall onto the yellow mat?,no,no,1
Dominoes,451,pilot_dominoes_2mid_J020R15_d3chairs_o1plants_tdwroom_2_0026,Will the red domino fall onto the yellow mat?,no,no,1
Dominoes,452,pilot_dominoes_2mid_J020R15_d3chairs_o1plants_tdwroom_2_0027,Will the red domino fall onto the yellow mat?,yes,yes,1
Dominoes,453,pilot_dominoes_2mid_J020R15_d3chairs_o1plants_tdwroom_2_0028,Will the red domino fall onto the yellow mat?,yes,no,0
Dominoes,454,pilot_dominoes_2mid_J020R15_d3chairs_o1plants_tdwroom_2_0029,Will the red domino fall onto the yellow mat?,yes,yes,1
Dominoes,455,pilot_dominoes_2mid_J020R15_d3chairs_o1plants_tdwroom_2_0030,Will the red domino fall onto the yellow mat?,yes,yes,1
Dominoes,456,pilot_dominoes_2mid_J020R15_d3chairs_o1plants_tdwroom_2_0031,Will the red domino fall onto the yellow mat?,yes,yes,1
Dominoes,457,pilot_dominoes_2mid_J020R15_d3chairs_o1plants_tdwroom_2_0032,Will the red domino fall onto the yellow mat?,yes,yes,1
Dominoes,458,pilot_dominoes_2mid_J020R15_d3chairs_o1plants_tdwroom_2_0033,Will the red domino fall onto the yellow mat?,yes,yes,1
Dominoes,459,pilot_dominoes_2mid_J020R15_d3chairs_o1plants_tdwroom_2_0034,Will the red domino fall onto the yellow mat?,yes,yes,1
Dominoes,460,pilot_dominoes_2mid_J020R15_d3chairs_o1plants_tdwroom_2_0035,Will the red domino fall onto the yellow mat?,yes,yes,1
Dominoes,461,pilot_dominoes_2mid_J020R15_d3chairs_o1plants_tdwroom_2_0036,Will the red domino fall onto the yellow mat?,yes,yes,1
Dominoes,462,pilot_dominoes_2mid_J020R15_d3chairs_o1plants_tdwroom_2_0037,Will the red domino fall onto the yellow mat?,no,yes,0
Dominoes,463,pilot_dominoes_2mid_J020R15_d3chairs_o1plants_tdwroom_2_0038,Will the red domino fall onto the yellow mat?,no,no,1
Dominoes,464,pilot_dominoes_2mid_J020R15_d3chairs_o1plants_tdwroom_2_0039,Will the red domino fall onto the yellow mat?,yes,yes,1
Dominoes,465,pilot_dominoes_2mid_J020R15_d3chairs_o1plants_tdwroom_2_0040,Will the red domino fall onto the yellow mat?,yes,yes,1
Dominoes,466,pilot_dominoes_2mid_J020R15_d3chairs_o1plants_tdwroom_2_0041,Will the red domino fall onto the yellow mat?,no,no,1
Dominoes,467,pilot_dominoes_2mid_J020R15_d3chairs_o1plants_tdwroom_2_0042,Will the red domino fall onto the yellow mat?,yes,yes,1
Dominoes,468,pilot_dominoes_2mid_J020R15_d3chairs_o1plants_tdwroom_2_0043,Will the red domino fall onto the yellow mat?,yes,yes,1
Dominoes,469,pilot_dominoes_2mid_J020R15_d3chairs_o1plants_tdwroom_2_0044,Will the red domino fall onto the yellow mat?,no,no,1
Dominoes,470,pilot_dominoes_2mid_J020R15_d3chairs_o1plants_tdwroom_2_0045,Will the red domino fall onto the yellow mat?,yes,no,0
Dominoes,471,pilot_dominoes_2mid_J020R15_d3chairs_o1plants_tdwroom_2_0046,Will the red domino fall onto the yellow mat?,no,yes,0
Dominoes,472,pilot_dominoes_2mid_J020R15_d3chairs_o1plants_tdwroom_2_0047,Will the red domino fall onto the yellow mat?,yes,yes,1
Dominoes,473,pilot_dominoes_2mid_J020R15_d3chairs_o1plants_tdwroom_2_0048,Will the red domino fall onto the yellow mat?,yes,yes,1
Dominoes,474,pilot_dominoes_2mid_J020R15_d3chairs_o1plants_tdwroom_2_0049,Will the red domino fall onto the yellow mat?,yes,no,0
Dominoes,475,pilot_dominoes_2mid_J020R15_d3chairs_o1plants_tdwroom_2_0050,Will the red domino fall onto the yellow mat?,yes,yes,1
Dominoes,476,pilot_dominoes_2mid_J020R15_d3chairs_o1plants_tdwroom_2_0051,Will the red domino fall onto the yellow mat?,yes,yes,1
Dominoes,477,pilot_dominoes_2mid_J020R15_d3chairs_o1plants_tdwroom_2_0052,Will the red domino fall onto the yellow mat?,no,no,1
Dominoes,478,pilot_dominoes_2mid_J020R15_d3chairs_o1plants_tdwroom_2_0053,Will the red domino fall onto the yellow mat?,yes,yes,1
Dominoes,479,pilot_dominoes_2mid_J020R15_d3chairs_o1plants_tdwroom_2_0054,Will the red domino fall onto the yellow mat?,no,yes,0
Dominoes,480,pilot_dominoes_2mid_J020R15_d3chairs_o1plants_tdwroom_2_0055,Will the red domino fall onto the yellow mat?,yes,yes,1
Dominoes,481,pilot_dominoes_2mid_J020R15_d3chairs_o1plants_tdwroom_2_0056,Will the red domino fall onto the yellow mat?,yes,yes,1
Dominoes,482,pilot_dominoes_2mid_J020R15_d3chairs_o1plants_tdwroom_2_0057,Will the red domino fall onto the yellow mat?,no,no,1
Dominoes,483,pilot_dominoes_2mid_J020R15_d3chairs_o1plants_tdwroom_2_0058,Will the red domino fall onto the yellow mat?,yes,yes,1
Dominoes,484,pilot_dominoes_2mid_J020R15_d3chairs_o1plants_tdwroom_2_0059,Will the red domino fall onto the yellow mat?,yes,yes,1
Dominoes,485,pilot_dominoes_2mid_J020R15_d3chairs_o1plants_tdwroom_2_0060,Will the red domino fall onto the yellow mat?,yes,yes,1
Dominoes,486,pilot_dominoes_2mid_J020R15_d3chairs_o1plants_tdwroom_2_0061,Will the red domino fall onto the yellow mat?,no,no,1
Dominoes,487,pilot_dominoes_2mid_J020R15_d3chairs_o1plants_tdwroom_2_0062,Will the red domino fall onto the yellow mat?,yes,yes,1
Dominoes,488,pilot_dominoes_2mid_J020R15_d3chairs_o1plants_tdwroom_2_0063,Will the red domino fall onto the yellow mat?,yes,yes,1
Dominoes,489,pilot_dominoes_2mid_J020R15_d3chairs_o1plants_tdwroom_2_0064,Will the red domino fall onto the yellow mat?,yes,yes,1
Dominoes,490,pilot_dominoes_2mid_J020R15_d3chairs_o1plants_tdwroom_2_0065,Will the red domino fall onto the yellow mat?,no,no,1
Dominoes,491,pilot_dominoes_2mid_J020R15_d3chairs_o1plants_tdwroom_2_0066,Will the red domino fall onto the yellow mat?,yes,yes,1
Dominoes,492,pilot_dominoes_2mid_J020R15_d3chairs_o1plants_tdwroom_2_0067,Will the red domino fall onto the yellow mat?,yes,yes,1
Dominoes,493,pilot_dominoes_2mid_J020R15_d3chairs_o1plants_tdwroom_2_0068,Will the red domino fall onto the yellow mat?,no,no,1
Dominoes,494,pilot_dominoes_2mid_J020R15_d3chairs_o1plants_tdwroom_2_0069,Will the red domino fall onto the yellow mat?,yes,yes,1
Dominoes,495,pilot_dominoes_2mid_J020R15_d3chairs_o1plants_tdwroom_2_0070,Will the red domino fall onto the yellow mat?,yes,yes,1
Dominoes,496,pilot_dominoes_2mid_J020R15_d3chairs_o1plants_tdwroom_2_0071,Will the red domino fall onto the yellow mat?,yes,yes,1
Dominoes,497,pilot_dominoes_2mid_J020R15_d3chairs_o1plants_tdwroom_2_0072,Will the red domino fall onto the yellow mat?,no,no,1
Dominoes,498,pilot_dominoes_2mid_J020R15_d3chairs_o1plants_tdwroom_2_0073,Will the red domino fall onto the yellow mat?,yes,yes,1
Dominoes,499,pilot_dominoes_2mid_J020R15_d3chairs_o1plants_tdwroom_2_0074,Will the red domino fall onto the yellow mat?,no,yes,0
Dominoes,500,pilot_dominoes_2mid_J020R15_d3chairs_o1plants_tdwroom_2_0075,Will the red domino fall onto the yellow mat?,yes,yes,1
Dominoes,501,pilot_dominoes_2mid_J020R15_d3chairs_o1plants_tdwroom_2_0076,Will the red domino fall onto the yellow mat?,no,no,1
Dominoes,502,pilot_dominoes_2mid_J020R15_d3chairs_o1plants_tdwroom_2_0077,Will the red domino fall onto the yellow mat?,yes,yes,1
Dominoes,503,pilot_dominoes_2mid_J020R15_d3chairs_o1plants_tdwroom_2_0078,Will the red domino fall onto the yellow mat?,yes,yes,1
Dominoes,504,pilot_dominoes_2mid_J020R15_d3chairs_o1plants_tdwroom_2_0079,Will the red domino fall onto the yellow mat?,yes,yes,1
Dominoes,505,pilot_dominoes_2mid_J020R15_d3chairs_o1plants_tdwroom_2_0080,Will the red domino fall onto the yellow mat?,yes,yes,1
Dominoes,506,pilot_dominoes_2mid_J020R15_d3chairs_o1plants_tdwroom_2_0081,Will the red domino fall onto the yellow mat?,yes,yes,1
Dominoes,507,pilot_dominoes_2mid_J020R15_d3chairs_o1plants_tdwroom_2_0082,Will the red domino fall onto the yellow mat?,yes,yes,1
Dominoes,508,pilot_dominoes_2mid_J020R15_d3chairs_o1plants_tdwroom_2_0083,Will the red domino fall onto the yellow mat?,yes,yes,1
Dominoes,509,pilot_dominoes_2mid_J020R15_d3chairs_o1plants_tdwroom_2_0084,Will the red domino fall onto the yellow mat?,yes,yes,1
Dominoes,510,pilot_dominoes_2mid_J020R15_d3chairs_o1plants_tdwroom_2_0085,Will the red domino fall onto the yellow mat?,yes,no,0
Dominoes,511,pilot_dominoes_2mid_J020R15_d3chairs_o1plants_tdwroom_2_0086,Will the red domino fall onto the yellow mat?,yes,yes,1
Dominoes,512,pilot_dominoes_2mid_J020R15_d3chairs_o1plants_tdwroom_2_0087,Will the red domino fall onto the yellow mat?,yes,yes,1
Dominoes,513,pilot_dominoes_2mid_J020R15_d3chairs_o1plants_tdwroom_2_0088,Will the red domino fall onto the yellow mat?,no,no,1
Dominoes,514,pilot_dominoes_2mid_J020R15_d3chairs_o1plants_tdwroom_2_0089,Will the red domino fall onto the yellow mat?,yes,no,0
Dominoes,515,pilot_dominoes_2mid_J020R15_d3chairs_o1plants_tdwroom_2_0090,Will the red domino fall onto the yellow mat?,yes,yes,1
Dominoes,516,pilot_dominoes_2mid_J020R15_d3chairs_o1plants_tdwroom_2_0091,Will the red domino fall onto the yellow mat?,yes,yes,1
Dominoes,517,pilot_dominoes_2mid_J020R15_d3chairs_o1plants_tdwroom_2_0092,Will the red domino fall onto the yellow mat?,no,yes,0
Dominoes,518,pilot_dominoes_2mid_J020R15_d3chairs_o1plants_tdwroom_2_0093,Will the red domino fall onto the yellow mat?,no,yes,0
Dominoes,519,pilot_dominoes_2mid_J020R15_d3chairs_o1plants_tdwroom_2_0094,Will the red domino fall onto the yellow mat?,no,no,1
Dominoes,520,pilot_dominoes_2mid_J020R15_d3chairs_o1plants_tdwroom_2_0095,Will the red domino fall onto the yellow mat?,yes,no,0
Dominoes,521,pilot_dominoes_2mid_J020R15_d3chairs_o1plants_tdwroom_2_0096,Will the red domino fall onto the yellow mat?,yes,yes,1
Dominoes,522,pilot_dominoes_2mid_J020R15_d3chairs_o1plants_tdwroom_2_0097,Will the red domino fall onto the yellow mat?,no,no,1
Dominoes,523,pilot_dominoes_2mid_J020R15_d3chairs_o1plants_tdwroom_2_0098,Will the red domino fall onto the yellow mat?,no,no,1
Dominoes,524,pilot_dominoes_2mid_J020R15_d3chairs_o1plants_tdwroom_2_0099,Will the red domino fall onto the yellow mat?,no,no,1
Dominoes,525,pilot_dominoes_2mid_J020R15_d3chairs_o1plants_tdwroom_2_0100,Will the red domino fall onto the yellow mat?,yes,yes,1
Dominoes,526,pilot_dominoes_2mid_J020R15_d3chairs_o1plants_tdwroom_2_0101,Will the red domino fall onto the yellow mat?,yes,yes,1
Dominoes,527,pilot_dominoes_2mid_J020R15_d3chairs_o1plants_tdwroom_2_0102,Will the red domino fall onto the yellow mat?,yes,yes,1
Dominoes,528,pilot_dominoes_2mid_J020R15_d3chairs_o1plants_tdwroom_2_0103,Will the red domino fall onto the yellow mat?,no,no,1
Dominoes,529,pilot_dominoes_2mid_J020R15_d3chairs_o1plants_tdwroom_2_0104,Will the red domino fall onto the yellow mat?,yes,yes,1
Dominoes,530,pilot_dominoes_2mid_J020R15_d3chairs_o1plants_tdwroom_2_0105,Will the red domino fall onto the yellow mat?,yes,no,0
Dominoes,531,pilot_dominoes_2mid_J020R15_d3chairs_o1plants_tdwroom_2_0106,Will the red domino fall onto the yellow mat?,no,no,1
Dominoes,532,pilot_dominoes_2mid_J020R15_d3chairs_o1plants_tdwroom_2_0107,Will the red domino fall onto the yellow mat?,no,no,1
Dominoes,533,pilot_dominoes_2mid_J025R30_tdwroom_0000,Will the red domino fall onto the yellow mat?,no,no,1
Dominoes,534,pilot_dominoes_2mid_J025R30_tdwroom_0001,Will the red domino fall onto the yellow mat?,yes,yes,1
Dominoes,535,pilot_dominoes_2mid_J025R30_tdwroom_0002,Will the red domino fall onto the yellow mat?,yes,yes,1
Dominoes,536,pilot_dominoes_2mid_J025R30_tdwroom_0003,Will the red domino fall onto the yellow mat?,no,no,1
Dominoes,537,pilot_dominoes_2mid_J025R30_tdwroom_0004,Will the red domino fall onto the yellow mat?,yes,yes,1
Dominoes,538,pilot_dominoes_2mid_J025R30_tdwroom_0005,Will the red domino fall onto the yellow mat?,no,no,1
Dominoes,539,pilot_dominoes_2mid_J025R30_tdwroom_0006,Will the red domino fall onto the yellow mat?,no,no,1
Dominoes,540,pilot_dominoes_2mid_J025R30_tdwroom_0007,Will the red domino fall onto the yellow mat?,yes,yes,1
Dominoes,541,pilot_dominoes_2mid_J025R30_tdwroom_0008,Will the red domino fall onto the yellow mat?,yes,yes,1
Dominoes,542,pilot_dominoes_2mid_J025R30_tdwroom_0009,Will the red domino fall onto the yellow mat?,no,no,1
Dominoes,543,pilot_dominoes_2mid_J025R30_tdwroom_0010,Will the red domino fall onto the yellow mat?,no,no,1
Dominoes,544,pilot_dominoes_2mid_J025R30_tdwroom_0011,Will the red domino fall onto the yellow mat?,yes,yes,1
Dominoes,545,pilot_dominoes_2mid_J025R30_tdwroom_0012,Will the red domino fall onto the yellow mat?,yes,yes,1
Dominoes,546,pilot_dominoes_2mid_J025R30_tdwroom_0013,Will the red domino fall onto the yellow mat?,no,no,1
Dominoes,547,pilot_dominoes_2mid_J025R30_tdwroom_0014,Will the red domino fall onto the yellow mat?,no,no,1
Dominoes,548,pilot_dominoes_2mid_J025R30_tdwroom_0015,Will the red domino fall onto the yellow mat?,no,no,1
Dominoes,549,pilot_dominoes_2mid_J025R30_tdwroom_0016,Will the red domino fall onto the yellow mat?,no,no,1
Dominoes,550,pilot_dominoes_2mid_J025R30_tdwroom_0017,Will the red domino fall onto the yellow mat?,yes,yes,1
Dominoes,551,pilot_dominoes_2mid_J025R30_tdwroom_0018,Will the red domino fall onto the yellow mat?,yes,no,0
Dominoes,552,pilot_dominoes_2mid_J025R30_tdwroom_0019,Will the red domino fall onto the yellow mat?,no,no,1
Dominoes,553,pilot_dominoes_2mid_J025R30_tdwroom_0020,Will the red domino fall onto the yellow mat?,yes,yes,1
Dominoes,554,pilot_dominoes_2mid_J025R30_tdwroom_0021,Will the red domino fall onto the yellow mat?,yes,yes,1
Dominoes,555,pilot_dominoes_2mid_J025R30_tdwroom_0022,Will the red domino fall onto the yellow mat?,no,no,1
Dominoes,556,pilot_dominoes_2mid_J025R30_tdwroom_0023,Will the red domino fall onto the yellow mat?,no,no,1
Dominoes,557,pilot_dominoes_2mid_J025R30_tdwroom_0024,Will the red domino fall onto the yellow mat?,no,no,1
Dominoes,558,pilot_dominoes_2mid_J025R30_tdwroom_0025,Will the red domino fall onto the yellow mat?,no,no,1
Dominoes,559,pilot_dominoes_2mid_J025R30_tdwroom_0026,Will the red domino fall onto the yellow mat?,no,no,1
Dominoes,560,pilot_dominoes_2mid_J025R30_tdwroom_0027,Will the red domino fall onto the yellow mat?,no,no,1
Dominoes,561,pilot_dominoes_2mid_J025R30_tdwroom_0028,Will the red domino fall onto the yellow mat?,yes,yes,1
Dominoes,562,pilot_dominoes_2mid_J025R30_tdwroom_0029,Will the red domino fall onto the yellow mat?,yes,yes,1
Dominoes,563,pilot_dominoes_2mid_J025R30_tdwroom_0030,Will the red domino fall onto the yellow mat?,yes,yes,1
Dominoes,564,pilot_dominoes_2mid_J025R30_tdwroom_0031,Will the red domino fall onto the yellow mat?,yes,yes,1
Dominoes,565,pilot_dominoes_2mid_J025R30_tdwroom_0032,Will the red domino fall onto the yellow mat?,yes,yes,1
Dominoes,566,pilot_dominoes_2mid_J025R30_tdwroom_0033,Will the red domino fall onto the yellow mat?,yes,yes,1
Dominoes,567,pilot_dominoes_2mid_J025R30_tdwroom_0034,Will the red domino fall onto the yellow mat?,no,yes,0
Dominoes,568,pilot_dominoes_2mid_J025R30_tdwroom_0035,Will the red domino fall onto the yellow mat?,no,yes,0
Dominoes,569,pilot_dominoes_2mid_J025R30_tdwroom_0036,Will the red domino fall onto the yellow mat?,yes,yes,1
Dominoes,570,pilot_dominoes_2mid_J025R30_tdwroom_0037,Will the red domino fall onto the yellow mat?,no,no,1
Dominoes,571,pilot_dominoes_2mid_J025R30_tdwroom_0038,Will the red domino fall onto the yellow mat?,no,no,1
Dominoes,572,pilot_dominoes_2mid_J025R30_tdwroom_0039,Will the red domino fall onto the yellow mat?,no,no,1
Dominoes,573,pilot_dominoes_2mid_J025R30_tdwroom_0040,Will the red domino fall onto the yellow mat?,yes,yes,1
Dominoes,574,pilot_dominoes_2mid_J025R30_tdwroom_0041,Will the red domino fall onto the yellow mat?,no,no,1
Dominoes,575,pilot_dominoes_2mid_J025R30_tdwroom_0042,Will the red domino fall onto the yellow mat?,yes,yes,1
Dominoes,576,pilot_dominoes_2mid_J025R30_tdwroom_0043,Will the red domino fall onto the yellow mat?,no,no,1
Dominoes,577,pilot_dominoes_2mid_J025R30_tdwroom_0044,Will the red domino fall onto the yellow mat?,no,no,1
Dominoes,578,pilot_dominoes_2mid_J025R30_tdwroom_0045,Will the red domino fall onto the yellow mat?,no,no,1
Dominoes,579,pilot_dominoes_2mid_J025R30_tdwroom_0046,Will the red domino fall onto the yellow mat?,no,yes,0
Dominoes,580,pilot_dominoes_2mid_J025R30_tdwroom_0047,Will the red domino fall onto the yellow mat?,no,no,1
Dominoes,581,pilot_dominoes_2mid_J025R30_tdwroom_0048,Will the red domino fall onto the yellow mat?,yes,yes,1
Dominoes,582,pilot_dominoes_2mid_J025R30_tdwroom_0049,Will the red domino fall onto the yellow mat?,no,no,1
Dominoes,583,pilot_dominoes_2mid_J025R30_tdwroom_0050,Will the red domino fall onto the yellow mat?,no,no,1
Dominoes,584,pilot_dominoes_2mid_J025R30_tdwroom_0051,Will the red domino fall onto the yellow mat?,yes,yes,1
Dominoes,585,pilot_dominoes_2mid_J025R30_tdwroom_0052,Will the red domino fall onto the yellow mat?,no,no,1
Dominoes,586,pilot_dominoes_2mid_J025R30_tdwroom_0053,Will the red domino fall onto the yellow mat?,no,no,1
Dominoes,587,pilot_dominoes_2mid_J025R30_tdwroom_0054,Will the red domino fall onto the yellow mat?,no,no,1
Dominoes,588,pilot_dominoes_2mid_J025R30_tdwroom_0055,Will the red domino fall onto the yellow mat?,yes,yes,1
Dominoes,589,pilot_dominoes_2mid_J025R30_tdwroom_0056,Will the red domino fall onto the yellow mat?,yes,yes,1
Dominoes,590,pilot_dominoes_2mid_J025R30_tdwroom_0057,Will the red domino fall onto the yellow mat?,no,no,1
Dominoes,591,pilot_dominoes_2mid_J025R30_tdwroom_0058,Will the red domino fall onto the yellow mat?,no,yes,0
Dominoes,592,pilot_dominoes_2mid_J025R30_tdwroom_0059,Will the red domino fall onto the yellow mat?,yes,yes,1
Dominoes,593,pilot_dominoes_2mid_J025R30_tdwroom_0060,Will the red domino fall onto the yellow mat?,no,yes,0
Dominoes,594,pilot_dominoes_2mid_J025R30_tdwroom_0061,Will the red domino fall onto the yellow mat?,no,no,1
Dominoes,595,pilot_dominoes_2mid_J025R30_tdwroom_0062,Will the red domino fall onto the yellow mat?,no,no,1
Dominoes,596,pilot_dominoes_2mid_J025R30_tdwroom_0063,Will the red domino fall onto the yellow mat?,yes,yes,1
Dominoes,597,pilot_dominoes_2mid_J025R30_tdwroom_0064,Will the red domino fall onto the yellow mat?,yes,yes,1
Dominoes,598,pilot_dominoes_2mid_J025R30_tdwroom_0065,Will the red domino fall onto the yellow mat?,no,no,1
Dominoes,599,pilot_dominoes_2mid_J025R30_tdwroom_0066,Will the red domino fall onto the yellow mat?,no,no,1
Dominoes,600,pilot_dominoes_2mid_J025R30_tdwroom_0067,Will the red domino fall onto the yellow mat?,yes,yes,1
Dominoes,601,pilot_dominoes_2mid_J025R30_tdwroom_0068,Will the red domino fall onto the yellow mat?,no,no,1
Dominoes,602,pilot_dominoes_2mid_J025R30_tdwroom_0069,Will the red domino fall onto the yellow mat?,no,no,1
Dominoes,603,pilot_dominoes_2mid_J025R30_tdwroom_0070,Will the red domino fall onto the yellow mat?,yes,yes,1
Dominoes,604,pilot_dominoes_2mid_J025R30_tdwroom_0071,Will the red domino fall onto the yellow mat?,yes,yes,1
Dominoes,605,pilot_dominoes_2mid_J025R30_tdwroom_0072,Will the red domino fall onto the yellow mat?,no,no,1
Dominoes,606,pilot_dominoes_2mid_J025R30_tdwroom_0073,Will the red domino fall onto the yellow mat?,no,no,1
Dominoes,607,pilot_dominoes_2mid_J025R30_tdwroom_0074,Will the red domino fall onto the yellow mat?,no,yes,0
Dominoes,608,pilot_dominoes_2mid_J025R30_tdwroom_0075,Will the red domino fall onto the yellow mat?,yes,yes,1
Dominoes,609,pilot_dominoes_2mid_J025R30_tdwroom_0076,Will the red domino fall onto the yellow mat?,no,no,1
Dominoes,610,pilot_dominoes_2mid_J025R30_tdwroom_0077,Will the red domino fall onto the yellow mat?,yes,yes,1
Dominoes,611,pilot_dominoes_2mid_J025R30_tdwroom_0078,Will the red domino fall onto the yellow mat?,yes,yes,1
Dominoes,612,pilot_dominoes_2mid_J025R30_tdwroom_0079,Will the red domino fall onto the yellow mat?,no,yes,0
Dominoes,613,pilot_dominoes_2mid_J025R30_tdwroom_0080,Will the red domino fall onto the yellow mat?,yes,yes,1
Dominoes,614,pilot_dominoes_2mid_J025R30_tdwroom_0081,Will the red domino fall onto the yellow mat?,yes,yes,1
Dominoes,615,pilot_dominoes_2mid_J025R30_tdwroom_0082,Will the red domino fall onto the yellow mat?,yes,yes,1
Dominoes,616,pilot_dominoes_2mid_J025R30_tdwroom_0083,Will the red domino fall onto the yellow mat?,yes,yes,1
Dominoes,617,pilot_dominoes_2mid_J025R30_tdwroom_0084,Will the red domino fall onto the yellow mat?,yes,yes,1
Dominoes,618,pilot_dominoes_2mid_J025R30_tdwroom_0085,Will the red domino fall onto the yellow mat?,yes,no,0
Dominoes,619,pilot_dominoes_2mid_J025R30_tdwroom_0086,Will the red domino fall onto the yellow mat?,no,no,1
Dominoes,620,pilot_dominoes_2mid_J025R30_tdwroom_0087,Will the red domino fall onto the yellow mat?,yes,no,0
Dominoes,621,pilot_dominoes_2mid_J025R30_tdwroom_0088,Will the red domino fall onto the yellow mat?,no,no,1
Dominoes,622,pilot_dominoes_2mid_J025R30_tdwroom_0089,Will the red domino fall onto the yellow mat?,no,no,1
Dominoes,623,pilot_dominoes_2mid_J025R30_tdwroom_0090,Will the red domino fall onto the yellow mat?,no,no,1
Dominoes,624,pilot_dominoes_2mid_J025R30_tdwroom_0091,Will the red domino fall onto the yellow mat?,yes,yes,1
Dominoes,625,pilot_dominoes_2mid_J025R30_tdwroom_0092,Will the red domino fall onto the yellow mat?,no,no,1
Dominoes,626,pilot_dominoes_2mid_J025R30_tdwroom_0093,Will the red domino fall onto the yellow mat?,no,yes,0
Dominoes,627,pilot_dominoes_2mid_J025R30_tdwroom_0094,Will the red domino fall onto the yellow mat?,no,no,1
Dominoes,628,pilot_dominoes_2mid_J025R30_tdwroom_0095,Will the red domino fall onto the yellow mat?,yes,yes,1
Dominoes,629,pilot_dominoes_2mid_J025R30_tdwroom_0096,Will the red domino fall onto the yellow mat?,yes,yes,1
Dominoes,630,pilot_dominoes_2mid_J025R30_tdwroom_0097,Will the red domino fall onto the yellow mat?,no,no,1
Dominoes,631,pilot_dominoes_2mid_J025R30_tdwroom_0098,Will the red domino fall onto the yellow mat?,no,no,1
Dominoes,632,pilot_dominoes_2mid_J025R30_tdwroom_0099,Will the red domino fall onto the yellow mat?,no,no,1
Dominoes,633,pilot_dominoes_2mid_J025R30_tdwroom_0100,Will the red domino fall onto the yellow mat?,no,yes,0
Dominoes,634,pilot_dominoes_2mid_J025R30_tdwroom_0101,Will the red domino fall onto the yellow mat?,no,no,1
Dominoes,635,pilot_dominoes_2mid_J025R30_tdwroom_0102,Will the red domino fall onto the yellow mat?,yes,yes,1
Dominoes,636,pilot_dominoes_2mid_J025R30_tdwroom_0103,Will the red domino fall onto the yellow mat?,no,no,1
Dominoes,637,pilot_dominoes_2mid_J025R30_tdwroom_0104,Will the red domino fall onto the yellow mat?,no,no,1
Dominoes,638,pilot_dominoes_2mid_J025R30_tdwroom_0105,Will the red domino fall onto the yellow mat?,yes,yes,1
Dominoes,639,pilot_dominoes_2mid_J025R30_tdwroom_0106,Will the red domino fall onto the yellow mat?,no,no,1
Dominoes,640,pilot_dominoes_2mid_J025R30_tdwroom_0107,Will the red domino fall onto the yellow mat?,no,no,1
Dominoes,641,pilot_dominoes_4midRM1_boxroom_0000,Will the red domino fall onto the yellow mat?,no,no,1
Dominoes,642,pilot_dominoes_4midRM1_boxroom_0001,Will the red domino fall onto the yellow mat?,no,no,1
Dominoes,643,pilot_dominoes_4midRM1_boxroom_0002,Will the red domino fall onto the yellow mat?,no,no,1
Dominoes,644,pilot_dominoes_4midRM1_boxroom_0003,Will the red domino fall onto the yellow mat?,no,no,1
Dominoes,645,pilot_dominoes_4midRM1_boxroom_0004,Will the red domino fall onto the yellow mat?,no,no,1
Dominoes,646,pilot_dominoes_4midRM1_boxroom_0005,Will the red domino fall onto the yellow mat?,no,no,1
Dominoes,647,pilot_dominoes_4midRM1_boxroom_0006,Will the red domino fall onto the yellow mat?,no,no,1
Dominoes,648,pilot_dominoes_4midRM1_boxroom_0007,Will the red domino fall onto the yellow mat?,no,no,1
Dominoes,649,pilot_dominoes_4midRM1_boxroom_0008,Will the red domino fall onto the yellow mat?,no,no,1
Dominoes,650,pilot_dominoes_4midRM1_boxroom_0009,Will the red domino fall onto the yellow mat?,no,no,1
Dominoes,651,pilot_dominoes_4midRM1_boxroom_0010,Will the red domino fall onto the yellow mat?,no,no,1
Dominoes,652,pilot_dominoes_4midRM1_boxroom_0011,Will the red domino fall onto the yellow mat?,no,no,1
Dominoes,653,pilot_dominoes_4midRM1_boxroom_0012,Will the red domino fall onto the yellow mat?,no,no,1
Dominoes,654,pilot_dominoes_4midRM1_boxroom_0013,Will the red domino fall onto the yellow mat?,no,no,1
Dominoes,655,pilot_dominoes_4midRM1_boxroom_0014,Will the red domino fall onto the yellow mat?,no,no,1
Dominoes,656,pilot_dominoes_4midRM1_boxroom_0015,Will the red domino fall onto the yellow mat?,no,no,1
Dominoes,657,pilot_dominoes_4midRM1_boxroom_0016,Will the red domino fall onto the yellow mat?,no,no,1
Dominoes,658,pilot_dominoes_4midRM1_boxroom_0017,Will the red domino fall onto the yellow mat?,no,no,1
Dominoes,659,pilot_dominoes_4midRM1_boxroom_0018,Will the red domino fall onto the yellow mat?,no,no,1
Dominoes,660,pilot_dominoes_4midRM1_boxroom_0019,Will the red domino fall onto the yellow mat?,no,yes,0
Dominoes,661,pilot_dominoes_4midRM1_boxroom_0020,Will the red domino fall onto the yellow mat?,no,no,1
Dominoes,662,pilot_dominoes_4midRM1_boxroom_0021,Will the red domino fall onto the yellow mat?,no,no,1
Dominoes,663,pilot_dominoes_4midRM1_boxroom_0022,Will the red domino fall onto the yellow mat?,no,no,1
Dominoes,664,pilot_dominoes_4midRM1_boxroom_0023,Will the red domino fall onto the yellow mat?,no,yes,0
Dominoes,665,pilot_dominoes_4midRM1_boxroom_0024,Will the red domino fall onto the yellow mat?,no,no,1
Dominoes,666,pilot_dominoes_4midRM1_boxroom_2_0000,Will the red domino fall onto the yellow mat?,no,no,1
Dominoes,667,pilot_dominoes_4midRM1_boxroom_2_0001,Will the red domino fall onto the yellow mat?,no,no,1
Dominoes,668,pilot_dominoes_4midRM1_boxroom_2_0002,Will the red domino fall onto the yellow mat?,no,yes,0
Dominoes,669,pilot_dominoes_4midRM1_boxroom_2_0003,Will the red domino fall onto the yellow mat?,no,no,1
Dominoes,670,pilot_dominoes_4midRM1_boxroom_2_0004,Will the red domino fall onto the yellow mat?,no,no,1
Dominoes,671,pilot_dominoes_4midRM1_boxroom_2_0005,Will the red domino fall onto the yellow mat?,no,no,1
Dominoes,672,pilot_dominoes_4midRM1_boxroom_2_0006,Will the red domino fall onto the yellow mat?,no,no,1
Dominoes,673,pilot_dominoes_4midRM1_boxroom_2_0007,Will the red domino fall onto the yellow mat?,no,no,1
Dominoes,674,pilot_dominoes_4midRM1_boxroom_2_0008,Will the red domino fall onto the yellow mat?,no,no,1
Dominoes,675,pilot_dominoes_4midRM1_boxroom_2_0009,Will the red domino fall onto the yellow mat?,no,no,1
Dominoes,676,pilot_dominoes_4midRM1_boxroom_2_0010,Will the red domino fall onto the yellow mat?,no,yes,0
Dominoes,677,pilot_dominoes_4midRM1_boxroom_2_0011,Will the red domino fall onto the yellow mat?,no,no,1
Dominoes,678,pilot_dominoes_4midRM1_boxroom_2_0012,Will the red domino fall onto the yellow mat?,no,no,1
Dominoes,679,pilot_dominoes_4midRM1_boxroom_2_0013,Will the red domino fall onto the yellow mat?,no,no,1
Dominoes,680,pilot_dominoes_4midRM1_boxroom_2_0014,Will the red domino fall onto the yellow mat?,no,no,1
Dominoes,681,pilot_dominoes_4midRM1_boxroom_2_0015,Will the red domino fall onto the yellow mat?,no,no,1
Dominoes,682,pilot_dominoes_4midRM1_boxroom_2_0016,Will the red domino fall onto the yellow mat?,no,no,1
Dominoes,683,pilot_dominoes_4midRM1_boxroom_2_0017,Will the red domino fall onto the yellow mat?,no,no,1
Dominoes,684,pilot_dominoes_4midRM1_boxroom_2_0018,Will the red domino fall onto the yellow mat?,no,no,1
Dominoes,685,pilot_dominoes_4midRM1_boxroom_2_0019,Will the red domino fall onto the yellow mat?,no,yes,0
Dominoes,686,pilot_dominoes_4midRM1_boxroom_2_0020,Will the red domino fall onto the yellow mat?,no,no,1
Dominoes,687,pilot_dominoes_4midRM1_boxroom_2_0021,Will the red domino fall onto the yellow mat?,no,no,1
Dominoes,688,pilot_dominoes_4midRM1_boxroom_2_0022,Will the red domino fall onto the yellow mat?,no,no,1
Dominoes,689,pilot_dominoes_4midRM1_boxroom_2_0023,Will the red domino fall onto the yellow mat?,no,yes,0
Dominoes,690,pilot_dominoes_4midRM1_boxroom_2_0024,Will the red domino fall onto the yellow mat?,no,no,1
Dominoes,691,pilot_dominoes_4midRM1_tdwroom_0000,Will the red domino fall onto the yellow mat?,no,no,1
Dominoes,692,pilot_dominoes_4midRM1_tdwroom_0001,Will the red domino fall onto the yellow mat?,no,no,1
Dominoes,693,pilot_dominoes_4midRM1_tdwroom_0002,Will the red domino fall onto the yellow mat?,no,no,1
Dominoes,694,pilot_dominoes_4midRM1_tdwroom_0003,Will the red domino fall onto the yellow mat?,no,no,1
Dominoes,695,pilot_dominoes_4midRM1_tdwroom_0004,Will the red domino fall onto the yellow mat?,no,yes,0
Dominoes,696,pilot_dominoes_4midRM1_tdwroom_0005,Will the red domino fall onto the yellow mat?,no,no,1
Dominoes,697,pilot_dominoes_4midRM1_tdwroom_0006,Will the red domino fall onto the yellow mat?,no,no,1
Dominoes,698,pilot_dominoes_4midRM1_tdwroom_0007,Will the red domino fall onto the yellow mat?,no,no,1
Dominoes,699,pilot_dominoes_4midRM1_tdwroom_0008,Will the red domino fall onto the yellow mat?,no,no,1
Dominoes,700,pilot_dominoes_4midRM1_tdwroom_0009,Will the red domino fall onto the yellow mat?,no,no,1
Dominoes,701,pilot_dominoes_4midRM1_tdwroom_0010,Will the red domino fall onto the yellow mat?,no,no,1
Dominoes,702,pilot_dominoes_4midRM1_tdwroom_0011,Will the red domino fall onto the yellow mat?,no,no,1
Dominoes,703,pilot_dominoes_4midRM1_tdwroom_0012,Will the red domino fall onto the yellow mat?,no,no,1
Dominoes,704,pilot_dominoes_4midRM1_tdwroom_0013,Will the red domino fall onto the yellow mat?,no,no,1
Dominoes,705,pilot_dominoes_4midRM1_tdwroom_0014,Will the red domino fall onto the yellow mat?,no,no,1
Dominoes,706,pilot_dominoes_4midRM1_tdwroom_0015,Will the red domino fall onto the yellow mat?,no,no,1
Dominoes,707,pilot_dominoes_4midRM1_tdwroom_0016,Will the red domino fall onto the yellow mat?,no,no,1
Dominoes,708,pilot_dominoes_4midRM1_tdwroom_0017,Will the red domino fall onto the yellow mat?,no,no,1
Dominoes,709,pilot_dominoes_4midRM1_tdwroom_0018,Will the red domino fall onto the yellow mat?,no,no,1
Dominoes,710,pilot_dominoes_4midRM1_tdwroom_0019,Will the red domino fall onto the yellow mat?,no,no,1
Dominoes,711,pilot_dominoes_4midRM1_tdwroom_0020,Will the red domino fall onto the yellow mat?,no,no,1
Dominoes,712,pilot_dominoes_4midRM1_tdwroom_0021,Will the red domino fall onto the yellow mat?,no,no,1
Dominoes,713,pilot_dominoes_4midRM1_tdwroom_0022,Will the red domino fall onto the yellow mat?,no,no,1
Dominoes,714,pilot_dominoes_4midRM1_tdwroom_0023,Will the red domino fall onto the yellow mat?,no,yes,0
Dominoes,715,pilot_dominoes_4midRM1_tdwroom_0024,Will the red domino fall onto the yellow mat?,no,no,1
Dominoes,716,pilot_dominoes_4midRM1_tdwroom_2_0000,Will the red domino fall onto the yellow mat?,no,no,1
Dominoes,717,pilot_dominoes_4midRM1_tdwroom_2_0001,Will the red domino fall onto the yellow mat?,no,no,1
Dominoes,718,pilot_dominoes_4midRM1_tdwroom_2_0002,Will the red domino fall onto the yellow mat?,no,no,1
Dominoes,719,pilot_dominoes_4midRM1_tdwroom_2_0003,Will the red domino fall onto the yellow mat?,no,no,1
Dominoes,720,pilot_dominoes_4midRM1_tdwroom_2_0004,Will the red domino fall onto the yellow mat?,no,yes,0
Dominoes,721,pilot_dominoes_4midRM1_tdwroom_2_0005,Will the red domino fall onto the yellow mat?,no,no,1
Dominoes,722,pilot_dominoes_4midRM1_tdwroom_2_0006,Will the red domino fall onto the yellow mat?,no,no,1
Dominoes,723,pilot_dominoes_4midRM1_tdwroom_2_0007,Will the red domino fall onto the yellow mat?,no,no,1
Dominoes,724,pilot_dominoes_4midRM1_tdwroom_2_0008,Will the red domino fall onto the yellow mat?,no,no,1
Dominoes,725,pilot_dominoes_4midRM1_tdwroom_2_0009,Will the red domino fall onto the yellow mat?,no,no,1
Dominoes,726,pilot_dominoes_4midRM1_tdwroom_2_0010,Will the red domino fall onto the yellow mat?,no,no,1
Dominoes,727,pilot_dominoes_4midRM1_tdwroom_2_0011,Will the red domino fall onto the yellow mat?,no,no,1
Dominoes,728,pilot_dominoes_4midRM1_tdwroom_2_0012,Will the red domino fall onto the yellow mat?,no,no,1
Dominoes,729,pilot_dominoes_4midRM1_tdwroom_2_0013,Will the red domino fall onto the yellow mat?,no,no,1
Dominoes,730,pilot_dominoes_4midRM1_tdwroom_2_0014,Will the red domino fall onto the yellow mat?,no,no,1
Dominoes,731,pilot_dominoes_4midRM1_tdwroom_2_0015,Will the red domino fall onto the yellow mat?,no,no,1
Dominoes,732,pilot_dominoes_4midRM1_tdwroom_2_0016,Will the red domino fall onto the yellow mat?,no,no,1
Dominoes,733,pilot_dominoes_4midRM1_tdwroom_2_0017,Will the red domino fall onto the yellow mat?,no,no,1
Dominoes,734,pilot_dominoes_4midRM1_tdwroom_2_0018,Will the red domino fall onto the yellow mat?,no,no,1
Dominoes,735,pilot_dominoes_4midRM1_tdwroom_2_0019,Will the red domino fall onto the yellow mat?,no,no,1
Dominoes,736,pilot_dominoes_4midRM1_tdwroom_2_0020,Will the red domino fall onto the yellow mat?,no,no,1
Dominoes,737,pilot_dominoes_4midRM1_tdwroom_2_0021,Will the red domino fall onto the yellow mat?,no,no,1
Dominoes,738,pilot_dominoes_4midRM1_tdwroom_2_0022,Will the red domino fall onto the yellow mat?,no,no,1
Dominoes,739,pilot_dominoes_4midRM1_tdwroom_2_0023,Will the red domino fall onto the yellow mat?,no,yes,0
Dominoes,740,pilot_dominoes_4midRM1_tdwroom_2_0024,Will the red domino fall onto the yellow mat?,no,no,1
Dominoes,741,pilot_dominoes_4mid_boxroom_0000,Will the red domino fall onto the yellow mat?,yes,no,0
Dominoes,742,pilot_dominoes_4mid_boxroom_0001,Will the red domino fall onto the yellow mat?,yes,yes,1
Dominoes,743,pilot_dominoes_4mid_boxroom_0002,Will the red domino fall onto the yellow mat?,yes,yes,1
Dominoes,744,pilot_dominoes_4mid_boxroom_0003,Will the red domino fall onto the yellow mat?,yes,yes,1
Dominoes,745,pilot_dominoes_4mid_boxroom_0004,Will the red domino fall onto the yellow mat?,yes,yes,1
Dominoes,746,pilot_dominoes_4mid_boxroom_0005,Will the red domino fall onto the yellow mat?,yes,yes,1
Dominoes,747,pilot_dominoes_4mid_boxroom_0006,Will the red domino fall onto the yellow mat?,yes,yes,1
Dominoes,748,pilot_dominoes_4mid_boxroom_0007,Will the red domino fall onto the yellow mat?,yes,yes,1
Dominoes,749,pilot_dominoes_4mid_boxroom_0008,Will the red domino fall onto the yellow mat?,yes,yes,1
Dominoes,750,pilot_dominoes_4mid_boxroom_0009,Will the red domino fall onto the yellow mat?,yes,yes,1
Dominoes,751,pilot_dominoes_4mid_boxroom_0010,Will the red domino fall onto the yellow mat?,yes,yes,1
Dominoes,752,pilot_dominoes_4mid_boxroom_0011,Will the red domino fall onto the yellow mat?,yes,yes,1
Dominoes,753,pilot_dominoes_4mid_boxroom_0012,Will the red domino fall onto the yellow mat?,yes,yes,1
Dominoes,754,pilot_dominoes_4mid_boxroom_0013,Will the red domino fall onto the yellow mat?,yes,yes,1
Dominoes,755,pilot_dominoes_4mid_boxroom_0014,Will the red domino fall onto the yellow mat?,yes,yes,1
Dominoes,756,pilot_dominoes_4mid_boxroom_0015,Will the red domino fall onto the yellow mat?,yes,yes,1
Dominoes,757,pilot_dominoes_4mid_boxroom_0016,Will the red domino fall onto the yellow mat?,yes,yes,1
Dominoes,758,pilot_dominoes_4mid_boxroom_0017,Will the red domino fall onto the yellow mat?,yes,yes,1
Dominoes,759,pilot_dominoes_4mid_boxroom_0018,Will the red domino fall onto the yellow mat?,yes,yes,1
Dominoes,760,pilot_dominoes_4mid_boxroom_0019,Will the red domino fall onto the yellow mat?,yes,yes,1
Dominoes,761,pilot_dominoes_4mid_boxroom_0020,Will the red domino fall onto the yellow mat?,yes,yes,1
Dominoes,762,pilot_dominoes_4mid_boxroom_0021,Will the red domino fall onto the yellow mat?,yes,yes,1
Dominoes,763,pilot_dominoes_4mid_boxroom_0022,Will the red domino fall onto the yellow mat?,yes,yes,1
Dominoes,764,pilot_dominoes_4mid_boxroom_0023,Will the red domino fall onto the yellow mat?,yes,yes,1
Dominoes,765,pilot_dominoes_4mid_boxroom_0024,Will the red domino fall onto the yellow mat?,yes,yes,1
Dominoes,766,pilot_dominoes_4mid_boxroom_2_0000,Will the red domino fall onto the yellow mat?,yes,no,0
Dominoes,767,pilot_dominoes_4mid_boxroom_2_0001,Will the red domino fall onto the yellow mat?,yes,yes,1
Dominoes,768,pilot_dominoes_4mid_boxroom_2_0002,Will the red domino fall onto the yellow mat?,yes,yes,1
Dominoes,769,pilot_dominoes_4mid_boxroom_2_0003,Will the red domino fall onto the yellow mat?,yes,yes,1
Dominoes,770,pilot_dominoes_4mid_boxroom_2_0004,Will the red domino fall onto the yellow mat?,yes,yes,1
Dominoes,771,pilot_dominoes_4mid_boxroom_2_0005,Will the red domino fall onto the yellow mat?,yes,yes,1
Dominoes,772,pilot_dominoes_4mid_boxroom_2_0006,Will the red domino fall onto the yellow mat?,yes,yes,1
Dominoes,773,pilot_dominoes_4mid_boxroom_2_0007,Will the red domino fall onto the yellow mat?,yes,yes,1
Dominoes,774,pilot_dominoes_4mid_boxroom_2_0008,Will the red domino fall onto the yellow mat?,yes,yes,1
Dominoes,775,pilot_dominoes_4mid_boxroom_2_0009,Will the red domino fall onto the yellow mat?,yes,yes,1
Dominoes,776,pilot_dominoes_4mid_boxroom_2_0010,Will the red domino fall onto the yellow mat?,yes,yes,1
Dominoes,777,pilot_dominoes_4mid_boxroom_2_0011,Will the red domino fall onto the yellow mat?,yes,yes,1
Dominoes,778,pilot_dominoes_4mid_boxroom_2_0012,Will the red domino fall onto the yellow mat?,yes,yes,1
Dominoes,779,pilot_dominoes_4mid_boxroom_2_0013,Will the red domino fall onto the yellow mat?,yes,yes,1
Dominoes,780,pilot_dominoes_4mid_boxroom_2_0014,Will the red domino fall onto the yellow mat?,yes,yes,1
Dominoes,781,pilot_dominoes_4mid_boxroom_2_0015,Will the red domino fall onto the yellow mat?,yes,yes,1
Dominoes,782,pilot_dominoes_4mid_boxroom_2_0016,Will the red domino fall onto the yellow mat?,yes,yes,1
Dominoes,783,pilot_dominoes_4mid_boxroom_2_0017,Will the red domino fall onto the yellow mat?,yes,yes,1
Dominoes,784,pilot_dominoes_4mid_boxroom_2_0018,Will the red domino fall onto the yellow mat?,yes,yes,1
Dominoes,785,pilot_dominoes_4mid_boxroom_2_0019,Will the red domino fall onto the yellow mat?,yes,yes,1
Dominoes,786,pilot_dominoes_4mid_boxroom_2_0020,Will the red domino fall onto the yellow mat?,yes,yes,1
Dominoes,787,pilot_dominoes_4mid_boxroom_2_0021,Will the red domino fall onto the yellow mat?,yes,yes,1
Dominoes,788,pilot_dominoes_4mid_boxroom_2_0022,Will the red domino fall onto the yellow mat?,yes,yes,1
Dominoes,789,pilot_dominoes_4mid_boxroom_2_0023,Will the red domino fall onto the yellow mat?,yes,yes,1
Dominoes,790,pilot_dominoes_4mid_boxroom_2_0024,Will the red domino fall onto the yellow mat?,yes,yes,1
Dominoes,791,pilot_dominoes_4mid_tdwroom_0000,Will the red domino fall onto the yellow mat?,yes,yes,1
Dominoes,792,pilot_dominoes_4mid_tdwroom_0001,Will the red domino fall onto the yellow mat?,yes,no,0
Dominoes,793,pilot_dominoes_4mid_tdwroom_0002,Will the red domino fall onto the yellow mat?,yes,yes,1
Dominoes,794,pilot_dominoes_4mid_tdwroom_0003,Will the red domino fall onto the yellow mat?,yes,yes,1
Dominoes,795,pilot_dominoes_4mid_tdwroom_0004,Will the red domino fall onto the yellow mat?,yes,yes,1
Dominoes,796,pilot_dominoes_4mid_tdwroom_0005,Will the red domino fall onto the yellow mat?,yes,yes,1
Dominoes,797,pilot_dominoes_4mid_tdwroom_0006,Will the red domino fall onto the yellow mat?,yes,yes,1
Dominoes,798,pilot_dominoes_4mid_tdwroom_0007,Will the red domino fall onto the yellow mat?,yes,yes,1
Dominoes,799,pilot_dominoes_4mid_tdwroom_0008,Will the red domino fall onto the yellow mat?,yes,yes,1
Dominoes,800,pilot_dominoes_4mid_tdwroom_0009,Will the red domino fall onto the yellow mat?,yes,yes,1
Dominoes,801,pilot_dominoes_4mid_tdwroom_0010,Will the red domino fall onto the yellow mat?,yes,yes,1
Dominoes,802,pilot_dominoes_4mid_tdwroom_0011,Will the red domino fall onto the yellow mat?,yes,yes,1
Dominoes,803,pilot_dominoes_4mid_tdwroom_0012,Will the red domino fall onto the yellow mat?,yes,yes,1
Dominoes,804,pilot_dominoes_4mid_tdwroom_0013,Will the red domino fall onto the yellow mat?,yes,yes,1
Dominoes,805,pilot_dominoes_4mid_tdwroom_0014,Will the red domino fall onto the yellow mat?,yes,yes,1
Dominoes,806,pilot_dominoes_4mid_tdwroom_0015,Will the red domino fall onto the yellow mat?,yes,yes,1
Dominoes,807,pilot_dominoes_4mid_tdwroom_0016,Will the red domino fall onto the yellow mat?,yes,yes,1
Dominoes,808,pilot_dominoes_4mid_tdwroom_0017,Will the red domino fall onto the yellow mat?,yes,no,0
Dominoes,809,pilot_dominoes_4mid_tdwroom_0018,Will the red domino fall onto the yellow mat?,yes,no,0
Dominoes,810,pilot_dominoes_4mid_tdwroom_0019,Will the red domino fall onto the yellow mat?,yes,yes,1
Dominoes,811,pilot_dominoes_4mid_tdwroom_0020,Will the red domino fall onto the yellow mat?,yes,no,0
Dominoes,812,pilot_dominoes_4mid_tdwroom_0021,Will the red domino fall onto the yellow mat?,yes,no,0
Dominoes,813,pilot_dominoes_4mid_tdwroom_0022,Will the red domino fall onto the yellow mat?,yes,yes,1
Dominoes,814,pilot_dominoes_4mid_tdwroom_0023,Will the red domino fall onto the yellow mat?,yes,yes,1
Dominoes,815,pilot_dominoes_4mid_tdwroom_0024,Will the red domino fall onto the yellow mat?,yes,no,0
Dominoes,816,pilot_dominoes_SJ020_d3chairs_o1plants_tdwroom_0000,Will the red domino fall onto the yellow mat?,no,no,1
Dominoes,817,pilot_dominoes_SJ020_d3chairs_o1plants_tdwroom_0001,Will the red domino fall onto the yellow mat?,yes,yes,1
Dominoes,818,pilot_dominoes_SJ020_d3chairs_o1plants_tdwroom_0002,Will the red domino fall onto the yellow mat?,no,no,1
Dominoes,819,pilot_dominoes_SJ020_d3chairs_o1plants_tdwroom_0003,Will the red domino fall onto the yellow mat?,no,no,1
Dominoes,820,pilot_dominoes_SJ020_d3chairs_o1plants_tdwroom_0004,Will the red domino fall onto the yellow mat?,yes,yes,1
Dominoes,821,pilot_dominoes_SJ020_d3chairs_o1plants_tdwroom_0005,Will the red domino fall onto the yellow mat?,no,no,1
Dominoes,822,pilot_dominoes_SJ020_d3chairs_o1plants_tdwroom_0006,Will the red domino fall onto the yellow mat?,no,no,1
Dominoes,823,pilot_dominoes_SJ020_d3chairs_o1plants_tdwroom_0007,Will the red domino fall onto the yellow mat?,yes,yes,1
Dominoes,824,pilot_dominoes_SJ020_d3chairs_o1plants_tdwroom_0008,Will the red domino fall onto the yellow mat?,yes,yes,1
Dominoes,825,pilot_dominoes_SJ020_d3chairs_o1plants_tdwroom_0009,Will the red domino fall onto the yellow mat?,no,no,1
Dominoes,826,pilot_dominoes_SJ020_d3chairs_o1plants_tdwroom_0010,Will the red domino fall onto the yellow mat?,no,no,1
Dominoes,827,pilot_dominoes_SJ020_d3chairs_o1plants_tdwroom_0011,Will the red domino fall onto the yellow mat?,yes,yes,1
Dominoes,828,pilot_dominoes_SJ020_d3chairs_o1plants_tdwroom_0012,Will the red domino fall onto the yellow mat?,no,no,1
Dominoes,829,pilot_dominoes_SJ020_d3chairs_o1plants_tdwroom_0013,Will the red domino fall onto the yellow mat?,no,no,1
Dominoes,830,pilot_dominoes_SJ020_d3chairs_o1plants_tdwroom_0014,Will the red domino fall onto the yellow mat?,no,no,1
Dominoes,831,pilot_dominoes_SJ020_d3chairs_o1plants_tdwroom_0015,Will the red domino fall onto the yellow mat?,no,no,1
Dominoes,832,pilot_dominoes_SJ020_d3chairs_o1plants_tdwroom_0016,Will the red domino fall onto the yellow mat?,no,no,1
Dominoes,833,pilot_dominoes_SJ020_d3chairs_o1plants_tdwroom_0017,Will the red domino fall onto the yellow mat?,yes,yes,1
Dominoes,834,pilot_dominoes_SJ020_d3chairs_o1plants_tdwroom_0018,Will the red domino fall onto the yellow mat?,yes,yes,1
Dominoes,835,pilot_dominoes_SJ020_d3chairs_o1plants_tdwroom_0019,Will the red domino fall onto the yellow mat?,no,no,1
Dominoes,836,pilot_dominoes_SJ020_d3chairs_o1plants_tdwroom_0020,Will the red domino fall onto the yellow mat?,yes,yes,1
Dominoes,837,pilot_dominoes_SJ020_d3chairs_o1plants_tdwroom_0021,Will the red domino fall onto the yellow mat?,yes,no,0
Dominoes,838,pilot_dominoes_SJ020_d3chairs_o1plants_tdwroom_0022,Will the red domino fall onto the yellow mat?,yes,yes,1
Dominoes,839,pilot_dominoes_SJ020_d3chairs_o1plants_tdwroom_0023,Will the red domino fall onto the yellow mat?,yes,no,0
Dominoes,840,pilot_dominoes_SJ020_d3chairs_o1plants_tdwroom_0024,Will the red domino fall onto the yellow mat?,yes,yes,1
Dominoes,841,pilot_dominoes_SJ020_d3chairs_o1plants_tdwroom_0025,Will the red domino fall onto the yellow mat?,no,no,1
Dominoes,842,pilot_dominoes_SJ020_d3chairs_o1plants_tdwroom_0026,Will the red domino fall onto the yellow mat?,no,no,1
Dominoes,843,pilot_dominoes_SJ020_d3chairs_o1plants_tdwroom_0027,Will the red domino fall onto the yellow mat?,yes,no,0
Dominoes,844,pilot_dominoes_SJ020_d3chairs_o1plants_tdwroom_0028,Will the red domino fall onto the yellow mat?,yes,yes,1
Dominoes,845,pilot_dominoes_SJ020_d3chairs_o1plants_tdwroom_0029,Will the red domino fall onto the yellow mat?,yes,no,0
Dominoes,846,pilot_dominoes_SJ020_d3chairs_o1plants_tdwroom_0030,Will the red domino fall onto the yellow mat?,yes,yes,1
Dominoes,847,pilot_dominoes_SJ020_d3chairs_o1plants_tdwroom_0031,Will the red domino fall onto the yellow mat?,no,no,1
Dominoes,848,pilot_dominoes_SJ020_d3chairs_o1plants_tdwroom_0032,Will the red domino fall onto the yellow mat?,no,no,1
Dominoes,849,pilot_dominoes_SJ020_d3chairs_o1plants_tdwroom_0033,Will the red domino fall onto the yellow mat?,yes,yes,1
Dominoes,850,pilot_dominoes_SJ020_d3chairs_o1plants_tdwroom_0034,Will the red domino fall onto the yellow mat?,no,no,1
Dominoes,851,pilot_dominoes_SJ020_d3chairs_o1plants_tdwroom_0035,Will the red domino fall onto the yellow mat?,yes,no,0
Dominoes,852,pilot_dominoes_SJ020_d3chairs_o1plants_tdwroom_0036,Will the red domino fall onto the yellow mat?,yes,yes,1
Dominoes,853,pilot_dominoes_SJ020_d3chairs_o1plants_tdwroom_0037,Will the red domino fall onto the yellow mat?,yes,yes,1
Dominoes,854,pilot_dominoes_SJ020_d3chairs_o1plants_tdwroom_0038,Will the red domino fall onto the yellow mat?,yes,yes,1
Dominoes,855,pilot_dominoes_SJ020_d3chairs_o1plants_tdwroom_0039,Will the red domino fall onto the yellow mat?,yes,yes,1
Dominoes,856,pilot_dominoes_SJ020_d3chairs_o1plants_tdwroom_0040,Will the red domino fall onto the yellow mat?,yes,yes,1
Dominoes,857,pilot_dominoes_SJ020_d3chairs_o1plants_tdwroom_0041,Will the red domino fall onto the yellow mat?,no,yes,0
Dominoes,858,pilot_dominoes_SJ020_d3chairs_o1plants_tdwroom_0042,Will the red domino fall onto the yellow mat?,yes,yes,1
Dominoes,859,pilot_dominoes_SJ020_d3chairs_o1plants_tdwroom_0043,Will the red domino fall onto the yellow mat?,no,no,1
Dominoes,860,pilot_dominoes_SJ020_d3chairs_o1plants_tdwroom_0044,Will the red domino fall onto the yellow mat?,no,no,1
Dominoes,861,pilot_dominoes_SJ020_d3chairs_o1plants_tdwroom_0045,Will the red domino fall onto the yellow mat?,no,no,1
Dominoes,862,pilot_dominoes_SJ020_d3chairs_o1plants_tdwroom_0046,Will the red domino fall onto the yellow mat?,no,no,1
Dominoes,863,pilot_dominoes_SJ020_d3chairs_o1plants_tdwroom_0047,Will the red domino fall onto the yellow mat?,yes,yes,1
Dominoes,864,pilot_dominoes_SJ020_d3chairs_o1plants_tdwroom_0048,Will the red domino fall onto the yellow mat?,yes,yes,1
Dominoes,865,pilot_dominoes_SJ020_d3chairs_o1plants_tdwroom_0049,Will the red domino fall onto the yellow mat?,no,no,1
Dominoes,866,pilot_dominoes_SJ020_d3chairs_o1plants_tdwroom_0050,Will the red domino fall onto the yellow mat?,no,no,1
Dominoes,867,pilot_dominoes_SJ020_d3chairs_o1plants_tdwroom_0051,Will the red domino fall onto the yellow mat?,yes,yes,1
Dominoes,868,pilot_dominoes_SJ020_d3chairs_o1plants_tdwroom_0052,Will the red domino fall onto the yellow mat?,yes,yes,1
Dominoes,869,pilot_dominoes_SJ020_d3chairs_o1plants_tdwroom_0053,Will the red domino fall onto the yellow mat?,yes,yes,1
Dominoes,870,pilot_dominoes_SJ020_d3chairs_o1plants_tdwroom_0054,Will the red domino fall onto the yellow mat?,yes,no,0
Dominoes,871,pilot_dominoes_SJ020_d3chairs_o1plants_tdwroom_0055,Will the red domino fall onto the yellow mat?,yes,no,0
Dominoes,872,pilot_dominoes_SJ020_d3chairs_o1plants_tdwroom_0056,Will the red domino fall onto the yellow mat?,yes,yes,1
Dominoes,873,pilot_dominoes_SJ020_d3chairs_o1plants_tdwroom_0057,Will the red domino fall onto the yellow mat?,yes,yes,1
Dominoes,874,pilot_dominoes_SJ020_d3chairs_o1plants_tdwroom_0058,Will the red domino fall onto the yellow mat?,no,no,1
Dominoes,875,pilot_dominoes_SJ020_d3chairs_o1plants_tdwroom_0059,Will the red domino fall onto the yellow mat?,yes,no,0
Dominoes,876,pilot_dominoes_SJ020_d3chairs_o1plants_tdwroom_0060,Will the red domino fall onto the yellow mat?,no,no,1
Dominoes,877,pilot_dominoes_SJ020_d3chairs_o1plants_tdwroom_0061,Will the red domino fall onto the yellow mat?,no,yes,0
Dominoes,878,pilot_dominoes_SJ020_d3chairs_o1plants_tdwroom_0062,Will the red domino fall onto the yellow mat?,no,no,1
Dominoes,879,pilot_dominoes_SJ020_d3chairs_o1plants_tdwroom_0063,Will the red domino fall onto the yellow mat?,yes,no,0
Dominoes,880,pilot_dominoes_SJ020_d3chairs_o1plants_tdwroom_0064,Will the red domino fall onto the yellow mat?,no,no,1
Dominoes,881,pilot_dominoes_SJ020_d3chairs_o1plants_tdwroom_0065,Will the red domino fall onto the yellow mat?,no,no,1
Dominoes,882,pilot_dominoes_SJ020_d3chairs_o1plants_tdwroom_0066,Will the red domino fall onto the yellow mat?,no,no,1
Dominoes,883,pilot_dominoes_SJ020_d3chairs_o1plants_tdwroom_0067,Will the red domino fall onto the yellow mat?,yes,no,0
Dominoes,884,pilot_dominoes_SJ020_d3chairs_o1plants_tdwroom_0068,Will the red domino fall onto the yellow mat?,no,yes,0
Dominoes,885,pilot_dominoes_SJ020_d3chairs_o1plants_tdwroom_0069,Will the red domino fall onto the yellow mat?,no,no,1
Dominoes,886,pilot_dominoes_SJ020_d3chairs_o1plants_tdwroom_0070,Will the red domino fall onto the yellow mat?,no,no,1
Dominoes,887,pilot_dominoes_SJ020_d3chairs_o1plants_tdwroom_0071,Will the red domino fall onto the yellow mat?,yes,no,0
Dominoes,888,pilot_dominoes_SJ020_d3chairs_o1plants_tdwroom_0072,Will the red domino fall onto the yellow mat?,yes,no,0
Dominoes,889,pilot_dominoes_SJ020_d3chairs_o1plants_tdwroom_0073,Will the red domino fall onto the yellow mat?,no,no,1
Dominoes,890,pilot_dominoes_SJ020_d3chairs_o1plants_tdwroom_0074,Will the red domino fall onto the yellow mat?,no,no,1
Dominoes,891,pilot_dominoes_SJ020_d3chairs_o1plants_tdwroom_0075,Will the red domino fall onto the yellow mat?,yes,yes,1
Dominoes,892,pilot_dominoes_SJ020_d3chairs_o1plants_tdwroom_0076,Will the red domino fall onto the yellow mat?,no,yes,0
Dominoes,893,pilot_dominoes_SJ020_d3chairs_o1plants_tdwroom_0077,Will the red domino fall onto the yellow mat?,yes,yes,1
Dominoes,894,pilot_dominoes_SJ020_d3chairs_o1plants_tdwroom_0078,Will the red domino fall onto the yellow mat?,yes,yes,1
Dominoes,895,pilot_dominoes_SJ020_d3chairs_o1plants_tdwroom_0079,Will the red domino fall onto the yellow mat?,no,no,1
Dominoes,896,pilot_dominoes_SJ020_d3chairs_o1plants_tdwroom_0080,Will the red domino fall onto the yellow mat?,yes,yes,1
Dominoes,897,pilot_dominoes_SJ020_d3chairs_o1plants_tdwroom_0081,Will the red domino fall onto the yellow mat?,yes,yes,1
Dominoes,898,pilot_dominoes_SJ020_d3chairs_o1plants_tdwroom_0082,Will the red domino fall onto the yellow mat?,yes,yes,1
Dominoes,899,pilot_dominoes_SJ020_d3chairs_o1plants_tdwroom_0083,Will the red domino fall onto the yellow mat?,yes,yes,1
Dominoes,900,pilot_dominoes_SJ020_d3chairs_o1plants_tdwroom_0084,Will the red domino fall onto the yellow mat?,no,no,1
Dominoes,901,pilot_dominoes_SJ020_d3chairs_o1plants_tdwroom_0085,Will the red domino fall onto the yellow mat?,yes,yes,1
Dominoes,902,pilot_dominoes_SJ020_d3chairs_o1plants_tdwroom_0086,Will the red domino fall onto the yellow mat?,yes,yes,1
Dominoes,903,pilot_dominoes_SJ020_d3chairs_o1plants_tdwroom_0087,Will the red domino fall onto the yellow mat?,yes,yes,1
Dominoes,904,pilot_dominoes_SJ020_d3chairs_o1plants_tdwroom_0088,Will the red domino fall onto the yellow mat?,no,no,1
Dominoes,905,pilot_dominoes_SJ020_d3chairs_o1plants_tdwroom_0089,Will the red domino fall onto the yellow mat?,yes,yes,1
Dominoes,906,pilot_dominoes_SJ020_d3chairs_o1plants_tdwroom_0090,Will the red domino fall onto the yellow mat?,yes,yes,1
Dominoes,907,pilot_dominoes_SJ020_d3chairs_o1plants_tdwroom_0091,Will the red domino fall onto the yellow mat?,yes,yes,1
Dominoes,908,pilot_dominoes_SJ020_d3chairs_o1plants_tdwroom_0092,Will the red domino fall onto the yellow mat?,no,no,1
Dominoes,909,pilot_dominoes_SJ020_d3chairs_o1plants_tdwroom_0093,Will the red domino fall onto the yellow mat?,yes,yes,1
Dominoes,910,pilot_dominoes_SJ020_d3chairs_o1plants_tdwroom_0094,Will the red domino fall onto the yellow mat?,no,no,1
Dominoes,911,pilot_dominoes_SJ020_d3chairs_o1plants_tdwroom_0095,Will the red domino fall onto the yellow mat?,no,no,1
Dominoes,912,pilot_dominoes_SJ020_d3chairs_o1plants_tdwroom_0096,Will the red domino fall onto the yellow mat?,yes,yes,1
Dominoes,913,pilot_dominoes_SJ020_d3chairs_o1plants_tdwroom_0097,Will the red domino fall onto the yellow mat?,no,yes,0
Dominoes,914,pilot_dominoes_SJ020_d3chairs_o1plants_tdwroom_0098,Will the red domino fall onto the yellow mat?,yes,yes,1
Dominoes,915,pilot_dominoes_SJ020_d3chairs_o1plants_tdwroom_0099,Will the red domino fall onto the yellow mat?,no,no,1
Dominoes,916,pilot_dominoes_SJ020_d3chairs_o1plants_tdwroom_0100,Will the red domino fall onto the yellow mat?,no,no,1
Dominoes,917,pilot_dominoes_SJ020_d3chairs_o1plants_tdwroom_0101,Will the red domino fall onto the yellow mat?,no,no,1
Dominoes,918,pilot_dominoes_SJ020_d3chairs_o1plants_tdwroom_0102,Will the red domino fall onto the yellow mat?,yes,yes,1
Dominoes,919,pilot_dominoes_SJ020_d3chairs_o1plants_tdwroom_0103,Will the red domino fall onto the yellow mat?,no,no,1
Dominoes,920,pilot_dominoes_SJ020_d3chairs_o1plants_tdwroom_0104,Will the red domino fall onto the yellow mat?,no,yes,0
Dominoes,921,pilot_dominoes_SJ020_d3chairs_o1plants_tdwroom_0105,Will the red domino fall onto the yellow mat?,yes,yes,1
Dominoes,922,pilot_dominoes_SJ020_d3chairs_o1plants_tdwroom_0106,Will the red domino fall onto the yellow mat?,yes,yes,1
Dominoes,923,pilot_dominoes_SJ020_d3chairs_o1plants_tdwroom_0107,Will the red domino fall onto the yellow mat?,no,no,1
Dominoes,924,pilot_dominoes_default_boxroom_0000,Will the red domino fall onto the yellow mat?,yes,yes,1
Dominoes,925,pilot_dominoes_default_boxroom_0001,Will the red domino fall onto the yellow mat?,yes,yes,1
Dominoes,926,pilot_dominoes_default_boxroom_0002,Will the red domino fall onto the yellow mat?,no,no,1
Dominoes,927,pilot_dominoes_default_boxroom_0003,Will the red domino fall onto the yellow mat?,no,no,1
Dominoes,928,pilot_dominoes_default_boxroom_0004,Will the red domino fall onto the yellow mat?,yes,yes,1
Dominoes,929,pilot_dominoes_default_boxroom_0005,Will the red domino fall onto the yellow mat?,no,no,1
Dominoes,930,pilot_dominoes_default_boxroom_0006,Will the red domino fall onto the yellow mat?,no,yes,0
Dominoes,931,pilot_dominoes_default_boxroom_0007,Will the red domino fall onto the yellow mat?,yes,yes,1
Dominoes,932,pilot_dominoes_default_boxroom_0008,Will the red domino fall onto the yellow mat?,yes,yes,1
Dominoes,933,pilot_dominoes_default_boxroom_0009,Will the red domino fall onto the yellow mat?,yes,yes,1
Dominoes,934,pilot_dominoes_default_boxroom_0010,Will the red domino fall onto the yellow mat?,no,yes,0
Dominoes,935,pilot_dominoes_default_boxroom_0011,Will the red domino fall onto the yellow mat?,yes,yes,1
Dominoes,936,pilot_dominoes_default_boxroom_0012,Will the red domino fall onto the yellow mat?,no,no,1
Dominoes,937,pilot_dominoes_default_boxroom_0013,Will the red domino fall onto the yellow mat?,no,yes,0
Dominoes,938,pilot_dominoes_default_boxroom_0014,Will the red domino fall onto the yellow mat?,no,no,1
Dominoes,939,pilot_dominoes_default_boxroom_0015,Will the red domino fall onto the yellow mat?,no,no,1
Dominoes,940,pilot_dominoes_default_boxroom_0016,Will the red domino fall onto the yellow mat?,no,no,1
Dominoes,941,pilot_dominoes_default_boxroom_0017,Will the red domino fall onto the yellow mat?,yes,yes,1
Dominoes,942,pilot_dominoes_default_boxroom_0018,Will the red domino fall onto the yellow mat?,yes,yes,1
Dominoes,943,pilot_dominoes_default_boxroom_0019,Will the red domino fall onto the yellow mat?,no,no,1
Dominoes,944,pilot_dominoes_default_boxroom_0020,Will the red domino fall onto the yellow mat?,yes,yes,1
Dominoes,945,pilot_dominoes_default_boxroom_0021,Will the red domino fall onto the yellow mat?,yes,yes,1
Dominoes,946,pilot_dominoes_default_boxroom_0022,Will the red domino fall onto the yellow mat?,yes,yes,1
Dominoes,947,pilot_dominoes_default_boxroom_0023,Will the red domino fall onto the yellow mat?,yes,yes,1
Dominoes,948,pilot_dominoes_default_boxroom_0024,Will the red domino fall onto the yellow mat?,no,no,1
Dominoes,949,pilot_dominoes_default_boxroom_0025,Will the red domino fall onto the yellow mat?,no,no,1
Dominoes,950,pilot_dominoes_default_boxroom_0026,Will the red domino fall onto the yellow mat?,no,no,1
Dominoes,951,pilot_dominoes_default_boxroom_0027,Will the red domino fall onto the yellow mat?,no,no,1
Dominoes,952,pilot_dominoes_default_boxroom_0028,Will the red domino fall onto the yellow mat?,yes,yes,1
Dominoes,953,pilot_dominoes_default_boxroom_0029,Will the red domino fall onto the yellow mat?,yes,yes,1
Dominoes,954,pilot_dominoes_default_boxroom_0030,Will the red domino fall onto the yellow mat?,yes,yes,1
Dominoes,955,pilot_dominoes_default_boxroom_0031,Will the red domino fall onto the yellow mat?,no,no,1
Dominoes,956,pilot_dominoes_default_boxroom_0032,Will the red domino fall onto the yellow mat?,no,no,1
Dominoes,957,pilot_dominoes_default_boxroom_0033,Will the red domino fall onto the yellow mat?,yes,yes,1
Dominoes,958,pilot_dominoes_default_boxroom_0034,Will the red domino fall onto the yellow mat?,no,no,1
Dominoes,959,pilot_dominoes_default_boxroom_0035,Will the red domino fall onto the yellow mat?,yes,no,0
Dominoes,960,pilot_dominoes_default_boxroom_0036,Will the red domino fall onto the yellow mat?,yes,yes,1
Dominoes,961,pilot_dominoes_default_boxroom_0037,Will the red domino fall onto the yellow mat?,yes,yes,1
Dominoes,962,pilot_dominoes_default_boxroom_0038,Will the red domino fall onto the yellow mat?,yes,yes,1
Dominoes,963,pilot_dominoes_default_boxroom_0039,Will the red domino fall onto the yellow mat?,yes,yes,1
Dominoes,964,pilot_dominoes_default_boxroom_0040,Will the red domino fall onto the yellow mat?,yes,yes,1
Dominoes,965,pilot_dominoes_default_boxroom_0041,Will the red domino fall onto the yellow mat?,no,no,1
Dominoes,966,pilot_dominoes_default_boxroom_0042,Will the red domino fall onto the yellow mat?,yes,yes,1
Dominoes,967,pilot_dominoes_default_boxroom_0043,Will the red domino fall onto the yellow mat?,no,no,1
Dominoes,968,pilot_dominoes_default_boxroom_0044,Will the red domino fall onto the yellow mat?,no,no,1
Dominoes,969,pilot_dominoes_default_boxroom_0045,Will the red domino fall onto the yellow mat?,no,no,1
Dominoes,970,pilot_dominoes_default_boxroom_0046,Will the red domino fall onto the yellow mat?,no,no,1
Dominoes,971,pilot_dominoes_default_boxroom_0047,Will the red domino fall onto the yellow mat?,yes,yes,1
Dominoes,972,pilot_dominoes_default_boxroom_0048,Will the red domino fall onto the yellow mat?,yes,yes,1
Dominoes,973,pilot_dominoes_default_boxroom_0049,Will the red domino fall onto the yellow mat?,no,no,1
Dominoes,974,pilot_dominoes_default_boxroom_0050,Will the red domino fall onto the yellow mat?,no,no,1
Dominoes,975,pilot_dominoes_default_boxroom_0051,Will the red domino fall onto the yellow mat?,yes,yes,1
Dominoes,976,pilot_dominoes_default_boxroom_0052,Will the red domino fall onto the yellow mat?,yes,yes,1
Dominoes,977,pilot_dominoes_default_boxroom_0053,Will the red domino fall onto the yellow mat?,yes,yes,1
Dominoes,978,pilot_dominoes_default_boxroom_0054,Will the red domino fall onto the yellow mat?,yes,yes,1
Dominoes,979,pilot_dominoes_default_boxroom_0055,Will the red domino fall onto the yellow mat?,yes,yes,1
Dominoes,980,pilot_dominoes_default_boxroom_0056,Will the red domino fall onto the yellow mat?,yes,yes,1
Dominoes,981,pilot_dominoes_default_boxroom_0057,Will the red domino fall onto the yellow mat?,yes,yes,1
Dominoes,982,pilot_dominoes_default_boxroom_0058,Will the red domino fall onto the yellow mat?,no,no,1
Dominoes,983,pilot_dominoes_default_boxroom_0059,Will the red domino fall onto the yellow mat?,yes,yes,1
Dominoes,984,pilot_dominoes_default_boxroom_0060,Will the red domino fall onto the yellow mat?,no,yes,0
Dominoes,985,pilot_dominoes_default_boxroom_0061,Will the red domino fall onto the yellow mat?,no,yes,0
Dominoes,986,pilot_dominoes_default_boxroom_0062,Will the red domino fall onto the yellow mat?,no,no,1
Dominoes,987,pilot_dominoes_default_boxroom_0063,Will the red domino fall onto the yellow mat?,yes,yes,1
Dominoes,988,pilot_dominoes_default_boxroom_0064,Will the red domino fall onto the yellow mat?,no,no,1
Dominoes,989,pilot_dominoes_default_boxroom_0065,Will the red domino fall onto the yellow mat?,no,no,1
Dominoes,990,pilot_dominoes_default_boxroom_0066,Will the red domino fall onto the yellow mat?,no,no,1
Dominoes,991,pilot_dominoes_default_boxroom_0067,Will the red domino fall onto the yellow mat?,yes,yes,1
Dominoes,992,pilot_dominoes_default_boxroom_0068,Will the red domino fall onto the yellow mat?,no,yes,0
Dominoes,993,pilot_dominoes_default_boxroom_0069,Will the red domino fall onto the yellow mat?,no,no,1
Dominoes,994,pilot_dominoes_default_boxroom_0070,Will the red domino fall onto the yellow mat?,no,no,1
Dominoes,995,pilot_dominoes_default_boxroom_0071,Will the red domino fall onto the yellow mat?,yes,no,0
Drape,0,test10_0000,Will the red drape fall and touch the yellow cone?,no,no,1
Drape,1,test10_0001,Will the red drape fall and touch the yellow cone?,yes,no,0
Drape,2,test10_0002,Will the red drape fall and touch the yellow cone?,no,no,1
Drape,3,test10_0003,Will the red drape fall and touch the yellow cone?,no,no,1
Drape,4,test10_0004,Will the red drape fall and touch the yellow cone?,no,yes,0
Drape,5,test10_0005,Will the red drape fall and touch the yellow cone?,yes,no,0
Drape,6,test10_0006,Will the red drape fall and touch the yellow cone?,yes,no,0
Drape,7,test10_0007,Will the red drape fall and touch the yellow cone?,no,no,1
Drape,8,test10_0008,Will the red drape fall and touch the yellow cone?,no,yes,0
Drape,9,test10_0009,Will the red drape fall and touch the yellow cone?,no,yes,0
Drape,10,test10_0010,Will the red drape fall and touch the yellow cone?,yes,yes,1
Drape,11,test10_0011,Will the red drape fall and touch the yellow cone?,no,no,1
Drape,12,test10_0012,Will the red drape fall and touch the yellow cone?,yes,no,0
Drape,13,test10_0013,Will the red drape fall and touch the yellow cone?,no,no,1
Drape,14,test10_0014,Will the red drape fall and touch the yellow cone?,no,no,1
Drape,15,test10_0015,Will the red drape fall and touch the yellow cone?,yes,yes,1
Drape,16,test10_0016,Will the red drape fall and touch the yellow cone?,no,yes,0
Drape,17,test10_0017,Will the red drape fall and touch the yellow cone?,yes,no,0
Drape,18,test10_0018,Will the red drape fall and touch the yellow cone?,yes,yes,1
Drape,19,test10_0019,Will the red drape fall and touch the yellow cone?,no,yes,0
Drape,20,test10_0020,Will the red drape fall and touch the yellow cone?,yes,no,0
Drape,21,test10_0021,Will the red drape fall and touch the yellow cone?,no,yes,0
Drape,22,test10_0022,Will the red drape fall and touch the yellow cone?,no,no,1
Drape,23,test10_0023,Will the red drape fall and touch the yellow cone?,yes,no,0
Drape,24,test10_0024,Will the red drape fall and touch the yellow cone?,yes,no,0
Drape,25,test10_0025,Will the red drape fall and touch the yellow cone?,no,no,1
Drape,26,test10_0026,Will the red drape fall and touch the yellow cone?,no,yes,0
Drape,27,test10_0027,Will the red drape fall and touch the yellow cone?,no,no,1
Drape,28,test10_0028,Will the red drape fall and touch the yellow cone?,no,no,1
Drape,29,test10_0029,Will the red drape fall and touch the yellow cone?,no,no,1
Drape,30,test10_0030,Will the red drape fall and touch the yellow cone?,yes,yes,1
Drape,31,test10_0031,Will the red drape fall and touch the yellow cone?,no,yes,0
Drape,32,test10_0032,Will the red drape fall and touch the yellow cone?,no,no,1
Drape,33,test10_0033,Will the red drape fall and touch the yellow cone?,yes,yes,1
Drape,34,test10_0034,Will the red drape fall and touch the yellow cone?,yes,no,0
Drape,35,test10_0035,Will the red drape fall and touch the yellow cone?,no,no,1
Drape,36,test10_0036,Will the red drape fall and touch the yellow cone?,no,no,1
Drape,37,test10_0037,Will the red drape fall and touch the yellow cone?,yes,no,0
Drape,38,test10_0038,Will the red drape fall and touch the yellow cone?,no,no,1
Drape,39,test10_0039,Will the red drape fall and touch the yellow cone?,yes,yes,1
Drape,40,test10_0040,Will the red drape fall and touch the yellow cone?,no,no,1
Drape,41,test10_0041,Will the red drape fall and touch the yellow cone?,no,yes,0
Drape,42,test10_0042,Will the red drape fall and touch the yellow cone?,no,no,1
Drape,43,test10_0043,Will the red drape fall and touch the yellow cone?,yes,no,0
Drape,44,test10_0044,Will the red drape fall and touch the yellow cone?,yes,no,0
Drape,45,test10_0045,Will the red drape fall and touch the yellow cone?,yes,no,0
Drape,46,test10_0046,Will the red drape fall and touch the yellow cone?,no,yes,0
Drape,47,test10_0047,Will the red drape fall and touch the yellow cone?,yes,no,0
Drape,48,test10_0048,Will the red drape fall and touch the yellow cone?,no,no,1
Drape,49,test10_0049,Will the red drape fall and touch the yellow cone?,no,yes,0
Drape,50,test10_0050,Will the red drape fall and touch the yellow cone?,no,yes,0
Drape,51,test10_0051,Will the red drape fall and touch the yellow cone?,no,no,1
Drape,52,test10_0052,Will the red drape fall and touch the yellow cone?,no,no,1
Drape,53,test10_0053,Will the red drape fall and touch the yellow cone?,no,yes,0
Drape,54,test10_0054,Will the red drape fall and touch the yellow cone?,no,no,1
Drape,55,test10_0055,Will the red drape fall and touch the yellow cone?,no,no,1
Drape,56,test10_0056,Will the red drape fall and touch the yellow cone?,no,yes,0
Drape,57,test10_0057,Will the red drape fall and touch the yellow cone?,no,no,1
Drape,58,test10_0058,Will the red drape fall and touch the yellow cone?,yes,yes,1
Drape,59,test10_0059,Will the red drape fall and touch the yellow cone?,yes,no,0
Drape,60,test10_0060,Will the red drape fall and touch the yellow cone?,no,no,1
Drape,61,test10_0061,Will the red drape fall and touch the yellow cone?,no,no,1
Drape,62,test10_0062,Will the red drape fall and touch the yellow cone?,no,no,1
Drape,63,test10_0063,Will the red drape fall and touch the yellow cone?,no,no,1
Drape,64,test10_0064,Will the red drape fall and touch the yellow cone?,no,no,1
Drape,65,test10_0065,Will the red drape fall and touch the yellow cone?,yes,no,0
Drape,66,test10_0066,Will the red drape fall and touch the yellow cone?,no,no,1
Drape,67,test10_0067,Will the red drape fall and touch the yellow cone?,yes,yes,1
Drape,68,test10_0068,Will the red drape fall and touch the yellow cone?,no,no,1
Drape,69,test10_0069,Will the red drape fall and touch the yellow cone?,no,no,1
Drape,70,test10_0070,Will the red drape fall and touch the yellow cone?,no,no,1
Drape,71,test10_0071,Will the red drape fall and touch the yellow cone?,no,yes,0
Drape,72,test10_0072,Will the red drape fall and touch the yellow cone?,no,no,1
Drape,73,test10_0073,Will the red drape fall and touch the yellow cone?,no,no,1
Drape,74,test10_0074,Will the red drape fall and touch the yellow cone?,no,no,1
Drape,75,test10_0075,Will the red drape fall and touch the yellow cone?,no,no,1
Drape,76,test10_0076,Will the red drape fall and touch the yellow cone?,yes,no,0
Drape,77,test10_0077,Will the red drape fall and touch the yellow cone?,no,no,1
Drape,78,test10_0078,Will the red drape fall and touch the yellow cone?,no,no,1
Drape,79,test10_0079,Will the red drape fall and touch the yellow cone?,no,no,1
Drape,80,test10_0080,Will the red drape fall and touch the yellow cone?,yes,yes,1
Drape,81,test10_0081,Will the red drape fall and touch the yellow cone?,yes,yes,1
Drape,82,test10_0082,Will the red drape fall and touch the yellow cone?,yes,yes,1
Drape,83,test10_0083,Will the red drape fall and touch the yellow cone?,yes,no,0
Drape,84,test10_0084,Will the red drape fall and touch the yellow cone?,yes,no,0
Drape,85,test10_0085,Will the red drape fall and touch the yellow cone?,no,yes,0
Drape,86,test10_0086,Will the red drape fall and touch the yellow cone?,no,no,1
Drape,87,test10_0087,Will the red drape fall and touch the yellow cone?,no,no,1
Drape,88,test10_0088,Will the red drape fall and touch the yellow cone?,yes,no,0
Drape,89,test10_0089,Will the red drape fall and touch the yellow cone?,no,yes,0
Drape,90,test10_0090,Will the red drape fall and touch the yellow cone?,no,no,1
Drape,91,test10_0091,Will the red drape fall and touch the yellow cone?,yes,no,0
Drape,92,test10_0092,Will the red drape fall and touch the yellow cone?,no,no,1
Drape,93,test10_0093,Will the red drape fall and touch the yellow cone?,yes,yes,1
Drape,94,test10_0094,Will the red drape fall and touch the yellow cone?,yes,yes,1
Drape,95,test10_0095,Will the red drape fall and touch the yellow cone?,no,no,1
Drape,96,test10_0096,Will the red drape fall and touch the yellow cone?,no,yes,0
Drape,97,test10_0097,Will the red drape fall and touch the yellow cone?,no,no,1
Drape,98,test10_0098,Will the red drape fall and touch the yellow cone?,no,no,1
Drape,99,test10_0099,Will the red drape fall and touch the yellow cone?,no,yes,0
Drape,100,test10_0100,Will the red drape fall and touch the yellow cone?,yes,yes,1
Drape,101,test10_0101,Will the red drape fall and touch the yellow cone?,yes,no,0
Drape,102,test10_0102,Will the red drape fall and touch the yellow cone?,yes,yes,1
Drape,103,test10_0103,Will the red drape fall and touch the yellow cone?,yes,no,0
Drape,104,test10_0104,Will the red drape fall and touch the yellow cone?,yes,no,0
Drape,105,test10_0105,Will the red drape fall and touch the yellow cone?,no,no,1
Drape,106,test10_0106,Will the red drape fall and touch the yellow cone?,no,yes,0
Drape,107,test10_0107,Will the red drape fall and touch the yellow cone?,no,no,1
Drape,108,test10_0108,Will the red drape fall and touch the yellow cone?,no,no,1
Drape,109,test10_0109,Will the red drape fall and touch the yellow cone?,yes,yes,1
Drape,110,test10_0110,Will the red drape fall and touch the yellow cone?,no,no,1
Drape,111,test11_0000,Will the red drape fall and touch the yellow cone?,no,no,1
Drape,112,test11_0001,Will the red drape fall and touch the yellow cone?,no,no,1
Drape,113,test11_0002,Will the red drape fall and touch the yellow cone?,no,no,1
Drape,114,test11_0003,Will the red drape fall and touch the yellow cone?,no,no,1
Drape,115,test11_0004,Will the red drape fall and touch the yellow cone?,no,yes,0
Drape,116,test11_0005,Will the red drape fall and touch the yellow cone?,no,yes,0
Drape,117,test11_0006,Will the red drape fall and touch the yellow cone?,yes,yes,1
Drape,118,test11_0007,Will the red drape fall and touch the yellow cone?,no,no,1
Drape,119,test11_0008,Will the red drape fall and touch the yellow cone?,no,yes,0
Drape,120,test11_0009,Will the red drape fall and touch the yellow cone?,no,yes,0
Drape,121,test11_0010,Will the red drape fall and touch the yellow cone?,yes,yes,1
Drape,122,test11_0011,Will the red drape fall and touch the yellow cone?,no,no,1
Drape,123,test11_0012,Will the red drape fall and touch the yellow cone?,no,no,1
Drape,124,test11_0013,Will the red drape fall and touch the yellow cone?,no,no,1
Drape,125,test11_0014,Will the red drape fall and touch the yellow cone?,no,no,1
Drape,126,test11_0015,Will the red drape fall and touch the yellow cone?,yes,no,0
Drape,127,test11_0016,Will the red drape fall and touch the yellow cone?,yes,no,0
Drape,128,test11_0017,Will the red drape fall and touch the yellow cone?,yes,yes,1
Drape,129,test11_0018,Will the red drape fall and touch the yellow cone?,yes,yes,1
Drape,130,test11_0019,Will the red drape fall and touch the yellow cone?,no,no,1
Drape,131,test11_0020,Will the red drape fall and touch the yellow cone?,yes,no,0
Drape,132,test11_0021,Will the red drape fall and touch the yellow cone?,no,yes,0
Drape,133,test11_0022,Will the red drape fall and touch the yellow cone?,yes,no,0
Drape,134,test11_0023,Will the red drape fall and touch the yellow cone?,yes,no,0
Drape,135,test11_0024,Will the red drape fall and touch the yellow cone?,yes,no,0
Drape,136,test11_0025,Will the red drape fall and touch the yellow cone?,no,no,1
Drape,137,test11_0026,Will the red drape fall and touch the yellow cone?,no,yes,0
Drape,138,test11_0027,Will the red drape fall and touch the yellow cone?,no,no,1
Drape,139,test11_0028,Will the red drape fall and touch the yellow cone?,no,yes,0
Drape,140,test11_0029,Will the red drape fall and touch the yellow cone?,no,no,1
Drape,141,test11_0030,Will the red drape fall and touch the yellow cone?,yes,yes,1
Drape,142,test11_0031,Will the red drape fall and touch the yellow cone?,no,yes,0
Drape,143,test11_0032,Will the red drape fall and touch the yellow cone?,no,no,1
Drape,144,test11_0033,Will the red drape fall and touch the yellow cone?,yes,yes,1
Drape,145,test11_0034,Will the red drape fall and touch the yellow cone?,no,no,1
Drape,146,test11_0035,Will the red drape fall and touch the yellow cone?,no,no,1
Drape,147,test11_0036,Will the red drape fall and touch the yellow cone?,no,yes,0
Drape,148,test11_0037,Will the red drape fall and touch the yellow cone?,no,yes,0
Drape,149,test11_0038,Will the red drape fall and touch the yellow cone?,yes,no,0
Drape,150,test11_0039,Will the red drape fall and touch the yellow cone?,no,yes,0
Drape,151,test11_0040,Will the red drape fall and touch the yellow cone?,no,yes,0
Drape,152,test11_0041,Will the red drape fall and touch the yellow cone?,no,yes,0
Drape,153,test11_0042,Will the red drape fall and touch the yellow cone?,no,no,1
Drape,154,test11_0043,Will the red drape fall and touch the yellow cone?,no,no,1
Drape,155,test11_0044,Will the red drape fall and touch the yellow cone?,no,no,1
Drape,156,test11_0045,Will the red drape fall and touch the yellow cone?,yes,no,0
Drape,157,test11_0046,Will the red drape fall and touch the yellow cone?,no,yes,0
Drape,158,test11_0047,Will the red drape fall and touch the yellow cone?,no,no,1
Drape,159,test11_0048,Will the red drape fall and touch the yellow cone?,no,no,1
Drape,160,test11_0049,Will the red drape fall and touch the yellow cone?,no,yes,0
Drape,161,test11_0050,Will the red drape fall and touch the yellow cone?,no,no,1
Drape,162,test11_0051,Will the red drape fall and touch the yellow cone?,no,no,1
Drape,163,test11_0052,Will the red drape fall and touch the yellow cone?,yes,no,0
Drape,164,test11_0053,Will the red drape fall and touch the yellow cone?,no,yes,0
Drape,165,test11_0054,Will the red drape fall and touch the yellow cone?,no,no,1
Drape,166,test11_0055,Will the red drape fall and touch the yellow cone?,no,no,1
Drape,167,test11_0056,Will the red drape fall and touch the yellow cone?,no,no,1
Drape,168,test11_0057,Will the red drape fall and touch the yellow cone?,no,yes,0
Drape,169,test11_0058,Will the red drape fall and touch the yellow cone?,yes,yes,1
Drape,170,test11_0059,Will the red drape fall and touch the yellow cone?,yes,no,0
Drape,171,test11_0060,Will the red drape fall and touch the yellow cone?,no,no,1
Drape,172,test11_0061,Will the red drape fall and touch the yellow cone?,no,no,1
Drape,173,test11_0062,Will the red drape fall and touch the yellow cone?,no,no,1
Drape,174,test11_0063,Will the red drape fall and touch the yellow cone?,yes,no,0
Drape,175,test11_0064,Will the red drape fall and touch the yellow cone?,no,no,1
Drape,176,test11_0065,Will the red drape fall and touch the yellow cone?,no,no,1
Drape,177,test11_0066,Will the red drape fall and touch the yellow cone?,yes,no,0
Drape,178,test11_0067,Will the red drape fall and touch the yellow cone?,no,yes,0
Drape,179,test11_0068,Will the red drape fall and touch the yellow cone?,no,yes,0
Drape,180,test11_0069,Will the red drape fall and touch the yellow cone?,no,no,1
Drape,181,test11_0070,Will the red drape fall and touch the yellow cone?,no,no,1
Drape,182,test11_0071,Will the red drape fall and touch the yellow cone?,no,no,1
Drape,183,test11_0072,Will the red drape fall and touch the yellow cone?,no,no,1
Drape,184,test11_0073,Will the red drape fall and touch the yellow cone?,no,no,1
Drape,185,test11_0074,Will the red drape fall and touch the yellow cone?,no,no,1
Drape,186,test11_0075,Will the red drape fall and touch the yellow cone?,no,no,1
Drape,187,test11_0076,Will the red drape fall and touch the yellow cone?,no,no,1
Drape,188,test11_0077,Will the red drape fall and touch the yellow cone?,no,no,1
Drape,189,test11_0078,Will the red drape fall and touch the yellow cone?,no,yes,0
Drape,190,test11_0079,Will the red drape fall and touch the yellow cone?,no,no,1
Drape,191,test11_0080,Will the red drape fall and touch the yellow cone?,no,yes,0
Drape,192,test11_0081,Will the red drape fall and touch the yellow cone?,yes,yes,1
Drape,193,test11_0082,Will the red drape fall and touch the yellow cone?,yes,no,0
Drape,194,test11_0083,Will the red drape fall and touch the yellow cone?,yes,no,0
Drape,195,test11_0084,Will the red drape fall and touch the yellow cone?,yes,no,0
Drape,196,test11_0085,Will the red drape fall and touch the yellow cone?,no,yes,0
Drape,197,test11_0086,Will the red drape fall and touch the yellow cone?,no,no,1
Drape,198,test11_0087,Will the red drape fall and touch the yellow cone?,no,no,1
Drape,199,test11_0088,Will the red drape fall and touch the yellow cone?,yes,no,0
Drape,200,test11_0089,Will the red drape fall and touch the yellow cone?,no,no,1
Drape,201,test11_0090,Will the red drape fall and touch the yellow cone?,yes,no,0
Drape,202,test11_0091,Will the red drape fall and touch the yellow cone?,yes,no,0
Drape,203,test11_0092,Will the red drape fall and touch the yellow cone?,no,yes,0
Drape,204,test11_0093,Will the red drape fall and touch the yellow cone?,yes,no,0
Drape,205,test11_0094,Will the red drape fall and touch the yellow cone?,yes,no,0
Drape,206,test11_0095,Will the red drape fall and touch the yellow cone?,no,no,1
Drape,207,test11_0096,Will the red drape fall and touch the yellow cone?,no,no,1
Drape,208,test11_0097,Will the red drape fall and touch the yellow cone?,no,no,1
Drape,209,test11_0098,Will the red drape fall and touch the yellow cone?,no,yes,0
Drape,210,test11_0099,Will the red drape fall and touch the yellow cone?,no,no,1
Drape,211,test11_0100,Will the red drape fall and touch the yellow cone?,yes,no,0
Drape,212,test11_0101,Will the red drape fall and touch the yellow cone?,yes,no,0
Drape,213,test11_0102,Will the red drape fall and touch the yellow cone?,no,yes,0
Drape,214,test11_0103,Will the red drape fall and touch the yellow cone?,yes,no,0
Drape,215,test11_0104,Will the red drape fall and touch the yellow cone?,yes,yes,1
Drape,216,test11_0105,Will the red drape fall and touch the yellow cone?,no,no,1
Drape,217,test11_0106,Will the red drape fall and touch the yellow cone?,no,no,1
Drape,218,test11_0107,Will the red drape fall and touch the yellow cone?,no,no,1
Drape,219,test11_0108,Will the red drape fall and touch the yellow cone?,no,no,1
Drape,220,test11_0109,Will the red drape fall and touch the yellow cone?,yes,yes,1
Drape,221,test11_0110,Will the red drape fall and touch the yellow cone?,no,no,1
Drape,222,test12_0000,Will the red drape fall and touch the yellow cone?,no,no,1
Drape,223,test12_0001,Will the red drape fall and touch the yellow cone?,no,yes,0
Drape,224,test12_0002,Will the red drape fall and touch the yellow cone?,no,no,1
Drape,225,test12_0003,Will the red drape fall and touch the yellow cone?,no,no,1
Drape,226,test12_0004,Will the red drape fall and touch the yellow cone?,no,yes,0
Drape,227,test12_0005,Will the red drape fall and touch the yellow cone?,yes,no,0
Drape,228,test12_0006,Will the red drape fall and touch the yellow cone?,yes,yes,1
Drape,229,test12_0007,Will the red drape fall and touch the yellow cone?,no,no,1
Drape,230,test12_0008,Will the red drape fall and touch the yellow cone?,no,yes,0
Drape,231,test12_0009,Will the red drape fall and touch the yellow cone?,no,yes,0
Drape,232,test12_0010,Will the red drape fall and touch the yellow cone?,yes,no,0
Drape,233,test12_0011,Will the red drape fall and touch the yellow cone?,no,no,1
Drape,234,test12_0012,Will the red drape fall and touch the yellow cone?,no,no,1
Drape,235,test12_0013,Will the red drape fall and touch the yellow cone?,no,no,1
Drape,236,test12_0014,Will the red drape fall and touch the yellow cone?,no,no,1
Drape,237,test12_0015,Will the red drape fall and touch the yellow cone?,yes,no,0
Drape,238,test12_0016,Will the red drape fall and touch the yellow cone?,yes,no,0
Drape,239,test12_0017,Will the red drape fall and touch the yellow cone?,yes,no,0
Drape,240,test12_0018,Will the red drape fall and touch the yellow cone?,yes,no,0
Drape,241,test12_0019,Will the red drape fall and touch the yellow cone?,no,yes,0
Drape,242,test12_0020,Will the red drape fall and touch the yellow cone?,yes,no,0
Drape,243,test12_0021,Will the red drape fall and touch the yellow cone?,no,yes,0
Drape,244,test12_0022,Will the red drape fall and touch the yellow cone?,yes,no,0
Drape,245,test12_0023,Will the red drape fall and touch the yellow cone?,yes,yes,1
Drape,246,test12_0024,Will the red drape fall and touch the yellow cone?,yes,no,0
Drape,247,test12_0025,Will the red drape fall and touch the yellow cone?,no,no,1
Drape,248,test12_0026,Will the red drape fall and touch the yellow cone?,no,yes,0
Drape,249,test12_0027,Will the red drape fall and touch the yellow cone?,no,yes,0
Drape,250,test12_0028,Will the red drape fall and touch the yellow cone?,no,yes,0
Drape,251,test12_0029,Will the red drape fall and touch the yellow cone?,no,no,1
Drape,252,test12_0030,Will the red drape fall and touch the yellow cone?,yes,yes,1
Drape,253,test12_0031,Will the red drape fall and touch the yellow cone?,no,yes,0
Drape,254,test12_0032,Will the red drape fall and touch the yellow cone?,no,no,1
Drape,255,test12_0033,Will the red drape fall and touch the yellow cone?,yes,yes,1
Drape,256,test12_0034,Will the red drape fall and touch the yellow cone?,no,no,1
Drape,257,test12_0035,Will the red drape fall and touch the yellow cone?,no,no,1
Drape,258,test12_0036,Will the red drape fall and touch the yellow cone?,no,no,1
Drape,259,test12_0037,Will the red drape fall and touch the yellow cone?,yes,no,0
Drape,260,test12_0038,Will the red drape fall and touch the yellow cone?,no,no,1
Drape,261,test12_0039,Will the red drape fall and touch the yellow cone?,no,yes,0
Drape,262,test12_0040,Will the red drape fall and touch the yellow cone?,no,no,1
Drape,263,test12_0041,Will the red drape fall and touch the yellow cone?,no,yes,0
Drape,264,test12_0042,Will the red drape fall and touch the yellow cone?,no,no,1
Drape,265,test12_0043,Will the red drape fall and touch the yellow cone?,yes,yes,1
Drape,266,test12_0044,Will the red drape fall and touch the yellow cone?,yes,no,0
Drape,267,test12_0045,Will the red drape fall and touch the yellow cone?,yes,no,0
Drape,268,test12_0046,Will the red drape fall and touch the yellow cone?,no,yes,0
Drape,269,test12_0047,Will the red drape fall and touch the yellow cone?,yes,no,0
Drape,270,test12_0048,Will the red drape fall and touch the yellow cone?,no,yes,0
Drape,271,test12_0049,Will the red drape fall and touch the yellow cone?,no,yes,0
Drape,272,test12_0050,Will the red drape fall and touch the yellow cone?,no,yes,0
Drape,273,test12_0051,Will the red drape fall and touch the yellow cone?,no,no,1
Drape,274,test12_0052,Will the red drape fall and touch the yellow cone?,yes,no,0
Drape,275,test12_0053,Will the red drape fall and touch the yellow cone?,no,yes,0
Drape,276,test12_0054,Will the red drape fall and touch the yellow cone?,no,no,1
Drape,277,test12_0055,Will the red drape fall and touch the yellow cone?,no,no,1
Drape,278,test12_0056,Will the red drape fall and touch the yellow cone?,no,yes,0
Drape,279,test12_0057,Will the red drape fall and touch the yellow cone?,no,no,1
Drape,280,test12_0058,Will the red drape fall and touch the yellow cone?,yes,yes,1
Drape,281,test12_0059,Will the red drape fall and touch the yellow cone?,yes,no,0
Drape,282,test12_0060,Will the red drape fall and touch the yellow cone?,no,no,1
Drape,283,test12_0061,Will the red drape fall and touch the yellow cone?,no,no,1
Drape,284,test12_0062,Will the red drape fall and touch the yellow cone?,no,no,1
Drape,285,test12_0063,Will the red drape fall and touch the yellow cone?,no,yes,0
Drape,286,test12_0064,Will the red drape fall and touch the yellow cone?,no,no,1
Drape,287,test12_0065,Will the red drape fall and touch the yellow cone?,yes,no,0
Drape,288,test12_0066,Will the red drape fall and touch the yellow cone?,no,no,1
Drape,289,test12_0067,Will the red drape fall and touch the yellow cone?,yes,yes,1
Drape,290,test12_0068,Will the red drape fall and touch the yellow cone?,no,no,1
Drape,291,test12_0069,Will the red drape fall and touch the yellow cone?,no,no,1
Drape,292,test12_0070,Will the red drape fall and touch the yellow cone?,yes,no,0
Drape,293,test12_0071,Will the red drape fall and touch the yellow cone?,no,yes,0
Drape,294,test12_0072,Will the red drape fall and touch the yellow cone?,no,no,1
Drape,295,test12_0073,Will the red drape fall and touch the yellow cone?,no,yes,0
Drape,296,test12_0074,Will the red drape fall and touch the yellow cone?,no,no,1
Drape,297,test12_0075,Will the red drape fall and touch the yellow cone?,no,no,1
Drape,298,test12_0076,Will the red drape fall and touch the yellow cone?,yes,no,0
Drape,299,test12_0077,Will the red drape fall and touch the yellow cone?,no,no,1
Drape,300,test12_0078,Will the red drape fall and touch the yellow cone?,no,no,1
Drape,301,test12_0079,Will the red drape fall and touch the yellow cone?,no,yes,0
Drape,302,test12_0080,Will the red drape fall and touch the yellow cone?,no,yes,0
Drape,303,test12_0081,Will the red drape fall and touch the yellow cone?,yes,yes,1
Drape,304,test12_0082,Will the red drape fall and touch the yellow cone?,yes,no,0
Drape,305,test12_0083,Will the red drape fall and touch the yellow cone?,yes,no,0
Drape,306,test12_0084,Will the red drape fall and touch the yellow cone?,yes,yes,1
Drape,307,test12_0085,Will the red drape fall and touch the yellow cone?,no,yes,0
Drape,308,test12_0086,Will the red drape fall and touch the yellow cone?,no,no,1
Drape,309,test12_0087,Will the red drape fall and touch the yellow cone?,no,yes,0
Drape,310,test12_0088,Will the red drape fall and touch the yellow cone?,no,yes,0
Drape,311,test12_0089,Will the red drape fall and touch the yellow cone?,no,no,1
Drape,312,test12_0090,Will the red drape fall and touch the yellow cone?,no,yes,0
Drape,313,test12_0091,Will the red drape fall and touch the yellow cone?,yes,yes,1
Drape,314,test12_0092,Will the red drape fall and touch the yellow cone?,no,no,1
Drape,315,test12_0093,Will the red drape fall and touch the yellow cone?,yes,no,0
Drape,316,test12_0094,Will the red drape fall and touch the yellow cone?,yes,no,0
Drape,317,test12_0095,Will the red drape fall and touch the yellow cone?,no,no,1
Drape,318,test12_0096,Will the red drape fall and touch the yellow cone?,no,no,1
Drape,319,test12_0097,Will the red drape fall and touch the yellow cone?,no,yes,0
Drape,320,test12_0098,Will the red drape fall and touch the yellow cone?,no,yes,0
Drape,321,test12_0099,Will the red drape fall and touch the yellow cone?,no,yes,0
Drape,322,test12_0100,Will the red drape fall and touch the yellow cone?,yes,no,0
Drape,323,test12_0101,Will the red drape fall and touch the yellow cone?,yes,no,0
Drape,324,test12_0102,Will the red drape fall and touch the yellow cone?,no,no,1
Drape,325,test12_0103,Will the red drape fall and touch the yellow cone?,yes,no,0
Drape,326,test12_0104,Will the red drape fall and touch the yellow cone?,yes,no,0
Drape,327,test12_0105,Will the red drape fall and touch the yellow cone?,no,no,1
Drape,328,test12_0106,Will the red drape fall and touch the yellow cone?,no,yes,0
Drape,329,test12_0107,Will the red drape fall and touch the yellow cone?,no,no,1
Drape,330,test12_0108,Will the red drape fall and touch the yellow cone?,no,no,1
Drape,331,test12_0109,Will the red drape fall and touch the yellow cone?,yes,yes,1
Drape,332,test12_0110,Will the red drape fall and touch the yellow cone?,no,no,1
Drape,333,test13_0000,Will the red drape fall and touch the yellow sphere?,yes,no,0
Drape,334,test13_0001,Will the red drape fall and touch the yellow sphere?,yes,yes,1
Drape,335,test13_0002,Will the red drape fall and touch the yellow sphere?,no,no,1
Drape,336,test13_0003,Will the red drape fall and touch the yellow sphere?,yes,no,0
Drape,337,test13_0004,Will the red drape fall and touch the yellow sphere?,yes,yes,1
Drape,338,test13_0005,Will the red drape fall and touch the yellow sphere?,yes,yes,1
Drape,339,test13_0006,Will the red drape fall and touch the yellow sphere?,yes,yes,1
Drape,340,test13_0007,Will the red drape fall and touch the yellow sphere?,yes,no,0
Drape,341,test13_0008,Will the red drape fall and touch the yellow sphere?,yes,no,0
Drape,342,test13_0009,Will the red drape fall and touch the yellow sphere?,yes,yes,1
Drape,343,test13_0010,Will the red drape fall and touch the yellow sphere?,yes,no,0
Drape,344,test13_0011,Will the red drape fall and touch the yellow sphere?,yes,no,0
Drape,345,test13_0012,Will the red drape fall and touch the yellow sphere?,no,yes,0
Drape,346,test13_0013,Will the red drape fall and touch the yellow sphere?,yes,yes,1
Drape,347,test13_0014,Will the red drape fall and touch the yellow sphere?,yes,no,0
Drape,348,test13_0015,Will the red drape fall and touch the yellow sphere?,yes,no,0
Drape,349,test13_0016,Will the red drape fall and touch the yellow sphere?,yes,yes,1
Drape,350,test13_0017,Will the red drape fall and touch the yellow sphere?,yes,yes,1
Drape,351,test13_0018,Will the red drape fall and touch the yellow sphere?,yes,yes,1
Drape,352,test13_0019,Will the red drape fall and touch the yellow sphere?,yes,yes,1
Drape,353,test13_0020,Will the red drape fall and touch the yellow sphere?,yes,no,0
Drape,354,test13_0021,Will the red drape fall and touch the yellow sphere?,yes,no,0
Drape,355,test13_0022,Will the red drape fall and touch the yellow sphere?,yes,yes,1
Drape,356,test13_0023,Will the red drape fall and touch the yellow sphere?,yes,yes,1
Drape,357,test13_0024,Will the red drape fall and touch the yellow sphere?,yes,yes,1
Drape,358,test13_0025,Will the red drape fall and touch the yellow sphere?,yes,no,0
Drape,359,test13_0026,Will the red drape fall and touch the yellow sphere?,yes,yes,1
Drape,360,test13_0027,Will the red drape fall and touch the yellow sphere?,no,no,1
Drape,361,test13_0028,Will the red drape fall and touch the yellow sphere?,no,yes,0
Drape,362,test13_0029,Will the red drape fall and touch the yellow sphere?,yes,yes,1
Drape,363,test13_0030,Will the red drape fall and touch the yellow sphere?,yes,yes,1
Drape,364,test13_0031,Will the red drape fall and touch the yellow sphere?,yes,yes,1
Drape,365,test13_0032,Will the red drape fall and touch the yellow sphere?,no,no,1
Drape,366,test13_0033,Will the red drape fall and touch the yellow sphere?,yes,yes,1
Drape,367,test13_0034,Will the red drape fall and touch the yellow sphere?,yes,yes,1
Drape,368,test13_0035,Will the red drape fall and touch the yellow sphere?,yes,no,0
Drape,369,test13_0036,Will the red drape fall and touch the yellow sphere?,yes,no,0
Drape,370,test13_0037,Will the red drape fall and touch the yellow sphere?,yes,no,0
Drape,371,test13_0038,Will the red drape fall and touch the yellow sphere?,yes,yes,1
Drape,372,test13_0039,Will the red drape fall and touch the yellow sphere?,yes,yes,1
Drape,373,test13_0040,Will the red drape fall and touch the yellow sphere?,yes,yes,1
Drape,374,test13_0041,Will the red drape fall and touch the yellow sphere?,yes,yes,1
Drape,375,test13_0042,Will the red drape fall and touch the yellow sphere?,yes,yes,1
Drape,376,test13_0043,Will the red drape fall and touch the yellow sphere?,yes,yes,1
Drape,377,test13_0044,Will the red drape fall and touch the yellow sphere?,yes,yes,1
Drape,378,test13_0045,Will the red drape fall and touch the yellow sphere?,yes,no,0
Drape,379,test13_0046,Will the red drape fall and touch the yellow sphere?,yes,yes,1
Drape,380,test13_0047,Will the red drape fall and touch the yellow sphere?,yes,no,0
Drape,381,test13_0048,Will the red drape fall and touch the yellow sphere?,yes,yes,1
Drape,382,test13_0049,Will the red drape fall and touch the yellow sphere?,yes,yes,1
Drape,383,test13_0050,Will the red drape fall and touch the yellow sphere?,yes,no,0
Drape,384,test13_0051,Will the red drape fall and touch the yellow sphere?,yes,yes,1
Drape,385,test13_0052,Will the red drape fall and touch the yellow sphere?,yes,yes,1
Drape,386,test13_0053,Will the red drape fall and touch the yellow sphere?,yes,yes,1
Drape,387,test13_0054,Will the red drape fall and touch the yellow sphere?,yes,no,0
Drape,388,test13_0055,Will the red drape fall and touch the yellow sphere?,no,yes,0
Drape,389,test13_0056,Will the red drape fall and touch the yellow sphere?,yes,yes,1
Drape,390,test13_0057,Will the red drape fall and touch the yellow sphere?,yes,yes,1
Drape,391,test13_0058,Will the red drape fall and touch the yellow sphere?,yes,yes,1
Drape,392,test13_0059,Will the red drape fall and touch the yellow sphere?,yes,no,0
Drape,393,test13_0060,Will the red drape fall and touch the yellow sphere?,yes,yes,1
Drape,394,test13_0061,Will the red drape fall and touch the yellow sphere?,yes,yes,1
Drape,395,test13_0062,Will the red drape fall and touch the yellow sphere?,yes,yes,1
Drape,396,test13_0063,Will the red drape fall and touch the yellow sphere?,yes,yes,1
Drape,397,test13_0064,Will the red drape fall and touch the yellow sphere?,no,no,1
Drape,398,test13_0065,Will the red drape fall and touch the yellow sphere?,yes,no,0
Drape,399,test13_0066,Will the red drape fall and touch the yellow sphere?,yes,no,0
Drape,400,test13_0067,Will the red drape fall and touch the yellow sphere?,yes,yes,1
Drape,401,test13_0068,Will the red drape fall and touch the yellow sphere?,yes,no,0
Drape,402,test13_0069,Will the red drape fall and touch the yellow sphere?,yes,yes,1
Drape,403,test13_0070,Will the red drape fall and touch the yellow sphere?,yes,no,0
Drape,404,test13_0071,Will the red drape fall and touch the yellow sphere?,yes,yes,1
Drape,405,test13_0072,Will the red drape fall and touch the yellow sphere?,yes,yes,1
Drape,406,test13_0073,Will the red drape fall and touch the yellow sphere?,yes,yes,1
Drape,407,test13_0074,Will the red drape fall and touch the yellow sphere?,yes,yes,1
Drape,408,test13_0075,Will the red drape fall and touch the yellow sphere?,yes,yes,1
Drape,409,test13_0076,Will the red drape fall and touch the yellow sphere?,yes,yes,1
Drape,410,test13_0077,Will the red drape fall and touch the yellow sphere?,yes,no,0
Drape,411,test13_0078,Will the red drape fall and touch the yellow sphere?,yes,yes,1
Drape,412,test13_0079,Will the red drape fall and touch the yellow sphere?,yes,no,0
Drape,413,test13_0080,Will the red drape fall and touch the yellow sphere?,yes,yes,1
Drape,414,test13_0081,Will the red drape fall and touch the yellow sphere?,yes,yes,1
Drape,415,test13_0082,Will the red drape fall and touch the yellow sphere?,yes,yes,1
Drape,416,test13_0083,Will the red drape fall and touch the yellow sphere?,yes,yes,1
Drape,417,test13_0084,Will the red drape fall and touch the yellow sphere?,yes,no,0
Drape,418,test13_0085,Will the red drape fall and touch the yellow sphere?,yes,yes,1
Drape,419,test13_0086,Will the red drape fall and touch the yellow sphere?,yes,no,0
Drape,420,test13_0087,Will the red drape fall and touch the yellow sphere?,no,yes,0
Drape,421,test13_0088,Will the red drape fall and touch the yellow sphere?,yes,yes,1
Drape,422,test13_0089,Will the red drape fall and touch the yellow sphere?,yes,yes,1
Drape,423,test13_0090,Will the red drape fall and touch the yellow sphere?,no,yes,0
Drape,424,test13_0091,Will the red drape fall and touch the yellow sphere?,yes,yes,1
Drape,425,test13_0092,Will the red drape fall and touch the yellow sphere?,yes,yes,1
Drape,426,test13_0093,Will the red drape fall and touch the yellow sphere?,yes,yes,1
Drape,427,test13_0094,Will the red drape fall and touch the yellow sphere?,yes,yes,1
Drape,428,test13_0095,Will the red drape fall and touch the yellow sphere?,yes,yes,1
Drape,429,test13_0096,Will the red drape fall and touch the yellow sphere?,yes,yes,1
Drape,430,test13_0097,Will the red drape fall and touch the yellow sphere?,yes,no,0
Drape,431,test13_0098,Will the red drape fall and touch the yellow sphere?,yes,yes,1
Drape,432,test13_0099,Will the red drape fall and touch the yellow sphere?,no,yes,0
Drape,433,test13_0100,Will the red drape fall and touch the yellow sphere?,yes,yes,1
Drape,434,test13_0101,Will the red drape fall and touch the yellow sphere?,yes,yes,1
Drape,435,test13_0102,Will the red drape fall and touch the yellow sphere?,yes,yes,1
Drape,436,test13_0103,Will the red drape fall and touch the yellow sphere?,yes,no,0
Drape,437,test13_0104,Will the red drape fall and touch the yellow sphere?,yes,yes,1
Drape,438,test13_0105,Will the red drape fall and touch the yellow sphere?,no,no,1
Drape,439,test13_0106,Will the red drape fall and touch the yellow sphere?,no,yes,0
Drape,440,test13_0107,Will the red drape fall and touch the yellow sphere?,yes,no,0
Drape,441,test13_0108,Will the red drape fall and touch the yellow sphere?,yes,no,0
Drape,442,test13_0109,Will the red drape fall and touch the yellow sphere?,yes,yes,1
Drape,443,test13_0110,Will the red drape fall and touch the yellow sphere?,yes,no,0
Drape,444,test14_0000,Will the red drape fall and touch the yellow cylinder?,yes,no,0
Drape,445,test14_0001,Will the red drape fall and touch the yellow cylinder?,no,no,1
Drape,446,test14_0002,Will the red drape fall and touch the yellow cylinder?,yes,no,0
Drape,447,test14_0003,Will the red drape fall and touch the yellow cylinder?,yes,no,0
Drape,448,test14_0004,Will the red drape fall and touch the yellow cylinder?,yes,no,0
Drape,449,test14_0005,Will the red drape fall and touch the yellow cylinder?,yes,yes,1
Drape,450,test14_0006,Will the red drape fall and touch the yellow cylinder?,yes,no,0
Drape,451,test14_0007,Will the red drape fall and touch the yellow cylinder?,yes,no,0
Drape,452,test14_0008,Will the red drape fall and touch the yellow cylinder?,yes,no,0
Drape,453,test14_0009,Will the red drape fall and touch the yellow cylinder?,yes,yes,1
Drape,454,test14_0010,Will the red drape fall and touch the yellow cylinder?,yes,yes,1
Drape,455,test14_0011,Will the red drape fall and touch the yellow cylinder?,yes,no,0
Drape,456,test14_0012,Will the red drape fall and touch the yellow cylinder?,yes,no,0
Drape,457,test14_0013,Will the red drape fall and touch the yellow cylinder?,yes,no,0
Drape,458,test14_0014,Will the red drape fall and touch the yellow cylinder?,yes,no,0
Drape,459,test14_0015,Will the red drape fall and touch the yellow cylinder?,yes,yes,1
Drape,460,test14_0016,Will the red drape fall and touch the yellow cylinder?,yes,no,0
Drape,461,test14_0017,Will the red drape fall and touch the yellow cylinder?,yes,no,0
Drape,462,test14_0018,Will the red drape fall and touch the yellow cylinder?,yes,no,0
Drape,463,test14_0019,Will the red drape fall and touch the yellow cylinder?,yes,no,0
Drape,464,test14_0020,Will the red drape fall and touch the yellow cylinder?,yes,no,0
Drape,465,test14_0021,Will the red drape fall and touch the yellow cylinder?,yes,no,0
Drape,466,test14_0022,Will the red drape fall and touch the yellow cylinder?,yes,yes,1
Drape,467,test14_0023,Will the red drape fall and touch the yellow cylinder?,yes,yes,1
Drape,468,test14_0024,Will the red drape fall and touch the yellow cylinder?,yes,no,0
Drape,469,test14_0025,Will the red drape fall and touch the yellow cylinder?,yes,no,0
Drape,470,test14_0026,Will the red drape fall and touch the yellow cylinder?,yes,no,0
Drape,471,test14_0027,Will the red drape fall and touch the yellow cylinder?,no,no,1
Drape,472,test14_0028,Will the red drape fall and touch the yellow cylinder?,no,no,1
Drape,473,test14_0029,Will the red drape fall and touch the yellow cylinder?,yes,yes,1
Drape,474,test14_0030,Will the red drape fall and touch the yellow cylinder?,yes,no,0
Drape,475,test14_0031,Will the red drape fall and touch the yellow cylinder?,yes,yes,1
Drape,476,test14_0032,Will the red drape fall and touch the yellow cylinder?,no,no,1
Drape,477,test14_0033,Will the red drape fall and touch the yellow cylinder?,yes,yes,1
Drape,478,test14_0034,Will the red drape fall and touch the yellow cylinder?,yes,yes,1
Drape,479,test14_0035,Will the red drape fall and touch the yellow cylinder?,yes,no,0
Drape,480,test14_0036,Will the red drape fall and touch the yellow cylinder?,no,no,1
Drape,481,test14_0037,Will the red drape fall and touch the yellow cylinder?,yes,no,0
Drape,482,test14_0038,Will the red drape fall and touch the yellow cylinder?,yes,yes,1
Drape,483,test14_0039,Will the red drape fall and touch the yellow cylinder?,yes,no,0
Drape,484,test14_0040,Will the red drape fall and touch the yellow cylinder?,yes,yes,1
Drape,485,test14_0041,Will the red drape fall and touch the yellow cylinder?,yes,no,0
Drape,486,test14_0042,Will the red drape fall and touch the yellow cylinder?,yes,no,0
Drape,487,test14_0043,Will the red drape fall and touch the yellow cylinder?,yes,yes,1
Drape,488,test14_0044,Will the red drape fall and touch the yellow cylinder?,yes,yes,1
Drape,489,test14_0045,Will the red drape fall and touch the yellow cylinder?,yes,no,0
Drape,490,test14_0046,Will the red drape fall and touch the yellow cylinder?,yes,yes,1
Drape,491,test14_0047,Will the red drape fall and touch the yellow cylinder?,yes,no,0
Drape,492,test14_0048,Will the red drape fall and touch the yellow cylinder?,yes,yes,1
Drape,493,test14_0049,Will the red drape fall and touch the yellow cylinder?,yes,yes,1
Drape,494,test14_0050,Will the red drape fall and touch the yellow cylinder?,yes,yes,1
Drape,495,test14_0051,Will the red drape fall and touch the yellow cylinder?,yes,no,0
Drape,496,test14_0052,Will the red drape fall and touch the yellow cylinder?,yes,yes,1
Drape,497,test14_0053,Will the red drape fall and touch the yellow cylinder?,yes,yes,1
Drape,498,test14_0054,Will the red drape fall and touch the yellow cylinder?,yes,no,0
Drape,499,test14_0055,Will the red drape fall and touch the yellow cylinder?,yes,yes,1
Drape,500,test14_0056,Will the red drape fall and touch the yellow cylinder?,yes,yes,1
Drape,501,test14_0057,Will the red drape fall and touch the yellow cylinder?,yes,no,0
Drape,502,test14_0058,Will the red drape fall and touch the yellow cylinder?,yes,yes,1
Drape,503,test14_0059,Will the red drape fall and touch the yellow cylinder?,yes,no,0
Drape,504,test14_0060,Will the red drape fall and touch the yellow cylinder?,yes,yes,1
Drape,505,test14_0061,Will the red drape fall and touch the yellow cylinder?,yes,no,0
Drape,506,test14_0062,Will the red drape fall and touch the yellow cylinder?,yes,yes,1
Drape,507,test14_0063,Will the red drape fall and touch the yellow cylinder?,yes,yes,1
Drape,508,test14_0064,Will the red drape fall and touch the yellow cylinder?,no,no,1
Drape,509,test14_0065,Will the red drape fall and touch the yellow cylinder?,yes,no,0
Drape,510,test14_0066,Will the red drape fall and touch the yellow cylinder?,yes,no,0
Drape,511,test14_0067,Will the red drape fall and touch the yellow cylinder?,yes,yes,1
Drape,512,test14_0068,Will the red drape fall and touch the yellow cylinder?,yes,no,0
Drape,513,test14_0069,Will the red drape fall and touch the yellow cylinder?,yes,no,0
Drape,514,test14_0070,Will the red drape fall and touch the yellow cylinder?,yes,no,0
Drape,515,test14_0071,Will the red drape fall and touch the yellow cylinder?,yes,yes,1
Drape,516,test14_0072,Will the red drape fall and touch the yellow cylinder?,yes,yes,1
Drape,517,test14_0073,Will the red drape fall and touch the yellow cylinder?,yes,no,0
Drape,518,test14_0074,Will the red drape fall and touch the yellow cylinder?,yes,no,0
Drape,519,test14_0075,Will the red drape fall and touch the yellow cylinder?,yes,yes,1
Drape,520,test14_0076,Will the red drape fall and touch the yellow cylinder?,yes,no,0
Drape,521,test14_0077,Will the red drape fall and touch the yellow cylinder?,yes,no,0
Drape,522,test14_0078,Will the red drape fall and touch the yellow cylinder?,yes,no,0
Drape,523,test14_0079,Will the red drape fall and touch the yellow cylinder?,yes,no,0
Drape,524,test14_0080,Will the red drape fall and touch the yellow cylinder?,yes,no,0
Drape,525,test14_0081,Will the red drape fall and touch the yellow cylinder?,yes,no,0
Drape,526,test14_0082,Will the red drape fall and touch the yellow cylinder?,yes,yes,1
Drape,527,test14_0083,Will the red drape fall and touch the yellow cylinder?,yes,yes,1
Drape,528,test14_0084,Will the red drape fall and touch the yellow cylinder?,yes,no,0
Drape,529,test14_0085,Will the red drape fall and touch the yellow cylinder?,yes,yes,1
Drape,530,test14_0086,Will the red drape fall and touch the yellow cylinder?,yes,no,0
Drape,531,test14_0087,Will the red drape fall and touch the yellow cylinder?,yes,no,0
Drape,532,test14_0088,Will the red drape fall and touch the yellow cylinder?,yes,yes,1
Drape,533,test14_0089,Will the red drape fall and touch the yellow cylinder?,yes,yes,1
Drape,534,test14_0090,Will the red drape fall and touch the yellow cylinder?,yes,no,0
Drape,535,test14_0091,Will the red drape fall and touch the yellow cylinder?,yes,yes,1
Drape,536,test14_0092,Will the red drape fall and touch the yellow cylinder?,yes,no,0
Drape,537,test14_0093,Will the red drape fall and touch the yellow cylinder?,yes,no,0
Drape,538,test14_0094,Will the red drape fall and touch the yellow cylinder?,yes,no,0
Drape,539,test14_0095,Will the red drape fall and touch the yellow cylinder?,no,no,1
Drape,540,test14_0096,Will the red drape fall and touch the yellow cylinder?,yes,no,0
Drape,541,test14_0097,Will the red drape fall and touch the yellow cylinder?,yes,no,0
Drape,542,test14_0098,Will the red drape fall and touch the yellow cylinder?,yes,yes,1
Drape,543,test14_0099,Will the red drape fall and touch the yellow cylinder?,no,no,1
Drape,544,test14_0100,Will the red drape fall and touch the yellow cylinder?,yes,no,0
Drape,545,test14_0101,Will the red drape fall and touch the yellow cylinder?,yes,no,0
Drape,546,test14_0102,Will the red drape fall and touch the yellow cylinder?,yes,yes,1
Drape,547,test14_0103,Will the red drape fall and touch the yellow cylinder?,yes,no,0
Drape,548,test14_0104,Will the red drape fall and touch the yellow cylinder?,yes,yes,1
Drape,549,test14_0105,Will the red drape fall and touch the yellow cylinder?,yes,no,0
Drape,550,test14_0106,Will the red drape fall and touch the yellow cylinder?,yes,yes,1
Drape,551,test14_0107,Will the red drape fall and touch the yellow cylinder?,yes,no,0
Drape,552,test14_0108,Will the red drape fall and touch the yellow cylinder?,yes,no,0
Drape,553,test14_0109,Will the red drape fall and touch the yellow cylinder?,yes,no,0
Drape,554,test14_0110,Will the red drape fall and touch the yellow cylinder?,yes,no,0
Drape,555,test15_0000,Will the red drape fall and touch the yellow pyramid?,yes,no,0
Drape,556,test15_0001,Will the red drape fall and touch the yellow pyramid?,no,no,1
Drape,557,test15_0002,Will the red drape fall and touch the yellow pyramid?,no,no,1
Drape,558,test15_0003,Will the red drape fall and touch the yellow pyramid?,no,no,1
Drape,559,test15_0004,Will the red drape fall and touch the yellow pyramid?,yes,no,0
Drape,560,test15_0005,Will the red drape fall and touch the yellow pyramid?,no,no,1
Drape,561,test15_0006,Will the red drape fall and touch the yellow pyramid?,yes,no,0
Drape,562,test15_0007,Will the red drape fall and touch the yellow pyramid?,yes,no,0
Drape,563,test15_0008,Will the red drape fall and touch the yellow pyramid?,no,no,1
Drape,564,test15_0009,Will the red drape fall and touch the yellow pyramid?,yes,yes,1
Drape,565,test15_0010,Will the red drape fall and touch the yellow pyramid?,yes,no,0
Drape,566,test15_0011,Will the red drape fall and touch the yellow pyramid?,yes,no,0
Drape,567,test15_0012,Will the red drape fall and touch the yellow pyramid?,no,no,1
Drape,568,test15_0013,Will the red drape fall and touch the yellow pyramid?,no,no,1
Drape,569,test15_0014,Will the red drape fall and touch the yellow pyramid?,no,no,1
Drape,570,test15_0015,Will the red drape fall and touch the yellow pyramid?,yes,no,0
Drape,571,test15_0016,Will the red drape fall and touch the yellow pyramid?,yes,yes,1
Drape,572,test15_0017,Will the red drape fall and touch the yellow pyramid?,no,yes,0
Drape,573,test15_0018,Will the red drape fall and touch the yellow pyramid?,no,yes,0
Drape,574,test15_0019,Will the red drape fall and touch the yellow pyramid?,no,no,1
Drape,575,test15_0020,Will the red drape fall and touch the yellow pyramid?,yes,no,0
Drape,576,test15_0021,Will the red drape fall and touch the yellow pyramid?,no,no,1
Drape,577,test15_0022,Will the red drape fall and touch the yellow pyramid?,no,no,1
Drape,578,test15_0023,Will the red drape fall and touch the yellow pyramid?,no,no,1
Drape,579,test15_0024,Will the red drape fall and touch the yellow pyramid?,no,yes,0
Drape,580,test15_0025,Will the red drape fall and touch the yellow pyramid?,no,no,1
Drape,581,test15_0026,Will the red drape fall and touch the yellow pyramid?,yes,yes,1
Drape,582,test15_0027,Will the red drape fall and touch the yellow pyramid?,no,no,1
Drape,583,test15_0028,Will the red drape fall and touch the yellow pyramid?,no,no,1
Drape,584,test15_0029,Will the red drape fall and touch the yellow pyramid?,yes,no,0
Drape,585,test15_0030,Will the red drape fall and touch the yellow pyramid?,yes,no,0
Drape,586,test15_0031,Will the red drape fall and touch the yellow pyramid?,no,yes,0
Drape,587,test15_0032,Will the red drape fall and touch the yellow pyramid?,yes,no,0
Drape,588,test15_0033,Will the red drape fall and touch the yellow pyramid?,yes,yes,1
Drape,589,test15_0034,Will the red drape fall and touch the yellow pyramid?,yes,no,0
Drape,590,test15_0035,Will the red drape fall and touch the yellow pyramid?,no,no,1
Drape,591,test15_0036,Will the red drape fall and touch the yellow pyramid?,no,no,1
Drape,592,test15_0037,Will the red drape fall and touch the yellow pyramid?,yes,yes,1
Drape,593,test15_0038,Will the red drape fall and touch the yellow pyramid?,yes,no,0
Drape,594,test15_0039,Will the red drape fall and touch the yellow pyramid?,no,yes,0
Drape,595,test15_0040,Will the red drape fall and touch the yellow pyramid?,no,no,1
Drape,596,test15_0041,Will the red drape fall and touch the yellow pyramid?,no,yes,0
Drape,597,test15_0042,Will the red drape fall and touch the yellow pyramid?,yes,no,0
Drape,598,test15_0043,Will the red drape fall and touch the yellow pyramid?,no,no,1
Drape,599,test15_0044,Will the red drape fall and touch the yellow pyramid?,no,no,1
Drape,600,test15_0045,Will the red drape fall and touch the yellow pyramid?,yes,no,0
Drape,601,test15_0046,Will the red drape fall and touch the yellow pyramid?,no,yes,0
Drape,602,test15_0047,Will the red drape fall and touch the yellow pyramid?,no,no,1
Drape,603,test15_0048,Will the red drape fall and touch the yellow pyramid?,no,no,1
Drape,604,test15_0049,Will the red drape fall and touch the yellow pyramid?,no,yes,0
Drape,605,test15_0050,Will the red drape fall and touch the yellow pyramid?,no,no,1
Drape,606,test15_0051,Will the red drape fall and touch the yellow pyramid?,no,no,1
Drape,607,test15_0052,Will the red drape fall and touch the yellow pyramid?,no,no,1
Drape,608,test15_0053,Will the red drape fall and touch the yellow pyramid?,no,no,1
Drape,609,test15_0054,Will the red drape fall and touch the yellow pyramid?,no,no,1
Drape,610,test15_0055,Will the red drape fall and touch the yellow pyramid?,no,no,1
Drape,611,test15_0056,Will the red drape fall and touch the yellow pyramid?,yes,no,0
Drape,612,test15_0057,Will the red drape fall and touch the yellow pyramid?,no,yes,0
Drape,613,test15_0058,Will the red drape fall and touch the yellow pyramid?,yes,yes,1
Drape,614,test15_0059,Will the red drape fall and touch the yellow pyramid?,no,no,1
Drape,615,test15_0060,Will the red drape fall and touch the yellow pyramid?,yes,no,0
Drape,616,test15_0061,Will the red drape fall and touch the yellow pyramid?,no,no,1
Drape,617,test15_0062,Will the red drape fall and touch the yellow pyramid?,yes,yes,1
Drape,618,test15_0063,Will the red drape fall and touch the yellow pyramid?,yes,yes,1
Drape,619,test15_0064,Will the red drape fall and touch the yellow pyramid?,no,no,1
Drape,620,test15_0065,Will the red drape fall and touch the yellow pyramid?,yes,no,0
Drape,621,test15_0066,Will the red drape fall and touch the yellow pyramid?,yes,no,0
Drape,622,test15_0067,Will the red drape fall and touch the yellow pyramid?,yes,yes,1
Drape,623,test15_0068,Will the red drape fall and touch the yellow pyramid?,no,no,1
Drape,624,test15_0069,Will the red drape fall and touch the yellow pyramid?,no,no,1
Drape,625,test15_0070,Will the red drape fall and touch the yellow pyramid?,no,no,1
Drape,626,test15_0071,Will the red drape fall and touch the yellow pyramid?,no,yes,0
Drape,627,test15_0072,Will the red drape fall and touch the yellow pyramid?,yes,no,0
Drape,628,test15_0073,Will the red drape fall and touch the yellow pyramid?,no,no,1
Drape,629,test15_0074,Will the red drape fall and touch the yellow pyramid?,no,no,1
Drape,630,test15_0075,Will the red drape fall and touch the yellow pyramid?,no,no,1
Drape,631,test15_0076,Will the red drape fall and touch the yellow pyramid?,no,no,1
Drape,632,test15_0077,Will the red drape fall and touch the yellow pyramid?,no,no,1
Drape,633,test15_0078,Will the red drape fall and touch the yellow pyramid?,no,no,1
Drape,634,test15_0079,Will the red drape fall and touch the yellow pyramid?,yes,no,0
Drape,635,test15_0080,Will the red drape fall and touch the yellow pyramid?,yes,no,0
Drape,636,test15_0081,Will the red drape fall and touch the yellow pyramid?,no,no,1
Drape,637,test15_0082,Will the red drape fall and touch the yellow pyramid?,yes,yes,1
Drape,638,test15_0083,Will the red drape fall and touch the yellow pyramid?,no,no,1
Drape,639,test15_0084,Will the red drape fall and touch the yellow pyramid?,yes,no,0
Drape,640,test15_0085,Will the red drape fall and touch the yellow pyramid?,no,no,1
Drape,641,test15_0086,Will the red drape fall and touch the yellow pyramid?,yes,no,0
Drape,642,test15_0087,Will the red drape fall and touch the yellow pyramid?,no,no,1
Drape,643,test15_0088,Will the red drape fall and touch the yellow pyramid?,yes,no,0
Drape,644,test15_0089,Will the red drape fall and touch the yellow pyramid?,no,no,1
Drape,645,test15_0090,Will the red drape fall and touch the yellow pyramid?,no,no,1
Drape,646,test15_0091,Will the red drape fall and touch the yellow pyramid?,yes,no,0
Drape,647,test15_0092,Will the red drape fall and touch the yellow pyramid?,no,yes,0
Drape,648,test15_0093,Will the red drape fall and touch the yellow pyramid?,yes,no,0
Drape,649,test15_0094,Will the red drape fall and touch the yellow pyramid?,yes,no,0
Drape,650,test15_0095,Will the red drape fall and touch the yellow pyramid?,yes,yes,1
Drape,651,test15_0096,Will the red drape fall and touch the yellow pyramid?,no,no,1
Drape,652,test15_0097,Will the red drape fall and touch the yellow pyramid?,no,no,1
Drape,653,test15_0098,Will the red drape fall and touch the yellow pyramid?,no,no,1
Drape,654,test15_0099,Will the red drape fall and touch the yellow pyramid?,no,no,1
Drape,655,test15_0100,Will the red drape fall and touch the yellow pyramid?,yes,no,0
Drape,656,test15_0101,Will the red drape fall and touch the yellow pyramid?,no,yes,0
Drape,657,test15_0102,Will the red drape fall and touch the yellow pyramid?,no,yes,0
Drape,658,test15_0103,Will the red drape fall and touch the yellow pyramid?,yes,no,0
Drape,659,test15_0104,Will the red drape fall and touch the yellow pyramid?,yes,no,0
Drape,660,test15_0105,Will the red drape fall and touch the yellow pyramid?,yes,no,0
Drape,661,test15_0106,Will the red drape fall and touch the yellow pyramid?,no,no,1
Drape,662,test15_0107,Will the red drape fall and touch the yellow pyramid?,no,no,1
Drape,663,test15_0108,Will the red drape fall and touch the yellow pyramid?,no,no,1
Drape,664,test15_0109,Will the red drape fall and touch the yellow pyramid?,yes,yes,1
Drape,665,test15_0110,Will the red drape fall and touch the yellow pyramid?,yes,no,0
Drape,666,test16_0000,Will the red drape fall and touch the yellow pentagon?,yes,yes,1
Drape,667,test16_0001,Will the red drape fall and touch the yellow pentagon?,yes,no,0
Drape,668,test16_0002,Will the red drape fall and touch the yellow pentagon?,no,no,1
Drape,669,test16_0003,Will the red drape fall and touch the yellow pentagon?,yes,no,0
Drape,670,test16_0004,Will the red drape fall and touch the yellow pentagon?,no,no,1
Drape,671,test16_0005,Will the red drape fall and touch the yellow pentagon?,no,yes,0
Drape,672,test16_0006,Will the red drape fall and touch the yellow pentagon?,yes,no,0
Drape,673,test16_0007,Will the red drape fall and touch the yellow pentagon?,yes,no,0
Drape,674,test16_0008,Will the red drape fall and touch the yellow pentagon?,no,no,1
Drape,675,test16_0009,Will the red drape fall and touch the yellow pentagon?,no,yes,0
Drape,676,test16_0010,Will the red drape fall and touch the yellow pentagon?,yes,yes,1
Drape,677,test16_0011,Will the red drape fall and touch the yellow pentagon?,yes,no,0
Drape,678,test16_0012,Will the red drape fall and touch the yellow pentagon?,no,no,1
Drape,679,test16_0013,Will the red drape fall and touch the yellow pentagon?,no,no,1
Drape,680,test16_0014,Will the red drape fall and touch the yellow pentagon?,no,no,1
Drape,681,test16_0015,Will the red drape fall and touch the yellow pentagon?,no,no,1
Drape,682,test16_0016,Will the red drape fall and touch the yellow pentagon?,yes,no,0
Drape,683,test16_0017,Will the red drape fall and touch the yellow pentagon?,yes,no,0
Drape,684,test16_0018,Will the red drape fall and touch the yellow pentagon?,no,no,1
Drape,685,test16_0019,Will the red drape fall and touch the yellow pentagon?,no,no,1
Drape,686,test16_0020,Will the red drape fall and touch the yellow pentagon?,yes,no,0
Drape,687,test16_0021,Will the red drape fall and touch the yellow pentagon?,no,yes,0
Drape,688,test16_0022,Will the red drape fall and touch the yellow pentagon?,no,no,1
Drape,689,test16_0023,Will the red drape fall and touch the yellow pentagon?,yes,no,0
Drape,690,test16_0024,Will the red drape fall and touch the yellow pentagon?,yes,yes,1
Drape,691,test16_0025,Will the red drape fall and touch the yellow pentagon?,yes,no,0
Drape,692,test16_0026,Will the red drape fall and touch the yellow pentagon?,yes,yes,1
Drape,693,test16_0027,Will the red drape fall and touch the yellow pentagon?,no,no,1
Drape,694,test16_0028,Will the red drape fall and touch the yellow pentagon?,no,yes,0
Drape,695,test16_0029,Will the red drape fall and touch the yellow pentagon?,no,yes,0
Drape,696,test16_0030,Will the red drape fall and touch the yellow pentagon?,yes,no,0
Drape,697,test16_0031,Will the red drape fall and touch the yellow pentagon?,no,yes,0
Drape,698,test16_0032,Will the red drape fall and touch the yellow pentagon?,yes,no,0
Drape,699,test16_0033,Will the red drape fall and touch the yellow pentagon?,yes,no,0
Drape,700,test16_0034,Will the red drape fall and touch the yellow pentagon?,yes,no,0
Drape,701,test16_0035,Will the red drape fall and touch the yellow pentagon?,no,no,1
Drape,702,test16_0036,Will the red drape fall and touch the yellow pentagon?,no,no,1
Drape,703,test16_0037,Will the red drape fall and touch the yellow pentagon?,yes,no,0
Drape,704,test16_0038,Will the red drape fall and touch the yellow pentagon?,yes,no,0
Drape,705,test16_0039,Will the red drape fall and touch the yellow pentagon?,no,no,1
Drape,706,test16_0040,Will the red drape fall and touch the yellow pentagon?,yes,yes,1
Drape,707,test16_0041,Will the red drape fall and touch the yellow pentagon?,no,yes,0
Drape,708,test16_0042,Will the red drape fall and touch the yellow pentagon?,yes,yes,1
Drape,709,test16_0043,Will the red drape fall and touch the yellow pentagon?,yes,yes,1
Drape,710,test16_0044,Will the red drape fall and touch the yellow pentagon?,no,no,1
Drape,711,test16_0045,Will the red drape fall and touch the yellow pentagon?,no,no,1
Drape,712,test16_0046,Will the red drape fall and touch the yellow pentagon?,no,no,1
Drape,713,test16_0047,Will the red drape fall and touch the yellow pentagon?,yes,yes,1
Drape,714,test16_0048,Will the red drape fall and touch the yellow pentagon?,no,yes,0
Drape,715,test16_0049,Will the red drape fall and touch the yellow pentagon?,yes,yes,1
Drape,716,test16_0050,Will the red drape fall and touch the yellow pentagon?,yes,yes,1
Drape,717,test16_0051,Will the red drape fall and touch the yellow pentagon?,no,no,1
Drape,718,test16_0052,Will the red drape fall and touch the yellow pentagon?,no,no,1
Drape,719,test16_0053,Will the red drape fall and touch the yellow pentagon?,yes,yes,1
Drape,720,test16_0054,Will the red drape fall and touch the yellow pentagon?,no,no,1
Drape,721,test16_0055,Will the red drape fall and touch the yellow pentagon?,no,no,1
Drape,722,test16_0056,Will the red drape fall and touch the yellow pentagon?,no,yes,0
Drape,723,test16_0057,Will the red drape fall and touch the yellow pentagon?,no,yes,0
Drape,724,test16_0058,Will the red drape fall and touch the yellow pentagon?,yes,yes,1
Drape,725,test16_0059,Will the red drape fall and touch the yellow pentagon?,no,yes,0
Drape,726,test16_0060,Will the red drape fall and touch the yellow pentagon?,no,no,1
Drape,727,test16_0061,Will the red drape fall and touch the yellow pentagon?,yes,no,0
Drape,728,test16_0062,Will the red drape fall and touch the yellow pentagon?,yes,yes,1
Drape,729,test16_0063,Will the red drape fall and touch the yellow pentagon?,yes,yes,1
Drape,730,test16_0064,Will the red drape fall and touch the yellow pentagon?,yes,no,0
Drape,731,test16_0065,Will the red drape fall and touch the yellow pentagon?,yes,no,0
Drape,732,test16_0066,Will the red drape fall and touch the yellow pentagon?,no,no,1
Drape,733,test16_0067,Will the red drape fall and touch the yellow pentagon?,no,yes,0
Drape,734,test16_0068,Will the red drape fall and touch the yellow pentagon?,no,no,1
Drape,735,test16_0069,Will the red drape fall and touch the yellow pentagon?,no,no,1
Drape,736,test16_0070,Will the red drape fall and touch the yellow pentagon?,no,no,1
Drape,737,test16_0071,Will the red drape fall and touch the yellow pentagon?,no,yes,0
Drape,738,test16_0072,Will the red drape fall and touch the yellow pentagon?,no,no,1
Drape,739,test16_0073,Will the red drape fall and touch the yellow pentagon?,yes,yes,1
Drape,740,test16_0074,Will the red drape fall and touch the yellow pentagon?,no,no,1
Drape,741,test16_0075,Will the red drape fall and touch the yellow pentagon?,yes,yes,1
Drape,742,test16_0076,Will the red drape fall and touch the yellow pentagon?,yes,no,0
Drape,743,test16_0077,Will the red drape fall and touch the yellow pentagon?,no,no,1
Drape,744,test16_0078,Will the red drape fall and touch the yellow pentagon?,no,yes,0
Drape,745,test16_0079,Will the red drape fall and touch the yellow pentagon?,no,no,1
Drape,746,test16_0080,Will the red drape fall and touch the yellow pentagon?,yes,no,0
Drape,747,test16_0081,Will the red drape fall and touch the yellow pentagon?,yes,no,0
Drape,748,test16_0082,Will the red drape fall and touch the yellow pentagon?,no,yes,0
Drape,749,test16_0083,Will the red drape fall and touch the yellow pentagon?,yes,no,0
Drape,750,test16_0084,Will the red drape fall and touch the yellow pentagon?,no,no,1
Drape,751,test16_0085,Will the red drape fall and touch the yellow pentagon?,no,no,1
Drape,752,test16_0086,Will the red drape fall and touch the yellow pentagon?,no,no,1
Drape,753,test16_0087,Will the red drape fall and touch the yellow pentagon?,no,no,1
Drape,754,test16_0088,Will the red drape fall and touch the yellow pentagon?,yes,no,0
Drape,755,test16_0089,Will the red drape fall and touch the yellow pentagon?,no,no,1
Drape,756,test16_0090,Will the red drape fall and touch the yellow pentagon?,no,no,1
Drape,757,test16_0091,Will the red drape fall and touch the yellow pentagon?,yes,no,0
Drape,758,test16_0092,Will the red drape fall and touch the yellow pentagon?,no,no,1
Drape,759,test16_0093,Will the red drape fall and touch the yellow pentagon?,yes,no,0
Drape,760,test16_0094,Will the red drape fall and touch the yellow pentagon?,yes,no,0
Drape,761,test16_0095,Will the red drape fall and touch the yellow pentagon?,yes,yes,1
Drape,762,test16_0096,Will the red drape fall and touch the yellow pentagon?,no,yes,0
Drape,763,test16_0097,Will the red drape fall and touch the yellow pentagon?,no,no,1
Drape,764,test16_0098,Will the red drape fall and touch the yellow pentagon?,yes,yes,1
Drape,765,test16_0099,Will the red drape fall and touch the yellow pentagon?,no,yes,0
Drape,766,test16_0100,Will the red drape fall and touch the yellow pentagon?,yes,no,0
Drape,767,test16_0101,Will the red drape fall and touch the yellow pentagon?,no,no,1
Drape,768,test16_0102,Will the red drape fall and touch the yellow pentagon?,yes,no,0
Drape,769,test16_0103,Will the red drape fall and touch the yellow pentagon?,yes,no,0
Drape,770,test16_0104,Will the red drape fall and touch the yellow pentagon?,yes,no,0
Drape,771,test16_0105,Will the red drape fall and touch the yellow pentagon?,no,no,1
Drape,772,test16_0106,Will the red drape fall and touch the yellow pentagon?,no,yes,0
Drape,773,test16_0107,Will the red drape fall and touch the yellow pentagon?,no,no,1
Drape,774,test16_0108,Will the red drape fall and touch the yellow pentagon?,no,no,1
Drape,775,test16_0109,Will the red drape fall and touch the yellow pentagon?,yes,yes,1
Drape,776,test16_0110,Will the red drape fall and touch the yellow pentagon?,no,no,1
Drape,777,test17_0000,Will the red drape fall and touch the yellow cube?,no,no,1
Drape,778,test17_0001,Will the red drape fall and touch the yellow cube?,yes,yes,1
Drape,779,test17_0002,Will the red drape fall and touch the yellow cube?,no,no,1
Drape,780,test17_0003,Will the red drape fall and touch the yellow cube?,no,no,1
Drape,781,test17_0004,Will the red drape fall and touch the yellow cube?,no,yes,0
Drape,782,test17_0005,Will the red drape fall and touch the yellow cube?,no,no,1
Drape,783,test17_0006,Will the red drape fall and touch the yellow cube?,yes,yes,1
Drape,784,test17_0007,Will the red drape fall and touch the yellow cube?,yes,no,0
Drape,785,test17_0008,Will the red drape fall and touch the yellow cube?,no,yes,0
Drape,786,test17_0009,Will the red drape fall and touch the yellow cube?,no,yes,0
Drape,787,test17_0010,Will the red drape fall and touch the yellow cube?,yes,yes,1
Drape,788,test17_0011,Will the red drape fall and touch the yellow cube?,no,no,1
Drape,789,test17_0012,Will the red drape fall and touch the yellow cube?,no,no,1
Drape,790,test17_0013,Will the red drape fall and touch the yellow cube?,no,yes,0
Drape,791,test17_0014,Will the red drape fall and touch the yellow cube?,no,no,1
Drape,792,test17_0015,Will the red drape fall and touch the yellow cube?,yes,no,0
Drape,793,test17_0016,Will the red drape fall and touch the yellow cube?,no,yes,0
Drape,794,test17_0017,Will the red drape fall and touch the yellow cube?,yes,no,0
Drape,795,test17_0018,Will the red drape fall and touch the yellow cube?,yes,no,0
Drape,796,test17_0019,Will the red drape fall and touch the yellow cube?,no,yes,0
Drape,797,test17_0020,Will the red drape fall and touch the yellow cube?,yes,no,0
Drape,798,test17_0021,Will the red drape fall and touch the yellow cube?,no,yes,0
Drape,799,test17_0022,Will the red drape fall and touch the yellow cube?,yes,no,0
Drape,800,test17_0023,Will the red drape fall and touch the yellow cube?,yes,yes,1
Drape,801,test17_0024,Will the red drape fall and touch the yellow cube?,yes,yes,1
Drape,802,test17_0025,Will the red drape fall and touch the yellow cube?,yes,no,0
Drape,803,test17_0026,Will the red drape fall and touch the yellow cube?,yes,yes,1
Drape,804,test17_0027,Will the red drape fall and touch the yellow cube?,no,no,1
Drape,805,test17_0028,Will the red drape fall and touch the yellow cube?,no,yes,0
Drape,806,test17_0029,Will the red drape fall and touch the yellow cube?,yes,yes,1
Drape,807,test17_0030,Will the red drape fall and touch the yellow cube?,no,yes,0
Drape,808,test17_0031,Will the red drape fall and touch the yellow cube?,no,yes,0
Drape,809,test17_0032,Will the red drape fall and touch the yellow cube?,no,no,1
Drape,810,test17_0033,Will the red drape fall and touch the yellow cube?,yes,yes,1
Drape,811,test17_0034,Will the red drape fall and touch the yellow cube?,yes,no,0
Drape,812,test17_0035,Will the red drape fall and touch the yellow cube?,no,no,1
Drape,813,test17_0036,Will the red drape fall and touch the yellow cube?,yes,yes,1
Drape,814,test17_0037,Will the red drape fall and touch the yellow cube?,yes,yes,1
Drape,815,test17_0038,Will the red drape fall and touch the yellow cube?,yes,no,0
Drape,816,test17_0039,Will the red drape fall and touch the yellow cube?,no,yes,0
Drape,817,test17_0040,Will the red drape fall and touch the yellow cube?,no,yes,0
Drape,818,test17_0041,Will the red drape fall and touch the yellow cube?,no,yes,0
Drape,819,test17_0042,Will the red drape fall and touch the yellow cube?,yes,no,0
Drape,820,test17_0043,Will the red drape fall and touch the yellow cube?,yes,yes,1
Drape,821,test17_0044,Will the red drape fall and touch the yellow cube?,yes,yes,1
Drape,822,test17_0045,Will the red drape fall and touch the yellow cube?,yes,yes,1
Drape,823,test17_0046,Will the red drape fall and touch the yellow cube?,no,yes,0
Drape,824,test17_0047,Will the red drape fall and touch the yellow cube?,no,yes,0
Drape,825,test17_0048,Will the red drape fall and touch the yellow cube?,no,yes,0
Drape,826,test17_0049,Will the red drape fall and touch the yellow cube?,yes,no,0
Drape,827,test17_0050,Will the red drape fall and touch the yellow cube?,yes,yes,1
Drape,828,test17_0051,Will the red drape fall and touch the yellow cube?,no,no,1
Drape,829,test17_0052,Will the red drape fall and touch the yellow cube?,yes,yes,1
Drape,830,test17_0053,Will the red drape fall and touch the yellow cube?,no,yes,0
Drape,831,test17_0054,Will the red drape fall and touch the yellow cube?,no,no,1
Drape,832,test17_0055,Will the red drape fall and touch the yellow cube?,no,yes,0
Drape,833,test17_0056,Will the red drape fall and touch the yellow cube?,no,yes,0
Drape,834,test17_0057,Will the red drape fall and touch the yellow cube?,no,yes,0
Drape,835,test17_0058,Will the red drape fall and touch the yellow cube?,yes,yes,1
Drape,836,test17_0059,Will the red drape fall and touch the yellow cube?,yes,no,0
Drape,837,test17_0060,Will the red drape fall and touch the yellow cube?,no,no,1
Drape,838,test17_0061,Will the red drape fall and touch the yellow cube?,no,no,1
Drape,839,test17_0062,Will the red drape fall and touch the yellow cube?,no,yes,0
Drape,840,test17_0063,Will the red drape fall and touch the yellow cube?,yes,yes,1
Drape,841,test17_0064,Will the red drape fall and touch the yellow cube?,no,no,1
Drape,842,test17_0065,Will the red drape fall and touch the yellow cube?,yes,no,0
Drape,843,test17_0066,Will the red drape fall and touch the yellow cube?,yes,no,0
Drape,844,test17_0067,Will the red drape fall and touch the yellow cube?,no,yes,0
Drape,845,test17_0068,Will the red drape fall and touch the yellow cube?,no,no,1
Drape,846,test17_0069,Will the red drape fall and touch the yellow cube?,no,no,1
Drape,847,test17_0070,Will the red drape fall and touch the yellow cube?,no,no,1
Drape,848,test17_0071,Will the red drape fall and touch the yellow cube?,no,yes,0
Drape,849,test17_0072,Will the red drape fall and touch the yellow cube?,no,no,1
Drape,850,test17_0073,Will the red drape fall and touch the yellow cube?,yes,yes,1
Drape,851,test17_0074,Will the red drape fall and touch the yellow cube?,no,no,1
Drape,852,test17_0075,Will the red drape fall and touch the yellow cube?,no,no,1
Drape,853,test17_0076,Will the red drape fall and touch the yellow cube?,no,no,1
Drape,854,test17_0077,Will the red drape fall and touch the yellow cube?,no,no,1
Drape,855,test17_0078,Will the red drape fall and touch the yellow cube?,no,yes,0
Drape,856,test17_0079,Will the red drape fall and touch the yellow cube?,yes,no,0
Drape,857,test17_0080,Will the red drape fall and touch the yellow cube?,no,yes,0
Drape,858,test17_0081,Will the red drape fall and touch the yellow cube?,yes,no,0
Drape,859,test17_0082,Will the red drape fall and touch the yellow cube?,no,yes,0
Drape,860,test17_0083,Will the red drape fall and touch the yellow cube?,yes,yes,1
Drape,861,test17_0084,Will the red drape fall and touch the yellow cube?,yes,no,0
Drape,862,test17_0085,Will the red drape fall and touch the yellow cube?,no,yes,0
Drape,863,test17_0086,Will the red drape fall and touch the yellow cube?,no,no,1
Drape,864,test17_0087,Will the red drape fall and touch the yellow cube?,no,no,1
Drape,865,test17_0088,Will the red drape fall and touch the yellow cube?,yes,no,0
Drape,866,test17_0089,Will the red drape fall and touch the yellow cube?,no,yes,0
Drape,867,test17_0090,Will the red drape fall and touch the yellow cube?,yes,yes,1
Drape,868,test17_0091,Will the red drape fall and touch the yellow cube?,yes,yes,1
Drape,869,test17_0092,Will the red drape fall and touch the yellow cube?,no,yes,0
Drape,870,test17_0093,Will the red drape fall and touch the yellow cube?,yes,no,0
Drape,871,test17_0094,Will the red drape fall and touch the yellow cube?,yes,no,0
Drape,872,test17_0095,Will the red drape fall and touch the yellow cube?,no,yes,0
Drape,873,test17_0096,Will the red drape fall and touch the yellow cube?,no,no,1
Drape,874,test17_0097,Will the red drape fall and touch the yellow cube?,no,yes,0
Drape,875,test17_0098,Will the red drape fall and touch the yellow cube?,yes,no,0
Drape,876,test17_0099,Will the red drape fall and touch the yellow cube?,no,yes,0
Drape,877,test17_0100,Will the red drape fall and touch the yellow cube?,yes,yes,1
Drape,878,test17_0101,Will the red drape fall and touch the yellow cube?,yes,yes,1
Drape,879,test17_0102,Will the red drape fall and touch the yellow cube?,yes,no,0
Drape,880,test17_0103,Will the red drape fall and touch the yellow cube?,yes,no,0
Drape,881,test17_0104,Will the red drape fall and touch the yellow cube?,yes,yes,1
Drape,882,test17_0105,Will the red drape fall and touch the yellow cube?,no,no,1
Drape,883,test17_0106,Will the red drape fall and touch the yellow cube?,no,yes,0
Drape,884,test17_0107,Will the red drape fall and touch the yellow cube?,no,no,1
Drape,885,test17_0108,Will the red drape fall and touch the yellow cube?,no,no,1
Drape,886,test17_0109,Will the red drape fall and touch the yellow cube?,yes,yes,1
Drape,887,test17_0110,Will the red drape fall and touch the yellow cube?,no,no,1
Drape,888,test18_0000,Will the red drape fall and touch the yellow cylinder?,yes,no,0
Drape,889,test18_0001,Will the red drape fall and touch the yellow cylinder?,no,no,1
Drape,890,test18_0002,Will the red drape fall and touch the yellow cylinder?,no,no,1
Drape,891,test18_0003,Will the red drape fall and touch the yellow cylinder?,no,no,1
Drape,892,test18_0004,Will the red drape fall and touch the yellow cylinder?,no,yes,0
Drape,893,test18_0005,Will the red drape fall and touch the yellow cylinder?,no,yes,0
Drape,894,test18_0006,Will the red drape fall and touch the yellow cylinder?,yes,no,0
Drape,895,test18_0007,Will the red drape fall and touch the yellow cylinder?,yes,no,0
Drape,896,test18_0008,Will the red drape fall and touch the yellow cylinder?,no,yes,0
Drape,897,test18_0009,Will the red drape fall and touch the yellow cylinder?,no,yes,0
Drape,898,test18_0010,Will the red drape fall and touch the yellow cylinder?,no,no,1
Drape,899,test18_0011,Will the red drape fall and touch the yellow cylinder?,yes,no,0
Drape,900,test18_0012,Will the red drape fall and touch the yellow cylinder?,no,no,1
Drape,901,test18_0013,Will the red drape fall and touch the yellow cylinder?,no,no,1
Drape,902,test18_0014,Will the red drape fall and touch the yellow cylinder?,yes,no,0
Drape,903,test18_0015,Will the red drape fall and touch the yellow cylinder?,yes,no,0
Drape,904,test18_0016,Will the red drape fall and touch the yellow cylinder?,no,no,1
Drape,905,test18_0017,Will the red drape fall and touch the yellow cylinder?,yes,no,0
Drape,906,test18_0018,Will the red drape fall and touch the yellow cylinder?,yes,yes,1
Drape,907,test18_0019,Will the red drape fall and touch the yellow cylinder?,no,no,1
Drape,908,test18_0020,Will the red drape fall and touch the yellow cylinder?,yes,no,0
Drape,909,test18_0021,Will the red drape fall and touch the yellow cylinder?,no,no,1
Drape,910,test18_0022,Will the red drape fall and touch the yellow cylinder?,yes,no,0
Drape,911,test18_0023,Will the red drape fall and touch the yellow cylinder?,yes,no,0
Drape,912,test18_0024,Will the red drape fall and touch the yellow cylinder?,yes,no,0
Drape,913,test18_0025,Will the red drape fall and touch the yellow cylinder?,yes,no,0
Drape,914,test18_0026,Will the red drape fall and touch the yellow cylinder?,yes,yes,1
Drape,915,test18_0027,Will the red drape fall and touch the yellow cylinder?,no,no,1
Drape,916,test18_0028,Will the red drape fall and touch the yellow cylinder?,no,yes,0
Drape,917,test18_0029,Will the red drape fall and touch the yellow cylinder?,yes,yes,1
Drape,918,test18_0030,Will the red drape fall and touch the yellow cylinder?,no,no,1
Drape,919,test18_0031,Will the red drape fall and touch the yellow cylinder?,no,no,1
Drape,920,test18_0032,Will the red drape fall and touch the yellow cylinder?,no,no,1
Drape,921,test18_0033,Will the red drape fall and touch the yellow cylinder?,yes,yes,1
Drape,922,test18_0034,Will the red drape fall and touch the yellow cylinder?,yes,no,0
Drape,923,test18_0035,Will the red drape fall and touch the yellow cylinder?,no,no,1
Drape,924,test18_0036,Will the red drape fall and touch the yellow cylinder?,no,no,1
Drape,925,test18_0037,Will the red drape fall and touch the yellow cylinder?,yes,no,0
Drape,926,test18_0038,Will the red drape fall and touch the yellow cylinder?,no,no,1
Drape,927,test18_0039,Will the red drape fall and touch the yellow cylinder?,no,no,1
Drape,928,test18_0040,Will the red drape fall and touch the yellow cylinder?,yes,no,0
Drape,929,test18_0041,Will the red drape fall and touch the yellow cylinder?,no,no,1
Drape,930,test18_0042,Will the red drape fall and touch the yellow cylinder?,yes,no,0
Drape,931,test18_0043,Will the red drape fall and touch the yellow cylinder?,yes,no,0
Drape,932,test18_0044,Will the red drape fall and touch the yellow cylinder?,yes,yes,1
Drape,933,test18_0045,Will the red drape fall and touch the yellow cylinder?,yes,no,0
Drape,934,test18_0046,Will the red drape fall and touch the yellow cylinder?,no,yes,0
Drape,935,test18_0047,Will the red drape fall and touch the yellow cylinder?,no,no,1
Drape,936,test18_0048,Will the red drape fall and touch the yellow cylinder?,no,yes,0
Drape,937,test18_0049,Will the red drape fall and touch the yellow cylinder?,yes,yes,1
Drape,938,test18_0050,Will the red drape fall and touch the yellow cylinder?,no,yes,0
Drape,939,test18_0051,Will the red drape fall and touch the yellow cylinder?,no,no,1
Drape,940,test18_0052,Will the red drape fall and touch the yellow cylinder?,no,no,1
Drape,941,test18_0053,Will the red drape fall and touch the yellow cylinder?,yes,no,0
Drape,942,test18_0054,Will the red drape fall and touch the yellow cylinder?,no,no,1
Drape,943,test18_0055,Will the red drape fall and touch the yellow cylinder?,no,no,1
Drape,944,test18_0056,Will the red drape fall and touch the yellow cylinder?,yes,yes,1
Drape,945,test18_0057,Will the red drape fall and touch the yellow cylinder?,yes,no,0
Drape,946,test18_0058,Will the red drape fall and touch the yellow cylinder?,yes,no,0
Drape,947,test18_0059,Will the red drape fall and touch the yellow cylinder?,yes,no,0
Drape,948,test18_0060,Will the red drape fall and touch the yellow cylinder?,yes,no,0
Drape,949,test18_0061,Will the red drape fall and touch the yellow cylinder?,no,no,1
Drape,950,test18_0062,Will the red drape fall and touch the yellow cylinder?,no,no,1
Drape,951,test18_0063,Will the red drape fall and touch the yellow cylinder?,yes,yes,1
Drape,952,test18_0064,Will the red drape fall and touch the yellow cylinder?,no,no,1
Drape,953,test18_0065,Will the red drape fall and touch the yellow cylinder?,yes,no,0
Drape,954,test18_0066,Will the red drape fall and touch the yellow cylinder?,yes,no,0
Drape,955,test18_0067,Will the red drape fall and touch the yellow cylinder?,no,yes,0
Drape,956,test18_0068,Will the red drape fall and touch the yellow cylinder?,no,no,1
Drape,957,test18_0069,Will the red drape fall and touch the yellow cylinder?,no,no,1
Drape,958,test18_0070,Will the red drape fall and touch the yellow cylinder?,no,no,1
Drape,959,test18_0071,Will the red drape fall and touch the yellow cylinder?,no,yes,0
Drape,960,test18_0072,Will the red drape fall and touch the yellow cylinder?,no,no,1
Drape,961,test18_0073,Will the red drape fall and touch the yellow cylinder?,no,no,1
Drape,962,test18_0074,Will the red drape fall and touch the yellow cylinder?,yes,no,0
Drape,963,test18_0075,Will the red drape fall and touch the yellow cylinder?,no,yes,0
Drape,964,test18_0076,Will the red drape fall and touch the yellow cylinder?,no,no,1
Drape,965,test18_0077,Will the red drape fall and touch the yellow cylinder?,no,no,1
Drape,966,test18_0078,Will the red drape fall and touch the yellow cylinder?,no,no,1
Drape,967,test18_0079,Will the red drape fall and touch the yellow cylinder?,yes,no,0
Drape,968,test18_0080,Will the red drape fall and touch the yellow cylinder?,yes,no,0
Drape,969,test18_0081,Will the red drape fall and touch the yellow cylinder?,yes,no,0
Drape,970,test18_0082,Will the red drape fall and touch the yellow cylinder?,yes,no,0
Drape,971,test18_0083,Will the red drape fall and touch the yellow cylinder?,yes,no,0
Drape,972,test18_0084,Will the red drape fall and touch the yellow cylinder?,yes,no,0
Drape,973,test18_0085,Will the red drape fall and touch the yellow cylinder?,yes,yes,1
Drape,974,test18_0086,Will the red drape fall and touch the yellow cylinder?,no,no,1
Drape,975,test18_0087,Will the red drape fall and touch the yellow cylinder?,no,no,1
Drape,976,test18_0088,Will the red drape fall and touch the yellow cylinder?,yes,no,0
Drape,977,test18_0089,Will the red drape fall and touch the yellow cylinder?,no,yes,0
Drape,978,test18_0090,Will the red drape fall and touch the yellow cylinder?,no,no,1
Drape,979,test18_0091,Will the red drape fall and touch the yellow cylinder?,yes,yes,1
Drape,980,test18_0092,Will the red drape fall and touch the yellow cylinder?,no,no,1
Drape,981,test18_0093,Will the red drape fall and touch the yellow cylinder?,yes,no,0
Drape,982,test18_0094,Will the red drape fall and touch the yellow cylinder?,yes,no,0
Drape,983,test18_0095,Will the red drape fall and touch the yellow cylinder?,no,no,1
Drape,984,test18_0096,Will the red drape fall and touch the yellow cylinder?,no,yes,0
Drape,985,test18_0097,Will the red drape fall and touch the yellow cylinder?,no,no,1
Drape,986,test18_0098,Will the red drape fall and touch the yellow cylinder?,no,yes,0
Drape,987,test18_0099,Will the red drape fall and touch the yellow cylinder?,no,yes,0
Drape,988,test18_0100,Will the red drape fall and touch the yellow cylinder?,yes,no,0
Drape,989,test18_0101,Will the red drape fall and touch the yellow cylinder?,no,no,1
Drape,990,test18_0102,Will the red drape fall and touch the yellow cylinder?,yes,no,0
Drape,991,test18_0103,Will the red drape fall and touch the yellow cylinder?,yes,no,0
Drape,992,test18_0104,Will the red drape fall and touch the yellow cylinder?,yes,no,0
Drape,993,test18_0105,Will the red drape fall and touch the yellow cylinder?,no,yes,0
Drape,994,test18_0106,Will the red drape fall and touch the yellow cylinder?,yes,yes,1
Drape,995,test18_0107,Will the red drape fall and touch the yellow cylinder?,no,no,1
Drape,996,test18_0108,Will the red drape fall and touch the yellow cylinder?,no,no,1
Drape,997,test18_0109,Will the red drape fall and touch the yellow cylinder?,yes,yes,1
Drape,998,test18_0110,Will the red drape fall and touch the yellow cylinder?,no,no,1
Drop,0,pilot_it2_drop_all_bowls_box_0000,Will the red cube touch the yellow mat?,no,yes,0
Drop,1,pilot_it2_drop_all_bowls_box_0001,Will the red cube touch the yellow mat?,no,yes,0
Drop,2,pilot_it2_drop_all_bowls_box_0002,Will the red cube touch the yellow mat?,no,no,1
Drop,3,pilot_it2_drop_all_bowls_box_0003,Will the red cube touch the yellow mat?,yes,yes,1
Drop,4,pilot_it2_drop_all_bowls_box_0004,Will the red cube touch the yellow mat?,no,no,1
Drop,5,pilot_it2_drop_all_bowls_box_0005,Will the red cube touch the yellow mat?,no,yes,0
Drop,6,pilot_it2_drop_all_bowls_box_0006,Will the red cube touch the yellow mat?,yes,yes,1
Drop,7,pilot_it2_drop_all_bowls_box_0007,Will the red cube touch the yellow mat?,no,yes,0
Drop,8,pilot_it2_drop_all_bowls_box_0008,Will the red cube touch the yellow mat?,yes,yes,1
Drop,9,pilot_it2_drop_all_bowls_box_0009,Will the red cube touch the yellow mat?,no,yes,0
Drop,10,pilot_it2_drop_all_bowls_box_0010,Will the red cube touch the yellow mat?,yes,no,0
Drop,11,pilot_it2_drop_all_bowls_box_0011,Will the red cube touch the yellow mat?,yes,yes,1
Drop,12,pilot_it2_drop_all_bowls_box_0012,Will the red cube touch the yellow mat?,no,yes,0
Drop,13,pilot_it2_drop_all_bowls_box_0013,Will the red cube touch the yellow mat?,yes,yes,1
Drop,14,pilot_it2_drop_all_bowls_box_0014,Will the red cube touch the yellow mat?,yes,yes,1
Drop,15,pilot_it2_drop_all_bowls_box_0015,Will the red cube touch the yellow mat?,no,yes,0
Drop,16,pilot_it2_drop_all_bowls_box_0016,Will the red cube touch the yellow mat?,no,yes,0
Drop,17,pilot_it2_drop_all_bowls_box_0017,Will the red cube touch the yellow mat?,no,no,1
Drop,18,pilot_it2_drop_all_bowls_box_0018,Will the red cube touch the yellow mat?,yes,yes,1
Drop,19,pilot_it2_drop_all_bowls_box_0019,Will the red cube touch the yellow mat?,no,yes,0
Drop,20,pilot_it2_drop_all_bowls_box_0020,Will the red cube touch the yellow mat?,yes,yes,1
Drop,21,pilot_it2_drop_all_bowls_box_0021,Will the red cube touch the yellow mat?,yes,yes,1
Drop,22,pilot_it2_drop_all_bowls_box_0022,Will the red cube touch the yellow mat?,no,yes,0
Drop,23,pilot_it2_drop_all_bowls_box_0023,Will the red cube touch the yellow mat?,yes,yes,1
Drop,24,pilot_it2_drop_all_bowls_box_0024,Will the red cube touch the yellow mat?,no,yes,0
Drop,25,pilot_it2_drop_all_bowls_box_0025,Will the red cube touch the yellow mat?,no,yes,0
Drop,26,pilot_it2_drop_all_bowls_box_0026,Will the red cube touch the yellow mat?,yes,yes,1
Drop,27,pilot_it2_drop_all_bowls_box_0027,Will the red cube touch the yellow mat?,no,no,1
Drop,28,pilot_it2_drop_all_bowls_box_0028,Will the red cube touch the yellow mat?,no,yes,0
Drop,29,pilot_it2_drop_all_bowls_box_0029,Will the red cube touch the yellow mat?,yes,yes,1
Drop,30,pilot_it2_drop_all_bowls_box_0030,Will the red cube touch the yellow mat?,no,yes,0
Drop,31,pilot_it2_drop_all_bowls_box_0031,Will the red cube touch the yellow mat?,yes,no,0
Drop,32,pilot_it2_drop_all_bowls_box_0032,Will the red cube touch the yellow mat?,yes,yes,1
Drop,33,pilot_it2_drop_all_bowls_box_0033,Will the red cube touch the yellow mat?,yes,yes,1
Drop,34,pilot_it2_drop_all_bowls_box_0034,Will the red cube touch the yellow mat?,yes,yes,1
Drop,35,pilot_it2_drop_all_bowls_box_0035,Will the red cube touch the yellow mat?,yes,no,0
Drop,36,pilot_it2_drop_all_bowls_box_0036,Will the red cube touch the yellow mat?,no,yes,0
Drop,37,pilot_it2_drop_all_bowls_box_0037,Will the red cube touch the yellow mat?,no,no,1
Drop,38,pilot_it2_drop_all_bowls_box_0038,Will the red cube touch the yellow mat?,no,yes,0
Drop,39,pilot_it2_drop_all_bowls_box_0039,Will the red cube touch the yellow mat?,no,no,1
Drop,40,pilot_it2_drop_all_bowls_box_0040,Will the red cube touch the yellow mat?,no,yes,0
Drop,41,pilot_it2_drop_all_bowls_box_0041,Will the red cube touch the yellow mat?,no,yes,0
Drop,42,pilot_it2_drop_all_bowls_box_0042,Will the red cube touch the yellow mat?,no,yes,0
Drop,43,pilot_it2_drop_all_bowls_box_0043,Will the red cube touch the yellow mat?,no,yes,0
Drop,44,pilot_it2_drop_all_bowls_box_0044,Will the red cube touch the yellow mat?,yes,yes,1
Drop,45,pilot_it2_drop_all_bowls_box_0045,Will the red cube touch the yellow mat?,no,no,1
Drop,46,pilot_it2_drop_all_bowls_box_0046,Will the red cube touch the yellow mat?,yes,no,0
Drop,47,pilot_it2_drop_all_bowls_box_0047,Will the red cube touch the yellow mat?,no,yes,0
Drop,48,pilot_it2_drop_all_bowls_box_0048,Will the red cube touch the yellow mat?,yes,yes,1
Drop,49,pilot_it2_drop_all_bowls_box_0049,Will the red cube touch the yellow mat?,yes,yes,1
Drop,50,pilot_it2_drop_all_bowls_box_1_dis_1_occ_0000,Will the red cube touch the yellow mat?,no,yes,0
Drop,51,pilot_it2_drop_all_bowls_box_1_dis_1_occ_0001,Will the red cube touch the yellow mat?,no,yes,0
Drop,52,pilot_it2_drop_all_bowls_box_1_dis_1_occ_0002,Will the red cube touch the yellow mat?,no,no,1
Drop,53,pilot_it2_drop_all_bowls_box_1_dis_1_occ_0003,Will the red cube touch the yellow mat?,yes,yes,1
Drop,54,pilot_it2_drop_all_bowls_box_1_dis_1_occ_0004,Will the red cube touch the yellow mat?,no,no,1
Drop,55,pilot_it2_drop_all_bowls_box_1_dis_1_occ_0005,Will the red cube touch the yellow mat?,no,yes,0
Drop,56,pilot_it2_drop_all_bowls_box_1_dis_1_occ_0006,Will the red cube touch the yellow mat?,yes,yes,1
Drop,57,pilot_it2_drop_all_bowls_box_1_dis_1_occ_0007,Will the red cube touch the yellow mat?,no,yes,0
Drop,58,pilot_it2_drop_all_bowls_box_1_dis_1_occ_0008,Will the red cube touch the yellow mat?,yes,no,0
Drop,59,pilot_it2_drop_all_bowls_box_1_dis_1_occ_0009,Will the red cube touch the yellow mat?,no,yes,0
Drop,60,pilot_it2_drop_all_bowls_box_1_dis_1_occ_0010,Will the red cube touch the yellow mat?,yes,no,0
Drop,61,pilot_it2_drop_all_bowls_box_1_dis_1_occ_0011,Will the red cube touch the yellow mat?,yes,yes,1
Drop,62,pilot_it2_drop_all_bowls_box_1_dis_1_occ_0012,Will the red cube touch the yellow mat?,no,yes,0
Drop,63,pilot_it2_drop_all_bowls_box_1_dis_1_occ_0013,Will the red cube touch the yellow mat?,yes,yes,1
Drop,64,pilot_it2_drop_all_bowls_box_1_dis_1_occ_0014,Will the red cube touch the yellow mat?,yes,yes,1
Drop,65,pilot_it2_drop_all_bowls_box_1_dis_1_occ_0015,Will the red cube touch the yellow mat?,no,no,1
Drop,66,pilot_it2_drop_all_bowls_box_1_dis_1_occ_0016,Will the red cube touch the yellow mat?,no,yes,0
Drop,67,pilot_it2_drop_all_bowls_box_1_dis_1_occ_0017,Will the red cube touch the yellow mat?,no,no,1
Drop,68,pilot_it2_drop_all_bowls_box_1_dis_1_occ_0018,Will the red cube touch the yellow mat?,yes,yes,1
Drop,69,pilot_it2_drop_all_bowls_box_1_dis_1_occ_0019,Will the red cube touch the yellow mat?,no,yes,0
Drop,70,pilot_it2_drop_all_bowls_box_1_dis_1_occ_0020,Will the red cube touch the yellow mat?,yes,no,0
Drop,71,pilot_it2_drop_all_bowls_box_1_dis_1_occ_0021,Will the red cube touch the yellow mat?,yes,yes,1
Drop,72,pilot_it2_drop_all_bowls_box_1_dis_1_occ_0022,Will the red cube touch the yellow mat?,no,yes,0
Drop,73,pilot_it2_drop_all_bowls_box_1_dis_1_occ_0023,Will the red cube touch the yellow mat?,yes,no,0
Drop,74,pilot_it2_drop_all_bowls_box_1_dis_1_occ_0024,Will the red cube touch the yellow mat?,no,yes,0
Drop,75,pilot_it2_drop_all_bowls_box_1_dis_1_occ_0025,Will the red cube touch the yellow mat?,yes,yes,1
Drop,76,pilot_it2_drop_all_bowls_box_1_dis_1_occ_0026,Will the red cube touch the yellow mat?,yes,yes,1
Drop,77,pilot_it2_drop_all_bowls_box_1_dis_1_occ_0027,Will the red cube touch the yellow mat?,no,no,1
Drop,78,pilot_it2_drop_all_bowls_box_1_dis_1_occ_0028,Will the red cube touch the yellow mat?,no,yes,0
Drop,79,pilot_it2_drop_all_bowls_box_1_dis_1_occ_0029,Will the red cube touch the yellow mat?,yes,yes,1
Drop,80,pilot_it2_drop_all_bowls_box_1_dis_1_occ_0030,Will the red cube touch the yellow mat?,no,yes,0
Drop,81,pilot_it2_drop_all_bowls_box_1_dis_1_occ_0031,Will the red cube touch the yellow mat?,yes,no,0
Drop,82,pilot_it2_drop_all_bowls_box_1_dis_1_occ_0032,Will the red cube touch the yellow mat?,yes,yes,1
Drop,83,pilot_it2_drop_all_bowls_box_1_dis_1_occ_0033,Will the red cube touch the yellow mat?,yes,no,0
Drop,84,pilot_it2_drop_all_bowls_box_1_dis_1_occ_0034,Will the red cube touch the yellow mat?,yes,yes,1
Drop,85,pilot_it2_drop_all_bowls_box_1_dis_1_occ_0035,Will the red cube touch the yellow mat?,yes,no,0
Drop,86,pilot_it2_drop_all_bowls_box_1_dis_1_occ_0036,Will the red cube touch the yellow mat?,no,yes,0
Drop,87,pilot_it2_drop_all_bowls_box_1_dis_1_occ_0037,Will the red cube touch the yellow mat?,no,no,1
Drop,88,pilot_it2_drop_all_bowls_box_1_dis_1_occ_0038,Will the red cube touch the yellow mat?,no,yes,0
Drop,89,pilot_it2_drop_all_bowls_box_1_dis_1_occ_0039,Will the red cube touch the yellow mat?,no,yes,0
Drop,90,pilot_it2_drop_all_bowls_box_1_dis_1_occ_0040,Will the red cube touch the yellow mat?,no,yes,0
Drop,91,pilot_it2_drop_all_bowls_box_1_dis_1_occ_0041,Will the red cube touch the yellow mat?,no,yes,0
Drop,92,pilot_it2_drop_all_bowls_box_1_dis_1_occ_0042,Will the red cube touch the yellow mat?,no,yes,0
Drop,93,pilot_it2_drop_all_bowls_box_1_dis_1_occ_0043,Will the red cube touch the yellow mat?,no,no,1
Drop,94,pilot_it2_drop_all_bowls_box_1_dis_1_occ_0044,Will the red cube touch the yellow mat?,yes,yes,1
Drop,95,pilot_it2_drop_all_bowls_box_1_dis_1_occ_0045,Will the red cube touch the yellow mat?,no,no,1
Drop,96,pilot_it2_drop_all_bowls_box_1_dis_1_occ_0046,Will the red cube touch the yellow mat?,yes,no,0
Drop,97,pilot_it2_drop_all_bowls_box_1_dis_1_occ_0047,Will the red cube touch the yellow mat?,no,yes,0
Drop,98,pilot_it2_drop_all_bowls_box_1_dis_1_occ_0048,Will the red cube touch the yellow mat?,yes,yes,1
Drop,99,pilot_it2_drop_all_bowls_box_1_dis_1_occ_0049,Will the red cube touch the yellow mat?,yes,yes,1
Drop,100,pilot_it2_drop_all_bowls_box_2_dis_2_occ_0000,Will the red cube touch the yellow mat?,no,yes,0
Drop,101,pilot_it2_drop_all_bowls_box_2_dis_2_occ_0001,Will the red cube touch the yellow mat?,no,yes,0
Drop,102,pilot_it2_drop_all_bowls_box_2_dis_2_occ_0002,Will the red cube touch the yellow mat?,no,no,1
Drop,103,pilot_it2_drop_all_bowls_box_2_dis_2_occ_0003,Will the red cube touch the yellow mat?,yes,yes,1
Drop,104,pilot_it2_drop_all_bowls_box_2_dis_2_occ_0004,Will the red cube touch the yellow mat?,no,no,1
Drop,105,pilot_it2_drop_all_bowls_box_2_dis_2_occ_0005,Will the red cube touch the yellow mat?,no,yes,0
Drop,106,pilot_it2_drop_all_bowls_box_2_dis_2_occ_0006,Will the red cube touch the yellow mat?,yes,yes,1
Drop,107,pilot_it2_drop_all_bowls_box_2_dis_2_occ_0007,Will the red cube touch the yellow mat?,no,yes,0
Drop,108,pilot_it2_drop_all_bowls_box_2_dis_2_occ_0008,Will the red cube touch the yellow mat?,yes,yes,1
Drop,109,pilot_it2_drop_all_bowls_box_2_dis_2_occ_0009,Will the red cube touch the yellow mat?,no,yes,0
Drop,110,pilot_it2_drop_all_bowls_box_2_dis_2_occ_0010,Will the red cube touch the yellow mat?,yes,yes,1
Drop,111,pilot_it2_drop_all_bowls_box_2_dis_2_occ_0011,Will the red cube touch the yellow mat?,yes,yes,1
Drop,112,pilot_it2_drop_all_bowls_box_2_dis_2_occ_0012,Will the red cube touch the yellow mat?,no,yes,0
Drop,113,pilot_it2_drop_all_bowls_box_2_dis_2_occ_0013,Will the red cube touch the yellow mat?,yes,yes,1
Drop,114,pilot_it2_drop_all_bowls_box_2_dis_2_occ_0014,Will the red cube touch the yellow mat?,yes,yes,1
Drop,115,pilot_it2_drop_all_bowls_box_2_dis_2_occ_0015,Will the red cube touch the yellow mat?,no,no,1
Drop,116,pilot_it2_drop_all_bowls_box_2_dis_2_occ_0016,Will the red cube touch the yellow mat?,no,yes,0
Drop,117,pilot_it2_drop_all_bowls_box_2_dis_2_occ_0017,Will the red cube touch the yellow mat?,no,no,1
Drop,118,pilot_it2_drop_all_bowls_box_2_dis_2_occ_0018,Will the red cube touch the yellow mat?,yes,yes,1
Drop,119,pilot_it2_drop_all_bowls_box_2_dis_2_occ_0019,Will the red cube touch the yellow mat?,no,yes,0
Drop,120,pilot_it2_drop_all_bowls_box_2_dis_2_occ_0020,Will the red cube touch the yellow mat?,yes,no,0
Drop,121,pilot_it2_drop_all_bowls_box_2_dis_2_occ_0021,Will the red cube touch the yellow mat?,yes,yes,1
Drop,122,pilot_it2_drop_all_bowls_box_2_dis_2_occ_0022,Will the red cube touch the yellow mat?,no,yes,0
Drop,123,pilot_it2_drop_all_bowls_box_2_dis_2_occ_0023,Will the red cube touch the yellow mat?,yes,yes,1
Drop,124,pilot_it2_drop_all_bowls_box_2_dis_2_occ_0024,Will the red cube touch the yellow mat?,yes,yes,1
Drop,125,pilot_it2_drop_all_bowls_box_2_dis_2_occ_0025,Will the red cube touch the yellow mat?,no,no,1
Drop,126,pilot_it2_drop_all_bowls_box_2_dis_2_occ_0026,Will the red cube touch the yellow mat?,yes,yes,1
Drop,127,pilot_it2_drop_all_bowls_box_2_dis_2_occ_0027,Will the red cube touch the yellow mat?,no,no,1
Drop,128,pilot_it2_drop_all_bowls_box_2_dis_2_occ_0028,Will the red cube touch the yellow mat?,no,yes,0
Drop,129,pilot_it2_drop_all_bowls_box_2_dis_2_occ_0029,Will the red cube touch the yellow mat?,yes,yes,1
Drop,130,pilot_it2_drop_all_bowls_box_2_dis_2_occ_0030,Will the red cube touch the yellow mat?,no,yes,0
Drop,131,pilot_it2_drop_all_bowls_box_2_dis_2_occ_0031,Will the red cube touch the yellow mat?,yes,no,0
Drop,132,pilot_it2_drop_all_bowls_box_2_dis_2_occ_0032,Will the red cube touch the yellow mat?,yes,yes,1
Drop,133,pilot_it2_drop_all_bowls_box_2_dis_2_occ_0033,Will the red cube touch the yellow mat?,yes,yes,1
Drop,134,pilot_it2_drop_all_bowls_box_2_dis_2_occ_0034,Will the red cube touch the yellow mat?,yes,yes,1
Drop,135,pilot_it2_drop_all_bowls_box_2_dis_2_occ_0035,Will the red cube touch the yellow mat?,yes,no,0
Drop,136,pilot_it2_drop_all_bowls_box_2_dis_2_occ_0036,Will the red cube touch the yellow mat?,no,yes,0
Drop,137,pilot_it2_drop_all_bowls_box_2_dis_2_occ_0037,Will the red cube touch the yellow mat?,no,no,1
Drop,138,pilot_it2_drop_all_bowls_box_2_dis_2_occ_0038,Will the red cube touch the yellow mat?,no,yes,0
Drop,139,pilot_it2_drop_all_bowls_box_2_dis_2_occ_0039,Will the red cube touch the yellow mat?,no,no,1
Drop,140,pilot_it2_drop_all_bowls_box_2_dis_2_occ_0040,Will the red cube touch the yellow mat?,no,yes,0
Drop,141,pilot_it2_drop_all_bowls_box_2_dis_2_occ_0041,Will the red cube touch the yellow mat?,no,yes,0
Drop,142,pilot_it2_drop_all_bowls_box_2_dis_2_occ_0042,Will the red cube touch the yellow mat?,no,yes,0
Drop,143,pilot_it2_drop_all_bowls_box_2_dis_2_occ_0043,Will the red cube touch the yellow mat?,no,yes,0
Drop,144,pilot_it2_drop_all_bowls_box_2_dis_2_occ_0044,Will the red cube touch the yellow mat?,no,yes,0
Drop,145,pilot_it2_drop_all_bowls_box_2_dis_2_occ_0045,Will the red cube touch the yellow mat?,no,no,1
Drop,146,pilot_it2_drop_all_bowls_box_2_dis_2_occ_0046,Will the red cube touch the yellow mat?,yes,yes,1
Drop,147,pilot_it2_drop_all_bowls_box_2_dis_2_occ_0047,Will the red cube touch the yellow mat?,no,yes,0
Drop,148,pilot_it2_drop_all_bowls_box_2_dis_2_occ_0048,Will the red cube touch the yellow mat?,yes,yes,1
Drop,149,pilot_it2_drop_all_bowls_box_2_dis_2_occ_0049,Will the red cube touch the yellow mat?,yes,yes,1
Drop,150,pilot_it2_drop_all_bowls_tdw_1_dis_1_occ_0000,Will the red cube touch the yellow mat?,no,yes,0
Drop,151,pilot_it2_drop_all_bowls_tdw_1_dis_1_occ_0001,Will the red cube touch the yellow mat?,no,yes,0
Drop,152,pilot_it2_drop_all_bowls_tdw_1_dis_1_occ_0002,Will the red cube touch the yellow mat?,no,yes,0
Drop,153,pilot_it2_drop_all_bowls_tdw_1_dis_1_occ_0003,Will the red cube touch the yellow mat?,yes,yes,1
Drop,154,pilot_it2_drop_all_bowls_tdw_1_dis_1_occ_0004,Will the red cube touch the yellow mat?,no,no,1
Drop,155,pilot_it2_drop_all_bowls_tdw_1_dis_1_occ_0005,Will the red cube touch the yellow mat?,no,yes,0
Drop,156,pilot_it2_drop_all_bowls_tdw_1_dis_1_occ_0006,Will the red cube touch the yellow mat?,no,yes,0
Drop,157,pilot_it2_drop_all_bowls_tdw_1_dis_1_occ_0007,Will the red cube touch the yellow mat?,no,yes,0
Drop,158,pilot_it2_drop_all_bowls_tdw_1_dis_1_occ_0008,Will the red cube touch the yellow mat?,yes,yes,1
Drop,159,pilot_it2_drop_all_bowls_tdw_1_dis_1_occ_0009,Will the red cube touch the yellow mat?,no,yes,0
Drop,160,pilot_it2_drop_all_bowls_tdw_1_dis_1_occ_0010,Will the red cube touch the yellow mat?,yes,yes,1
Drop,161,pilot_it2_drop_all_bowls_tdw_1_dis_1_occ_0011,Will the red cube touch the yellow mat?,yes,yes,1
Drop,162,pilot_it2_drop_all_bowls_tdw_1_dis_1_occ_0012,Will the red cube touch the yellow mat?,no,yes,0
Drop,163,pilot_it2_drop_all_bowls_tdw_1_dis_1_occ_0013,Will the red cube touch the yellow mat?,yes,yes,1
Drop,164,pilot_it2_drop_all_bowls_tdw_1_dis_1_occ_0014,Will the red cube touch the yellow mat?,yes,yes,1
Drop,165,pilot_it2_drop_all_bowls_tdw_1_dis_1_occ_0015,Will the red cube touch the yellow mat?,no,no,1
Drop,166,pilot_it2_drop_all_bowls_tdw_1_dis_1_occ_0016,Will the red cube touch the yellow mat?,no,yes,0
Drop,167,pilot_it2_drop_all_bowls_tdw_1_dis_1_occ_0017,Will the red cube touch the yellow mat?,no,no,1
Drop,168,pilot_it2_drop_all_bowls_tdw_1_dis_1_occ_0018,Will the red cube touch the yellow mat?,yes,yes,1
Drop,169,pilot_it2_drop_all_bowls_tdw_1_dis_1_occ_0019,Will the red cube touch the yellow mat?,no,no,1
Drop,170,pilot_it2_drop_all_bowls_tdw_1_dis_1_occ_0020,Will the red cube touch the yellow mat?,yes,yes,1
Drop,171,pilot_it2_drop_all_bowls_tdw_1_dis_1_occ_0021,Will the red cube touch the yellow mat?,yes,yes,1
Drop,172,pilot_it2_drop_all_bowls_tdw_1_dis_1_occ_0022,Will the red cube touch the yellow mat?,no,yes,0
Drop,173,pilot_it2_drop_all_bowls_tdw_1_dis_1_occ_0023,Will the red cube touch the yellow mat?,yes,yes,1
Drop,174,pilot_it2_drop_all_bowls_tdw_1_dis_1_occ_0024,Will the red cube touch the yellow mat?,no,yes,0
Drop,175,pilot_it2_drop_all_bowls_tdw_1_dis_1_occ_0025,Will the red cube touch the yellow mat?,yes,no,0
Drop,176,pilot_it2_drop_all_bowls_tdw_1_dis_1_occ_0026,Will the red cube touch the yellow mat?,yes,yes,1
Drop,177,pilot_it2_drop_all_bowls_tdw_1_dis_1_occ_0027,Will the red cube touch the yellow mat?,no,no,1
Drop,178,pilot_it2_drop_all_bowls_tdw_1_dis_1_occ_0028,Will the red cube touch the yellow mat?,no,yes,0
Drop,179,pilot_it2_drop_all_bowls_tdw_1_dis_1_occ_0029,Will the red cube touch the yellow mat?,yes,yes,1
Drop,180,pilot_it2_drop_all_bowls_tdw_1_dis_1_occ_0030,Will the red cube touch the yellow mat?,no,yes,0
Drop,181,pilot_it2_drop_all_bowls_tdw_1_dis_1_occ_0031,Will the red cube touch the yellow mat?,yes,yes,1
Drop,182,pilot_it2_drop_all_bowls_tdw_1_dis_1_occ_0032,Will the red cube touch the yellow mat?,yes,yes,1
Drop,183,pilot_it2_drop_all_bowls_tdw_1_dis_1_occ_0033,Will the red cube touch the yellow mat?,yes,yes,1
Drop,184,pilot_it2_drop_all_bowls_tdw_1_dis_1_occ_0034,Will the red cube touch the yellow mat?,yes,no,0
Drop,185,pilot_it2_drop_all_bowls_tdw_1_dis_1_occ_0035,Will the red cube touch the yellow mat?,yes,no,0
Drop,186,pilot_it2_drop_all_bowls_tdw_1_dis_1_occ_0036,Will the red cube touch the yellow mat?,no,yes,0
Drop,187,pilot_it2_drop_all_bowls_tdw_1_dis_1_occ_0037,Will the red cube touch the yellow mat?,no,no,1
Drop,188,pilot_it2_drop_all_bowls_tdw_1_dis_1_occ_0038,Will the red cube touch the yellow mat?,no,no,1
Drop,189,pilot_it2_drop_all_bowls_tdw_1_dis_1_occ_0039,Will the red cube touch the yellow mat?,no,yes,0
Drop,190,pilot_it2_drop_all_bowls_tdw_1_dis_1_occ_0040,Will the red cube touch the yellow mat?,no,yes,0
Drop,191,pilot_it2_drop_all_bowls_tdw_1_dis_1_occ_0041,Will the red cube touch the yellow mat?,no,yes,0
Drop,192,pilot_it2_drop_all_bowls_tdw_1_dis_1_occ_0042,Will the red cube touch the yellow mat?,no,yes,0
Drop,193,pilot_it2_drop_all_bowls_tdw_1_dis_1_occ_0043,Will the red cube touch the yellow mat?,no,no,1
Drop,194,pilot_it2_drop_all_bowls_tdw_1_dis_1_occ_0044,Will the red cube touch the yellow mat?,yes,yes,1
Drop,195,pilot_it2_drop_all_bowls_tdw_1_dis_1_occ_0045,Will the red cube touch the yellow mat?,no,no,1
Drop,196,pilot_it2_drop_all_bowls_tdw_1_dis_1_occ_0046,Will the red cube touch the yellow mat?,yes,no,0
Drop,197,pilot_it2_drop_all_bowls_tdw_1_dis_1_occ_0047,Will the red cube touch the yellow mat?,no,yes,0
Drop,198,pilot_it2_drop_all_bowls_tdw_1_dis_1_occ_0048,Will the red cube touch the yellow mat?,yes,yes,1
Drop,199,pilot_it2_drop_all_bowls_tdw_1_dis_1_occ_0049,Will the red cube touch the yellow mat?,yes,yes,1
Drop,200,pilot_it2_drop_all_bowls_tdw_2_dis_2_occ_0000,Will the red cube touch the yellow mat?,no,yes,0
Drop,201,pilot_it2_drop_all_bowls_tdw_2_dis_2_occ_0001,Will the red cube touch the yellow mat?,no,yes,0
Drop,202,pilot_it2_drop_all_bowls_tdw_2_dis_2_occ_0002,Will the red cube touch the yellow mat?,no,no,1
Drop,203,pilot_it2_drop_all_bowls_tdw_2_dis_2_occ_0003,Will the red cube touch the yellow mat?,yes,yes,1
Drop,204,pilot_it2_drop_all_bowls_tdw_2_dis_2_occ_0004,Will the red cube touch the yellow mat?,no,no,1
Drop,205,pilot_it2_drop_all_bowls_tdw_2_dis_2_occ_0005,Will the red cube touch the yellow mat?,no,yes,0
Drop,206,pilot_it2_drop_all_bowls_tdw_2_dis_2_occ_0006,Will the red cube touch the yellow mat?,yes,yes,1
Drop,207,pilot_it2_drop_all_bowls_tdw_2_dis_2_occ_0007,Will the red cube touch the yellow mat?,no,yes,0
Drop,208,pilot_it2_drop_all_bowls_tdw_2_dis_2_occ_0008,Will the red cube touch the yellow mat?,yes,yes,1
Drop,209,pilot_it2_drop_all_bowls_tdw_2_dis_2_occ_0009,Will the red cube touch the yellow mat?,no,yes,0
Drop,210,pilot_it2_drop_all_bowls_tdw_2_dis_2_occ_0010,Will the red cube touch the yellow mat?,yes,yes,1
Drop,211,pilot_it2_drop_all_bowls_tdw_2_dis_2_occ_0011,Will the red cube touch the yellow mat?,yes,yes,1
Drop,212,pilot_it2_drop_all_bowls_tdw_2_dis_2_occ_0012,Will the red cube touch the yellow mat?,no,yes,0
Drop,213,pilot_it2_drop_all_bowls_tdw_2_dis_2_occ_0013,Will the red cube touch the yellow mat?,yes,yes,1
Drop,214,pilot_it2_drop_all_bowls_tdw_2_dis_2_occ_0014,Will the red cube touch the yellow mat?,yes,yes,1
Drop,215,pilot_it2_drop_all_bowls_tdw_2_dis_2_occ_0015,Will the red cube touch the yellow mat?,no,no,1
Drop,216,pilot_it2_drop_all_bowls_tdw_2_dis_2_occ_0016,Will the red cube touch the yellow mat?,no,yes,0
Drop,217,pilot_it2_drop_all_bowls_tdw_2_dis_2_occ_0017,Will the red cube touch the yellow mat?,no,no,1
Drop,218,pilot_it2_drop_all_bowls_tdw_2_dis_2_occ_0018,Will the red cube touch the yellow mat?,yes,yes,1
Drop,219,pilot_it2_drop_all_bowls_tdw_2_dis_2_occ_0019,Will the red cube touch the yellow mat?,no,yes,0
Drop,220,pilot_it2_drop_all_bowls_tdw_2_dis_2_occ_0020,Will the red cube touch the yellow mat?,yes,no,0
Drop,221,pilot_it2_drop_all_bowls_tdw_2_dis_2_occ_0021,Will the red cube touch the yellow mat?,yes,yes,1
Drop,222,pilot_it2_drop_all_bowls_tdw_2_dis_2_occ_0022,Will the red cube touch the yellow mat?,no,yes,0
Drop,223,pilot_it2_drop_all_bowls_tdw_2_dis_2_occ_0023,Will the red cube touch the yellow mat?,yes,yes,1
Drop,224,pilot_it2_drop_all_bowls_tdw_2_dis_2_occ_0024,Will the red cube touch the yellow mat?,yes,yes,1
Drop,225,pilot_it2_drop_all_bowls_tdw_2_dis_2_occ_0025,Will the red cube touch the yellow mat?,no,no,1
Drop,226,pilot_it2_drop_all_bowls_tdw_2_dis_2_occ_0026,Will the red cube touch the yellow mat?,yes,yes,1
Drop,227,pilot_it2_drop_all_bowls_tdw_2_dis_2_occ_0027,Will the red cube touch the yellow mat?,no,no,1
Drop,228,pilot_it2_drop_all_bowls_tdw_2_dis_2_occ_0028,Will the red cube touch the yellow mat?,no,yes,0
Drop,229,pilot_it2_drop_all_bowls_tdw_2_dis_2_occ_0029,Will the red cube touch the yellow mat?,yes,yes,1
Drop,230,pilot_it2_drop_all_bowls_tdw_2_dis_2_occ_0030,Will the red cube touch the yellow mat?,no,yes,0
Drop,231,pilot_it2_drop_all_bowls_tdw_2_dis_2_occ_0031,Will the red cube touch the yellow mat?,yes,yes,1
Drop,232,pilot_it2_drop_all_bowls_tdw_2_dis_2_occ_0032,Will the red cube touch the yellow mat?,yes,no,0
Drop,233,pilot_it2_drop_all_bowls_tdw_2_dis_2_occ_0033,Will the red cube touch the yellow mat?,yes,yes,1
Drop,234,pilot_it2_drop_all_bowls_tdw_2_dis_2_occ_0034,Will the red cube touch the yellow mat?,yes,no,0
Drop,235,pilot_it2_drop_all_bowls_tdw_2_dis_2_occ_0035,Will the red cube touch the yellow mat?,yes,no,0
Drop,236,pilot_it2_drop_all_bowls_tdw_2_dis_2_occ_0036,Will the red cube touch the yellow mat?,no,yes,0
Drop,237,pilot_it2_drop_all_bowls_tdw_2_dis_2_occ_0037,Will the red cube touch the yellow mat?,no,no,1
Drop,238,pilot_it2_drop_all_bowls_tdw_2_dis_2_occ_0038,Will the red cube touch the yellow mat?,no,no,1
Drop,239,pilot_it2_drop_all_bowls_tdw_2_dis_2_occ_0039,Will the red cube touch the yellow mat?,no,no,1
Drop,240,pilot_it2_drop_all_bowls_tdw_2_dis_2_occ_0040,Will the red cube touch the yellow mat?,no,yes,0
Drop,241,pilot_it2_drop_all_bowls_tdw_2_dis_2_occ_0041,Will the red cube touch the yellow mat?,no,yes,0
Drop,242,pilot_it2_drop_all_bowls_tdw_2_dis_2_occ_0042,Will the red cube touch the yellow mat?,no,yes,0
Drop,243,pilot_it2_drop_all_bowls_tdw_2_dis_2_occ_0043,Will the red cube touch the yellow mat?,no,yes,0
Drop,244,pilot_it2_drop_all_bowls_tdw_2_dis_2_occ_0044,Will the red cube touch the yellow mat?,no,yes,0
Drop,245,pilot_it2_drop_all_bowls_tdw_2_dis_2_occ_0045,Will the red cube touch the yellow mat?,no,no,1
Drop,246,pilot_it2_drop_all_bowls_tdw_2_dis_2_occ_0046,Will the red cube touch the yellow mat?,yes,no,0
Drop,247,pilot_it2_drop_all_bowls_tdw_2_dis_2_occ_0047,Will the red cube touch the yellow mat?,no,yes,0
Drop,248,pilot_it2_drop_all_bowls_tdw_2_dis_2_occ_0048,Will the red cube touch the yellow mat?,yes,yes,1
Drop,249,pilot_it2_drop_all_bowls_tdw_2_dis_2_occ_0049,Will the red cube touch the yellow mat?,yes,yes,1
Drop,250,pilot_it2_drop_sidezone_box_0000,Will the red cube touch the yellow mat?,no,yes,0
Drop,251,pilot_it2_drop_sidezone_box_0001,Will the red cube touch the yellow mat?,no,yes,0
Drop,252,pilot_it2_drop_sidezone_box_0002,Will the red cube touch the yellow mat?,yes,no,0
Drop,253,pilot_it2_drop_sidezone_box_0003,Will the red cube touch the yellow mat?,no,yes,0
Drop,254,pilot_it2_drop_sidezone_box_0004,Will the red cube touch the yellow mat?,yes,yes,1
Drop,255,pilot_it2_drop_sidezone_box_0005,Will the red cube touch the yellow mat?,no,yes,0
Drop,256,pilot_it2_drop_sidezone_box_0006,Will the red cube touch the yellow mat?,no,yes,0
Drop,257,pilot_it2_drop_sidezone_box_0007,Will the red cube touch the yellow mat?,yes,yes,1
Drop,258,pilot_it2_drop_sidezone_box_0008,Will the red cube touch the yellow mat?,yes,yes,1
Drop,259,pilot_it2_drop_sidezone_box_0009,Will the red cube touch the yellow mat?,yes,yes,1
Drop,260,pilot_it2_drop_sidezone_box_0010,Will the red cube touch the yellow mat?,yes,yes,1
Drop,261,pilot_it2_drop_sidezone_box_0011,Will the red cube touch the yellow mat?,yes,yes,1
Drop,262,pilot_it2_drop_sidezone_box_0012,Will the red cube touch the yellow mat?,yes,yes,1
Drop,263,pilot_it2_drop_sidezone_box_0013,Will the red cube touch the yellow mat?,no,yes,0
Drop,264,pilot_it2_drop_sidezone_box_0014,Will the red cube touch the yellow mat?,yes,yes,1
Drop,265,pilot_it2_drop_sidezone_box_0015,Will the red cube touch the yellow mat?,yes,no,0
Drop,266,pilot_it2_drop_sidezone_box_0016,Will the red cube touch the yellow mat?,yes,yes,1
Drop,267,pilot_it2_drop_sidezone_box_0017,Will the red cube touch the yellow mat?,yes,yes,1
Drop,268,pilot_it2_drop_sidezone_box_0018,Will the red cube touch the yellow mat?,no,yes,0
Drop,269,pilot_it2_drop_sidezone_box_0019,Will the red cube touch the yellow mat?,no,yes,0
Drop,270,pilot_it2_drop_sidezone_box_0020,Will the red cube touch the yellow mat?,no,no,1
Drop,271,pilot_it2_drop_sidezone_box_0021,Will the red cube touch the yellow mat?,no,yes,0
Drop,272,pilot_it2_drop_sidezone_box_0022,Will the red cube touch the yellow mat?,yes,yes,1
Drop,273,pilot_it2_drop_sidezone_box_0023,Will the red cube touch the yellow mat?,yes,yes,1
Drop,274,pilot_it2_drop_sidezone_box_0024,Will the red cube touch the yellow mat?,yes,yes,1
Drop,275,pilot_it2_drop_sidezone_box_0025,Will the red cube touch the yellow mat?,yes,yes,1
Drop,276,pilot_it2_drop_sidezone_box_0026,Will the red cube touch the yellow mat?,no,yes,0
Drop,277,pilot_it2_drop_sidezone_box_0027,Will the red cube touch the yellow mat?,no,no,1
Drop,278,pilot_it2_drop_sidezone_box_0028,Will the red cube touch the yellow mat?,yes,yes,1
Drop,279,pilot_it2_drop_sidezone_box_0029,Will the red cube touch the yellow mat?,no,yes,0
Drop,280,pilot_it2_drop_sidezone_box_0030,Will the red cube touch the yellow mat?,yes,yes,1
Drop,281,pilot_it2_drop_sidezone_box_0031,Will the red cube touch the yellow mat?,no,yes,0
Drop,282,pilot_it2_drop_sidezone_box_0032,Will the red cube touch the yellow mat?,no,yes,0
Drop,283,pilot_it2_drop_sidezone_box_0033,Will the red cube touch the yellow mat?,yes,yes,1
Drop,284,pilot_it2_drop_sidezone_box_0034,Will the red cube touch the yellow mat?,yes,yes,1
Drop,285,pilot_it2_drop_sidezone_box_0035,Will the red cube touch the yellow mat?,yes,no,0
Drop,286,pilot_it2_drop_sidezone_box_0036,Will the red cube touch the yellow mat?,yes,yes,1
Drop,287,pilot_it2_drop_sidezone_box_0037,Will the red cube touch the yellow mat?,yes,yes,1
Drop,288,pilot_it2_drop_sidezone_box_0038,Will the red cube touch the yellow mat?,yes,yes,1
Drop,289,pilot_it2_drop_sidezone_box_0039,Will the red cube touch the yellow mat?,yes,yes,1
Drop,290,pilot_it2_drop_sidezone_box_0040,Will the red cube touch the yellow mat?,no,yes,0
Drop,291,pilot_it2_drop_sidezone_box_0041,Will the red cube touch the yellow mat?,no,no,1
Drop,292,pilot_it2_drop_sidezone_box_0042,Will the red cube touch the yellow mat?,yes,yes,1
Drop,293,pilot_it2_drop_sidezone_box_0043,Will the red cube touch the yellow mat?,yes,yes,1
Drop,294,pilot_it2_drop_sidezone_box_0044,Will the red cube touch the yellow mat?,no,yes,0
Drop,295,pilot_it2_drop_sidezone_box_0045,Will the red cube touch the yellow mat?,yes,yes,1
Drop,296,pilot_it2_drop_sidezone_box_0046,Will the red cube touch the yellow mat?,yes,yes,1
Drop,297,pilot_it2_drop_sidezone_box_0047,Will the red cube touch the yellow mat?,no,yes,0
Drop,298,pilot_it2_drop_sidezone_box_0048,Will the red cube touch the yellow mat?,no,no,1
Drop,299,pilot_it2_drop_sidezone_box_0049,Will the red cube touch the yellow mat?,no,yes,0
Drop,300,pilot_it2_drop_sidezone_box_1_dis_1_occ_0000,Will the red cube touch the yellow mat?,no,yes,0
Drop,301,pilot_it2_drop_sidezone_box_1_dis_1_occ_0001,Will the red cube touch the yellow mat?,no,yes,0
Drop,302,pilot_it2_drop_sidezone_box_1_dis_1_occ_0002,Will the red cube touch the yellow mat?,yes,no,0
Drop,303,pilot_it2_drop_sidezone_box_1_dis_1_occ_0003,Will the red cube touch the yellow mat?,no,yes,0
Drop,304,pilot_it2_drop_sidezone_box_1_dis_1_occ_0004,Will the red cube touch the yellow mat?,yes,yes,1
Drop,305,pilot_it2_drop_sidezone_box_1_dis_1_occ_0005,Will the red cube touch the yellow mat?,no,yes,0
Drop,306,pilot_it2_drop_sidezone_box_1_dis_1_occ_0006,Will the red cube touch the yellow mat?,no,yes,0
Drop,307,pilot_it2_drop_sidezone_box_1_dis_1_occ_0007,Will the red cube touch the yellow mat?,yes,yes,1
Drop,308,pilot_it2_drop_sidezone_box_1_dis_1_occ_0008,Will the red cube touch the yellow mat?,yes,yes,1
Drop,309,pilot_it2_drop_sidezone_box_1_dis_1_occ_0009,Will the red cube touch the yellow mat?,yes,yes,1
Drop,310,pilot_it2_drop_sidezone_box_1_dis_1_occ_0010,Will the red cube touch the yellow mat?,yes,yes,1
Drop,311,pilot_it2_drop_sidezone_box_1_dis_1_occ_0011,Will the red cube touch the yellow mat?,yes,yes,1
Drop,312,pilot_it2_drop_sidezone_box_1_dis_1_occ_0012,Will the red cube touch the yellow mat?,yes,yes,1
Drop,313,pilot_it2_drop_sidezone_box_1_dis_1_occ_0013,Will the red cube touch the yellow mat?,no,yes,0
Drop,314,pilot_it2_drop_sidezone_box_1_dis_1_occ_0014,Will the red cube touch the yellow mat?,yes,yes,1
Drop,315,pilot_it2_drop_sidezone_box_1_dis_1_occ_0015,Will the red cube touch the yellow mat?,yes,no,0
Drop,316,pilot_it2_drop_sidezone_box_1_dis_1_occ_0016,Will the red cube touch the yellow mat?,yes,yes,1
Drop,317,pilot_it2_drop_sidezone_box_1_dis_1_occ_0017,Will the red cube touch the yellow mat?,yes,no,0
Drop,318,pilot_it2_drop_sidezone_box_1_dis_1_occ_0018,Will the red cube touch the yellow mat?,no,yes,0
Drop,319,pilot_it2_drop_sidezone_box_1_dis_1_occ_0019,Will the red cube touch the yellow mat?,no,yes,0
Drop,320,pilot_it2_drop_sidezone_box_1_dis_1_occ_0020,Will the red cube touch the yellow mat?,no,no,1
Drop,321,pilot_it2_drop_sidezone_box_1_dis_1_occ_0021,Will the red cube touch the yellow mat?,no,yes,0
Drop,322,pilot_it2_drop_sidezone_box_1_dis_1_occ_0022,Will the red cube touch the yellow mat?,yes,yes,1
Drop,323,pilot_it2_drop_sidezone_box_1_dis_1_occ_0023,Will the red cube touch the yellow mat?,yes,yes,1
Drop,324,pilot_it2_drop_sidezone_box_1_dis_1_occ_0024,Will the red cube touch the yellow mat?,yes,yes,1
Drop,325,pilot_it2_drop_sidezone_box_1_dis_1_occ_0025,Will the red cube touch the yellow mat?,yes,yes,1
Drop,326,pilot_it2_drop_sidezone_box_1_dis_1_occ_0026,Will the red cube touch the yellow mat?,no,yes,0
Drop,327,pilot_it2_drop_sidezone_box_1_dis_1_occ_0027,Will the red cube touch the yellow mat?,no,no,1
Drop,328,pilot_it2_drop_sidezone_box_1_dis_1_occ_0028,Will the red cube touch the yellow mat?,yes,yes,1
Drop,329,pilot_it2_drop_sidezone_box_1_dis_1_occ_0029,Will the red cube touch the yellow mat?,no,yes,0
Drop,330,pilot_it2_drop_sidezone_box_1_dis_1_occ_0030,Will the red cube touch the yellow mat?,yes,yes,1
Drop,331,pilot_it2_drop_sidezone_box_1_dis_1_occ_0031,Will the red cube touch the yellow mat?,no,yes,0
Drop,332,pilot_it2_drop_sidezone_box_1_dis_1_occ_0032,Will the red cube touch the yellow mat?,no,yes,0
Drop,333,pilot_it2_drop_sidezone_box_1_dis_1_occ_0033,Will the red cube touch the yellow mat?,yes,yes,1
Drop,334,pilot_it2_drop_sidezone_box_1_dis_1_occ_0034,Will the red cube touch the yellow mat?,yes,no,0
Drop,335,pilot_it2_drop_sidezone_box_1_dis_1_occ_0035,Will the red cube touch the yellow mat?,yes,no,0
Drop,336,pilot_it2_drop_sidezone_box_1_dis_1_occ_0036,Will the red cube touch the yellow mat?,yes,yes,1
Drop,337,pilot_it2_drop_sidezone_box_1_dis_1_occ_0037,Will the red cube touch the yellow mat?,yes,yes,1
Drop,338,pilot_it2_drop_sidezone_box_1_dis_1_occ_0038,Will the red cube touch the yellow mat?,yes,yes,1
Drop,339,pilot_it2_drop_sidezone_box_1_dis_1_occ_0039,Will the red cube touch the yellow mat?,yes,yes,1
Drop,340,pilot_it2_drop_sidezone_box_1_dis_1_occ_0040,Will the red cube touch the yellow mat?,no,yes,0
Drop,341,pilot_it2_drop_sidezone_box_1_dis_1_occ_0041,Will the red cube touch the yellow mat?,no,yes,0
Drop,342,pilot_it2_drop_sidezone_box_1_dis_1_occ_0042,Will the red cube touch the yellow mat?,yes,yes,1
Drop,343,pilot_it2_drop_sidezone_box_1_dis_1_occ_0043,Will the red cube touch the yellow mat?,yes,yes,1
Drop,344,pilot_it2_drop_sidezone_box_1_dis_1_occ_0044,Will the red cube touch the yellow mat?,no,yes,0
Drop,345,pilot_it2_drop_sidezone_box_1_dis_1_occ_0045,Will the red cube touch the yellow mat?,yes,yes,1
Drop,346,pilot_it2_drop_sidezone_box_1_dis_1_occ_0046,Will the red cube touch the yellow mat?,yes,no,0
Drop,347,pilot_it2_drop_sidezone_box_1_dis_1_occ_0047,Will the red cube touch the yellow mat?,no,yes,0
Drop,348,pilot_it2_drop_sidezone_box_1_dis_1_occ_0048,Will the red cube touch the yellow mat?,no,no,1
Drop,349,pilot_it2_drop_sidezone_box_1_dis_1_occ_0049,Will the red cube touch the yellow mat?,no,no,1
Drop,350,pilot_it2_drop_sidezone_box_2_dis_2_occ_0000,Will the red cube touch the yellow mat?,no,yes,0
Drop,351,pilot_it2_drop_sidezone_box_2_dis_2_occ_0001,Will the red cube touch the yellow mat?,no,yes,0
Drop,352,pilot_it2_drop_sidezone_box_2_dis_2_occ_0002,Will the red cube touch the yellow mat?,yes,no,0
Drop,353,pilot_it2_drop_sidezone_box_2_dis_2_occ_0003,Will the red cube touch the yellow mat?,no,yes,0
Drop,354,pilot_it2_drop_sidezone_box_2_dis_2_occ_0004,Will the red cube touch the yellow mat?,yes,yes,1
Drop,355,pilot_it2_drop_sidezone_box_2_dis_2_occ_0005,Will the red cube touch the yellow mat?,no,yes,0
Drop,356,pilot_it2_drop_sidezone_box_2_dis_2_occ_0006,Will the red cube touch the yellow mat?,no,yes,0
Drop,357,pilot_it2_drop_sidezone_box_2_dis_2_occ_0007,Will the red cube touch the yellow mat?,yes,yes,1
Drop,358,pilot_it2_drop_sidezone_box_2_dis_2_occ_0008,Will the red cube touch the yellow mat?,yes,yes,1
Drop,359,pilot_it2_drop_sidezone_box_2_dis_2_occ_0009,Will the red cube touch the yellow mat?,yes,yes,1
Drop,360,pilot_it2_drop_sidezone_box_2_dis_2_occ_0010,Will the red cube touch the yellow mat?,yes,yes,1
Drop,361,pilot_it2_drop_sidezone_box_2_dis_2_occ_0011,Will the red cube touch the yellow mat?,yes,yes,1
Drop,362,pilot_it2_drop_sidezone_box_2_dis_2_occ_0012,Will the red cube touch the yellow mat?,yes,yes,1
Drop,363,pilot_it2_drop_sidezone_box_2_dis_2_occ_0013,Will the red cube touch the yellow mat?,no,yes,0
Drop,364,pilot_it2_drop_sidezone_box_2_dis_2_occ_0014,Will the red cube touch the yellow mat?,yes,yes,1
Drop,365,pilot_it2_drop_sidezone_box_2_dis_2_occ_0015,Will the red cube touch the yellow mat?,yes,no,0
Drop,366,pilot_it2_drop_sidezone_box_2_dis_2_occ_0016,Will the red cube touch the yellow mat?,yes,yes,1
Drop,367,pilot_it2_drop_sidezone_box_2_dis_2_occ_0017,Will the red cube touch the yellow mat?,yes,yes,1
Drop,368,pilot_it2_drop_sidezone_box_2_dis_2_occ_0018,Will the red cube touch the yellow mat?,no,yes,0
Drop,369,pilot_it2_drop_sidezone_box_2_dis_2_occ_0019,Will the red cube touch the yellow mat?,no,yes,0
Drop,370,pilot_it2_drop_sidezone_box_2_dis_2_occ_0020,Will the red cube touch the yellow mat?,no,no,1
Drop,371,pilot_it2_drop_sidezone_box_2_dis_2_occ_0021,Will the red cube touch the yellow mat?,no,yes,0
Drop,372,pilot_it2_drop_sidezone_box_2_dis_2_occ_0022,Will the red cube touch the yellow mat?,yes,yes,1
Drop,373,pilot_it2_drop_sidezone_box_2_dis_2_occ_0023,Will the red cube touch the yellow mat?,yes,yes,1
Drop,374,pilot_it2_drop_sidezone_box_2_dis_2_occ_0024,Will the red cube touch the yellow mat?,yes,yes,1
Drop,375,pilot_it2_drop_sidezone_box_2_dis_2_occ_0025,Will the red cube touch the yellow mat?,yes,yes,1
Drop,376,pilot_it2_drop_sidezone_box_2_dis_2_occ_0026,Will the red cube touch the yellow mat?,no,yes,0
Drop,377,pilot_it2_drop_sidezone_box_2_dis_2_occ_0027,Will the red cube touch the yellow mat?,no,no,1
Drop,378,pilot_it2_drop_sidezone_box_2_dis_2_occ_0028,Will the red cube touch the yellow mat?,yes,yes,1
Drop,379,pilot_it2_drop_sidezone_box_2_dis_2_occ_0029,Will the red cube touch the yellow mat?,no,yes,0
Drop,380,pilot_it2_drop_sidezone_box_2_dis_2_occ_0030,Will the red cube touch the yellow mat?,yes,yes,1
Drop,381,pilot_it2_drop_sidezone_box_2_dis_2_occ_0031,Will the red cube touch the yellow mat?,no,no,1
Drop,382,pilot_it2_drop_sidezone_box_2_dis_2_occ_0032,Will the red cube touch the yellow mat?,no,yes,0
Drop,383,pilot_it2_drop_sidezone_box_2_dis_2_occ_0033,Will the red cube touch the yellow mat?,yes,yes,1
Drop,384,pilot_it2_drop_sidezone_box_2_dis_2_occ_0034,Will the red cube touch the yellow mat?,yes,yes,1
Drop,385,pilot_it2_drop_sidezone_box_2_dis_2_occ_0035,Will the red cube touch the yellow mat?,yes,no,0
Drop,386,pilot_it2_drop_sidezone_box_2_dis_2_occ_0036,Will the red cube touch the yellow mat?,yes,yes,1
Drop,387,pilot_it2_drop_sidezone_box_2_dis_2_occ_0037,Will the red cube touch the yellow mat?,yes,yes,1
Drop,388,pilot_it2_drop_sidezone_box_2_dis_2_occ_0038,Will the red cube touch the yellow mat?,yes,yes,1
Drop,389,pilot_it2_drop_sidezone_box_2_dis_2_occ_0039,Will the red cube touch the yellow mat?,yes,yes,1
Drop,390,pilot_it2_drop_sidezone_box_2_dis_2_occ_0040,Will the red cube touch the yellow mat?,no,yes,0
Drop,391,pilot_it2_drop_sidezone_box_2_dis_2_occ_0041,Will the red cube touch the yellow mat?,no,yes,0
Drop,392,pilot_it2_drop_sidezone_box_2_dis_2_occ_0042,Will the red cube touch the yellow mat?,yes,yes,1
Drop,393,pilot_it2_drop_sidezone_box_2_dis_2_occ_0043,Will the red cube touch the yellow mat?,yes,yes,1
Drop,394,pilot_it2_drop_sidezone_box_2_dis_2_occ_0044,Will the red cube touch the yellow mat?,no,yes,0
Drop,395,pilot_it2_drop_sidezone_box_2_dis_2_occ_0045,Will the red cube touch the yellow mat?,yes,yes,1
Drop,396,pilot_it2_drop_sidezone_box_2_dis_2_occ_0046,Will the red cube touch the yellow mat?,yes,no,0
Drop,397,pilot_it2_drop_sidezone_box_2_dis_2_occ_0047,Will the red cube touch the yellow mat?,no,yes,0
Drop,398,pilot_it2_drop_sidezone_box_2_dis_2_occ_0048,Will the red cube touch the yellow mat?,no,no,1
Drop,399,pilot_it2_drop_sidezone_box_2_dis_2_occ_0049,Will the red cube touch the yellow mat?,no,yes,0
Drop,400,pilot_it2_drop_sidezone_tdw_1_dis_1_occ_0000,Will the red cube touch the yellow mat?,no,yes,0
Drop,401,pilot_it2_drop_sidezone_tdw_1_dis_1_occ_0001,Will the red cube touch the yellow mat?,no,yes,0
Drop,402,pilot_it2_drop_sidezone_tdw_1_dis_1_occ_0002,Will the red cube touch the yellow mat?,yes,no,0
Drop,403,pilot_it2_drop_sidezone_tdw_1_dis_1_occ_0003,Will the red cube touch the yellow mat?,no,yes,0
Drop,404,pilot_it2_drop_sidezone_tdw_1_dis_1_occ_0004,Will the red cube touch the yellow mat?,yes,yes,1
Drop,405,pilot_it2_drop_sidezone_tdw_1_dis_1_occ_0005,Will the red cube touch the yellow mat?,no,yes,0
Drop,406,pilot_it2_drop_sidezone_tdw_1_dis_1_occ_0006,Will the red cube touch the yellow mat?,no,yes,0
Drop,407,pilot_it2_drop_sidezone_tdw_1_dis_1_occ_0007,Will the red cube touch the yellow mat?,no,yes,0
Drop,408,pilot_it2_drop_sidezone_tdw_1_dis_1_occ_0008,Will the red cube touch the yellow mat?,yes,yes,1
Drop,409,pilot_it2_drop_sidezone_tdw_1_dis_1_occ_0009,Will the red cube touch the yellow mat?,yes,yes,1
Drop,410,pilot_it2_drop_sidezone_tdw_1_dis_1_occ_0010,Will the red cube touch the yellow mat?,yes,yes,1
Drop,411,pilot_it2_drop_sidezone_tdw_1_dis_1_occ_0011,Will the red cube touch the yellow mat?,yes,yes,1
Drop,412,pilot_it2_drop_sidezone_tdw_1_dis_1_occ_0012,Will the red cube touch the yellow mat?,yes,yes,1
Drop,413,pilot_it2_drop_sidezone_tdw_1_dis_1_occ_0013,Will the red cube touch the yellow mat?,no,yes,0
Drop,414,pilot_it2_drop_sidezone_tdw_1_dis_1_occ_0014,Will the red cube touch the yellow mat?,yes,yes,1
Drop,415,pilot_it2_drop_sidezone_tdw_1_dis_1_occ_0015,Will the red cube touch the yellow mat?,yes,yes,1
Drop,416,pilot_it2_drop_sidezone_tdw_1_dis_1_occ_0016,Will the red cube touch the yellow mat?,yes,yes,1
Drop,417,pilot_it2_drop_sidezone_tdw_1_dis_1_occ_0017,Will the red cube touch the yellow mat?,yes,no,0
Drop,418,pilot_it2_drop_sidezone_tdw_1_dis_1_occ_0018,Will the red cube touch the yellow mat?,no,yes,0
Drop,419,pilot_it2_drop_sidezone_tdw_1_dis_1_occ_0019,Will the red cube touch the yellow mat?,no,yes,0
Drop,420,pilot_it2_drop_sidezone_tdw_1_dis_1_occ_0020,Will the red cube touch the yellow mat?,no,no,1
Drop,421,pilot_it2_drop_sidezone_tdw_1_dis_1_occ_0021,Will the red cube touch the yellow mat?,no,yes,0
Drop,422,pilot_it2_drop_sidezone_tdw_1_dis_1_occ_0022,Will the red cube touch the yellow mat?,yes,yes,1
Drop,423,pilot_it2_drop_sidezone_tdw_1_dis_1_occ_0023,Will the red cube touch the yellow mat?,yes,yes,1
Drop,424,pilot_it2_drop_sidezone_tdw_1_dis_1_occ_0024,Will the red cube touch the yellow mat?,yes,yes,1
Drop,425,pilot_it2_drop_sidezone_tdw_1_dis_1_occ_0025,Will the red cube touch the yellow mat?,yes,no,0
Drop,426,pilot_it2_drop_sidezone_tdw_1_dis_1_occ_0026,Will the red cube touch the yellow mat?,no,yes,0
Drop,427,pilot_it2_drop_sidezone_tdw_1_dis_1_occ_0027,Will the red cube touch the yellow mat?,no,no,1
Drop,428,pilot_it2_drop_sidezone_tdw_1_dis_1_occ_0028,Will the red cube touch the yellow mat?,yes,yes,1
Drop,429,pilot_it2_drop_sidezone_tdw_1_dis_1_occ_0029,Will the red cube touch the yellow mat?,no,yes,0
Drop,430,pilot_it2_drop_sidezone_tdw_1_dis_1_occ_0030,Will the red cube touch the yellow mat?,yes,yes,1
Drop,431,pilot_it2_drop_sidezone_tdw_1_dis_1_occ_0031,Will the red cube touch the yellow mat?,no,yes,0
Drop,432,pilot_it2_drop_sidezone_tdw_1_dis_1_occ_0032,Will the red cube touch the yellow mat?,no,yes,0
Drop,433,pilot_it2_drop_sidezone_tdw_1_dis_1_occ_0033,Will the red cube touch the yellow mat?,yes,no,0
Drop,434,pilot_it2_drop_sidezone_tdw_1_dis_1_occ_0034,Will the red cube touch the yellow mat?,yes,no,0
Drop,435,pilot_it2_drop_sidezone_tdw_1_dis_1_occ_0035,Will the red cube touch the yellow mat?,yes,no,0
Drop,436,pilot_it2_drop_sidezone_tdw_1_dis_1_occ_0036,Will the red cube touch the yellow mat?,yes,yes,1
Drop,437,pilot_it2_drop_sidezone_tdw_1_dis_1_occ_0037,Will the red cube touch the yellow mat?,yes,yes,1
Drop,438,pilot_it2_drop_sidezone_tdw_1_dis_1_occ_0038,Will the red cube touch the yellow mat?,yes,yes,1
Drop,439,pilot_it2_drop_sidezone_tdw_1_dis_1_occ_0039,Will the red cube touch the yellow mat?,yes,yes,1
Drop,440,pilot_it2_drop_sidezone_tdw_1_dis_1_occ_0040,Will the red cube touch the yellow mat?,no,yes,0
Drop,441,pilot_it2_drop_sidezone_tdw_1_dis_1_occ_0041,Will the red cube touch the yellow mat?,no,yes,0
Drop,442,pilot_it2_drop_sidezone_tdw_1_dis_1_occ_0042,Will the red cube touch the yellow mat?,yes,yes,1
Drop,443,pilot_it2_drop_sidezone_tdw_1_dis_1_occ_0043,Will the red cube touch the yellow mat?,yes,yes,1
Drop,444,pilot_it2_drop_sidezone_tdw_1_dis_1_occ_0044,Will the red cube touch the yellow mat?,no,yes,0
Drop,445,pilot_it2_drop_sidezone_tdw_1_dis_1_occ_0045,Will the red cube touch the yellow mat?,yes,yes,1
Drop,446,pilot_it2_drop_sidezone_tdw_1_dis_1_occ_0046,Will the red cube touch the yellow mat?,yes,no,0
Drop,447,pilot_it2_drop_sidezone_tdw_1_dis_1_occ_0047,Will the red cube touch the yellow mat?,no,yes,0
Drop,448,pilot_it2_drop_sidezone_tdw_1_dis_1_occ_0048,Will the red cube touch the yellow mat?,no,no,1
Drop,449,pilot_it2_drop_sidezone_tdw_1_dis_1_occ_0049,Will the red cube touch the yellow mat?,no,no,1
Drop,450,pilot_it2_drop_sidezone_tdw_2_dis_2_occ_0000,Will the red cube touch the yellow mat?,no,yes,0
Drop,451,pilot_it2_drop_sidezone_tdw_2_dis_2_occ_0001,Will the red cube touch the yellow mat?,no,yes,0
Drop,452,pilot_it2_drop_sidezone_tdw_2_dis_2_occ_0002,Will the red cube touch the yellow mat?,yes,no,0
Drop,453,pilot_it2_drop_sidezone_tdw_2_dis_2_occ_0003,Will the red cube touch the yellow mat?,no,yes,0
Drop,454,pilot_it2_drop_sidezone_tdw_2_dis_2_occ_0004,Will the red cube touch the yellow mat?,yes,yes,1
Drop,455,pilot_it2_drop_sidezone_tdw_2_dis_2_occ_0005,Will the red cube touch the yellow mat?,no,yes,0
Drop,456,pilot_it2_drop_sidezone_tdw_2_dis_2_occ_0006,Will the red cube touch the yellow mat?,no,yes,0
Drop,457,pilot_it2_drop_sidezone_tdw_2_dis_2_occ_0007,Will the red cube touch the yellow mat?,no,yes,0
Drop,458,pilot_it2_drop_sidezone_tdw_2_dis_2_occ_0008,Will the red cube touch the yellow mat?,yes,yes,1
Drop,459,pilot_it2_drop_sidezone_tdw_2_dis_2_occ_0009,Will the red cube touch the yellow mat?,yes,yes,1
Drop,460,pilot_it2_drop_sidezone_tdw_2_dis_2_occ_0010,Will the red cube touch the yellow mat?,yes,yes,1
Drop,461,pilot_it2_drop_sidezone_tdw_2_dis_2_occ_0011,Will the red cube touch the yellow mat?,yes,yes,1
Drop,462,pilot_it2_drop_sidezone_tdw_2_dis_2_occ_0012,Will the red cube touch the yellow mat?,yes,yes,1
Drop,463,pilot_it2_drop_sidezone_tdw_2_dis_2_occ_0013,Will the red cube touch the yellow mat?,no,yes,0
Drop,464,pilot_it2_drop_sidezone_tdw_2_dis_2_occ_0014,Will the red cube touch the yellow mat?,yes,yes,1
Drop,465,pilot_it2_drop_sidezone_tdw_2_dis_2_occ_0015,Will the red cube touch the yellow mat?,yes,no,0
Drop,466,pilot_it2_drop_sidezone_tdw_2_dis_2_occ_0016,Will the red cube touch the yellow mat?,yes,yes,1
Drop,467,pilot_it2_drop_sidezone_tdw_2_dis_2_occ_0017,Will the red cube touch the yellow mat?,yes,no,0
Drop,468,pilot_it2_drop_sidezone_tdw_2_dis_2_occ_0018,Will the red cube touch the yellow mat?,no,yes,0
Drop,469,pilot_it2_drop_sidezone_tdw_2_dis_2_occ_0019,Will the red cube touch the yellow mat?,no,no,1
Drop,470,pilot_it2_drop_sidezone_tdw_2_dis_2_occ_0020,Will the red cube touch the yellow mat?,no,no,1
Drop,471,pilot_it2_drop_sidezone_tdw_2_dis_2_occ_0021,Will the red cube touch the yellow mat?,no,yes,0
Drop,472,pilot_it2_drop_sidezone_tdw_2_dis_2_occ_0022,Will the red cube touch the yellow mat?,yes,yes,1
Drop,473,pilot_it2_drop_sidezone_tdw_2_dis_2_occ_0023,Will the red cube touch the yellow mat?,yes,yes,1
Drop,474,pilot_it2_drop_sidezone_tdw_2_dis_2_occ_0024,Will the red cube touch the yellow mat?,yes,yes,1
Drop,475,pilot_it2_drop_sidezone_tdw_2_dis_2_occ_0025,Will the red cube touch the yellow mat?,yes,yes,1
Drop,476,pilot_it2_drop_sidezone_tdw_2_dis_2_occ_0026,Will the red cube touch the yellow mat?,no,yes,0
Drop,477,pilot_it2_drop_sidezone_tdw_2_dis_2_occ_0027,Will the red cube touch the yellow mat?,no,no,1
Drop,478,pilot_it2_drop_sidezone_tdw_2_dis_2_occ_0028,Will the red cube touch the yellow mat?,yes,yes,1
Drop,479,pilot_it2_drop_sidezone_tdw_2_dis_2_occ_0029,Will the red cube touch the yellow mat?,no,yes,0
Drop,480,pilot_it2_drop_sidezone_tdw_2_dis_2_occ_0030,Will the red cube touch the yellow mat?,yes,yes,1
Drop,481,pilot_it2_drop_sidezone_tdw_2_dis_2_occ_0031,Will the red cube touch the yellow mat?,no,no,1
Drop,482,pilot_it2_drop_sidezone_tdw_2_dis_2_occ_0032,Will the red cube touch the yellow mat?,no,yes,0
Drop,483,pilot_it2_drop_sidezone_tdw_2_dis_2_occ_0033,Will the red cube touch the yellow mat?,yes,yes,1
Drop,484,pilot_it2_drop_sidezone_tdw_2_dis_2_occ_0034,Will the red cube touch the yellow mat?,yes,no,0
Drop,485,pilot_it2_drop_sidezone_tdw_2_dis_2_occ_0035,Will the red cube touch the yellow mat?,yes,yes,1
Drop,486,pilot_it2_drop_sidezone_tdw_2_dis_2_occ_0036,Will the red cube touch the yellow mat?,yes,yes,1
Drop,487,pilot_it2_drop_sidezone_tdw_2_dis_2_occ_0037,Will the red cube touch the yellow mat?,yes,yes,1
Drop,488,pilot_it2_drop_sidezone_tdw_2_dis_2_occ_0038,Will the red cube touch the yellow mat?,yes,yes,1
Drop,489,pilot_it2_drop_sidezone_tdw_2_dis_2_occ_0039,Will the red cube touch the yellow mat?,yes,yes,1
Drop,490,pilot_it2_drop_sidezone_tdw_2_dis_2_occ_0040,Will the red cube touch the yellow mat?,no,yes,0
Drop,491,pilot_it2_drop_sidezone_tdw_2_dis_2_occ_0041,Will the red cube touch the yellow mat?,no,yes,0
Drop,492,pilot_it2_drop_sidezone_tdw_2_dis_2_occ_0042,Will the red cube touch the yellow mat?,yes,yes,1
Drop,493,pilot_it2_drop_sidezone_tdw_2_dis_2_occ_0043,Will the red cube touch the yellow mat?,yes,yes,1
Drop,494,pilot_it2_drop_sidezone_tdw_2_dis_2_occ_0044,Will the red cube touch the yellow mat?,no,yes,0
Drop,495,pilot_it2_drop_sidezone_tdw_2_dis_2_occ_0045,Will the red cube touch the yellow mat?,yes,yes,1
Drop,496,pilot_it2_drop_sidezone_tdw_2_dis_2_occ_0046,Will the red cube touch the yellow mat?,yes,no,0
Drop,497,pilot_it2_drop_sidezone_tdw_2_dis_2_occ_0047,Will the red cube touch the yellow mat?,no,yes,0
Drop,498,pilot_it2_drop_sidezone_tdw_2_dis_2_occ_0048,Will the red cube touch the yellow mat?,no,no,1
Drop,499,pilot_it2_drop_sidezone_tdw_2_dis_2_occ_0049,Will the red cube touch the yellow mat?,no,yes,0
Drop,500,pilot_it2_drop_simple_box_0000,Will the red cube touch the yellow mat?,no,yes,0
Drop,501,pilot_it2_drop_simple_box_0001,Will the red cube touch the yellow mat?,no,yes,0
Drop,502,pilot_it2_drop_simple_box_0002,Will the red cube touch the yellow mat?,no,no,1
Drop,503,pilot_it2_drop_simple_box_0003,Will the red cube touch the yellow mat?,yes,yes,1
Drop,504,pilot_it2_drop_simple_box_0004,Will the red cube touch the yellow mat?,no,no,1
Drop,505,pilot_it2_drop_simple_box_0005,Will the red cube touch the yellow mat?,no,yes,0
Drop,506,pilot_it2_drop_simple_box_0006,Will the red cube touch the yellow mat?,yes,yes,1
Drop,507,pilot_it2_drop_simple_box_0007,Will the red cube touch the yellow mat?,yes,no,0
Drop,508,pilot_it2_drop_simple_box_0008,Will the red cube touch the yellow mat?,yes,yes,1
Drop,509,pilot_it2_drop_simple_box_0009,Will the red cube touch the yellow mat?,yes,yes,1
Drop,510,pilot_it2_drop_simple_box_0010,Will the red cube touch the yellow mat?,yes,no,0
Drop,511,pilot_it2_drop_simple_box_0011,Will the red cube touch the yellow mat?,yes,yes,1
Drop,512,pilot_it2_drop_simple_box_0012,Will the red cube touch the yellow mat?,no,no,1
Drop,513,pilot_it2_drop_simple_box_0013,Will the red cube touch the yellow mat?,yes,yes,1
Drop,514,pilot_it2_drop_simple_box_0014,Will the red cube touch the yellow mat?,yes,yes,1
Drop,515,pilot_it2_drop_simple_box_0015,Will the red cube touch the yellow mat?,no,no,1
Drop,516,pilot_it2_drop_simple_box_0016,Will the red cube touch the yellow mat?,no,yes,0
Drop,517,pilot_it2_drop_simple_box_0017,Will the red cube touch the yellow mat?,no,no,1
Drop,518,pilot_it2_drop_simple_box_0018,Will the red cube touch the yellow mat?,no,no,1
Drop,519,pilot_it2_drop_simple_box_0019,Will the red cube touch the yellow mat?,no,no,1
Drop,520,pilot_it2_drop_simple_box_0020,Will the red cube touch the yellow mat?,yes,yes,1
Drop,521,pilot_it2_drop_simple_box_0021,Will the red cube touch the yellow mat?,yes,yes,1
Drop,522,pilot_it2_drop_simple_box_0022,Will the red cube touch the yellow mat?,no,yes,0
Drop,523,pilot_it2_drop_simple_box_0023,Will the red cube touch the yellow mat?,yes,no,0
Drop,524,pilot_it2_drop_simple_box_0024,Will the red cube touch the yellow mat?,no,yes,0
Drop,525,pilot_it2_drop_simple_box_0025,Will the red cube touch the yellow mat?,no,no,1
Drop,526,pilot_it2_drop_simple_box_0026,Will the red cube touch the yellow mat?,no,yes,0
Drop,527,pilot_it2_drop_simple_box_0027,Will the red cube touch the yellow mat?,no,no,1
Drop,528,pilot_it2_drop_simple_box_0028,Will the red cube touch the yellow mat?,no,yes,0
Drop,529,pilot_it2_drop_simple_box_0029,Will the red cube touch the yellow mat?,yes,no,0
Drop,530,pilot_it2_drop_simple_box_0030,Will the red cube touch the yellow mat?,no,yes,0
Drop,531,pilot_it2_drop_simple_box_0031,Will the red cube touch the yellow mat?,no,no,1
Drop,532,pilot_it2_drop_simple_box_0032,Will the red cube touch the yellow mat?,no,no,1
Drop,533,pilot_it2_drop_simple_box_0033,Will the red cube touch the yellow mat?,yes,no,0
Drop,534,pilot_it2_drop_simple_box_0034,Will the red cube touch the yellow mat?,no,no,1
Drop,535,pilot_it2_drop_simple_box_0035,Will the red cube touch the yellow mat?,no,yes,0
Drop,536,pilot_it2_drop_simple_box_0036,Will the red cube touch the yellow mat?,no,yes,0
Drop,537,pilot_it2_drop_simple_box_0037,Will the red cube touch the yellow mat?,yes,no,0
Drop,538,pilot_it2_drop_simple_box_0038,Will the red cube touch the yellow mat?,no,no,1
Drop,539,pilot_it2_drop_simple_box_0039,Will the red cube touch the yellow mat?,yes,yes,1
Drop,540,pilot_it2_drop_simple_box_0040,Will the red cube touch the yellow mat?,yes,yes,1
Drop,541,pilot_it2_drop_simple_box_0041,Will the red cube touch the yellow mat?,yes,no,0
Drop,542,pilot_it2_drop_simple_box_0042,Will the red cube touch the yellow mat?,yes,yes,1
Drop,543,pilot_it2_drop_simple_box_0043,Will the red cube touch the yellow mat?,no,no,1
Drop,544,pilot_it2_drop_simple_box_0044,Will the red cube touch the yellow mat?,no,yes,0
Drop,545,pilot_it2_drop_simple_box_0045,Will the red cube touch the yellow mat?,no,yes,0
Drop,546,pilot_it2_drop_simple_box_0046,Will the red cube touch the yellow mat?,yes,no,0
Drop,547,pilot_it2_drop_simple_box_0047,Will the red cube touch the yellow mat?,yes,yes,1
Drop,548,pilot_it2_drop_simple_box_0048,Will the red cube touch the yellow mat?,yes,yes,1
Drop,549,pilot_it2_drop_simple_box_0049,Will the red cube touch the yellow mat?,no,no,1
Drop,550,pilot_it2_drop_simple_box_1_dis_1_occ_0000,Will the red cube touch the yellow mat?,no,yes,0
Drop,551,pilot_it2_drop_simple_box_1_dis_1_occ_0001,Will the red cube touch the yellow mat?,no,yes,0
Drop,552,pilot_it2_drop_simple_box_1_dis_1_occ_0002,Will the red cube touch the yellow mat?,no,no,1
Drop,553,pilot_it2_drop_simple_box_1_dis_1_occ_0003,Will the red cube touch the yellow mat?,yes,yes,1
Drop,554,pilot_it2_drop_simple_box_1_dis_1_occ_0004,Will the red cube touch the yellow mat?,no,no,1
Drop,555,pilot_it2_drop_simple_box_1_dis_1_occ_0005,Will the red cube touch the yellow mat?,no,yes,0
Drop,556,pilot_it2_drop_simple_box_1_dis_1_occ_0006,Will the red cube touch the yellow mat?,yes,yes,1
Drop,557,pilot_it2_drop_simple_box_1_dis_1_occ_0007,Will the red cube touch the yellow mat?,yes,no,0
Drop,558,pilot_it2_drop_simple_box_1_dis_1_occ_0008,Will the red cube touch the yellow mat?,yes,yes,1
Drop,559,pilot_it2_drop_simple_box_1_dis_1_occ_0009,Will the red cube touch the yellow mat?,yes,yes,1
Drop,560,pilot_it2_drop_simple_box_1_dis_1_occ_0010,Will the red cube touch the yellow mat?,yes,no,0
Drop,561,pilot_it2_drop_simple_box_1_dis_1_occ_0011,Will the red cube touch the yellow mat?,yes,yes,1
Drop,562,pilot_it2_drop_simple_box_1_dis_1_occ_0012,Will the red cube touch the yellow mat?,no,no,1
Drop,563,pilot_it2_drop_simple_box_1_dis_1_occ_0013,Will the red cube touch the yellow mat?,yes,yes,1
Drop,564,pilot_it2_drop_simple_box_1_dis_1_occ_0014,Will the red cube touch the yellow mat?,yes,yes,1
Drop,565,pilot_it2_drop_simple_box_1_dis_1_occ_0015,Will the red cube touch the yellow mat?,no,no,1
Drop,566,pilot_it2_drop_simple_box_1_dis_1_occ_0016,Will the red cube touch the yellow mat?,no,yes,0
Drop,567,pilot_it2_drop_simple_box_1_dis_1_occ_0017,Will the red cube touch the yellow mat?,no,no,1
Drop,568,pilot_it2_drop_simple_box_1_dis_1_occ_0018,Will the red cube touch the yellow mat?,no,yes,0
Drop,569,pilot_it2_drop_simple_box_1_dis_1_occ_0019,Will the red cube touch the yellow mat?,no,yes,0
Drop,570,pilot_it2_drop_simple_box_1_dis_1_occ_0020,Will the red cube touch the yellow mat?,yes,yes,1
Drop,571,pilot_it2_drop_simple_box_1_dis_1_occ_0021,Will the red cube touch the yellow mat?,yes,yes,1
Drop,572,pilot_it2_drop_simple_box_1_dis_1_occ_0022,Will the red cube touch the yellow mat?,no,yes,0
Drop,573,pilot_it2_drop_simple_box_1_dis_1_occ_0023,Will the red cube touch the yellow mat?,yes,yes,1
Drop,574,pilot_it2_drop_simple_box_1_dis_1_occ_0024,Will the red cube touch the yellow mat?,no,yes,0
Drop,575,pilot_it2_drop_simple_box_1_dis_1_occ_0025,Will the red cube touch the yellow mat?,no,yes,0
Drop,576,pilot_it2_drop_simple_box_1_dis_1_occ_0026,Will the red cube touch the yellow mat?,no,yes,0
Drop,577,pilot_it2_drop_simple_box_1_dis_1_occ_0027,Will the red cube touch the yellow mat?,no,no,1
Drop,578,pilot_it2_drop_simple_box_1_dis_1_occ_0028,Will the red cube touch the yellow mat?,no,yes,0
Drop,579,pilot_it2_drop_simple_box_1_dis_1_occ_0029,Will the red cube touch the yellow mat?,yes,no,0
Drop,580,pilot_it2_drop_simple_box_1_dis_1_occ_0030,Will the red cube touch the yellow mat?,no,yes,0
Drop,581,pilot_it2_drop_simple_box_1_dis_1_occ_0031,Will the red cube touch the yellow mat?,no,yes,0
Drop,582,pilot_it2_drop_simple_box_1_dis_1_occ_0032,Will the red cube touch the yellow mat?,no,no,1
Drop,583,pilot_it2_drop_simple_box_1_dis_1_occ_0033,Will the red cube touch the yellow mat?,yes,no,0
Drop,584,pilot_it2_drop_simple_box_1_dis_1_occ_0034,Will the red cube touch the yellow mat?,no,yes,0
Drop,585,pilot_it2_drop_simple_box_1_dis_1_occ_0035,Will the red cube touch the yellow mat?,no,yes,0
Drop,586,pilot_it2_drop_simple_box_1_dis_1_occ_0036,Will the red cube touch the yellow mat?,no,yes,0
Drop,587,pilot_it2_drop_simple_box_1_dis_1_occ_0037,Will the red cube touch the yellow mat?,yes,no,0
Drop,588,pilot_it2_drop_simple_box_1_dis_1_occ_0038,Will the red cube touch the yellow mat?,no,no,1
Drop,589,pilot_it2_drop_simple_box_1_dis_1_occ_0039,Will the red cube touch the yellow mat?,yes,yes,1
Drop,590,pilot_it2_drop_simple_box_1_dis_1_occ_0040,Will the red cube touch the yellow mat?,yes,yes,1
Drop,591,pilot_it2_drop_simple_box_1_dis_1_occ_0041,Will the red cube touch the yellow mat?,yes,no,0
Drop,592,pilot_it2_drop_simple_box_1_dis_1_occ_0042,Will the red cube touch the yellow mat?,yes,yes,1
Drop,593,pilot_it2_drop_simple_box_1_dis_1_occ_0043,Will the red cube touch the yellow mat?,no,no,1
Drop,594,pilot_it2_drop_simple_box_1_dis_1_occ_0044,Will the red cube touch the yellow mat?,no,yes,0
Drop,595,pilot_it2_drop_simple_box_1_dis_1_occ_0045,Will the red cube touch the yellow mat?,no,yes,0
Drop,596,pilot_it2_drop_simple_box_1_dis_1_occ_0046,Will the red cube touch the yellow mat?,yes,no,0
Drop,597,pilot_it2_drop_simple_box_1_dis_1_occ_0047,Will the red cube touch the yellow mat?,yes,yes,1
Drop,598,pilot_it2_drop_simple_box_1_dis_1_occ_0048,Will the red cube touch the yellow mat?,yes,yes,1
Drop,599,pilot_it2_drop_simple_box_1_dis_1_occ_0049,Will the red cube touch the yellow mat?,no,no,1
Drop,600,pilot_it2_drop_simple_box_2_dis_2_occ_0000,Will the red cube touch the yellow mat?,no,yes,0
Drop,601,pilot_it2_drop_simple_box_2_dis_2_occ_0001,Will the red cube touch the yellow mat?,no,yes,0
Drop,602,pilot_it2_drop_simple_box_2_dis_2_occ_0002,Will the red cube touch the yellow mat?,no,no,1
Drop,603,pilot_it2_drop_simple_box_2_dis_2_occ_0003,Will the red cube touch the yellow mat?,yes,yes,1
Drop,604,pilot_it2_drop_simple_box_2_dis_2_occ_0004,Will the red cube touch the yellow mat?,no,no,1
Drop,605,pilot_it2_drop_simple_box_2_dis_2_occ_0005,Will the red cube touch the yellow mat?,no,yes,0
Drop,606,pilot_it2_drop_simple_box_2_dis_2_occ_0006,Will the red cube touch the yellow mat?,yes,yes,1
Drop,607,pilot_it2_drop_simple_box_2_dis_2_occ_0007,Will the red cube touch the yellow mat?,yes,no,0
Drop,608,pilot_it2_drop_simple_box_2_dis_2_occ_0008,Will the red cube touch the yellow mat?,yes,yes,1
Drop,609,pilot_it2_drop_simple_box_2_dis_2_occ_0009,Will the red cube touch the yellow mat?,yes,yes,1
Drop,610,pilot_it2_drop_simple_box_2_dis_2_occ_0010,Will the red cube touch the yellow mat?,yes,no,0
Drop,611,pilot_it2_drop_simple_box_2_dis_2_occ_0011,Will the red cube touch the yellow mat?,yes,yes,1
Drop,612,pilot_it2_drop_simple_box_2_dis_2_occ_0012,Will the red cube touch the yellow mat?,no,no,1
Drop,613,pilot_it2_drop_simple_box_2_dis_2_occ_0013,Will the red cube touch the yellow mat?,yes,yes,1
Drop,614,pilot_it2_drop_simple_box_2_dis_2_occ_0014,Will the red cube touch the yellow mat?,yes,yes,1
Drop,615,pilot_it2_drop_simple_box_2_dis_2_occ_0015,Will the red cube touch the yellow mat?,no,no,1
Drop,616,pilot_it2_drop_simple_box_2_dis_2_occ_0016,Will the red cube touch the yellow mat?,no,yes,0
Drop,617,pilot_it2_drop_simple_box_2_dis_2_occ_0017,Will the red cube touch the yellow mat?,no,no,1
Drop,618,pilot_it2_drop_simple_box_2_dis_2_occ_0018,Will the red cube touch the yellow mat?,no,yes,0
Drop,619,pilot_it2_drop_simple_box_2_dis_2_occ_0019,Will the red cube touch the yellow mat?,no,yes,0
Drop,620,pilot_it2_drop_simple_box_2_dis_2_occ_0020,Will the red cube touch the yellow mat?,yes,yes,1
Drop,621,pilot_it2_drop_simple_box_2_dis_2_occ_0021,Will the red cube touch the yellow mat?,yes,yes,1
Drop,622,pilot_it2_drop_simple_box_2_dis_2_occ_0022,Will the red cube touch the yellow mat?,no,yes,0
Drop,623,pilot_it2_drop_simple_box_2_dis_2_occ_0023,Will the red cube touch the yellow mat?,yes,yes,1
Drop,624,pilot_it2_drop_simple_box_2_dis_2_occ_0024,Will the red cube touch the yellow mat?,no,yes,0
Drop,625,pilot_it2_drop_simple_box_2_dis_2_occ_0025,Will the red cube touch the yellow mat?,no,yes,0
Drop,626,pilot_it2_drop_simple_box_2_dis_2_occ_0026,Will the red cube touch the yellow mat?,no,yes,0
Drop,627,pilot_it2_drop_simple_box_2_dis_2_occ_0027,Will the red cube touch the yellow mat?,no,no,1
Drop,628,pilot_it2_drop_simple_box_2_dis_2_occ_0028,Will the red cube touch the yellow mat?,no,yes,0
Drop,629,pilot_it2_drop_simple_box_2_dis_2_occ_0029,Will the red cube touch the yellow mat?,yes,yes,1
Drop,630,pilot_it2_drop_simple_box_2_dis_2_occ_0030,Will the red cube touch the yellow mat?,no,yes,0
Drop,631,pilot_it2_drop_simple_box_2_dis_2_occ_0031,Will the red cube touch the yellow mat?,no,yes,0
Drop,632,pilot_it2_drop_simple_box_2_dis_2_occ_0032,Will the red cube touch the yellow mat?,no,yes,0
Drop,633,pilot_it2_drop_simple_box_2_dis_2_occ_0033,Will the red cube touch the yellow mat?,yes,no,0
Drop,634,pilot_it2_drop_simple_box_2_dis_2_occ_0034,Will the red cube touch the yellow mat?,no,no,1
Drop,635,pilot_it2_drop_simple_box_2_dis_2_occ_0035,Will the red cube touch the yellow mat?,no,yes,0
Drop,636,pilot_it2_drop_simple_box_2_dis_2_occ_0036,Will the red cube touch the yellow mat?,no,yes,0
Drop,637,pilot_it2_drop_simple_box_2_dis_2_occ_0037,Will the red cube touch the yellow mat?,yes,no,0
Drop,638,pilot_it2_drop_simple_box_2_dis_2_occ_0038,Will the red cube touch the yellow mat?,no,yes,0
Drop,639,pilot_it2_drop_simple_box_2_dis_2_occ_0039,Will the red cube touch the yellow mat?,yes,yes,1
Drop,640,pilot_it2_drop_simple_box_2_dis_2_occ_0040,Will the red cube touch the yellow mat?,yes,no,0
Drop,641,pilot_it2_drop_simple_box_2_dis_2_occ_0041,Will the red cube touch the yellow mat?,yes,yes,1
Drop,642,pilot_it2_drop_simple_box_2_dis_2_occ_0042,Will the red cube touch the yellow mat?,yes,yes,1
Drop,643,pilot_it2_drop_simple_box_2_dis_2_occ_0043,Will the red cube touch the yellow mat?,no,no,1
Drop,644,pilot_it2_drop_simple_box_2_dis_2_occ_0044,Will the red cube touch the yellow mat?,no,yes,0
Drop,645,pilot_it2_drop_simple_box_2_dis_2_occ_0045,Will the red cube touch the yellow mat?,no,no,1
Drop,646,pilot_it2_drop_simple_box_2_dis_2_occ_0046,Will the red cube touch the yellow mat?,yes,no,0
Drop,647,pilot_it2_drop_simple_box_2_dis_2_occ_0047,Will the red cube touch the yellow mat?,yes,yes,1
Drop,648,pilot_it2_drop_simple_box_2_dis_2_occ_0048,Will the red cube touch the yellow mat?,yes,yes,1
Drop,649,pilot_it2_drop_simple_box_2_dis_2_occ_0049,Will the red cube touch the yellow mat?,no,no,1
Drop,650,pilot_it2_drop_simple_tdw_1_dis_1_occ_0000,Will the red cube touch the yellow mat?,no,yes,0
Drop,651,pilot_it2_drop_simple_tdw_1_dis_1_occ_0001,Will the red cube touch the yellow mat?,no,yes,0
Drop,652,pilot_it2_drop_simple_tdw_1_dis_1_occ_0002,Will the red cube touch the yellow mat?,no,yes,0
Drop,653,pilot_it2_drop_simple_tdw_1_dis_1_occ_0003,Will the red cube touch the yellow mat?,yes,yes,1
Drop,654,pilot_it2_drop_simple_tdw_1_dis_1_occ_0004,Will the red cube touch the yellow mat?,no,no,1
Drop,655,pilot_it2_drop_simple_tdw_1_dis_1_occ_0005,Will the red cube touch the yellow mat?,no,yes,0
Drop,656,pilot_it2_drop_simple_tdw_1_dis_1_occ_0006,Will the red cube touch the yellow mat?,yes,yes,1
Drop,657,pilot_it2_drop_simple_tdw_1_dis_1_occ_0007,Will the red cube touch the yellow mat?,yes,no,0
Drop,658,pilot_it2_drop_simple_tdw_1_dis_1_occ_0008,Will the red cube touch the yellow mat?,yes,yes,1
Drop,659,pilot_it2_drop_simple_tdw_1_dis_1_occ_0009,Will the red cube touch the yellow mat?,yes,yes,1
Drop,660,pilot_it2_drop_simple_tdw_1_dis_1_occ_0010,Will the red cube touch the yellow mat?,yes,yes,1
Drop,661,pilot_it2_drop_simple_tdw_1_dis_1_occ_0011,Will the red cube touch the yellow mat?,yes,yes,1
Drop,662,pilot_it2_drop_simple_tdw_1_dis_1_occ_0012,Will the red cube touch the yellow mat?,no,no,1
Drop,663,pilot_it2_drop_simple_tdw_1_dis_1_occ_0013,Will the red cube touch the yellow mat?,yes,yes,1
Drop,664,pilot_it2_drop_simple_tdw_1_dis_1_occ_0014,Will the red cube touch the yellow mat?,yes,yes,1
Drop,665,pilot_it2_drop_simple_tdw_1_dis_1_occ_0015,Will the red cube touch the yellow mat?,no,no,1
Drop,666,pilot_it2_drop_simple_tdw_1_dis_1_occ_0016,Will the red cube touch the yellow mat?,no,yes,0
Drop,667,pilot_it2_drop_simple_tdw_1_dis_1_occ_0017,Will the red cube touch the yellow mat?,no,no,1
Drop,668,pilot_it2_drop_simple_tdw_1_dis_1_occ_0018,Will the red cube touch the yellow mat?,no,yes,0
Drop,669,pilot_it2_drop_simple_tdw_1_dis_1_occ_0019,Will the red cube touch the yellow mat?,no,no,1
Drop,670,pilot_it2_drop_simple_tdw_1_dis_1_occ_0020,Will the red cube touch the yellow mat?,yes,yes,1
Drop,671,pilot_it2_drop_simple_tdw_1_dis_1_occ_0021,Will the red cube touch the yellow mat?,yes,yes,1
Drop,672,pilot_it2_drop_simple_tdw_1_dis_1_occ_0022,Will the red cube touch the yellow mat?,no,yes,0
Drop,673,pilot_it2_drop_simple_tdw_1_dis_1_occ_0023,Will the red cube touch the yellow mat?,yes,yes,1
Drop,674,pilot_it2_drop_simple_tdw_1_dis_1_occ_0024,Will the red cube touch the yellow mat?,no,no,1
Drop,675,pilot_it2_drop_simple_tdw_1_dis_1_occ_0025,Will the red cube touch the yellow mat?,no,no,1
Drop,676,pilot_it2_drop_simple_tdw_1_dis_1_occ_0026,Will the red cube touch the yellow mat?,no,yes,0
Drop,677,pilot_it2_drop_simple_tdw_1_dis_1_occ_0027,Will the red cube touch the yellow mat?,no,no,1
Drop,678,pilot_it2_drop_simple_tdw_1_dis_1_occ_0028,Will the red cube touch the yellow mat?,no,yes,0
Drop,679,pilot_it2_drop_simple_tdw_1_dis_1_occ_0029,Will the red cube touch the yellow mat?,yes,yes,1
Drop,680,pilot_it2_drop_simple_tdw_1_dis_1_occ_0030,Will the red cube touch the yellow mat?,no,yes,0
Drop,681,pilot_it2_drop_simple_tdw_1_dis_1_occ_0031,Will the red cube touch the yellow mat?,no,yes,0
Drop,682,pilot_it2_drop_simple_tdw_1_dis_1_occ_0032,Will the red cube touch the yellow mat?,no,no,1
Drop,683,pilot_it2_drop_simple_tdw_1_dis_1_occ_0033,Will the red cube touch the yellow mat?,yes,yes,1
Drop,684,pilot_it2_drop_simple_tdw_1_dis_1_occ_0034,Will the red cube touch the yellow mat?,no,yes,0
Drop,685,pilot_it2_drop_simple_tdw_1_dis_1_occ_0035,Will the red cube touch the yellow mat?,no,yes,0
Drop,686,pilot_it2_drop_simple_tdw_1_dis_1_occ_0036,Will the red cube touch the yellow mat?,no,yes,0
Drop,687,pilot_it2_drop_simple_tdw_1_dis_1_occ_0037,Will the red cube touch the yellow mat?,yes,no,0
Drop,688,pilot_it2_drop_simple_tdw_1_dis_1_occ_0038,Will the red cube touch the yellow mat?,no,yes,0
Drop,689,pilot_it2_drop_simple_tdw_1_dis_1_occ_0039,Will the red cube touch the yellow mat?,yes,yes,1
Drop,690,pilot_it2_drop_simple_tdw_1_dis_1_occ_0040,Will the red cube touch the yellow mat?,yes,yes,1
Drop,691,pilot_it2_drop_simple_tdw_1_dis_1_occ_0041,Will the red cube touch the yellow mat?,yes,no,0
Drop,692,pilot_it2_drop_simple_tdw_1_dis_1_occ_0042,Will the red cube touch the yellow mat?,yes,yes,1
Drop,693,pilot_it2_drop_simple_tdw_1_dis_1_occ_0043,Will the red cube touch the yellow mat?,no,yes,0
Drop,694,pilot_it2_drop_simple_tdw_1_dis_1_occ_0044,Will the red cube touch the yellow mat?,no,yes,0
Drop,695,pilot_it2_drop_simple_tdw_1_dis_1_occ_0045,Will the red cube touch the yellow mat?,no,yes,0
Drop,696,pilot_it2_drop_simple_tdw_1_dis_1_occ_0046,Will the red cube touch the yellow mat?,yes,no,0
Drop,697,pilot_it2_drop_simple_tdw_1_dis_1_occ_0047,Will the red cube touch the yellow mat?,yes,yes,1
Drop,698,pilot_it2_drop_simple_tdw_1_dis_1_occ_0048,Will the red cube touch the yellow mat?,yes,yes,1
Drop,699,pilot_it2_drop_simple_tdw_1_dis_1_occ_0049,Will the red cube touch the yellow mat?,no,no,1
Drop,700,pilot_it2_drop_simple_tdw_2_dis_2_occ_0000,Will the red cube touch the yellow mat?,no,yes,0
Drop,701,pilot_it2_drop_simple_tdw_2_dis_2_occ_0001,Will the red cube touch the yellow mat?,no,yes,0
Drop,702,pilot_it2_drop_simple_tdw_2_dis_2_occ_0002,Will the red cube touch the yellow mat?,no,no,1
Drop,703,pilot_it2_drop_simple_tdw_2_dis_2_occ_0003,Will the red cube touch the yellow mat?,yes,yes,1
Drop,704,pilot_it2_drop_simple_tdw_2_dis_2_occ_0004,Will the red cube touch the yellow mat?,no,no,1
Drop,705,pilot_it2_drop_simple_tdw_2_dis_2_occ_0005,Will the red cube touch the yellow mat?,no,yes,0
Drop,706,pilot_it2_drop_simple_tdw_2_dis_2_occ_0006,Will the red cube touch the yellow mat?,yes,yes,1
Drop,707,pilot_it2_drop_simple_tdw_2_dis_2_occ_0007,Will the red cube touch the yellow mat?,yes,no,0
Drop,708,pilot_it2_drop_simple_tdw_2_dis_2_occ_0008,Will the red cube touch the yellow mat?,yes,yes,1
Drop,709,pilot_it2_drop_simple_tdw_2_dis_2_occ_0009,Will the red cube touch the yellow mat?,yes,yes,1
Drop,710,pilot_it2_drop_simple_tdw_2_dis_2_occ_0010,Will the red cube touch the yellow mat?,yes,no,0
Drop,711,pilot_it2_drop_simple_tdw_2_dis_2_occ_0011,Will the red cube touch the yellow mat?,yes,yes,1
Drop,712,pilot_it2_drop_simple_tdw_2_dis_2_occ_0012,Will the red cube touch the yellow mat?,no,yes,0
Drop,713,pilot_it2_drop_simple_tdw_2_dis_2_occ_0013,Will the red cube touch the yellow mat?,yes,yes,1
Drop,714,pilot_it2_drop_simple_tdw_2_dis_2_occ_0014,Will the red cube touch the yellow mat?,yes,yes,1
Drop,715,pilot_it2_drop_simple_tdw_2_dis_2_occ_0015,Will the red cube touch the yellow mat?,no,no,1
Drop,716,pilot_it2_drop_simple_tdw_2_dis_2_occ_0016,Will the red cube touch the yellow mat?,no,yes,0
Drop,717,pilot_it2_drop_simple_tdw_2_dis_2_occ_0017,Will the red cube touch the yellow mat?,no,no,1
Drop,718,pilot_it2_drop_simple_tdw_2_dis_2_occ_0018,Will the red cube touch the yellow mat?,no,yes,0
Drop,719,pilot_it2_drop_simple_tdw_2_dis_2_occ_0019,Will the red cube touch the yellow mat?,no,no,1
Drop,720,pilot_it2_drop_simple_tdw_2_dis_2_occ_0020,Will the red cube touch the yellow mat?,yes,yes,1
Drop,721,pilot_it2_drop_simple_tdw_2_dis_2_occ_0021,Will the red cube touch the yellow mat?,yes,yes,1
Drop,722,pilot_it2_drop_simple_tdw_2_dis_2_occ_0022,Will the red cube touch the yellow mat?,no,yes,0
Drop,723,pilot_it2_drop_simple_tdw_2_dis_2_occ_0023,Will the red cube touch the yellow mat?,yes,yes,1
Drop,724,pilot_it2_drop_simple_tdw_2_dis_2_occ_0024,Will the red cube touch the yellow mat?,no,yes,0
Drop,725,pilot_it2_drop_simple_tdw_2_dis_2_occ_0025,Will the red cube touch the yellow mat?,no,no,1
Drop,726,pilot_it2_drop_simple_tdw_2_dis_2_occ_0026,Will the red cube touch the yellow mat?,no,yes,0
Drop,727,pilot_it2_drop_simple_tdw_2_dis_2_occ_0027,Will the red cube touch the yellow mat?,no,no,1
Drop,728,pilot_it2_drop_simple_tdw_2_dis_2_occ_0028,Will the red cube touch the yellow mat?,no,yes,0
Drop,729,pilot_it2_drop_simple_tdw_2_dis_2_occ_0029,Will the red cube touch the yellow mat?,yes,yes,1
Drop,730,pilot_it2_drop_simple_tdw_2_dis_2_occ_0030,Will the red cube touch the yellow mat?,no,yes,0
Drop,731,pilot_it2_drop_simple_tdw_2_dis_2_occ_0031,Will the red cube touch the yellow mat?,no,no,1
Drop,732,pilot_it2_drop_simple_tdw_2_dis_2_occ_0032,Will the red cube touch the yellow mat?,no,yes,0
Drop,733,pilot_it2_drop_simple_tdw_2_dis_2_occ_0033,Will the red cube touch the yellow mat?,yes,no,0
Drop,734,pilot_it2_drop_simple_tdw_2_dis_2_occ_0034,Will the red cube touch the yellow mat?,no,yes,0
Drop,735,pilot_it2_drop_simple_tdw_2_dis_2_occ_0035,Will the red cube touch the yellow mat?,no,yes,0
Drop,736,pilot_it2_drop_simple_tdw_2_dis_2_occ_0036,Will the red cube touch the yellow mat?,no,yes,0
Drop,737,pilot_it2_drop_simple_tdw_2_dis_2_occ_0037,Will the red cube touch the yellow mat?,yes,yes,1
Drop,738,pilot_it2_drop_simple_tdw_2_dis_2_occ_0038,Will the red cube touch the yellow mat?,no,yes,0
Drop,739,pilot_it2_drop_simple_tdw_2_dis_2_occ_0039,Will the red cube touch the yellow mat?,yes,yes,1
Drop,740,pilot_it2_drop_simple_tdw_2_dis_2_occ_0040,Will the red cube touch the yellow mat?,yes,yes,1
Drop,741,pilot_it2_drop_simple_tdw_2_dis_2_occ_0041,Will the red cube touch the yellow mat?,yes,no,0
Drop,742,pilot_it2_drop_simple_tdw_2_dis_2_occ_0042,Will the red cube touch the yellow mat?,yes,yes,1
Drop,743,pilot_it2_drop_simple_tdw_2_dis_2_occ_0043,Will the red cube touch the yellow mat?,no,yes,0
Drop,744,pilot_it2_drop_simple_tdw_2_dis_2_occ_0044,Will the red cube touch the yellow mat?,no,yes,0
Drop,745,pilot_it2_drop_simple_tdw_2_dis_2_occ_0045,Will the red cube touch the yellow mat?,no,yes,0
Drop,746,pilot_it2_drop_simple_tdw_2_dis_2_occ_0046,Will the red cube touch the yellow mat?,yes,no,0
Drop,747,pilot_it2_drop_simple_tdw_2_dis_2_occ_0047,Will the red cube touch the yellow mat?,yes,yes,1
Drop,748,pilot_it2_drop_simple_tdw_2_dis_2_occ_0048,Will the red cube touch the yellow mat?,yes,yes,1
Drop,749,pilot_it2_drop_simple_tdw_2_dis_2_occ_0049,Will the red cube touch the yellow mat?,no,yes,0
Drop,750,pilot_it2_drop_sizes_box_0000,Will the red cube touch the yellow mat?,yes,yes,1
Drop,751,pilot_it2_drop_sizes_box_0001,Will the red cube touch the yellow mat?,no,yes,0
Drop,752,pilot_it2_drop_sizes_box_0002,Will the red cube touch the yellow mat?,no,no,1
Drop,753,pilot_it2_drop_sizes_box_0003,Will the red cube touch the yellow mat?,yes,yes,1
Drop,754,pilot_it2_drop_sizes_box_0004,Will the red cube touch the yellow mat?,yes,no,0
Drop,755,pilot_it2_drop_sizes_box_0005,Will the red cube touch the yellow mat?,yes,yes,1
Drop,756,pilot_it2_drop_sizes_box_0006,Will the red cube touch the yellow mat?,yes,yes,1
Drop,757,pilot_it2_drop_sizes_box_0007,Will the red cube touch the yellow mat?,no,yes,0
Drop,758,pilot_it2_drop_sizes_box_0008,Will the red cube touch the yellow mat?,yes,yes,1
Drop,759,pilot_it2_drop_sizes_box_0009,Will the red cube touch the yellow mat?,yes,yes,1
Drop,760,pilot_it2_drop_sizes_box_0010,Will the red cube touch the yellow mat?,yes,yes,1
Drop,761,pilot_it2_drop_sizes_box_0011,Will the red cube touch the yellow mat?,yes,yes,1
Drop,762,pilot_it2_drop_sizes_box_0012,Will the red cube touch the yellow mat?,no,yes,0
Drop,763,pilot_it2_drop_sizes_box_0013,Will the red cube touch the yellow mat?,yes,yes,1
Drop,764,pilot_it2_drop_sizes_box_0014,Will the red cube touch the yellow mat?,yes,yes,1
Drop,765,pilot_it2_drop_sizes_box_0015,Will the red cube touch the yellow mat?,yes,yes,1
Drop,766,pilot_it2_drop_sizes_box_0016,Will the red cube touch the yellow mat?,yes,yes,1
Drop,767,pilot_it2_drop_sizes_box_0017,Will the red cube touch the yellow mat?,no,no,1
Drop,768,pilot_it2_drop_sizes_box_0018,Will the red cube touch the yellow mat?,no,yes,0
Drop,769,pilot_it2_drop_sizes_box_0019,Will the red cube touch the yellow mat?,no,no,1
Drop,770,pilot_it2_drop_sizes_box_0020,Will the red cube touch the yellow mat?,yes,no,0
Drop,771,pilot_it2_drop_sizes_box_0021,Will the red cube touch the yellow mat?,no,yes,0
Drop,772,pilot_it2_drop_sizes_box_0022,Will the red cube touch the yellow mat?,yes,no,0
Drop,773,pilot_it2_drop_sizes_box_0023,Will the red cube touch the yellow mat?,yes,yes,1
Drop,774,pilot_it2_drop_sizes_box_0024,Will the red cube touch the yellow mat?,no,yes,0
Drop,775,pilot_it2_drop_sizes_box_0025,Will the red cube touch the yellow mat?,yes,yes,1
Drop,776,pilot_it2_drop_sizes_box_0026,Will the red cube touch the yellow mat?,no,no,1
Drop,777,pilot_it2_drop_sizes_box_0027,Will the red cube touch the yellow mat?,yes,yes,1
Drop,778,pilot_it2_drop_sizes_box_0028,Will the red cube touch the yellow mat?,yes,yes,1
Drop,779,pilot_it2_drop_sizes_box_0029,Will the red cube touch the yellow mat?,yes,yes,1
Drop,780,pilot_it2_drop_sizes_box_0030,Will the red cube touch the yellow mat?,yes,yes,1
Drop,781,pilot_it2_drop_sizes_box_0031,Will the red cube touch the yellow mat?,yes,yes,1
Drop,782,pilot_it2_drop_sizes_box_0032,Will the red cube touch the yellow mat?,no,no,1
Drop,783,pilot_it2_drop_sizes_box_0033,Will the red cube touch the yellow mat?,yes,yes,1
Drop,784,pilot_it2_drop_sizes_box_0034,Will the red cube touch the yellow mat?,yes,yes,1
Drop,785,pilot_it2_drop_sizes_box_0035,Will the red cube touch the yellow mat?,yes,yes,1
Drop,786,pilot_it2_drop_sizes_box_0036,Will the red cube touch the yellow mat?,no,yes,0
Drop,787,pilot_it2_drop_sizes_box_0037,Will the red cube touch the yellow mat?,yes,yes,1
Drop,788,pilot_it2_drop_sizes_box_0038,Will the red cube touch the yellow mat?,no,yes,0
Drop,789,pilot_it2_drop_sizes_box_0039,Will the red cube touch the yellow mat?,yes,yes,1
Drop,790,pilot_it2_drop_sizes_box_0040,Will the red cube touch the yellow mat?,no,yes,0
Drop,791,pilot_it2_drop_sizes_box_0041,Will the red cube touch the yellow mat?,yes,yes,1
Drop,792,pilot_it2_drop_sizes_box_0042,Will the red cube touch the yellow mat?,yes,yes,1
Drop,793,pilot_it2_drop_sizes_box_0043,Will the red cube touch the yellow mat?,yes,yes,1
Drop,794,pilot_it2_drop_sizes_box_0044,Will the red cube touch the yellow mat?,yes,yes,1
Drop,795,pilot_it2_drop_sizes_box_0045,Will the red cube touch the yellow mat?,yes,yes,1
Drop,796,pilot_it2_drop_sizes_box_0046,Will the red cube touch the yellow mat?,yes,no,0
Drop,797,pilot_it2_drop_sizes_box_0047,Will the red cube touch the yellow mat?,no,yes,0
Drop,798,pilot_it2_drop_sizes_box_0048,Will the red cube touch the yellow mat?,yes,yes,1
Drop,799,pilot_it2_drop_sizes_box_0049,Will the red cube touch the yellow mat?,no,yes,0
Drop,800,pilot_it2_drop_sizes_box_1_dis_1_occ_0000,Will the red cube touch the yellow mat?,yes,yes,1
Drop,801,pilot_it2_drop_sizes_box_1_dis_1_occ_0001,Will the red cube touch the yellow mat?,no,yes,0
Drop,802,pilot_it2_drop_sizes_box_1_dis_1_occ_0002,Will the red cube touch the yellow mat?,no,no,1
Drop,803,pilot_it2_drop_sizes_box_1_dis_1_occ_0003,Will the red cube touch the yellow mat?,yes,yes,1
Drop,804,pilot_it2_drop_sizes_box_1_dis_1_occ_0004,Will the red cube touch the yellow mat?,yes,no,0
Drop,805,pilot_it2_drop_sizes_box_1_dis_1_occ_0005,Will the red cube touch the yellow mat?,yes,yes,1
Drop,806,pilot_it2_drop_sizes_box_1_dis_1_occ_0006,Will the red cube touch the yellow mat?,yes,yes,1
Drop,807,pilot_it2_drop_sizes_box_1_dis_1_occ_0007,Will the red cube touch the yellow mat?,no,yes,0
Drop,808,pilot_it2_drop_sizes_box_1_dis_1_occ_0008,Will the red cube touch the yellow mat?,yes,yes,1
Drop,809,pilot_it2_drop_sizes_box_1_dis_1_occ_0009,Will the red cube touch the yellow mat?,yes,yes,1
Drop,810,pilot_it2_drop_sizes_box_1_dis_1_occ_0010,Will the red cube touch the yellow mat?,yes,yes,1
Drop,811,pilot_it2_drop_sizes_box_1_dis_1_occ_0011,Will the red cube touch the yellow mat?,yes,yes,1
Drop,812,pilot_it2_drop_sizes_box_1_dis_1_occ_0012,Will the red cube touch the yellow mat?,no,yes,0
Drop,813,pilot_it2_drop_sizes_box_1_dis_1_occ_0013,Will the red cube touch the yellow mat?,yes,yes,1
Drop,814,pilot_it2_drop_sizes_box_1_dis_1_occ_0014,Will the red cube touch the yellow mat?,yes,no,0
Drop,815,pilot_it2_drop_sizes_box_1_dis_1_occ_0015,Will the red cube touch the yellow mat?,yes,yes,1
Drop,816,pilot_it2_drop_sizes_box_1_dis_1_occ_0016,Will the red cube touch the yellow mat?,yes,yes,1
Drop,817,pilot_it2_drop_sizes_box_1_dis_1_occ_0017,Will the red cube touch the yellow mat?,no,yes,0
Drop,818,pilot_it2_drop_sizes_box_1_dis_1_occ_0018,Will the red cube touch the yellow mat?,no,yes,0
Drop,819,pilot_it2_drop_sizes_box_1_dis_1_occ_0019,Will the red cube touch the yellow mat?,no,no,1
Drop,820,pilot_it2_drop_sizes_box_1_dis_1_occ_0020,Will the red cube touch the yellow mat?,yes,no,0
Drop,821,pilot_it2_drop_sizes_box_1_dis_1_occ_0021,Will the red cube touch the yellow mat?,no,yes,0
Drop,822,pilot_it2_drop_sizes_box_1_dis_1_occ_0022,Will the red cube touch the yellow mat?,yes,yes,1
Drop,823,pilot_it2_drop_sizes_box_1_dis_1_occ_0023,Will the red cube touch the yellow mat?,yes,yes,1
Drop,824,pilot_it2_drop_sizes_box_1_dis_1_occ_0024,Will the red cube touch the yellow mat?,no,yes,0
Drop,825,pilot_it2_drop_sizes_box_1_dis_1_occ_0025,Will the red cube touch the yellow mat?,yes,yes,1
Drop,826,pilot_it2_drop_sizes_box_1_dis_1_occ_0026,Will the red cube touch the yellow mat?,no,no,1
Drop,827,pilot_it2_drop_sizes_box_1_dis_1_occ_0027,Will the red cube touch the yellow mat?,yes,yes,1
Drop,828,pilot_it2_drop_sizes_box_1_dis_1_occ_0028,Will the red cube touch the yellow mat?,yes,yes,1
Drop,829,pilot_it2_drop_sizes_box_1_dis_1_occ_0029,Will the red cube touch the yellow mat?,yes,yes,1
Drop,830,pilot_it2_drop_sizes_box_1_dis_1_occ_0030,Will the red cube touch the yellow mat?,yes,yes,1
Drop,831,pilot_it2_drop_sizes_box_1_dis_1_occ_0031,Will the red cube touch the yellow mat?,yes,yes,1
Drop,832,pilot_it2_drop_sizes_box_1_dis_1_occ_0032,Will the red cube touch the yellow mat?,no,yes,0
Drop,833,pilot_it2_drop_sizes_box_1_dis_1_occ_0033,Will the red cube touch the yellow mat?,yes,yes,1
Drop,834,pilot_it2_drop_sizes_box_1_dis_1_occ_0034,Will the red cube touch the yellow mat?,yes,no,0
Drop,835,pilot_it2_drop_sizes_box_1_dis_1_occ_0035,Will the red cube touch the yellow mat?,yes,yes,1
Drop,836,pilot_it2_drop_sizes_box_1_dis_1_occ_0036,Will the red cube touch the yellow mat?,no,yes,0
Drop,837,pilot_it2_drop_sizes_box_1_dis_1_occ_0037,Will the red cube touch the yellow mat?,yes,yes,1
Drop,838,pilot_it2_drop_sizes_box_1_dis_1_occ_0038,Will the red cube touch the yellow mat?,no,yes,0
Drop,839,pilot_it2_drop_sizes_box_1_dis_1_occ_0039,Will the red cube touch the yellow mat?,yes,yes,1
Drop,840,pilot_it2_drop_sizes_box_1_dis_1_occ_0040,Will the red cube touch the yellow mat?,no,yes,0
Drop,841,pilot_it2_drop_sizes_box_1_dis_1_occ_0041,Will the red cube touch the yellow mat?,yes,yes,1
Drop,842,pilot_it2_drop_sizes_box_1_dis_1_occ_0042,Will the red cube touch the yellow mat?,yes,yes,1
Drop,843,pilot_it2_drop_sizes_box_1_dis_1_occ_0043,Will the red cube touch the yellow mat?,yes,yes,1
Drop,844,pilot_it2_drop_sizes_box_1_dis_1_occ_0044,Will the red cube touch the yellow mat?,yes,yes,1
Drop,845,pilot_it2_drop_sizes_box_1_dis_1_occ_0045,Will the red cube touch the yellow mat?,yes,yes,1
Drop,846,pilot_it2_drop_sizes_box_1_dis_1_occ_0046,Will the red cube touch the yellow mat?,yes,no,0
Drop,847,pilot_it2_drop_sizes_box_1_dis_1_occ_0047,Will the red cube touch the yellow mat?,no,yes,0
Drop,848,pilot_it2_drop_sizes_box_1_dis_1_occ_0048,Will the red cube touch the yellow mat?,yes,yes,1
Drop,849,pilot_it2_drop_sizes_box_1_dis_1_occ_0049,Will the red cube touch the yellow mat?,no,yes,0
Drop,850,pilot_it2_drop_sizes_box_2_dis_2_occ_0000,Will the red cube touch the yellow mat?,yes,yes,1
Drop,851,pilot_it2_drop_sizes_box_2_dis_2_occ_0001,Will the red cube touch the yellow mat?,no,yes,0
Drop,852,pilot_it2_drop_sizes_box_2_dis_2_occ_0002,Will the red cube touch the yellow mat?,no,no,1
Drop,853,pilot_it2_drop_sizes_box_2_dis_2_occ_0003,Will the red cube touch the yellow mat?,yes,yes,1
Drop,854,pilot_it2_drop_sizes_box_2_dis_2_occ_0004,Will the red cube touch the yellow mat?,yes,no,0
Drop,855,pilot_it2_drop_sizes_box_2_dis_2_occ_0005,Will the red cube touch the yellow mat?,yes,yes,1
Drop,856,pilot_it2_drop_sizes_box_2_dis_2_occ_0006,Will the red cube touch the yellow mat?,yes,yes,1
Drop,857,pilot_it2_drop_sizes_box_2_dis_2_occ_0007,Will the red cube touch the yellow mat?,no,yes,0
Drop,858,pilot_it2_drop_sizes_box_2_dis_2_occ_0008,Will the red cube touch the yellow mat?,yes,yes,1
Drop,859,pilot_it2_drop_sizes_box_2_dis_2_occ_0009,Will the red cube touch the yellow mat?,yes,yes,1
Drop,860,pilot_it2_drop_sizes_box_2_dis_2_occ_0010,Will the red cube touch the yellow mat?,yes,yes,1
Drop,861,pilot_it2_drop_sizes_box_2_dis_2_occ_0011,Will the red cube touch the yellow mat?,yes,yes,1
Drop,862,pilot_it2_drop_sizes_box_2_dis_2_occ_0012,Will the red cube touch the yellow mat?,no,yes,0
Drop,863,pilot_it2_drop_sizes_box_2_dis_2_occ_0013,Will the red cube touch the yellow mat?,yes,yes,1
Drop,864,pilot_it2_drop_sizes_box_2_dis_2_occ_0014,Will the red cube touch the yellow mat?,yes,yes,1
Drop,865,pilot_it2_drop_sizes_box_2_dis_2_occ_0015,Will the red cube touch the yellow mat?,yes,yes,1
Drop,866,pilot_it2_drop_sizes_box_2_dis_2_occ_0016,Will the red cube touch the yellow mat?,yes,yes,1
Drop,867,pilot_it2_drop_sizes_box_2_dis_2_occ_0017,Will the red cube touch the yellow mat?,no,no,1
Drop,868,pilot_it2_drop_sizes_box_2_dis_2_occ_0018,Will the red cube touch the yellow mat?,no,yes,0
Drop,869,pilot_it2_drop_sizes_box_2_dis_2_occ_0019,Will the red cube touch the yellow mat?,no,yes,0
Drop,870,pilot_it2_drop_sizes_box_2_dis_2_occ_0020,Will the red cube touch the yellow mat?,yes,yes,1
Drop,871,pilot_it2_drop_sizes_box_2_dis_2_occ_0021,Will the red cube touch the yellow mat?,no,yes,0
Drop,872,pilot_it2_drop_sizes_box_2_dis_2_occ_0022,Will the red cube touch the yellow mat?,yes,yes,1
Drop,873,pilot_it2_drop_sizes_box_2_dis_2_occ_0023,Will the red cube touch the yellow mat?,yes,yes,1
Drop,874,pilot_it2_drop_sizes_box_2_dis_2_occ_0024,Will the red cube touch the yellow mat?,no,yes,0
Drop,875,pilot_it2_drop_sizes_box_2_dis_2_occ_0025,Will the red cube touch the yellow mat?,yes,yes,1
Drop,876,pilot_it2_drop_sizes_box_2_dis_2_occ_0026,Will the red cube touch the yellow mat?,no,yes,0
Drop,877,pilot_it2_drop_sizes_box_2_dis_2_occ_0027,Will the red cube touch the yellow mat?,yes,yes,1
Drop,878,pilot_it2_drop_sizes_box_2_dis_2_occ_0028,Will the red cube touch the yellow mat?,yes,yes,1
Drop,879,pilot_it2_drop_sizes_box_2_dis_2_occ_0029,Will the red cube touch the yellow mat?,yes,yes,1
Drop,880,pilot_it2_drop_sizes_box_2_dis_2_occ_0030,Will the red cube touch the yellow mat?,yes,yes,1
Drop,881,pilot_it2_drop_sizes_box_2_dis_2_occ_0031,Will the red cube touch the yellow mat?,yes,yes,1
Drop,882,pilot_it2_drop_sizes_box_2_dis_2_occ_0032,Will the red cube touch the yellow mat?,no,no,1
Drop,883,pilot_it2_drop_sizes_box_2_dis_2_occ_0033,Will the red cube touch the yellow mat?,yes,yes,1
Drop,884,pilot_it2_drop_sizes_box_2_dis_2_occ_0034,Will the red cube touch the yellow mat?,yes,yes,1
Drop,885,pilot_it2_drop_sizes_box_2_dis_2_occ_0035,Will the red cube touch the yellow mat?,yes,yes,1
Drop,886,pilot_it2_drop_sizes_box_2_dis_2_occ_0036,Will the red cube touch the yellow mat?,no,yes,0
Drop,887,pilot_it2_drop_sizes_box_2_dis_2_occ_0037,Will the red cube touch the yellow mat?,yes,yes,1
Drop,888,pilot_it2_drop_sizes_box_2_dis_2_occ_0038,Will the red cube touch the yellow mat?,no,yes,0
Drop,889,pilot_it2_drop_sizes_box_2_dis_2_occ_0039,Will the red cube touch the yellow mat?,yes,yes,1
Drop,890,pilot_it2_drop_sizes_box_2_dis_2_occ_0040,Will the red cube touch the yellow mat?,no,yes,0
Drop,891,pilot_it2_drop_sizes_box_2_dis_2_occ_0041,Will the red cube touch the yellow mat?,yes,yes,1
Drop,892,pilot_it2_drop_sizes_box_2_dis_2_occ_0042,Will the red cube touch the yellow mat?,yes,yes,1
Drop,893,pilot_it2_drop_sizes_box_2_dis_2_occ_0043,Will the red cube touch the yellow mat?,yes,yes,1
Drop,894,pilot_it2_drop_sizes_box_2_dis_2_occ_0044,Will the red cube touch the yellow mat?,yes,yes,1
Drop,895,pilot_it2_drop_sizes_box_2_dis_2_occ_0045,Will the red cube touch the yellow mat?,yes,yes,1
Drop,896,pilot_it2_drop_sizes_box_2_dis_2_occ_0046,Will the red cube touch the yellow mat?,yes,no,0
Drop,897,pilot_it2_drop_sizes_box_2_dis_2_occ_0047,Will the red cube touch the yellow mat?,no,yes,0
Drop,898,pilot_it2_drop_sizes_box_2_dis_2_occ_0048,Will the red cube touch the yellow mat?,yes,yes,1
Drop,899,pilot_it2_drop_sizes_box_2_dis_2_occ_0049,Will the red cube touch the yellow mat?,no,yes,0
Drop,900,pilot_it2_drop_sizes_tdw_1_dis_1_occ_0000,Will the red cube touch the yellow mat?,yes,yes,1
Drop,901,pilot_it2_drop_sizes_tdw_1_dis_1_occ_0001,Will the red cube touch the yellow mat?,no,yes,0
Drop,902,pilot_it2_drop_sizes_tdw_1_dis_1_occ_0002,Will the red cube touch the yellow mat?,no,no,1
Drop,903,pilot_it2_drop_sizes_tdw_1_dis_1_occ_0003,Will the red cube touch the yellow mat?,yes,yes,1
Drop,904,pilot_it2_drop_sizes_tdw_1_dis_1_occ_0004,Will the red cube touch the yellow mat?,yes,no,0
Drop,905,pilot_it2_drop_sizes_tdw_1_dis_1_occ_0005,Will the red cube touch the yellow mat?,yes,yes,1
Drop,906,pilot_it2_drop_sizes_tdw_1_dis_1_occ_0006,Will the red cube touch the yellow mat?,yes,yes,1
Drop,907,pilot_it2_drop_sizes_tdw_1_dis_1_occ_0007,Will the red cube touch the yellow mat?,no,yes,0
Drop,908,pilot_it2_drop_sizes_tdw_1_dis_1_occ_0008,Will the red cube touch the yellow mat?,yes,no,0
Drop,909,pilot_it2_drop_sizes_tdw_1_dis_1_occ_0009,Will the red cube touch the yellow mat?,yes,yes,1
Drop,910,pilot_it2_drop_sizes_tdw_1_dis_1_occ_0010,Will the red cube touch the yellow mat?,yes,yes,1
Drop,911,pilot_it2_drop_sizes_tdw_1_dis_1_occ_0011,Will the red cube touch the yellow mat?,yes,yes,1
Drop,912,pilot_it2_drop_sizes_tdw_1_dis_1_occ_0012,Will the red cube touch the yellow mat?,no,yes,0
Drop,913,pilot_it2_drop_sizes_tdw_1_dis_1_occ_0013,Will the red cube touch the yellow mat?,yes,yes,1
Drop,914,pilot_it2_drop_sizes_tdw_1_dis_1_occ_0014,Will the red cube touch the yellow mat?,yes,yes,1
Drop,915,pilot_it2_drop_sizes_tdw_1_dis_1_occ_0015,Will the red cube touch the yellow mat?,yes,yes,1
Drop,916,pilot_it2_drop_sizes_tdw_1_dis_1_occ_0016,Will the red cube touch the yellow mat?,yes,yes,1
Drop,917,pilot_it2_drop_sizes_tdw_1_dis_1_occ_0017,Will the red cube touch the yellow mat?,no,no,1
Drop,918,pilot_it2_drop_sizes_tdw_1_dis_1_occ_0018,Will the red cube touch the yellow mat?,no,yes,0
Drop,919,pilot_it2_drop_sizes_tdw_1_dis_1_occ_0019,Will the red cube touch the yellow mat?,no,yes,0
Drop,920,pilot_it2_drop_sizes_tdw_1_dis_1_occ_0020,Will the red cube touch the yellow mat?,yes,no,0
Drop,921,pilot_it2_drop_sizes_tdw_1_dis_1_occ_0021,Will the red cube touch the yellow mat?,no,yes,0
Drop,922,pilot_it2_drop_sizes_tdw_1_dis_1_occ_0022,Will the red cube touch the yellow mat?,yes,yes,1
Drop,923,pilot_it2_drop_sizes_tdw_1_dis_1_occ_0023,Will the red cube touch the yellow mat?,yes,yes,1
Drop,924,pilot_it2_drop_sizes_tdw_1_dis_1_occ_0024,Will the red cube touch the yellow mat?,no,yes,0
Drop,925,pilot_it2_drop_sizes_tdw_1_dis_1_occ_0025,Will the red cube touch the yellow mat?,yes,yes,1
Drop,926,pilot_it2_drop_sizes_tdw_1_dis_1_occ_0026,Will the red cube touch the yellow mat?,no,yes,0
Drop,927,pilot_it2_drop_sizes_tdw_1_dis_1_occ_0027,Will the red cube touch the yellow mat?,yes,no,0
Drop,928,pilot_it2_drop_sizes_tdw_1_dis_1_occ_0028,Will the red cube touch the yellow mat?,yes,yes,1
Drop,929,pilot_it2_drop_sizes_tdw_1_dis_1_occ_0029,Will the red cube touch the yellow mat?,yes,yes,1
Drop,930,pilot_it2_drop_sizes_tdw_1_dis_1_occ_0030,Will the red cube touch the yellow mat?,yes,yes,1
Drop,931,pilot_it2_drop_sizes_tdw_1_dis_1_occ_0031,Will the red cube touch the yellow mat?,yes,yes,1
Drop,932,pilot_it2_drop_sizes_tdw_1_dis_1_occ_0032,Will the red cube touch the yellow mat?,no,no,1
Drop,933,pilot_it2_drop_sizes_tdw_1_dis_1_occ_0033,Will the red cube touch the yellow mat?,yes,yes,1
Drop,934,pilot_it2_drop_sizes_tdw_1_dis_1_occ_0034,Will the red cube touch the yellow mat?,yes,no,0
Drop,935,pilot_it2_drop_sizes_tdw_1_dis_1_occ_0035,Will the red cube touch the yellow mat?,yes,yes,1
Drop,936,pilot_it2_drop_sizes_tdw_1_dis_1_occ_0036,Will the red cube touch the yellow mat?,no,yes,0
Drop,937,pilot_it2_drop_sizes_tdw_1_dis_1_occ_0037,Will the red cube touch the yellow mat?,yes,no,0
Drop,938,pilot_it2_drop_sizes_tdw_1_dis_1_occ_0038,Will the red cube touch the yellow mat?,no,yes,0
Drop,939,pilot_it2_drop_sizes_tdw_1_dis_1_occ_0039,Will the red cube touch the yellow mat?,yes,yes,1
Drop,940,pilot_it2_drop_sizes_tdw_1_dis_1_occ_0040,Will the red cube touch the yellow mat?,no,yes,0
Drop,941,pilot_it2_drop_sizes_tdw_1_dis_1_occ_0041,Will the red cube touch the yellow mat?,yes,yes,1
Drop,942,pilot_it2_drop_sizes_tdw_1_dis_1_occ_0042,Will the red cube touch the yellow mat?,yes,yes,1
Drop,943,pilot_it2_drop_sizes_tdw_1_dis_1_occ_0043,Will the red cube touch the yellow mat?,yes,yes,1
Drop,944,pilot_it2_drop_sizes_tdw_1_dis_1_occ_0044,Will the red cube touch the yellow mat?,yes,yes,1
Drop,945,pilot_it2_drop_sizes_tdw_1_dis_1_occ_0045,Will the red cube touch the yellow mat?,yes,yes,1
Drop,946,pilot_it2_drop_sizes_tdw_1_dis_1_occ_0046,Will the red cube touch the yellow mat?,yes,no,0
Drop,947,pilot_it2_drop_sizes_tdw_1_dis_1_occ_0047,Will the red cube touch the yellow mat?,no,yes,0
Drop,948,pilot_it2_drop_sizes_tdw_1_dis_1_occ_0048,Will the red cube touch the yellow mat?,yes,yes,1
Drop,949,pilot_it2_drop_sizes_tdw_1_dis_1_occ_0049,Will the red cube touch the yellow mat?,no,yes,0
Drop,950,pilot_it2_drop_sizes_tdw_2_dis_2_occ_0000,Will the red cube touch the yellow mat?,yes,yes,1
Drop,951,pilot_it2_drop_sizes_tdw_2_dis_2_occ_0001,Will the red cube touch the yellow mat?,no,yes,0
Drop,952,pilot_it2_drop_sizes_tdw_2_dis_2_occ_0002,Will the red cube touch the yellow mat?,no,no,1
Drop,953,pilot_it2_drop_sizes_tdw_2_dis_2_occ_0003,Will the red cube touch the yellow mat?,yes,yes,1
Drop,954,pilot_it2_drop_sizes_tdw_2_dis_2_occ_0004,Will the red cube touch the yellow mat?,yes,yes,1
Drop,955,pilot_it2_drop_sizes_tdw_2_dis_2_occ_0005,Will the red cube touch the yellow mat?,yes,yes,1
Drop,956,pilot_it2_drop_sizes_tdw_2_dis_2_occ_0006,Will the red cube touch the yellow mat?,yes,yes,1
Drop,957,pilot_it2_drop_sizes_tdw_2_dis_2_occ_0007,Will the red cube touch the yellow mat?,no,yes,0
Drop,958,pilot_it2_drop_sizes_tdw_2_dis_2_occ_0008,Will the red cube touch the yellow mat?,yes,no,0
Drop,959,pilot_it2_drop_sizes_tdw_2_dis_2_occ_0009,Will the red cube touch the yellow mat?,yes,yes,1
Drop,960,pilot_it2_drop_sizes_tdw_2_dis_2_occ_0010,Will the red cube touch the yellow mat?,yes,yes,1
Drop,961,pilot_it2_drop_sizes_tdw_2_dis_2_occ_0011,Will the red cube touch the yellow mat?,yes,yes,1
Drop,962,pilot_it2_drop_sizes_tdw_2_dis_2_occ_0012,Will the red cube touch the yellow mat?,no,yes,0
Drop,963,pilot_it2_drop_sizes_tdw_2_dis_2_occ_0013,Will the red cube touch the yellow mat?,yes,yes,1
Drop,964,pilot_it2_drop_sizes_tdw_2_dis_2_occ_0014,Will the red cube touch the yellow mat?,yes,yes,1
Drop,965,pilot_it2_drop_sizes_tdw_2_dis_2_occ_0015,Will the red cube touch the yellow mat?,yes,yes,1
Drop,966,pilot_it2_drop_sizes_tdw_2_dis_2_occ_0016,Will the red cube touch the yellow mat?,yes,yes,1
Drop,967,pilot_it2_drop_sizes_tdw_2_dis_2_occ_0017,Will the red cube touch the yellow mat?,no,no,1
Drop,968,pilot_it2_drop_sizes_tdw_2_dis_2_occ_0018,Will the red cube touch the yellow mat?,no,yes,0
Drop,969,pilot_it2_drop_sizes_tdw_2_dis_2_occ_0019,Will the red cube touch the yellow mat?,no,yes,0
Drop,970,pilot_it2_drop_sizes_tdw_2_dis_2_occ_0020,Will the red cube touch the yellow mat?,yes,no,0
Drop,971,pilot_it2_drop_sizes_tdw_2_dis_2_occ_0021,Will the red cube touch the yellow mat?,no,yes,0
Drop,972,pilot_it2_drop_sizes_tdw_2_dis_2_occ_0022,Will the red cube touch the yellow mat?,yes,yes,1
Drop,973,pilot_it2_drop_sizes_tdw_2_dis_2_occ_0023,Will the red cube touch the yellow mat?,yes,yes,1
Drop,974,pilot_it2_drop_sizes_tdw_2_dis_2_occ_0024,Will the red cube touch the yellow mat?,no,yes,0
Drop,975,pilot_it2_drop_sizes_tdw_2_dis_2_occ_0025,Will the red cube touch the yellow mat?,yes,yes,1
Drop,976,pilot_it2_drop_sizes_tdw_2_dis_2_occ_0026,Will the red cube touch the yellow mat?,no,no,1
Drop,977,pilot_it2_drop_sizes_tdw_2_dis_2_occ_0027,Will the red cube touch the yellow mat?,yes,yes,1
Drop,978,pilot_it2_drop_sizes_tdw_2_dis_2_occ_0028,Will the red cube touch the yellow mat?,yes,yes,1
Drop,979,pilot_it2_drop_sizes_tdw_2_dis_2_occ_0029,Will the red cube touch the yellow mat?,yes,yes,1
Drop,980,pilot_it2_drop_sizes_tdw_2_dis_2_occ_0030,Will the red cube touch the yellow mat?,yes,yes,1
Drop,981,pilot_it2_drop_sizes_tdw_2_dis_2_occ_0031,Will the red cube touch the yellow mat?,yes,yes,1
Drop,982,pilot_it2_drop_sizes_tdw_2_dis_2_occ_0032,Will the red cube touch the yellow mat?,no,yes,0
Drop,983,pilot_it2_drop_sizes_tdw_2_dis_2_occ_0033,Will the red cube touch the yellow mat?,yes,yes,1
Drop,984,pilot_it2_drop_sizes_tdw_2_dis_2_occ_0034,Will the red cube touch the yellow mat?,yes,yes,1
Drop,985,pilot_it2_drop_sizes_tdw_2_dis_2_occ_0035,Will the red cube touch the yellow mat?,yes,yes,1
Drop,986,pilot_it2_drop_sizes_tdw_2_dis_2_occ_0036,Will the red cube touch the yellow mat?,no,yes,0
Drop,987,pilot_it2_drop_sizes_tdw_2_dis_2_occ_0037,Will the red cube touch the yellow mat?,yes,yes,1
Drop,988,pilot_it2_drop_sizes_tdw_2_dis_2_occ_0038,Will the red cube touch the yellow mat?,no,yes,0
Drop,989,pilot_it2_drop_sizes_tdw_2_dis_2_occ_0039,Will the red cube touch the yellow mat?,yes,yes,1
Drop,990,pilot_it2_drop_sizes_tdw_2_dis_2_occ_0040,Will the red cube touch the yellow mat?,no,yes,0
Drop,991,pilot_it2_drop_sizes_tdw_2_dis_2_occ_0041,Will the red cube touch the yellow mat?,yes,yes,1
Drop,992,pilot_it2_drop_sizes_tdw_2_dis_2_occ_0042,Will the red cube touch the yellow mat?,yes,yes,1
Drop,993,pilot_it2_drop_sizes_tdw_2_dis_2_occ_0043,Will the red cube touch the yellow mat?,yes,yes,1
Drop,994,pilot_it2_drop_sizes_tdw_2_dis_2_occ_0044,Will the red cube touch the yellow mat?,yes,yes,1
Drop,995,pilot_it2_drop_sizes_tdw_2_dis_2_occ_0045,Will the red cube touch the yellow mat?,yes,yes,1
Drop,996,pilot_it2_drop_sizes_tdw_2_dis_2_occ_0046,Will the red cube touch the yellow mat?,yes,no,0
Drop,997,pilot_it2_drop_sizes_tdw_2_dis_2_occ_0047,Will the red cube touch the yellow mat?,no,yes,0
Drop,998,pilot_it2_drop_sizes_tdw_2_dis_2_occ_0048,Will the red cube touch the yellow mat?,yes,yes,1
Drop,999,pilot_it2_drop_sizes_tdw_2_dis_2_occ_0049,Will the red cube touch the yellow mat?,no,yes,0
Link,0,pilot_linking_nl1-5_aNone_bCube_occ1_dis1_tdwroom_0000,Will the red torus touch the yellow mat?,yes,no,0
Link,1,pilot_linking_nl1-5_aNone_bCube_occ1_dis1_tdwroom_0001,Will the red torus touch the yellow mat?,yes,no,0
Link,2,pilot_linking_nl1-5_aNone_bCube_occ1_dis1_tdwroom_0002,Will the red torus touch the yellow mat?,no,no,1
Link,3,pilot_linking_nl1-5_aNone_bCube_occ1_dis1_tdwroom_0003,Will the red torus touch the yellow mat?,no,no,1
Link,4,pilot_linking_nl1-5_aNone_bCube_occ1_dis1_tdwroom_0004,Will the red torus touch the yellow mat?,no,no,1
Link,5,pilot_linking_nl1-5_aNone_bCube_occ1_dis1_tdwroom_0005,Will the red torus touch the yellow mat?,no,no,1
Link,6,pilot_linking_nl1-5_aNone_bCube_occ1_dis1_tdwroom_0006,Will the red torus touch the yellow mat?,yes,yes,1
Link,7,pilot_linking_nl1-5_aNone_bCube_occ1_dis1_tdwroom_0007,Will the red torus touch the yellow mat?,no,no,1
Link,8,pilot_linking_nl1-5_aNone_bCube_occ1_dis1_tdwroom_0008,Will the red torus touch the yellow mat?,no,no,1
Link,9,pilot_linking_nl1-5_aNone_bCube_occ1_dis1_tdwroom_0009,Will the red torus touch the yellow mat?,no,no,1
Link,10,pilot_linking_nl1-5_aNone_bCube_occ1_dis1_tdwroom_0010,Will the red torus touch the yellow mat?,no,no,1
Link,11,pilot_linking_nl1-5_aNone_bCube_occ1_dis1_tdwroom_0011,Will the red torus touch the yellow mat?,yes,no,0
Link,12,pilot_linking_nl1-5_aNone_bCube_occ1_dis1_tdwroom_0012,Will the red torus touch the yellow mat?,no,no,1
Link,13,pilot_linking_nl1-5_aNone_bCube_occ1_dis1_tdwroom_0013,Will the red torus touch the yellow mat?,yes,yes,1
Link,14,pilot_linking_nl1-5_aNone_bCube_occ1_dis1_tdwroom_0014,Will the red torus touch the yellow mat?,no,no,1
Link,15,pilot_linking_nl1-5_aNone_bCube_occ1_dis1_tdwroom_0015,Will the red torus touch the yellow mat?,yes,no,0
Link,16,pilot_linking_nl1-5_aNone_bCube_occ1_dis1_tdwroom_0016,Will the red torus touch the yellow mat?,yes,no,0
Link,17,pilot_linking_nl1-5_aNone_bCube_occ1_dis1_tdwroom_0017,Will the red torus touch the yellow mat?,no,no,1
Link,18,pilot_linking_nl1-5_aNone_bCube_occ1_dis1_tdwroom_0018,Will the red torus touch the yellow mat?,no,no,1
Link,19,pilot_linking_nl1-5_aNone_bCube_occ1_dis1_tdwroom_0019,Will the red torus touch the yellow mat?,no,yes,0
Link,20,pilot_linking_nl1-5_aNone_bCube_occ1_dis1_tdwroom_0020,Will the red torus touch the yellow mat?,no,no,1
Link,21,pilot_linking_nl1-5_aNone_bCube_occ1_dis1_tdwroom_0021,Will the red torus touch the yellow mat?,no,no,1
Link,22,pilot_linking_nl1-5_aNone_bCube_occ1_dis1_tdwroom_0022,Will the red torus touch the yellow mat?,no,yes,0
Link,23,pilot_linking_nl1-5_aNone_bCube_occ1_dis1_tdwroom_0023,Will the red torus touch the yellow mat?,no,no,1
Link,24,pilot_linking_nl1-5_aNone_bCube_occ1_dis1_tdwroom_0024,Will the red torus touch the yellow mat?,yes,yes,1
Link,25,pilot_linking_nl1-5_aNone_bCube_occ1_dis1_tdwroom_0025,Will the red torus touch the yellow mat?,yes,yes,1
Link,26,pilot_linking_nl1-5_aNone_bCube_occ1_dis1_tdwroom_0026,Will the red torus touch the yellow mat?,no,yes,0
Link,27,pilot_linking_nl1-5_aNone_bCube_occ1_dis1_tdwroom_0027,Will the red torus touch the yellow mat?,no,no,1
Link,28,pilot_linking_nl1-5_aNone_bCube_occ1_dis1_tdwroom_0028,Will the red torus touch the yellow mat?,yes,yes,1
Link,29,pilot_linking_nl1-5_aNone_bCube_occ1_dis1_tdwroom_0029,Will the red torus touch the yellow mat?,no,yes,0
Link,30,pilot_linking_nl1-5_aNone_bCube_occ1_dis1_tdwroom_0030,Will the red torus touch the yellow mat?,no,no,1
Link,31,pilot_linking_nl1-5_aNone_bCube_occ1_dis1_tdwroom_0031,Will the red torus touch the yellow mat?,yes,yes,1
Link,32,pilot_linking_nl1-5_aNone_bCube_occ1_dis1_tdwroom_0032,Will the red torus touch the yellow mat?,no,yes,0
Link,33,pilot_linking_nl1-5_aNone_bCube_occ1_dis1_tdwroom_0033,Will the red torus touch the yellow mat?,no,no,1
Link,34,pilot_linking_nl1-5_aNone_bCube_occ1_dis1_tdwroom_0034,Will the red torus touch the yellow mat?,no,no,1
Link,35,pilot_linking_nl1-5_aNone_bCube_occ1_dis1_tdwroom_0035,Will the red torus touch the yellow mat?,no,no,1
Link,36,pilot_linking_nl1-5_aNone_bCube_occ1_dis1_tdwroom_0036,Will the red torus touch the yellow mat?,no,no,1
Link,37,pilot_linking_nl1-5_aNone_bCube_occ1_dis1_tdwroom_0037,Will the red torus touch the yellow mat?,no,no,1
Link,38,pilot_linking_nl1-5_aNone_bCube_occ1_dis1_tdwroom_0038,Will the red torus touch the yellow mat?,no,no,1
Link,39,pilot_linking_nl1-5_aNone_bCube_occ1_dis1_tdwroom_0039,Will the red torus touch the yellow mat?,no,no,1
Link,40,pilot_linking_nl1-5_aNone_bCube_occ1_dis1_tdwroom_0040,Will the red torus touch the yellow mat?,yes,no,0
Link,41,pilot_linking_nl1-5_aNone_bCube_occ1_dis1_tdwroom_0041,Will the red torus touch the yellow mat?,no,no,1
Link,42,pilot_linking_nl1-5_aNone_bCube_occ1_dis1_tdwroom_0042,Will the red torus touch the yellow mat?,no,yes,0
Link,43,pilot_linking_nl1-5_aNone_bCube_occ1_dis1_tdwroom_0043,Will the red torus touch the yellow mat?,no,no,1
Link,44,pilot_linking_nl1-5_aNone_bCube_occ1_dis1_tdwroom_0044,Will the red torus touch the yellow mat?,no,no,1
Link,45,pilot_linking_nl1-5_aNone_bCube_occ1_dis1_tdwroom_0045,Will the red torus touch the yellow mat?,no,no,1
Link,46,pilot_linking_nl1-5_aNone_bCube_occ1_dis1_tdwroom_0046,Will the red torus touch the yellow mat?,no,no,1
Link,47,pilot_linking_nl1-5_aNone_bCube_occ1_dis1_tdwroom_0047,Will the red torus touch the yellow mat?,no,yes,0
Link,48,pilot_linking_nl1-5_aNone_bCube_occ1_dis1_tdwroom_0048,Will the red torus touch the yellow mat?,no,yes,0
Link,49,pilot_linking_nl1-5_aNone_bCube_occ1_dis1_tdwroom_0049,Will the red torus touch the yellow mat?,yes,no,0
Link,50,pilot_linking_nl1-5_aNone_bCube_occ1_dis1_tdwroom_0050,Will the red torus touch the yellow mat?,yes,no,0
Link,51,pilot_linking_nl1-5_aNone_bCube_occ1_dis1_tdwroom_0051,Will the red torus touch the yellow mat?,no,no,1
Link,52,pilot_linking_nl1-5_aNone_bCube_occ1_dis1_tdwroom_0052,Will the red torus touch the yellow mat?,no,yes,0
Link,53,pilot_linking_nl1-5_aNone_bCube_occ1_dis1_tdwroom_0053,Will the red torus touch the yellow mat?,no,yes,0
Link,54,pilot_linking_nl1-5_aNone_bCube_occ1_dis1_tdwroom_0054,Will the red torus touch the yellow mat?,no,no,1
Link,55,pilot_linking_nl1-5_aNone_bCube_occ1_dis1_tdwroom_0055,Will the red torus touch the yellow mat?,no,no,1
Link,56,pilot_linking_nl1-5_aNone_bCube_occ1_dis1_tdwroom_0056,Will the red torus touch the yellow mat?,no,yes,0
Link,57,pilot_linking_nl1-5_aNone_bCube_occ1_dis1_tdwroom_0057,Will the red torus touch the yellow mat?,no,yes,0
Link,58,pilot_linking_nl1-5_aNone_bCube_occ1_dis1_tdwroom_0058,Will the red torus touch the yellow mat?,yes,yes,1
Link,59,pilot_linking_nl1-5_aNone_bCube_occ1_dis1_tdwroom_0059,Will the red torus touch the yellow mat?,no,no,1
Link,60,pilot_linking_nl1-5_aNone_bCube_occ1_dis1_tdwroom_0060,Will the red torus touch the yellow mat?,yes,no,0
Link,61,pilot_linking_nl1-5_aNone_bCube_occ1_dis1_tdwroom_0061,Will the red torus touch the yellow mat?,yes,no,0
Link,62,pilot_linking_nl1-5_aNone_bCube_occ1_dis1_tdwroom_0062,Will the red torus touch the yellow mat?,no,no,1
Link,63,pilot_linking_nl1-5_aNone_bCube_occ1_dis1_tdwroom_0063,Will the red torus touch the yellow mat?,no,no,1
Link,64,pilot_linking_nl1-5_aNone_bCube_occ1_dis1_tdwroom_0064,Will the red torus touch the yellow mat?,yes,yes,1
Link,65,pilot_linking_nl1-5_aNone_bCube_occ1_dis1_tdwroom_0065,Will the red torus touch the yellow mat?,yes,no,0
Link,66,pilot_linking_nl1-5_aNone_bCube_occ1_dis1_tdwroom_0066,Will the red torus touch the yellow mat?,yes,yes,1
Link,67,pilot_linking_nl1-5_aNone_bCube_occ1_dis1_tdwroom_0067,Will the red torus touch the yellow mat?,no,yes,0
Link,68,pilot_linking_nl1-5_aNone_bCube_occ1_dis1_tdwroom_0068,Will the red torus touch the yellow mat?,no,no,1
Link,69,pilot_linking_nl1-5_aNone_bCube_occ1_dis1_tdwroom_0069,Will the red torus touch the yellow mat?,no,no,1
Link,70,pilot_linking_nl1-5_aNone_bCube_occ1_dis1_tdwroom_0070,Will the red torus touch the yellow mat?,yes,yes,1
Link,71,pilot_linking_nl1-5_aNone_bCube_occ1_dis1_tdwroom_0071,Will the red torus touch the yellow mat?,yes,yes,1
Link,72,pilot_linking_nl1-5_aNone_bCube_occ1_dis1_tdwroom_0072,Will the red torus touch the yellow mat?,no,no,1
Link,73,pilot_linking_nl1-5_aNone_bCube_occ1_dis1_tdwroom_0073,Will the red torus touch the yellow mat?,no,yes,0
Link,74,pilot_linking_nl1-5_aNone_bCube_occ1_dis1_tdwroom_0074,Will the red torus touch the yellow mat?,no,no,1
Link,75,pilot_linking_nl1-5_aNone_bCube_occ1_dis1_tdwroom_0075,Will the red torus touch the yellow mat?,no,no,1
Link,76,pilot_linking_nl1-5_aNone_bCube_occ1_dis1_tdwroom_0076,Will the red torus touch the yellow mat?,no,yes,0
Link,77,pilot_linking_nl1-5_aNone_bCube_occ1_dis1_tdwroom_0077,Will the red torus touch the yellow mat?,yes,no,0
Link,78,pilot_linking_nl1-5_aNone_bCube_occ1_dis1_tdwroom_0078,Will the red torus touch the yellow mat?,no,no,1
Link,79,pilot_linking_nl1-5_aNone_bCube_occ1_dis1_tdwroom_0079,Will the red torus touch the yellow mat?,no,yes,0
Link,80,pilot_linking_nl1-5_aNone_bCube_occ1_dis1_tdwroom_0080,Will the red torus touch the yellow mat?,no,no,1
Link,81,pilot_linking_nl1-5_aNone_bCube_occ1_dis1_tdwroom_0081,Will the red torus touch the yellow mat?,yes,yes,1
Link,82,pilot_linking_nl1-5_aNone_bCube_occ1_dis1_tdwroom_0082,Will the red torus touch the yellow mat?,yes,yes,1
Link,83,pilot_linking_nl1-5_aNone_bCube_occ1_dis1_tdwroom_0083,Will the red torus touch the yellow mat?,no,no,1
Link,84,pilot_linking_nl1-5_aNone_bCube_occ1_dis1_tdwroom_0084,Will the red torus touch the yellow mat?,yes,yes,1
Link,85,pilot_linking_nl1-5_aNone_bCube_occ1_dis1_tdwroom_0085,Will the red torus touch the yellow mat?,no,no,1
Link,86,pilot_linking_nl1-5_aNone_bCube_occ1_dis1_tdwroom_0086,Will the red torus touch the yellow mat?,no,no,1
Link,87,pilot_linking_nl1-5_aNone_bCube_occ1_dis1_tdwroom_0087,Will the red torus touch the yellow mat?,no,yes,0
Link,88,pilot_linking_nl1-5_aNone_bCube_occ1_dis1_tdwroom_0088,Will the red torus touch the yellow mat?,no,no,1
Link,89,pilot_linking_nl1-5_aNone_bCube_occ1_dis1_tdwroom_0089,Will the red torus touch the yellow mat?,no,no,1
Link,90,pilot_linking_nl1-5_aNone_bCube_occ1_dis1_tdwroom_0090,Will the red torus touch the yellow mat?,no,no,1
Link,91,pilot_linking_nl1-5_aNone_bCube_occ1_dis1_tdwroom_0091,Will the red torus touch the yellow mat?,no,no,1
Link,92,pilot_linking_nl1-5_aNone_bCube_occ1_dis1_tdwroom_0092,Will the red torus touch the yellow mat?,yes,yes,1
Link,93,pilot_linking_nl1-5_aNone_bCube_occ1_dis1_tdwroom_0093,Will the red torus touch the yellow mat?,no,no,1
Link,94,pilot_linking_nl1-5_aNone_bCube_occ1_dis1_tdwroom_0094,Will the red torus touch the yellow mat?,no,no,1
Link,95,pilot_linking_nl1-5_aNone_bCube_occ1_dis1_tdwroom_0095,Will the red torus touch the yellow mat?,no,no,1
Link,96,pilot_linking_nl1-5_aNone_bCube_occ1_dis1_tdwroom_0096,Will the red torus touch the yellow mat?,no,no,1
Link,97,pilot_linking_nl1-5_aNone_bCube_occ1_dis1_tdwroom_0097,Will the red torus touch the yellow mat?,no,no,1
Link,98,pilot_linking_nl1-5_aNone_bCube_occ1_dis1_tdwroom_0098,Will the red torus touch the yellow mat?,yes,yes,1
Link,99,pilot_linking_nl1-5_aNone_bCube_occ1_dis1_tdwroom_0099,Will the red torus touch the yellow mat?,yes,yes,1
Link,100,pilot_linking_nl1-5_aNone_bCube_occ1_dis1_tdwroom_0100,Will the red torus touch the yellow mat?,no,no,1
Link,101,pilot_linking_nl1-5_aNone_bCube_occ1_dis1_tdwroom_0101,Will the red torus touch the yellow mat?,yes,yes,1
Link,102,pilot_linking_nl1-5_aNone_bCube_occ1_dis1_tdwroom_0102,Will the red torus touch the yellow mat?,no,yes,0
Link,103,pilot_linking_nl1-5_aNone_bCube_occ1_dis1_tdwroom_0103,Will the red torus touch the yellow mat?,yes,yes,1
Link,104,pilot_linking_nl1-5_aNone_bCube_occ1_dis1_tdwroom_0104,Will the red torus touch the yellow mat?,no,no,1
Link,105,pilot_linking_nl1-5_aNone_bCube_occ1_dis1_tdwroom_0105,Will the red torus touch the yellow mat?,yes,yes,1
Link,106,pilot_linking_nl1-5_aNone_bCube_occ1_dis1_tdwroom_0106,Will the red torus touch the yellow mat?,yes,yes,1
Link,107,pilot_linking_nl1-5_aNone_bCube_occ1_dis1_tdwroom_0107,Will the red torus touch the yellow mat?,no,yes,0
Link,108,pilot_linking_nl1-5_aNone_bCube_occ1_dis1_tdwroom_0108,Will the red torus touch the yellow mat?,no,no,1
Link,109,pilot_linking_nl1-5_aNone_bCube_occ1_dis1_tdwroom_0109,Will the red torus touch the yellow mat?,no,yes,0
Link,110,pilot_linking_nl1-5_aNone_bCube_occ1_dis1_tdwroom_0110,Will the red torus touch the yellow mat?,no,no,1
Link,111,pilot_linking_nl1-5_aNone_bCube_occ1_dis1_tdwroom_0111,Will the red torus touch the yellow mat?,yes,no,0
Link,112,pilot_linking_nl1-5_aNone_bCube_occ1_dis1_tdwroom_0112,Will the red torus touch the yellow mat?,no,yes,0
Link,113,pilot_linking_nl1-5_aNone_bCube_occ1_dis1_tdwroom_0113,Will the red torus touch the yellow mat?,yes,yes,1
Link,114,pilot_linking_nl1-5_aNone_bCube_occ1_dis1_tdwroom_0114,Will the red torus touch the yellow mat?,no,yes,0
Link,115,pilot_linking_nl1-5_aNone_bCube_occ1_dis1_tdwroom_0115,Will the red torus touch the yellow mat?,no,yes,0
Link,116,pilot_linking_nl1-5_aNone_bCube_occ1_dis1_tdwroom_0116,Will the red torus touch the yellow mat?,no,yes,0
Link,117,pilot_linking_nl1-5_aNone_bCube_occ1_dis1_tdwroom_0117,Will the red torus touch the yellow mat?,no,no,1
Link,118,pilot_linking_nl1-5_aNone_bCube_occ1_dis1_tdwroom_0118,Will the red torus touch the yellow mat?,no,yes,0
Link,119,pilot_linking_nl1-5_aNone_bCube_occ1_dis1_tdwroom_0119,Will the red torus touch the yellow mat?,no,yes,0
Link,120,pilot_linking_nl1-5_aNone_bCube_occ1_dis1_tdwroom_0120,Will the red torus touch the yellow mat?,no,no,1
Link,121,pilot_linking_nl1-5_aNone_bCube_occ1_dis1_tdwroom_0121,Will the red torus touch the yellow mat?,no,no,1
Link,122,pilot_linking_nl1-5_aNone_bCube_occ1_dis1_tdwroom_0122,Will the red torus touch the yellow mat?,no,yes,0
Link,123,pilot_linking_nl1-5_aNone_bCube_occ1_dis1_tdwroom_0123,Will the red torus touch the yellow mat?,yes,yes,1
Link,124,pilot_linking_nl1-5_aNone_bCube_occ1_dis1_tdwroom_0124,Will the red torus touch the yellow mat?,no,no,1
Link,125,pilot_linking_nl1-5_aNone_bCube_occ1_dis1_tdwroom_0125,Will the red torus touch the yellow mat?,no,yes,0
Link,126,pilot_linking_nl1-5_aNone_bCube_occ1_dis1_tdwroom_0126,Will the red torus touch the yellow mat?,yes,yes,1
Link,127,pilot_linking_nl1-5_aNone_bCube_occ1_dis1_tdwroom_0127,Will the red torus touch the yellow mat?,no,no,1
Link,128,pilot_linking_nl1-5_aNone_bCube_occ1_dis1_tdwroom_0128,Will the red torus touch the yellow mat?,no,no,1
Link,129,pilot_linking_nl1-5_aNone_bCube_occ1_dis1_tdwroom_0129,Will the red torus touch the yellow mat?,no,no,1
Link,130,pilot_linking_nl1-5_aNone_bCube_occ1_dis1_tdwroom_0130,Will the red torus touch the yellow mat?,no,yes,0
Link,131,pilot_linking_nl1-5_aNone_bCube_occ1_dis1_tdwroom_0131,Will the red torus touch the yellow mat?,no,no,1
Link,132,pilot_linking_nl1-5_aNone_bCube_occ1_dis1_tdwroom_0132,Will the red torus touch the yellow mat?,yes,no,0
Link,133,pilot_linking_nl1-5_aNone_bCube_occ1_dis1_tdwroom_0133,Will the red torus touch the yellow mat?,yes,yes,1
Link,134,pilot_linking_nl1-5_aNone_bCube_occ1_dis1_tdwroom_0134,Will the red torus touch the yellow mat?,no,no,1
Link,135,pilot_linking_nl1-5_aNone_bCube_occ1_dis1_tdwroom_0135,Will the red torus touch the yellow mat?,yes,no,0
Link,136,pilot_linking_nl1-5_aNone_bCube_occ1_dis1_tdwroom_0136,Will the red torus touch the yellow mat?,no,no,1
Link,137,pilot_linking_nl1-5_aNone_bCube_occ1_dis1_tdwroom_0137,Will the red torus touch the yellow mat?,no,no,1
Link,138,pilot_linking_nl1-5_aNone_bCube_occ1_dis1_tdwroom_0138,Will the red torus touch the yellow mat?,no,no,1
Link,139,pilot_linking_nl1-5_aNone_bCube_occ1_dis1_tdwroom_0139,Will the red torus touch the yellow mat?,no,no,1
Link,140,pilot_linking_nl1-5_aNone_bCube_occ1_dis1_tdwroom_0140,Will the red torus touch the yellow mat?,no,yes,0
Link,141,pilot_linking_nl1-5_aNone_bCube_occ1_dis1_tdwroom_0141,Will the red torus touch the yellow mat?,yes,yes,1
Link,142,pilot_linking_nl1-5_aNone_bCube_occ1_dis1_tdwroom_0142,Will the red torus touch the yellow mat?,no,no,1
Link,143,pilot_linking_nl1-6_ms03-7_aCylcap_bCyl_tdwroom_0000,Will the red cube touch the yellow mat?,yes,no,0
Link,144,pilot_linking_nl1-6_ms03-7_aCylcap_bCyl_tdwroom_0001,Will the red cube touch the yellow mat?,yes,no,0
Link,145,pilot_linking_nl1-6_ms03-7_aCylcap_bCyl_tdwroom_0002,Will the red cube touch the yellow mat?,yes,no,0
Link,146,pilot_linking_nl1-6_ms03-7_aCylcap_bCyl_tdwroom_0003,Will the red cube touch the yellow mat?,yes,no,0
Link,147,pilot_linking_nl1-6_ms03-7_aCylcap_bCyl_tdwroom_0004,Will the red cube touch the yellow mat?,no,no,1
Link,148,pilot_linking_nl1-6_ms03-7_aCylcap_bCyl_tdwroom_0005,Will the red cube touch the yellow mat?,no,no,1
Link,149,pilot_linking_nl1-6_ms03-7_aCylcap_bCyl_tdwroom_0006,Will the red cube touch the yellow mat?,yes,no,0
Link,150,pilot_linking_nl1-6_ms03-7_aCylcap_bCyl_tdwroom_0007,Will the red cube touch the yellow mat?,no,no,1
Link,151,pilot_linking_nl1-6_ms03-7_aCylcap_bCyl_tdwroom_0008,Will the red cube touch the yellow mat?,no,no,1
Link,152,pilot_linking_nl1-6_ms03-7_aCylcap_bCyl_tdwroom_0009,Will the red cube touch the yellow mat?,yes,no,0
Link,153,pilot_linking_nl1-6_ms03-7_aCylcap_bCyl_tdwroom_0010,Will the red cube touch the yellow mat?,no,no,1
Link,154,pilot_linking_nl1-6_ms03-7_aCylcap_bCyl_tdwroom_0011,Will the red cube touch the yellow mat?,no,yes,0
Link,155,pilot_linking_nl1-6_ms03-7_aCylcap_bCyl_tdwroom_0012,Will the red cube touch the yellow mat?,no,yes,0
Link,156,pilot_linking_nl1-6_ms03-7_aCylcap_bCyl_tdwroom_0013,Will the red cube touch the yellow mat?,yes,no,0
Link,157,pilot_linking_nl1-6_ms03-7_aCylcap_bCyl_tdwroom_0014,Will the red cube touch the yellow mat?,yes,yes,1
Link,158,pilot_linking_nl1-6_ms03-7_aCylcap_bCyl_tdwroom_0015,Will the red cube touch the yellow mat?,yes,no,0
Link,159,pilot_linking_nl1-6_ms03-7_aCylcap_bCyl_tdwroom_0016,Will the red cube touch the yellow mat?,yes,yes,1
Link,160,pilot_linking_nl1-6_ms03-7_aCylcap_bCyl_tdwroom_0017,Will the red cube touch the yellow mat?,no,no,1
Link,161,pilot_linking_nl1-6_ms03-7_aCylcap_bCyl_tdwroom_0018,Will the red cube touch the yellow mat?,yes,no,0
Link,162,pilot_linking_nl1-6_ms03-7_aCylcap_bCyl_tdwroom_0019,Will the red cube touch the yellow mat?,yes,no,0
Link,163,pilot_linking_nl1-6_ms03-7_aCylcap_bCyl_tdwroom_0020,Will the red cube touch the yellow mat?,yes,yes,1
Link,164,pilot_linking_nl1-6_ms03-7_aCylcap_bCyl_tdwroom_0021,Will the red cube touch the yellow mat?,no,no,1
Link,165,pilot_linking_nl1-6_ms03-7_aCylcap_bCyl_tdwroom_0022,Will the red cube touch the yellow mat?,yes,no,0
Link,166,pilot_linking_nl1-6_ms03-7_aCylcap_bCyl_tdwroom_0023,Will the red cube touch the yellow mat?,yes,no,0
Link,167,pilot_linking_nl1-6_ms03-7_aCylcap_bCyl_tdwroom_0024,Will the red cube touch the yellow mat?,yes,yes,1
Link,168,pilot_linking_nl1-6_ms03-7_aCylcap_bCyl_tdwroom_0025,Will the red cube touch the yellow mat?,yes,no,0
Link,169,pilot_linking_nl1-6_ms03-7_aCylcap_bCyl_tdwroom_0026,Will the red cube touch the yellow mat?,yes,yes,1
Link,170,pilot_linking_nl1-6_ms03-7_aCylcap_bCyl_tdwroom_0027,Will the red cube touch the yellow mat?,no,no,1
Link,171,pilot_linking_nl1-6_ms03-7_aCylcap_bCyl_tdwroom_0028,Will the red cube touch the yellow mat?,yes,no,0
Link,172,pilot_linking_nl1-6_ms03-7_aCylcap_bCyl_tdwroom_0029,Will the red cube touch the yellow mat?,no,no,1
Link,173,pilot_linking_nl1-6_ms03-7_aCylcap_bCyl_tdwroom_0030,Will the red cube touch the yellow mat?,no,no,1
Link,174,pilot_linking_nl1-6_ms03-7_aCylcap_bCyl_tdwroom_0031,Will the red cube touch the yellow mat?,yes,no,0
Link,175,pilot_linking_nl1-6_ms03-7_aCylcap_bCyl_tdwroom_0032,Will the red cube touch the yellow mat?,yes,no,0
Link,176,pilot_linking_nl1-6_ms03-7_aCylcap_bCyl_tdwroom_0033,Will the red cube touch the yellow mat?,yes,no,0
Link,177,pilot_linking_nl1-6_ms03-7_aCylcap_bCyl_tdwroom_0034,Will the red cube touch the yellow mat?,no,no,1
Link,178,pilot_linking_nl1-6_ms03-7_aCylcap_bCyl_tdwroom_0035,Will the red cube touch the yellow mat?,yes,yes,1
Link,179,pilot_linking_nl1-6_ms03-7_aCylcap_bCyl_tdwroom_0036,Will the red cube touch the yellow mat?,yes,no,0
Link,180,pilot_linking_nl1-6_ms03-7_aCylcap_bCyl_tdwroom_0037,Will the red cube touch the yellow mat?,yes,yes,1
Link,181,pilot_linking_nl1-6_ms03-7_aCylcap_bCyl_tdwroom_0038,Will the red cube touch the yellow mat?,yes,no,0
Link,182,pilot_linking_nl1-6_ms03-7_aCylcap_bCyl_tdwroom_0039,Will the red cube touch the yellow mat?,yes,no,0
Link,183,pilot_linking_nl1-6_ms03-7_aCylcap_bCyl_tdwroom_0040,Will the red cube touch the yellow mat?,yes,no,0
Link,184,pilot_linking_nl1-6_ms03-7_aCylcap_bCyl_tdwroom_0041,Will the red cube touch the yellow mat?,no,no,1
Link,185,pilot_linking_nl1-6_ms03-7_aCylcap_bCyl_tdwroom_0042,Will the red cube touch the yellow mat?,no,no,1
Link,186,pilot_linking_nl1-6_ms03-7_aCylcap_bCyl_tdwroom_0043,Will the red cube touch the yellow mat?,yes,no,0
Link,187,pilot_linking_nl1-6_ms03-7_aCylcap_bCyl_tdwroom_0044,Will the red cube touch the yellow mat?,no,no,1
Link,188,pilot_linking_nl1-6_ms03-7_aCylcap_bCyl_tdwroom_0045,Will the red cube touch the yellow mat?,no,no,1
Link,189,pilot_linking_nl1-6_ms03-7_aCylcap_bCyl_tdwroom_0046,Will the red cube touch the yellow mat?,yes,no,0
Link,190,pilot_linking_nl1-6_ms03-7_aCylcap_bCyl_tdwroom_0047,Will the red cube touch the yellow mat?,no,no,1
Link,191,pilot_linking_nl1-6_ms03-7_aCylcap_bCyl_tdwroom_0048,Will the red cube touch the yellow mat?,no,no,1
Link,192,pilot_linking_nl1-6_ms03-7_aCylcap_bCyl_tdwroom_0049,Will the red cube touch the yellow mat?,yes,no,0
Link,193,pilot_linking_nl1-6_ms03-7_aCylcap_bCyl_tdwroom_0050,Will the red cube touch the yellow mat?,yes,no,0
Link,194,pilot_linking_nl1-6_ms03-7_aCylcap_bCyl_tdwroom_0051,Will the red cube touch the yellow mat?,yes,no,0
Link,195,pilot_linking_nl1-6_ms03-7_aCylcap_bCyl_tdwroom_0052,Will the red cube touch the yellow mat?,yes,no,0
Link,196,pilot_linking_nl1-6_ms03-7_aCylcap_bCyl_tdwroom_0053,Will the red cube touch the yellow mat?,yes,yes,1
Link,197,pilot_linking_nl1-6_ms03-7_aCylcap_bCyl_tdwroom_0054,Will the red cube touch the yellow mat?,no,no,1
Link,198,pilot_linking_nl1-6_ms03-7_aCylcap_bCyl_tdwroom_0055,Will the red cube touch the yellow mat?,no,no,1
Link,199,pilot_linking_nl1-6_ms03-7_aCylcap_bCyl_tdwroom_0056,Will the red cube touch the yellow mat?,no,no,1
Link,200,pilot_linking_nl1-6_ms03-7_aCylcap_bCyl_tdwroom_0057,Will the red cube touch the yellow mat?,no,no,1
Link,201,pilot_linking_nl1-6_ms03-7_aCylcap_bCyl_tdwroom_0058,Will the red cube touch the yellow mat?,yes,no,0
Link,202,pilot_linking_nl1-6_ms03-7_aCylcap_bCyl_tdwroom_0059,Will the red cube touch the yellow mat?,yes,no,0
Link,203,pilot_linking_nl1-6_ms03-7_aCylcap_bCyl_tdwroom_0060,Will the red cube touch the yellow mat?,yes,no,0
Link,204,pilot_linking_nl1-6_ms03-7_aCylcap_bCyl_tdwroom_0061,Will the red cube touch the yellow mat?,no,no,1
Link,205,pilot_linking_nl1-6_ms03-7_aCylcap_bCyl_tdwroom_0062,Will the red cube touch the yellow mat?,yes,yes,1
Link,206,pilot_linking_nl1-6_ms03-7_aCylcap_bCyl_tdwroom_0063,Will the red cube touch the yellow mat?,no,no,1
Link,207,pilot_linking_nl1-6_ms03-7_aCylcap_bCyl_tdwroom_0064,Will the red cube touch the yellow mat?,yes,no,0
Link,208,pilot_linking_nl1-6_ms03-7_aCylcap_bCyl_tdwroom_0065,Will the red cube touch the yellow mat?,yes,no,0
Link,209,pilot_linking_nl1-6_ms03-7_aCylcap_bCyl_tdwroom_0066,Will the red cube touch the yellow mat?,yes,no,0
Link,210,pilot_linking_nl1-6_ms03-7_aCylcap_bCyl_tdwroom_0067,Will the red cube touch the yellow mat?,no,no,1
Link,211,pilot_linking_nl1-6_ms03-7_aCylcap_bCyl_tdwroom_0068,Will the red cube touch the yellow mat?,no,no,1
Link,212,pilot_linking_nl1-6_ms03-7_aCylcap_bCyl_tdwroom_0069,Will the red cube touch the yellow mat?,yes,yes,1
Link,213,pilot_linking_nl1-6_ms03-7_aCylcap_bCyl_tdwroom_0070,Will the red cube touch the yellow mat?,yes,no,0
Link,214,pilot_linking_nl1-6_ms03-7_aCylcap_bCyl_tdwroom_0071,Will the red cube touch the yellow mat?,yes,no,0
Link,215,pilot_linking_nl1-6_ms03-7_aCylcap_bCyl_tdwroom_0072,Will the red cube touch the yellow mat?,yes,yes,1
Link,216,pilot_linking_nl1-6_ms03-7_aCylcap_bCyl_tdwroom_0073,Will the red cube touch the yellow mat?,yes,yes,1
Link,217,pilot_linking_nl1-6_ms03-7_aCylcap_bCyl_tdwroom_0074,Will the red cube touch the yellow mat?,no,no,1
Link,218,pilot_linking_nl1-6_ms03-7_aCylcap_bCyl_tdwroom_0075,Will the red cube touch the yellow mat?,yes,no,0
Link,219,pilot_linking_nl1-6_ms03-7_aCylcap_bCyl_tdwroom_0076,Will the red cube touch the yellow mat?,no,no,1
Link,220,pilot_linking_nl1-6_ms03-7_aCylcap_bCyl_tdwroom_0077,Will the red cube touch the yellow mat?,no,no,1
Link,221,pilot_linking_nl1-6_ms03-7_aCylcap_bCyl_tdwroom_0078,Will the red cube touch the yellow mat?,yes,yes,1
Link,222,pilot_linking_nl1-6_ms03-7_aCylcap_bCyl_tdwroom_0079,Will the red cube touch the yellow mat?,no,no,1
Link,223,pilot_linking_nl1-6_ms03-7_aCylcap_bCyl_tdwroom_0080,Will the red cube touch the yellow mat?,yes,no,0
Link,224,pilot_linking_nl1-6_ms03-7_aCylcap_bCyl_tdwroom_0081,Will the red cube touch the yellow mat?,no,no,1
Link,225,pilot_linking_nl1-6_ms03-7_aCylcap_bCyl_tdwroom_0082,Will the red cube touch the yellow mat?,yes,no,0
Link,226,pilot_linking_nl1-6_ms03-7_aCylcap_bCyl_tdwroom_0083,Will the red cube touch the yellow mat?,no,no,1
Link,227,pilot_linking_nl1-6_ms03-7_aCylcap_bCyl_tdwroom_0084,Will the red cube touch the yellow mat?,yes,no,0
Link,228,pilot_linking_nl1-6_ms03-7_aCylcap_bCyl_tdwroom_0085,Will the red cube touch the yellow mat?,no,no,1
Link,229,pilot_linking_nl1-6_ms03-7_aCylcap_bCyl_tdwroom_0086,Will the red cube touch the yellow mat?,yes,no,0
Link,230,pilot_linking_nl1-6_ms03-7_aCylcap_bCyl_tdwroom_0087,Will the red cube touch the yellow mat?,yes,no,0
Link,231,pilot_linking_nl1-6_ms03-7_aCylcap_bCyl_tdwroom_0088,Will the red cube touch the yellow mat?,no,no,1
Link,232,pilot_linking_nl1-6_ms03-7_aCylcap_bCyl_tdwroom_0089,Will the red cube touch the yellow mat?,no,no,1
Link,233,pilot_linking_nl1-6_ms03-7_aCylcap_bCyl_tdwroom_0090,Will the red cube touch the yellow mat?,yes,yes,1
Link,234,pilot_linking_nl1-6_ms03-7_aCylcap_bCyl_tdwroom_0091,Will the red cube touch the yellow mat?,yes,no,0
Link,235,pilot_linking_nl1-6_ms03-7_aCylcap_bCyl_tdwroom_0092,Will the red cube touch the yellow mat?,no,no,1
Link,236,pilot_linking_nl1-6_ms03-7_aCylcap_bCyl_tdwroom_0093,Will the red cube touch the yellow mat?,no,no,1
Link,237,pilot_linking_nl1-6_ms03-7_aCylcap_bCyl_tdwroom_0094,Will the red cube touch the yellow mat?,no,no,1
Link,238,pilot_linking_nl1-6_ms03-7_aCylcap_bCyl_tdwroom_0095,Will the red cube touch the yellow mat?,yes,no,0
Link,239,pilot_linking_nl1-6_ms03-7_aCylcap_bCyl_tdwroom_0096,Will the red cube touch the yellow mat?,no,no,1
Link,240,pilot_linking_nl1-6_ms03-7_aCylcap_bCyl_tdwroom_0097,Will the red cube touch the yellow mat?,no,no,1
Link,241,pilot_linking_nl1-6_ms03-7_aCylcap_bCyl_tdwroom_0098,Will the red cube touch the yellow mat?,yes,no,0
Link,242,pilot_linking_nl1-6_ms03-7_aCylcap_bCyl_tdwroom_0099,Will the red cube touch the yellow mat?,yes,yes,1
Link,243,pilot_linking_nl1-6_ms03-7_aCylcap_bCyl_tdwroom_0100,Will the red cube touch the yellow mat?,yes,no,0
Link,244,pilot_linking_nl1-6_ms03-7_aCylcap_bCyl_tdwroom_0101,Will the red cube touch the yellow mat?,yes,no,0
Link,245,pilot_linking_nl1-6_ms03-7_aCylcap_bCyl_tdwroom_0102,Will the red cube touch the yellow mat?,no,no,1
Link,246,pilot_linking_nl1-6_ms03-7_aCylcap_bCyl_tdwroom_0103,Will the red cube touch the yellow mat?,yes,yes,1
Link,247,pilot_linking_nl1-6_ms03-7_aCylcap_bCyl_tdwroom_0104,Will the red cube touch the yellow mat?,no,no,1
Link,248,pilot_linking_nl1-6_ms03-7_aCylcap_bCyl_tdwroom_0105,Will the red cube touch the yellow mat?,yes,no,0
Link,249,pilot_linking_nl1-6_ms03-7_aCylcap_bCyl_tdwroom_0106,Will the red cube touch the yellow mat?,no,no,1
Link,250,pilot_linking_nl1-6_ms03-7_aCylcap_bCyl_tdwroom_0107,Will the red cube touch the yellow mat?,no,no,1
Link,251,pilot_linking_nl1-6_ms03-7_aCylcap_bCyl_tdwroom_0108,Will the red cube touch the yellow mat?,yes,no,0
Link,252,pilot_linking_nl1-6_ms03-7_aCylcap_bCyl_tdwroom_0109,Will the red cube touch the yellow mat?,no,no,1
Link,253,pilot_linking_nl1-6_ms03-7_aCylcap_bCyl_tdwroom_0110,Will the red cube touch the yellow mat?,no,no,1
Link,254,pilot_linking_nl1-6_ms03-7_aCylcap_bCyl_tdwroom_0111,Will the red cube touch the yellow mat?,yes,no,0
Link,255,pilot_linking_nl1-6_ms03-7_aCylcap_bCyl_tdwroom_0112,Will the red cube touch the yellow mat?,yes,no,0
Link,256,pilot_linking_nl1-6_ms03-7_aCylcap_bCyl_tdwroom_0113,Will the red cube touch the yellow mat?,yes,no,0
Link,257,pilot_linking_nl1-6_ms03-7_aCylcap_bCyl_tdwroom_0114,Will the red cube touch the yellow mat?,yes,no,0
Link,258,pilot_linking_nl1-6_ms03-7_aCylcap_bCyl_tdwroom_0115,Will the red cube touch the yellow mat?,yes,no,0
Link,259,pilot_linking_nl1-6_ms03-7_aCylcap_bCyl_tdwroom_0116,Will the red cube touch the yellow mat?,no,no,1
Link,260,pilot_linking_nl1-6_ms03-7_aCylcap_bCyl_tdwroom_0117,Will the red cube touch the yellow mat?,yes,yes,1
Link,261,pilot_linking_nl1-6_ms03-7_aCylcap_bCyl_tdwroom_0118,Will the red cube touch the yellow mat?,yes,no,0
Link,262,pilot_linking_nl1-6_ms03-7_aCylcap_bCyl_tdwroom_0119,Will the red cube touch the yellow mat?,no,no,1
Link,263,pilot_linking_nl1-6_ms03-7_aCylcap_bCyl_tdwroom_0120,Will the red cube touch the yellow mat?,yes,no,0
Link,264,pilot_linking_nl1-6_ms03-7_aCylcap_bCyl_tdwroom_0121,Will the red cube touch the yellow mat?,no,no,1
Link,265,pilot_linking_nl1-6_ms03-7_aCylcap_bCyl_tdwroom_0122,Will the red cube touch the yellow mat?,no,no,1
Link,266,pilot_linking_nl1-6_ms03-7_aCylcap_bCyl_tdwroom_0123,Will the red cube touch the yellow mat?,yes,yes,1
Link,267,pilot_linking_nl1-6_ms03-7_aCylcap_bCyl_tdwroom_0124,Will the red cube touch the yellow mat?,yes,no,0
Link,268,pilot_linking_nl1-6_ms03-7_aCylcap_bCyl_tdwroom_0125,Will the red cube touch the yellow mat?,yes,no,0
Link,269,pilot_linking_nl1-6_ms03-7_aCylcap_bCyl_tdwroom_0126,Will the red cube touch the yellow mat?,no,no,1
Link,270,pilot_linking_nl1-6_ms03-7_aCylcap_bCyl_tdwroom_0127,Will the red cube touch the yellow mat?,no,no,1
Link,271,pilot_linking_nl1-6_ms03-7_aCylcap_bCyl_tdwroom_0128,Will the red cube touch the yellow mat?,yes,no,0
Link,272,pilot_linking_nl1-6_ms03-7_aCylcap_bCyl_tdwroom_0129,Will the red cube touch the yellow mat?,no,no,1
Link,273,pilot_linking_nl1-6_ms03-7_aCylcap_bCyl_tdwroom_0130,Will the red cube touch the yellow mat?,yes,no,0
Link,274,pilot_linking_nl1-6_ms03-7_aCylcap_bCyl_tdwroom_0131,Will the red cube touch the yellow mat?,yes,no,0
Link,275,pilot_linking_nl1-6_ms03-7_aCylcap_bCyl_tdwroom_0132,Will the red cube touch the yellow mat?,yes,no,0
Link,276,pilot_linking_nl1-6_ms03-7_aCylcap_bCyl_tdwroom_0133,Will the red cube touch the yellow mat?,no,no,1
Link,277,pilot_linking_nl1-6_ms03-7_aCylcap_bCyl_tdwroom_0134,Will the red cube touch the yellow mat?,no,no,1
Link,278,pilot_linking_nl1-6_ms03-7_aCylcap_bCyl_tdwroom_0135,Will the red cube touch the yellow mat?,no,no,1
Link,279,pilot_linking_nl1-6_ms03-7_aCylcap_bCyl_tdwroom_0136,Will the red cube touch the yellow mat?,yes,no,0
Link,280,pilot_linking_nl1-6_ms03-7_aCylcap_bCyl_tdwroom_0137,Will the red cube touch the yellow mat?,no,no,1
Link,281,pilot_linking_nl1-6_ms03-7_aCylcap_bCyl_tdwroom_0138,Will the red cube touch the yellow mat?,no,no,1
Link,282,pilot_linking_nl1-6_ms03-7_aCylcap_bCyl_tdwroom_0139,Will the red cube touch the yellow mat?,no,no,1
Link,283,pilot_linking_nl1-6_ms03-7_aCylcap_bCyl_tdwroom_0140,Will the red cube touch the yellow mat?,no,no,1
Link,284,pilot_linking_nl1-6_ms03-7_aCylcap_bCyl_tdwroom_0141,Will the red cube touch the yellow mat?,yes,no,0
Link,285,pilot_linking_nl1-6_ms03-7_aCylcap_bCyl_tdwroom_0142,Will the red cube touch the yellow mat?,yes,no,0
Link,286,pilot_linking_nl1-8_mg000_aCylcap_bCyl_tdwroom_0000,Will the red torus touch the yellow mat?,yes,yes,1
Link,287,pilot_linking_nl1-8_mg000_aCylcap_bCyl_tdwroom_0001,Will the red torus touch the yellow mat?,no,no,1
Link,288,pilot_linking_nl1-8_mg000_aCylcap_bCyl_tdwroom_0002,Will the red torus touch the yellow mat?,no,no,1
Link,289,pilot_linking_nl1-8_mg000_aCylcap_bCyl_tdwroom_0003,Will the red torus touch the yellow mat?,yes,yes,1
Link,290,pilot_linking_nl1-8_mg000_aCylcap_bCyl_tdwroom_0004,Will the red torus touch the yellow mat?,yes,yes,1
Link,291,pilot_linking_nl1-8_mg000_aCylcap_bCyl_tdwroom_0005,Will the red torus touch the yellow mat?,no,yes,0
Link,292,pilot_linking_nl1-8_mg000_aCylcap_bCyl_tdwroom_0006,Will the red torus touch the yellow mat?,no,no,1
Link,293,pilot_linking_nl1-8_mg000_aCylcap_bCyl_tdwroom_0007,Will the red torus touch the yellow mat?,no,yes,0
Link,294,pilot_linking_nl1-8_mg000_aCylcap_bCyl_tdwroom_0008,Will the red torus touch the yellow mat?,no,no,1
Link,295,pilot_linking_nl1-8_mg000_aCylcap_bCyl_tdwroom_0009,Will the red torus touch the yellow mat?,no,yes,0
Link,296,pilot_linking_nl1-8_mg000_aCylcap_bCyl_tdwroom_0010,Will the red torus touch the yellow mat?,no,no,1
Link,297,pilot_linking_nl1-8_mg000_aCylcap_bCyl_tdwroom_0011,Will the red torus touch the yellow mat?,no,yes,0
Link,298,pilot_linking_nl1-8_mg000_aCylcap_bCyl_tdwroom_0012,Will the red torus touch the yellow mat?,no,no,1
Link,299,pilot_linking_nl1-8_mg000_aCylcap_bCyl_tdwroom_0013,Will the red torus touch the yellow mat?,no,no,1
Link,300,pilot_linking_nl1-8_mg000_aCylcap_bCyl_tdwroom_0014,Will the red torus touch the yellow mat?,no,no,1
Link,301,pilot_linking_nl1-8_mg000_aCylcap_bCyl_tdwroom_0015,Will the red torus touch the yellow mat?,yes,yes,1
Link,302,pilot_linking_nl1-8_mg000_aCylcap_bCyl_tdwroom_0016,Will the red torus touch the yellow mat?,no,no,1
Link,303,pilot_linking_nl1-8_mg000_aCylcap_bCyl_tdwroom_0017,Will the red torus touch the yellow mat?,no,yes,0
Link,304,pilot_linking_nl1-8_mg000_aCylcap_bCyl_tdwroom_0018,Will the red torus touch the yellow mat?,no,yes,0
Link,305,pilot_linking_nl1-8_mg000_aCylcap_bCyl_tdwroom_0019,Will the red torus touch the yellow mat?,no,no,1
Link,306,pilot_linking_nl1-8_mg000_aCylcap_bCyl_tdwroom_0020,Will the red torus touch the yellow mat?,yes,no,0
Link,307,pilot_linking_nl1-8_mg000_aCylcap_bCyl_tdwroom_0021,Will the red torus touch the yellow mat?,no,yes,0
Link,308,pilot_linking_nl1-8_mg000_aCylcap_bCyl_tdwroom_0022,Will the red torus touch the yellow mat?,yes,yes,1
Link,309,pilot_linking_nl1-8_mg000_aCylcap_bCyl_tdwroom_0023,Will the red torus touch the yellow mat?,no,no,1
Link,310,pilot_linking_nl1-8_mg000_aCylcap_bCyl_tdwroom_0024,Will the red torus touch the yellow mat?,yes,no,0
Link,311,pilot_linking_nl1-8_mg000_aCylcap_bCyl_tdwroom_0025,Will the red torus touch the yellow mat?,yes,yes,1
Link,312,pilot_linking_nl1-8_mg000_aCylcap_bCyl_tdwroom_0026,Will the red torus touch the yellow mat?,no,no,1
Link,313,pilot_linking_nl1-8_mg000_aCylcap_bCyl_tdwroom_0027,Will the red torus touch the yellow mat?,no,no,1
Link,314,pilot_linking_nl1-8_mg000_aCylcap_bCyl_tdwroom_0028,Will the red torus touch the yellow mat?,yes,no,0
Link,315,pilot_linking_nl1-8_mg000_aCylcap_bCyl_tdwroom_0029,Will the red torus touch the yellow mat?,no,no,1
Link,316,pilot_linking_nl1-8_mg000_aCylcap_bCyl_tdwroom_0030,Will the red torus touch the yellow mat?,yes,no,0
Link,317,pilot_linking_nl1-8_mg000_aCylcap_bCyl_tdwroom_0031,Will the red torus touch the yellow mat?,no,no,1
Link,318,pilot_linking_nl1-8_mg000_aCylcap_bCyl_tdwroom_0032,Will the red torus touch the yellow mat?,no,yes,0
Link,319,pilot_linking_nl1-8_mg000_aCylcap_bCyl_tdwroom_0033,Will the red torus touch the yellow mat?,no,no,1
Link,320,pilot_linking_nl1-8_mg000_aCylcap_bCyl_tdwroom_0034,Will the red torus touch the yellow mat?,no,no,1
Link,321,pilot_linking_nl1-8_mg000_aCylcap_bCyl_tdwroom_0035,Will the red torus touch the yellow mat?,yes,no,0
Link,322,pilot_linking_nl1-8_mg000_aCylcap_bCyl_tdwroom_0036,Will the red torus touch the yellow mat?,no,yes,0
Link,323,pilot_linking_nl1-8_mg000_aCylcap_bCyl_tdwroom_0037,Will the red torus touch the yellow mat?,no,yes,0
Link,324,pilot_linking_nl1-8_mg000_aCylcap_bCyl_tdwroom_0038,Will the red torus touch the yellow mat?,yes,no,0
Link,325,pilot_linking_nl1-8_mg000_aCylcap_bCyl_tdwroom_0039,Will the red torus touch the yellow mat?,yes,no,0
Link,326,pilot_linking_nl1-8_mg000_aCylcap_bCyl_tdwroom_0040,Will the red torus touch the yellow mat?,no,no,1
Link,327,pilot_linking_nl1-8_mg000_aCylcap_bCyl_tdwroom_0041,Will the red torus touch the yellow mat?,no,no,1
Link,328,pilot_linking_nl1-8_mg000_aCylcap_bCyl_tdwroom_0042,Will the red torus touch the yellow mat?,no,yes,0
Link,329,pilot_linking_nl1-8_mg000_aCylcap_bCyl_tdwroom_0043,Will the red torus touch the yellow mat?,no,yes,0
Link,330,pilot_linking_nl1-8_mg000_aCylcap_bCyl_tdwroom_0044,Will the red torus touch the yellow mat?,no,no,1
Link,331,pilot_linking_nl1-8_mg000_aCylcap_bCyl_tdwroom_0045,Will the red torus touch the yellow mat?,no,yes,0
Link,332,pilot_linking_nl1-8_mg000_aCylcap_bCyl_tdwroom_0046,Will the red torus touch the yellow mat?,no,no,1
Link,333,pilot_linking_nl1-8_mg000_aCylcap_bCyl_tdwroom_0047,Will the red torus touch the yellow mat?,no,no,1
Link,334,pilot_linking_nl1-8_mg000_aCylcap_bCyl_tdwroom_0048,Will the red torus touch the yellow mat?,no,no,1
Link,335,pilot_linking_nl1-8_mg000_aCylcap_bCyl_tdwroom_0049,Will the red torus touch the yellow mat?,yes,yes,1
Link,336,pilot_linking_nl1-8_mg000_aCylcap_bCyl_tdwroom_0050,Will the red torus touch the yellow mat?,yes,yes,1
Link,337,pilot_linking_nl1-8_mg000_aCylcap_bCyl_tdwroom_0051,Will the red torus touch the yellow mat?,no,no,1
Link,338,pilot_linking_nl1-8_mg000_aCylcap_bCyl_tdwroom_0052,Will the red torus touch the yellow mat?,yes,no,0
Link,339,pilot_linking_nl1-8_mg000_aCylcap_bCyl_tdwroom_0053,Will the red torus touch the yellow mat?,no,no,1
Link,340,pilot_linking_nl1-8_mg000_aCylcap_bCyl_tdwroom_0054,Will the red torus touch the yellow mat?,no,no,1
Link,341,pilot_linking_nl1-8_mg000_aCylcap_bCyl_tdwroom_0055,Will the red torus touch the yellow mat?,no,no,1
Link,342,pilot_linking_nl1-8_mg000_aCylcap_bCyl_tdwroom_0056,Will the red torus touch the yellow mat?,no,no,1
Link,343,pilot_linking_nl1-8_mg000_aCylcap_bCyl_tdwroom_0057,Will the red torus touch the yellow mat?,no,yes,0
Link,344,pilot_linking_nl1-8_mg000_aCylcap_bCyl_tdwroom_0058,Will the red torus touch the yellow mat?,no,yes,0
Link,345,pilot_linking_nl1-8_mg000_aCylcap_bCyl_tdwroom_0059,Will the red torus touch the yellow mat?,no,yes,0
Link,346,pilot_linking_nl1-8_mg000_aCylcap_bCyl_tdwroom_0060,Will the red torus touch the yellow mat?,no,no,1
Link,347,pilot_linking_nl1-8_mg000_aCylcap_bCyl_tdwroom_0061,Will the red torus touch the yellow mat?,yes,no,0
Link,348,pilot_linking_nl1-8_mg000_aCylcap_bCyl_tdwroom_0062,Will the red torus touch the yellow mat?,yes,no,0
Link,349,pilot_linking_nl1-8_mg000_aCylcap_bCyl_tdwroom_0063,Will the red torus touch the yellow mat?,no,no,1
Link,350,pilot_linking_nl1-8_mg000_aCylcap_bCyl_tdwroom_0064,Will the red torus touch the yellow mat?,yes,yes,1
Link,351,pilot_linking_nl1-8_mg000_aCylcap_bCyl_tdwroom_0065,Will the red torus touch the yellow mat?,yes,yes,1
Link,352,pilot_linking_nl1-8_mg000_aCylcap_bCyl_tdwroom_0066,Will the red torus touch the yellow mat?,yes,no,0
Link,353,pilot_linking_nl1-8_mg000_aCylcap_bCyl_tdwroom_0067,Will the red torus touch the yellow mat?,no,yes,0
Link,354,pilot_linking_nl1-8_mg000_aCylcap_bCyl_tdwroom_0068,Will the red torus touch the yellow mat?,no,yes,0
Link,355,pilot_linking_nl1-8_mg000_aCylcap_bCyl_tdwroom_0069,Will the red torus touch the yellow mat?,no,no,1
Link,356,pilot_linking_nl1-8_mg000_aCylcap_bCyl_tdwroom_0070,Will the red torus touch the yellow mat?,yes,yes,1
Link,357,pilot_linking_nl1-8_mg000_aCylcap_bCyl_tdwroom_0071,Will the red torus touch the yellow mat?,yes,yes,1
Link,358,pilot_linking_nl1-8_mg000_aCylcap_bCyl_tdwroom_0072,Will the red torus touch the yellow mat?,no,no,1
Link,359,pilot_linking_nl1-8_mg000_aCylcap_bCyl_tdwroom_0073,Will the red torus touch the yellow mat?,yes,no,0
Link,360,pilot_linking_nl1-8_mg000_aCylcap_bCyl_tdwroom_0074,Will the red torus touch the yellow mat?,no,no,1
Link,361,pilot_linking_nl1-8_mg000_aCylcap_bCyl_tdwroom_0075,Will the red torus touch the yellow mat?,no,yes,0
Link,362,pilot_linking_nl1-8_mg000_aCylcap_bCyl_tdwroom_0076,Will the red torus touch the yellow mat?,no,no,1
Link,363,pilot_linking_nl1-8_mg000_aCylcap_bCyl_tdwroom_0077,Will the red torus touch the yellow mat?,no,no,1
Link,364,pilot_linking_nl1-8_mg000_aCylcap_bCyl_tdwroom_0078,Will the red torus touch the yellow mat?,no,yes,0
Link,365,pilot_linking_nl1-8_mg000_aCylcap_bCyl_tdwroom_0079,Will the red torus touch the yellow mat?,no,no,1
Link,366,pilot_linking_nl1-8_mg000_aCylcap_bCyl_tdwroom_0080,Will the red torus touch the yellow mat?,no,no,1
Link,367,pilot_linking_nl1-8_mg000_aCylcap_bCyl_tdwroom_0081,Will the red torus touch the yellow mat?,no,no,1
Link,368,pilot_linking_nl1-8_mg000_aCylcap_bCyl_tdwroom_0082,Will the red torus touch the yellow mat?,no,no,1
Link,369,pilot_linking_nl1-8_mg000_aCylcap_bCyl_tdwroom_0083,Will the red torus touch the yellow mat?,no,no,1
Link,370,pilot_linking_nl1-8_mg000_aCylcap_bCyl_tdwroom_0084,Will the red torus touch the yellow mat?,yes,no,0
Link,371,pilot_linking_nl1-8_mg000_aCylcap_bCyl_tdwroom_0085,Will the red torus touch the yellow mat?,no,yes,0
Link,372,pilot_linking_nl1-8_mg000_aCylcap_bCyl_tdwroom_0086,Will the red torus touch the yellow mat?,no,yes,0
Link,373,pilot_linking_nl1-8_mg000_aCylcap_bCyl_tdwroom_0087,Will the red torus touch the yellow mat?,no,no,1
Link,374,pilot_linking_nl1-8_mg000_aCylcap_bCyl_tdwroom_0088,Will the red torus touch the yellow mat?,no,yes,0
Link,375,pilot_linking_nl1-8_mg000_aCylcap_bCyl_tdwroom_0089,Will the red torus touch the yellow mat?,no,no,1
Link,376,pilot_linking_nl1-8_mg000_aCylcap_bCyl_tdwroom_0090,Will the red torus touch the yellow mat?,no,no,1
Link,377,pilot_linking_nl1-8_mg000_aCylcap_bCyl_tdwroom_0091,Will the red torus touch the yellow mat?,no,no,1
Link,378,pilot_linking_nl1-8_mg000_aCylcap_bCyl_tdwroom_0092,Will the red torus touch the yellow mat?,no,yes,0
Link,379,pilot_linking_nl1-8_mg000_aCylcap_bCyl_tdwroom_0093,Will the red torus touch the yellow mat?,no,yes,0
Link,380,pilot_linking_nl1-8_mg000_aCylcap_bCyl_tdwroom_0094,Will the red torus touch the yellow mat?,no,no,1
Link,381,pilot_linking_nl1-8_mg000_aCylcap_bCyl_tdwroom_0095,Will the red torus touch the yellow mat?,no,yes,0
Link,382,pilot_linking_nl1-8_mg000_aCylcap_bCyl_tdwroom_0096,Will the red torus touch the yellow mat?,yes,no,0
Link,383,pilot_linking_nl1-8_mg000_aCylcap_bCyl_tdwroom_0097,Will the red torus touch the yellow mat?,no,yes,0
Link,384,pilot_linking_nl1-8_mg000_aCylcap_bCyl_tdwroom_0098,Will the red torus touch the yellow mat?,no,no,1
Link,385,pilot_linking_nl1-8_mg000_aCylcap_bCyl_tdwroom_0099,Will the red torus touch the yellow mat?,yes,no,0
Link,386,pilot_linking_nl1-8_mg000_aCylcap_bCyl_tdwroom_0100,Will the red torus touch the yellow mat?,no,yes,0
Link,387,pilot_linking_nl1-8_mg000_aCylcap_bCyl_tdwroom_0101,Will the red torus touch the yellow mat?,yes,yes,1
Link,388,pilot_linking_nl1-8_mg000_aCylcap_bCyl_tdwroom_0102,Will the red torus touch the yellow mat?,no,no,1
Link,389,pilot_linking_nl1-8_mg000_aCylcap_bCyl_tdwroom_0103,Will the red torus touch the yellow mat?,yes,yes,1
Link,390,pilot_linking_nl1-8_mg000_aCylcap_bCyl_tdwroom_0104,Will the red torus touch the yellow mat?,no,no,1
Link,391,pilot_linking_nl1-8_mg000_aCylcap_bCyl_tdwroom_0105,Will the red torus touch the yellow mat?,no,yes,0
Link,392,pilot_linking_nl1-8_mg000_aCylcap_bCyl_tdwroom_0106,Will the red torus touch the yellow mat?,yes,no,0
Link,393,pilot_linking_nl1-8_mg000_aCylcap_bCyl_tdwroom_0107,Will the red torus touch the yellow mat?,yes,no,0
Link,394,pilot_linking_nl1-8_mg000_aCylcap_bCyl_tdwroom_0108,Will the red torus touch the yellow mat?,no,yes,0
Link,395,pilot_linking_nl1-8_mg000_aCylcap_bCyl_tdwroom_0109,Will the red torus touch the yellow mat?,no,no,1
Link,396,pilot_linking_nl1-8_mg000_aCylcap_bCyl_tdwroom_0110,Will the red torus touch the yellow mat?,no,no,1
Link,397,pilot_linking_nl1-8_mg000_aCylcap_bCyl_tdwroom_0111,Will the red torus touch the yellow mat?,yes,no,0
Link,398,pilot_linking_nl1-8_mg000_aCylcap_bCyl_tdwroom_0112,Will the red torus touch the yellow mat?,no,no,1
Link,399,pilot_linking_nl1-8_mg000_aCylcap_bCyl_tdwroom_0113,Will the red torus touch the yellow mat?,yes,yes,1
Link,400,pilot_linking_nl1-8_mg000_aCylcap_bCyl_tdwroom_0114,Will the red torus touch the yellow mat?,yes,yes,1
Link,401,pilot_linking_nl1-8_mg000_aCylcap_bCyl_tdwroom_0115,Will the red torus touch the yellow mat?,no,no,1
Link,402,pilot_linking_nl1-8_mg000_aCylcap_bCyl_tdwroom_0116,Will the red torus touch the yellow mat?,no,yes,0
Link,403,pilot_linking_nl1-8_mg000_aCylcap_bCyl_tdwroom_0117,Will the red torus touch the yellow mat?,no,no,1
Link,404,pilot_linking_nl1-8_mg000_aCylcap_bCyl_tdwroom_0118,Will the red torus touch the yellow mat?,no,no,1
Link,405,pilot_linking_nl1-8_mg000_aCylcap_bCyl_tdwroom_0119,Will the red torus touch the yellow mat?,no,no,1
Link,406,pilot_linking_nl1-8_mg000_aCylcap_bCyl_tdwroom_0120,Will the red torus touch the yellow mat?,no,no,1
Link,407,pilot_linking_nl1-8_mg000_aCylcap_bCyl_tdwroom_0121,Will the red torus touch the yellow mat?,no,no,1
Link,408,pilot_linking_nl1-8_mg000_aCylcap_bCyl_tdwroom_0122,Will the red torus touch the yellow mat?,no,no,1
Link,409,pilot_linking_nl1-8_mg000_aCylcap_bCyl_tdwroom_0123,Will the red torus touch the yellow mat?,no,yes,0
Link,410,pilot_linking_nl1-8_mg000_aCylcap_bCyl_tdwroom_0124,Will the red torus touch the yellow mat?,no,no,1
Link,411,pilot_linking_nl1-8_mg000_aCylcap_bCyl_tdwroom_0125,Will the red torus touch the yellow mat?,no,yes,0
Link,412,pilot_linking_nl1-8_mg000_aCylcap_bCyl_tdwroom_0126,Will the red torus touch the yellow mat?,no,no,1
Link,413,pilot_linking_nl1-8_mg000_aCylcap_bCyl_tdwroom_0127,Will the red torus touch the yellow mat?,no,no,1
Link,414,pilot_linking_nl1-8_mg000_aCylcap_bCyl_tdwroom_0128,Will the red torus touch the yellow mat?,no,no,1
Link,415,pilot_linking_nl1-8_mg000_aCylcap_bCyl_tdwroom_0129,Will the red torus touch the yellow mat?,yes,yes,1
Link,416,pilot_linking_nl1-8_mg000_aCylcap_bCyl_tdwroom_0130,Will the red torus touch the yellow mat?,no,no,1
Link,417,pilot_linking_nl1-8_mg000_aCylcap_bCyl_tdwroom_0131,Will the red torus touch the yellow mat?,no,no,1
Link,418,pilot_linking_nl1-8_mg000_aCylcap_bCyl_tdwroom_0132,Will the red torus touch the yellow mat?,yes,yes,1
Link,419,pilot_linking_nl1-8_mg000_aCylcap_bCyl_tdwroom_0133,Will the red torus touch the yellow mat?,no,no,1
Link,420,pilot_linking_nl1-8_mg000_aCylcap_bCyl_tdwroom_0134,Will the red torus touch the yellow mat?,no,yes,0
Link,421,pilot_linking_nl1-8_mg000_aCylcap_bCyl_tdwroom_0135,Will the red torus touch the yellow mat?,yes,yes,1
Link,422,pilot_linking_nl1-8_mg000_aCylcap_bCyl_tdwroom_0136,Will the red torus touch the yellow mat?,no,no,1
Link,423,pilot_linking_nl1-8_mg000_aCylcap_bCyl_tdwroom_0137,Will the red torus touch the yellow mat?,yes,no,0
Link,424,pilot_linking_nl1-8_mg000_aCylcap_bCyl_tdwroom_0138,Will the red torus touch the yellow mat?,no,no,1
Link,425,pilot_linking_nl1-8_mg000_aCylcap_bCyl_tdwroom_0139,Will the red torus touch the yellow mat?,no,no,1
Link,426,pilot_linking_nl1-8_mg000_aCylcap_bCyl_tdwroom_0140,Will the red torus touch the yellow mat?,no,yes,0
Link,427,pilot_linking_nl1-8_mg000_aCylcap_bCyl_tdwroom_0141,Will the red torus touch the yellow mat?,no,yes,0
Link,428,pilot_linking_nl1-8_mg000_aCylcap_bCyl_tdwroom_0142,Will the red torus touch the yellow mat?,yes,no,0
Link,429,pilot_linking_nl1-8_ms03_aCylcap_bCyl_occ1_dis1_tdwroom_0000,Will the red cube touch the yellow mat?,no,no,1
Link,430,pilot_linking_nl1-8_ms03_aCylcap_bCyl_occ1_dis1_tdwroom_0001,Will the red cube touch the yellow mat?,yes,no,0
Link,431,pilot_linking_nl1-8_ms03_aCylcap_bCyl_occ1_dis1_tdwroom_0002,Will the red cube touch the yellow mat?,yes,no,0
Link,432,pilot_linking_nl1-8_ms03_aCylcap_bCyl_occ1_dis1_tdwroom_0003,Will the red cube touch the yellow mat?,yes,no,0
Link,433,pilot_linking_nl1-8_ms03_aCylcap_bCyl_occ1_dis1_tdwroom_0004,Will the red cube touch the yellow mat?,yes,no,0
Link,434,pilot_linking_nl1-8_ms03_aCylcap_bCyl_occ1_dis1_tdwroom_0005,Will the red cube touch the yellow mat?,yes,no,0
Link,435,pilot_linking_nl1-8_ms03_aCylcap_bCyl_occ1_dis1_tdwroom_0006,Will the red cube touch the yellow mat?,yes,no,0
Link,436,pilot_linking_nl1-8_ms03_aCylcap_bCyl_occ1_dis1_tdwroom_0007,Will the red cube touch the yellow mat?,yes,no,0
Link,437,pilot_linking_nl1-8_ms03_aCylcap_bCyl_occ1_dis1_tdwroom_0008,Will the red cube touch the yellow mat?,no,no,1
Link,438,pilot_linking_nl1-8_ms03_aCylcap_bCyl_occ1_dis1_tdwroom_0009,Will the red cube touch the yellow mat?,no,no,1
Link,439,pilot_linking_nl1-8_ms03_aCylcap_bCyl_occ1_dis1_tdwroom_0010,Will the red cube touch the yellow mat?,yes,no,0
Link,440,pilot_linking_nl1-8_ms03_aCylcap_bCyl_occ1_dis1_tdwroom_0011,Will the red cube touch the yellow mat?,yes,no,0
Link,441,pilot_linking_nl1-8_ms03_aCylcap_bCyl_occ1_dis1_tdwroom_0012,Will the red cube touch the yellow mat?,yes,yes,1
Link,442,pilot_linking_nl1-8_ms03_aCylcap_bCyl_occ1_dis1_tdwroom_0013,Will the red cube touch the yellow mat?,no,no,1
Link,443,pilot_linking_nl1-8_ms03_aCylcap_bCyl_occ1_dis1_tdwroom_0014,Will the red cube touch the yellow mat?,yes,no,0
Link,444,pilot_linking_nl1-8_ms03_aCylcap_bCyl_occ1_dis1_tdwroom_0015,Will the red cube touch the yellow mat?,no,no,1
Link,445,pilot_linking_nl1-8_ms03_aCylcap_bCyl_occ1_dis1_tdwroom_0016,Will the red cube touch the yellow mat?,yes,no,0
Link,446,pilot_linking_nl1-8_ms03_aCylcap_bCyl_occ1_dis1_tdwroom_0017,Will the red cube touch the yellow mat?,no,no,1
Link,447,pilot_linking_nl1-8_ms03_aCylcap_bCyl_occ1_dis1_tdwroom_0018,Will the red cube touch the yellow mat?,yes,no,0
Link,448,pilot_linking_nl1-8_ms03_aCylcap_bCyl_occ1_dis1_tdwroom_0019,Will the red cube touch the yellow mat?,yes,no,0
Link,449,pilot_linking_nl1-8_ms03_aCylcap_bCyl_occ1_dis1_tdwroom_0020,Will the red cube touch the yellow mat?,yes,no,0
Link,450,pilot_linking_nl1-8_ms03_aCylcap_bCyl_occ1_dis1_tdwroom_0021,Will the red cube touch the yellow mat?,no,no,1
Link,451,pilot_linking_nl1-8_ms03_aCylcap_bCyl_occ1_dis1_tdwroom_0022,Will the red cube touch the yellow mat?,yes,no,0
Link,452,pilot_linking_nl1-8_ms03_aCylcap_bCyl_occ1_dis1_tdwroom_0023,Will the red cube touch the yellow mat?,yes,no,0
Link,453,pilot_linking_nl1-8_ms03_aCylcap_bCyl_occ1_dis1_tdwroom_0024,Will the red cube touch the yellow mat?,yes,no,0
Link,454,pilot_linking_nl1-8_ms03_aCylcap_bCyl_occ1_dis1_tdwroom_0025,Will the red cube touch the yellow mat?,no,no,1
Link,455,pilot_linking_nl1-8_ms03_aCylcap_bCyl_occ1_dis1_tdwroom_0026,Will the red cube touch the yellow mat?,no,no,1
Link,456,pilot_linking_nl1-8_ms03_aCylcap_bCyl_occ1_dis1_tdwroom_0027,Will the red cube touch the yellow mat?,yes,no,0
Link,457,pilot_linking_nl1-8_ms03_aCylcap_bCyl_occ1_dis1_tdwroom_0028,Will the red cube touch the yellow mat?,no,no,1
Link,458,pilot_linking_nl1-8_ms03_aCylcap_bCyl_occ1_dis1_tdwroom_0029,Will the red cube touch the yellow mat?,yes,no,0
Link,459,pilot_linking_nl1-8_ms03_aCylcap_bCyl_occ1_dis1_tdwroom_0030,Will the red cube touch the yellow mat?,yes,no,0
Link,460,pilot_linking_nl1-8_ms03_aCylcap_bCyl_occ1_dis1_tdwroom_0031,Will the red cube touch the yellow mat?,yes,no,0
Link,461,pilot_linking_nl1-8_ms03_aCylcap_bCyl_occ1_dis1_tdwroom_0032,Will the red cube touch the yellow mat?,yes,no,0
Link,462,pilot_linking_nl1-8_ms03_aCylcap_bCyl_occ1_dis1_tdwroom_0033,Will the red cube touch the yellow mat?,yes,no,0
Link,463,pilot_linking_nl1-8_ms03_aCylcap_bCyl_occ1_dis1_tdwroom_0034,Will the red cube touch the yellow mat?,no,no,1
Link,464,pilot_linking_nl1-8_ms03_aCylcap_bCyl_occ1_dis1_tdwroom_0035,Will the red cube touch the yellow mat?,yes,no,0
Link,465,pilot_linking_nl1-8_ms03_aCylcap_bCyl_occ1_dis1_tdwroom_0036,Will the red cube touch the yellow mat?,yes,no,0
Link,466,pilot_linking_nl1-8_ms03_aCylcap_bCyl_occ1_dis1_tdwroom_0037,Will the red cube touch the yellow mat?,yes,no,0
Link,467,pilot_linking_nl1-8_ms03_aCylcap_bCyl_occ1_dis1_tdwroom_0038,Will the red cube touch the yellow mat?,no,no,1
Link,468,pilot_linking_nl1-8_ms03_aCylcap_bCyl_occ1_dis1_tdwroom_0039,Will the red cube touch the yellow mat?,yes,no,0
Link,469,pilot_linking_nl1-8_ms03_aCylcap_bCyl_occ1_dis1_tdwroom_0040,Will the red cube touch the yellow mat?,no,no,1
Link,470,pilot_linking_nl1-8_ms03_aCylcap_bCyl_occ1_dis1_tdwroom_0041,Will the red cube touch the yellow mat?,yes,yes,1
Link,471,pilot_linking_nl1-8_ms03_aCylcap_bCyl_occ1_dis1_tdwroom_0042,Will the red cube touch the yellow mat?,yes,no,0
Link,472,pilot_linking_nl1-8_ms03_aCylcap_bCyl_occ1_dis1_tdwroom_0043,Will the red cube touch the yellow mat?,yes,no,0
Link,473,pilot_linking_nl1-8_ms03_aCylcap_bCyl_occ1_dis1_tdwroom_0044,Will the red cube touch the yellow mat?,yes,no,0
Link,474,pilot_linking_nl1-8_ms03_aCylcap_bCyl_occ1_dis1_tdwroom_0045,Will the red cube touch the yellow mat?,yes,no,0
Link,475,pilot_linking_nl1-8_ms03_aCylcap_bCyl_occ1_dis1_tdwroom_0046,Will the red cube touch the yellow mat?,yes,no,0
Link,476,pilot_linking_nl1-8_ms03_aCylcap_bCyl_occ1_dis1_tdwroom_0047,Will the red cube touch the yellow mat?,no,no,1
Link,477,pilot_linking_nl1-8_ms03_aCylcap_bCyl_occ1_dis1_tdwroom_0048,Will the red cube touch the yellow mat?,yes,no,0
Link,478,pilot_linking_nl1-8_ms03_aCylcap_bCyl_occ1_dis1_tdwroom_0049,Will the red cube touch the yellow mat?,yes,yes,1
Link,479,pilot_linking_nl1-8_ms03_aCylcap_bCyl_occ1_dis1_tdwroom_0050,Will the red cube touch the yellow mat?,yes,no,0
Link,480,pilot_linking_nl1-8_ms03_aCylcap_bCyl_occ1_dis1_tdwroom_0051,Will the red cube touch the yellow mat?,yes,no,0
Link,481,pilot_linking_nl1-8_ms03_aCylcap_bCyl_occ1_dis1_tdwroom_0052,Will the red cube touch the yellow mat?,yes,no,0
Link,482,pilot_linking_nl1-8_ms03_aCylcap_bCyl_occ1_dis1_tdwroom_0053,Will the red cube touch the yellow mat?,yes,no,0
Link,483,pilot_linking_nl1-8_ms03_aCylcap_bCyl_occ1_dis1_tdwroom_0054,Will the red cube touch the yellow mat?,yes,no,0
Link,484,pilot_linking_nl1-8_ms03_aCylcap_bCyl_occ1_dis1_tdwroom_0055,Will the red cube touch the yellow mat?,no,no,1
Link,485,pilot_linking_nl1-8_ms03_aCylcap_bCyl_occ1_dis1_tdwroom_0056,Will the red cube touch the yellow mat?,no,no,1
Link,486,pilot_linking_nl1-8_ms03_aCylcap_bCyl_occ1_dis1_tdwroom_0057,Will the red cube touch the yellow mat?,yes,no,0
Link,487,pilot_linking_nl1-8_ms03_aCylcap_bCyl_occ1_dis1_tdwroom_0058,Will the red cube touch the yellow mat?,yes,no,0
Link,488,pilot_linking_nl1-8_ms03_aCylcap_bCyl_occ1_dis1_tdwroom_0059,Will the red cube touch the yellow mat?,yes,no,0
Link,489,pilot_linking_nl1-8_ms03_aCylcap_bCyl_occ1_dis1_tdwroom_0060,Will the red cube touch the yellow mat?,no,no,1
Link,490,pilot_linking_nl1-8_ms03_aCylcap_bCyl_occ1_dis1_tdwroom_0061,Will the red cube touch the yellow mat?,no,no,1
Link,491,pilot_linking_nl1-8_ms03_aCylcap_bCyl_occ1_dis1_tdwroom_0062,Will the red cube touch the yellow mat?,yes,no,0
Link,492,pilot_linking_nl1-8_ms03_aCylcap_bCyl_occ1_dis1_tdwroom_0063,Will the red cube touch the yellow mat?,yes,no,0
Link,493,pilot_linking_nl1-8_ms03_aCylcap_bCyl_occ1_dis1_tdwroom_0064,Will the red cube touch the yellow mat?,yes,no,0
Link,494,pilot_linking_nl1-8_ms03_aCylcap_bCyl_occ1_dis1_tdwroom_0065,Will the red cube touch the yellow mat?,no,no,1
Link,495,pilot_linking_nl1-8_ms03_aCylcap_bCyl_occ1_dis1_tdwroom_0066,Will the red cube touch the yellow mat?,no,no,1
Link,496,pilot_linking_nl1-8_ms03_aCylcap_bCyl_occ1_dis1_tdwroom_0067,Will the red cube touch the yellow mat?,yes,no,0
Link,497,pilot_linking_nl1-8_ms03_aCylcap_bCyl_occ1_dis1_tdwroom_0068,Will the red cube touch the yellow mat?,yes,no,0
Link,498,pilot_linking_nl1-8_ms03_aCylcap_bCyl_occ1_dis1_tdwroom_0069,Will the red cube touch the yellow mat?,yes,no,0
Link,499,pilot_linking_nl1-8_ms03_aCylcap_bCyl_occ1_dis1_tdwroom_0070,Will the red cube touch the yellow mat?,yes,no,0
Link,500,pilot_linking_nl1-8_ms03_aCylcap_bCyl_occ1_dis1_tdwroom_0071,Will the red cube touch the yellow mat?,yes,no,0
Link,501,pilot_linking_nl1-8_ms03_aCylcap_bCyl_occ1_dis1_tdwroom_0072,Will the red cube touch the yellow mat?,yes,no,0
Link,502,pilot_linking_nl1-8_ms03_aCylcap_bCyl_occ1_dis1_tdwroom_0073,Will the red cube touch the yellow mat?,no,yes,0
Link,503,pilot_linking_nl1-8_ms03_aCylcap_bCyl_occ1_dis1_tdwroom_0074,Will the red cube touch the yellow mat?,yes,no,0
Link,504,pilot_linking_nl1-8_ms03_aCylcap_bCyl_occ1_dis1_tdwroom_0075,Will the red cube touch the yellow mat?,yes,no,0
Link,505,pilot_linking_nl1-8_ms03_aCylcap_bCyl_occ1_dis1_tdwroom_0076,Will the red cube touch the yellow mat?,yes,no,0
Link,506,pilot_linking_nl1-8_ms03_aCylcap_bCyl_occ1_dis1_tdwroom_0077,Will the red cube touch the yellow mat?,no,no,1
Link,507,pilot_linking_nl1-8_ms03_aCylcap_bCyl_occ1_dis1_tdwroom_0078,Will the red cube touch the yellow mat?,yes,no,0
Link,508,pilot_linking_nl1-8_ms03_aCylcap_bCyl_occ1_dis1_tdwroom_0079,Will the red cube touch the yellow mat?,yes,no,0
Link,509,pilot_linking_nl1-8_ms03_aCylcap_bCyl_occ1_dis1_tdwroom_0080,Will the red cube touch the yellow mat?,yes,no,0
Link,510,pilot_linking_nl1-8_ms03_aCylcap_bCyl_occ1_dis1_tdwroom_0081,Will the red cube touch the yellow mat?,yes,no,0
Link,511,pilot_linking_nl1-8_ms03_aCylcap_bCyl_occ1_dis1_tdwroom_0082,Will the red cube touch the yellow mat?,no,no,1
Link,512,pilot_linking_nl1-8_ms03_aCylcap_bCyl_occ1_dis1_tdwroom_0083,Will the red cube touch the yellow mat?,yes,no,0
Link,513,pilot_linking_nl1-8_ms03_aCylcap_bCyl_occ1_dis1_tdwroom_0084,Will the red cube touch the yellow mat?,no,no,1
Link,514,pilot_linking_nl1-8_ms03_aCylcap_bCyl_occ1_dis1_tdwroom_0085,Will the red cube touch the yellow mat?,no,no,1
Link,515,pilot_linking_nl1-8_ms03_aCylcap_bCyl_occ1_dis1_tdwroom_0086,Will the red cube touch the yellow mat?,yes,no,0
Link,516,pilot_linking_nl1-8_ms03_aCylcap_bCyl_occ1_dis1_tdwroom_0087,Will the red cube touch the yellow mat?,yes,no,0
Link,517,pilot_linking_nl1-8_ms03_aCylcap_bCyl_occ1_dis1_tdwroom_0088,Will the red cube touch the yellow mat?,no,no,1
Link,518,pilot_linking_nl1-8_ms03_aCylcap_bCyl_occ1_dis1_tdwroom_0089,Will the red cube touch the yellow mat?,yes,no,0
Link,519,pilot_linking_nl1-8_ms03_aCylcap_bCyl_occ1_dis1_tdwroom_0090,Will the red cube touch the yellow mat?,yes,no,0
Link,520,pilot_linking_nl1-8_ms03_aCylcap_bCyl_occ1_dis1_tdwroom_0091,Will the red cube touch the yellow mat?,yes,no,0
Link,521,pilot_linking_nl1-8_ms03_aCylcap_bCyl_occ1_dis1_tdwroom_0092,Will the red cube touch the yellow mat?,yes,no,0
Link,522,pilot_linking_nl1-8_ms03_aCylcap_bCyl_occ1_dis1_tdwroom_0093,Will the red cube touch the yellow mat?,yes,no,0
Link,523,pilot_linking_nl1-8_ms03_aCylcap_bCyl_occ1_dis1_tdwroom_0094,Will the red cube touch the yellow mat?,yes,no,0
Link,524,pilot_linking_nl1-8_ms03_aCylcap_bCyl_occ1_dis1_tdwroom_0095,Will the red cube touch the yellow mat?,yes,yes,1
Link,525,pilot_linking_nl1-8_ms03_aCylcap_bCyl_occ1_dis1_tdwroom_0096,Will the red cube touch the yellow mat?,yes,no,0
Link,526,pilot_linking_nl1-8_ms03_aCylcap_bCyl_occ1_dis1_tdwroom_0097,Will the red cube touch the yellow mat?,yes,no,0
Link,527,pilot_linking_nl1-8_ms03_aCylcap_bCyl_occ1_dis1_tdwroom_0098,Will the red cube touch the yellow mat?,yes,no,0
Link,528,pilot_linking_nl1-8_ms03_aCylcap_bCyl_occ1_dis1_tdwroom_0099,Will the red cube touch the yellow mat?,no,no,1
Link,529,pilot_linking_nl1-8_ms03_aCylcap_bCyl_occ1_dis1_tdwroom_0100,Will the red cube touch the yellow mat?,yes,yes,1
Link,530,pilot_linking_nl1-8_ms03_aCylcap_bCyl_occ1_dis1_tdwroom_0101,Will the red cube touch the yellow mat?,yes,no,0
Link,531,pilot_linking_nl1-8_ms03_aCylcap_bCyl_occ1_dis1_tdwroom_0102,Will the red cube touch the yellow mat?,yes,no,0
Link,532,pilot_linking_nl1-8_ms03_aCylcap_bCyl_occ1_dis1_tdwroom_0103,Will the red cube touch the yellow mat?,yes,yes,1
Link,533,pilot_linking_nl1-8_ms03_aCylcap_bCyl_occ1_dis1_tdwroom_0104,Will the red cube touch the yellow mat?,no,no,1
Link,534,pilot_linking_nl1-8_ms03_aCylcap_bCyl_occ1_dis1_tdwroom_0105,Will the red cube touch the yellow mat?,no,no,1
Link,535,pilot_linking_nl1-8_ms03_aCylcap_bCyl_occ1_dis1_tdwroom_0106,Will the red cube touch the yellow mat?,no,no,1
Link,536,pilot_linking_nl1-8_ms03_aCylcap_bCyl_occ1_dis1_tdwroom_0107,Will the red cube touch the yellow mat?,yes,no,0
Link,537,pilot_linking_nl1-8_ms03_aCylcap_bCyl_occ1_dis1_tdwroom_0108,Will the red cube touch the yellow mat?,yes,no,0
Link,538,pilot_linking_nl1-8_ms03_aCylcap_bCyl_occ1_dis1_tdwroom_0109,Will the red cube touch the yellow mat?,no,no,1
Link,539,pilot_linking_nl1-8_ms03_aCylcap_bCyl_occ1_dis1_tdwroom_0110,Will the red cube touch the yellow mat?,no,no,1
Link,540,pilot_linking_nl1-8_ms03_aCylcap_bCyl_occ1_dis1_tdwroom_0111,Will the red cube touch the yellow mat?,yes,no,0
Link,541,pilot_linking_nl1-8_ms03_aCylcap_bCyl_occ1_dis1_tdwroom_0112,Will the red cube touch the yellow mat?,yes,no,0
Link,542,pilot_linking_nl1-8_ms03_aCylcap_bCyl_occ1_dis1_tdwroom_0113,Will the red cube touch the yellow mat?,no,no,1
Link,543,pilot_linking_nl1-8_ms03_aCylcap_bCyl_occ1_dis1_tdwroom_0114,Will the red cube touch the yellow mat?,no,no,1
Link,544,pilot_linking_nl1-8_ms03_aCylcap_bCyl_occ1_dis1_tdwroom_0115,Will the red cube touch the yellow mat?,yes,no,0
Link,545,pilot_linking_nl1-8_ms03_aCylcap_bCyl_occ1_dis1_tdwroom_0116,Will the red cube touch the yellow mat?,yes,no,0
Link,546,pilot_linking_nl1-8_ms03_aCylcap_bCyl_occ1_dis1_tdwroom_0117,Will the red cube touch the yellow mat?,yes,no,0
Link,547,pilot_linking_nl1-8_ms03_aCylcap_bCyl_occ1_dis1_tdwroom_0118,Will the red cube touch the yellow mat?,yes,no,0
Link,548,pilot_linking_nl1-8_ms03_aCylcap_bCyl_occ1_dis1_tdwroom_0119,Will the red cube touch the yellow mat?,yes,no,0
Link,549,pilot_linking_nl1-8_ms03_aCylcap_bCyl_occ1_dis1_tdwroom_0120,Will the red cube touch the yellow mat?,yes,no,0
Link,550,pilot_linking_nl1-8_ms03_aCylcap_bCyl_occ1_dis1_tdwroom_0121,Will the red cube touch the yellow mat?,yes,no,0
Link,551,pilot_linking_nl1-8_ms03_aCylcap_bCyl_occ1_dis1_tdwroom_0122,Will the red cube touch the yellow mat?,yes,no,0
Link,552,pilot_linking_nl1-8_ms03_aCylcap_bCyl_occ1_dis1_tdwroom_0123,Will the red cube touch the yellow mat?,yes,no,0
Link,553,pilot_linking_nl1-8_ms03_aCylcap_bCyl_occ1_dis1_tdwroom_0124,Will the red cube touch the yellow mat?,yes,no,0
Link,554,pilot_linking_nl1-8_ms03_aCylcap_bCyl_occ1_dis1_tdwroom_0125,Will the red cube touch the yellow mat?,yes,no,0
Link,555,pilot_linking_nl1-8_ms03_aCylcap_bCyl_occ1_dis1_tdwroom_0126,Will the red cube touch the yellow mat?,no,no,1
Link,556,pilot_linking_nl1-8_ms03_aCylcap_bCyl_occ1_dis1_tdwroom_0127,Will the red cube touch the yellow mat?,yes,no,0
Link,557,pilot_linking_nl1-8_ms03_aCylcap_bCyl_occ1_dis1_tdwroom_0128,Will the red cube touch the yellow mat?,yes,no,0
Link,558,pilot_linking_nl1-8_ms03_aCylcap_bCyl_occ1_dis1_tdwroom_0129,Will the red cube touch the yellow mat?,yes,yes,1
Link,559,pilot_linking_nl1-8_ms03_aCylcap_bCyl_occ1_dis1_tdwroom_0130,Will the red cube touch the yellow mat?,yes,no,0
Link,560,pilot_linking_nl1-8_ms03_aCylcap_bCyl_occ1_dis1_tdwroom_0131,Will the red cube touch the yellow mat?,yes,no,0
Link,561,pilot_linking_nl1-8_ms03_aCylcap_bCyl_occ1_dis1_tdwroom_0132,Will the red cube touch the yellow mat?,no,no,1
Link,562,pilot_linking_nl1-8_ms03_aCylcap_bCyl_occ1_dis1_tdwroom_0133,Will the red cube touch the yellow mat?,yes,yes,1
Link,563,pilot_linking_nl1-8_ms03_aCylcap_bCyl_occ1_dis1_tdwroom_0134,Will the red cube touch the yellow mat?,no,no,1
Link,564,pilot_linking_nl1-8_ms03_aCylcap_bCyl_occ1_dis1_tdwroom_0135,Will the red cube touch the yellow mat?,no,no,1
Link,565,pilot_linking_nl1-8_ms03_aCylcap_bCyl_occ1_dis1_tdwroom_0136,Will the red cube touch the yellow mat?,yes,no,0
Link,566,pilot_linking_nl1-8_ms03_aCylcap_bCyl_occ1_dis1_tdwroom_0137,Will the red cube touch the yellow mat?,yes,no,0
Link,567,pilot_linking_nl1-8_ms03_aCylcap_bCyl_occ1_dis1_tdwroom_0138,Will the red cube touch the yellow mat?,yes,no,0
Link,568,pilot_linking_nl1-8_ms03_aCylcap_bCyl_occ1_dis1_tdwroom_0139,Will the red cube touch the yellow mat?,yes,no,0
Link,569,pilot_linking_nl1-8_ms03_aCylcap_bCyl_occ1_dis1_tdwroom_0140,Will the red cube touch the yellow mat?,yes,no,0
Link,570,pilot_linking_nl1-8_ms03_aCylcap_bCyl_occ1_dis1_tdwroom_0141,Will the red cube touch the yellow mat?,yes,no,0
Link,571,pilot_linking_nl1-8_ms03_aCylcap_bCyl_occ1_dis1_tdwroom_0142,Will the red cube touch the yellow mat?,yes,no,0
Link,572,pilot_linking_nl2-3_mg01_aCone_bCyl_boxroom_0000,Will the red cube touch the yellow mat?,yes,no,0
Link,573,pilot_linking_nl2-3_mg01_aCone_bCyl_boxroom_0001,Will the red cube touch the yellow mat?,no,no,1
Link,574,pilot_linking_nl2-3_mg01_aCone_bCyl_boxroom_0002,Will the red cube touch the yellow mat?,no,no,1
Link,575,pilot_linking_nl2-3_mg01_aCone_bCyl_boxroom_0003,Will the red cube touch the yellow mat?,no,no,1
Link,576,pilot_linking_nl2-3_mg01_aCone_bCyl_boxroom_0004,Will the red cube touch the yellow mat?,yes,no,0
Link,577,pilot_linking_nl2-3_mg01_aCone_bCyl_boxroom_0005,Will the red cube touch the yellow mat?,yes,no,0
Link,578,pilot_linking_nl2-3_mg01_aCone_bCyl_boxroom_0006,Will the red cube touch the yellow mat?,yes,no,0
Link,579,pilot_linking_nl2-3_mg01_aCone_bCyl_boxroom_0007,Will the red cube touch the yellow mat?,yes,no,0
Link,580,pilot_linking_nl2-3_mg01_aCone_bCyl_boxroom_0008,Will the red cube touch the yellow mat?,no,no,1
Link,581,pilot_linking_nl2-3_mg01_aCone_bCyl_boxroom_0009,Will the red cube touch the yellow mat?,no,no,1
Link,582,pilot_linking_nl2-3_mg01_aCone_bCyl_boxroom_0010,Will the red cube touch the yellow mat?,yes,no,0
Link,583,pilot_linking_nl2-3_mg01_aCone_bCyl_boxroom_0011,Will the red cube touch the yellow mat?,no,no,1
Link,584,pilot_linking_nl2-3_mg01_aCone_bCyl_boxroom_0012,Will the red cube touch the yellow mat?,no,no,1
Link,585,pilot_linking_nl2-3_mg01_aCone_bCyl_boxroom_0013,Will the red cube touch the yellow mat?,no,no,1
Link,586,pilot_linking_nl2-3_mg01_aCone_bCyl_boxroom_0014,Will the red cube touch the yellow mat?,yes,no,0
Link,587,pilot_linking_nl2-3_mg01_aCone_bCyl_boxroom_0015,Will the red cube touch the yellow mat?,no,no,1
Link,588,pilot_linking_nl2-3_mg01_aCone_bCyl_boxroom_0016,Will the red cube touch the yellow mat?,yes,no,0
Link,589,pilot_linking_nl2-3_mg01_aCone_bCyl_boxroom_0017,Will the red cube touch the yellow mat?,no,no,1
Link,590,pilot_linking_nl2-3_mg01_aCone_bCyl_boxroom_0018,Will the red cube touch the yellow mat?,yes,no,0
Link,591,pilot_linking_nl2-3_mg01_aCone_bCyl_boxroom_0019,Will the red cube touch the yellow mat?,no,no,1
Link,592,pilot_linking_nl2-3_mg01_aCone_bCyl_boxroom_0020,Will the red cube touch the yellow mat?,no,no,1
Link,593,pilot_linking_nl2-3_mg01_aCone_bCyl_boxroom_0021,Will the red cube touch the yellow mat?,yes,no,0
Link,594,pilot_linking_nl2-3_mg01_aCone_bCyl_boxroom_0022,Will the red cube touch the yellow mat?,no,no,1
Link,595,pilot_linking_nl2-3_mg01_aCone_bCyl_boxroom_0023,Will the red cube touch the yellow mat?,yes,no,0
Link,596,pilot_linking_nl2-3_mg01_aCone_bCyl_boxroom_0024,Will the red cube touch the yellow mat?,no,no,1
Link,597,pilot_linking_nl2-3_mg01_aCone_bCyl_boxroom_0025,Will the red cube touch the yellow mat?,no,no,1
Link,598,pilot_linking_nl2-3_mg01_aCone_bCyl_boxroom_0026,Will the red cube touch the yellow mat?,no,no,1
Link,599,pilot_linking_nl2-3_mg01_aCone_bCyl_boxroom_0027,Will the red cube touch the yellow mat?,no,no,1
Link,600,pilot_linking_nl2-3_mg01_aCone_bCyl_boxroom_0028,Will the red cube touch the yellow mat?,no,no,1
Link,601,pilot_linking_nl2-3_mg01_aCone_bCyl_boxroom_0029,Will the red cube touch the yellow mat?,no,no,1
Link,602,pilot_linking_nl2-3_mg01_aCone_bCyl_boxroom_0030,Will the red cube touch the yellow mat?,no,no,1
Link,603,pilot_linking_nl2-3_mg01_aCone_bCyl_boxroom_0031,Will the red cube touch the yellow mat?,no,no,1
Link,604,pilot_linking_nl2-3_mg01_aCone_bCyl_boxroom_0032,Will the red cube touch the yellow mat?,yes,no,0
Link,605,pilot_linking_nl2-3_mg01_aCone_bCyl_boxroom_0033,Will the red cube touch the yellow mat?,yes,no,0
Link,606,pilot_linking_nl2-3_mg01_aCone_bCyl_boxroom_0034,Will the red cube touch the yellow mat?,no,no,1
Link,607,pilot_linking_nl2-3_mg01_aCone_bCyl_boxroom_0035,Will the red cube touch the yellow mat?,no,no,1
Link,608,pilot_linking_nl2-3_mg01_aCone_bCyl_boxroom_0036,Will the red cube touch the yellow mat?,yes,no,0
Link,609,pilot_linking_nl2-3_mg01_aCone_bCyl_boxroom_0037,Will the red cube touch the yellow mat?,no,no,1
Link,610,pilot_linking_nl2-3_mg01_aCone_bCyl_boxroom_0038,Will the red cube touch the yellow mat?,no,no,1
Link,611,pilot_linking_nl2-3_mg01_aCone_bCyl_boxroom_0039,Will the red cube touch the yellow mat?,no,no,1
Link,612,pilot_linking_nl2-3_mg01_aCone_bCyl_boxroom_0040,Will the red cube touch the yellow mat?,no,no,1
Link,613,pilot_linking_nl2-3_mg01_aCone_bCyl_boxroom_0041,Will the red cube touch the yellow mat?,no,no,1
Link,614,pilot_linking_nl2-3_mg01_aCone_bCyl_boxroom_0042,Will the red cube touch the yellow mat?,yes,no,0
Link,615,pilot_linking_nl2-3_mg01_aCone_bCyl_boxroom_0043,Will the red cube touch the yellow mat?,yes,no,0
Link,616,pilot_linking_nl2-3_mg01_aCone_bCyl_boxroom_0044,Will the red cube touch the yellow mat?,no,no,1
Link,617,pilot_linking_nl2-3_mg01_aCone_bCyl_boxroom_0045,Will the red cube touch the yellow mat?,yes,no,0
Link,618,pilot_linking_nl2-3_mg01_aCone_bCyl_boxroom_0046,Will the red cube touch the yellow mat?,yes,no,0
Link,619,pilot_linking_nl2-3_mg01_aCone_bCyl_boxroom_0047,Will the red cube touch the yellow mat?,no,no,1
Link,620,pilot_linking_nl2-3_mg01_aCone_bCyl_boxroom_0048,Will the red cube touch the yellow mat?,no,no,1
Link,621,pilot_linking_nl2-3_mg01_aCone_bCyl_boxroom_0049,Will the red cube touch the yellow mat?,yes,no,0
Link,622,pilot_linking_nl2-3_mg01_aCone_bCyl_boxroom_0050,Will the red cube touch the yellow mat?,no,no,1
Link,623,pilot_linking_nl2-3_mg01_aCone_bCyl_boxroom_0051,Will the red cube touch the yellow mat?,no,no,1
Link,624,pilot_linking_nl2-3_mg01_aCone_bCyl_boxroom_0052,Will the red cube touch the yellow mat?,yes,no,0
Link,625,pilot_linking_nl2-3_mg01_aCone_bCyl_boxroom_0053,Will the red cube touch the yellow mat?,yes,no,0
Link,626,pilot_linking_nl2-3_mg01_aCone_bCyl_boxroom_0054,Will the red cube touch the yellow mat?,yes,no,0
Link,627,pilot_linking_nl2-3_mg01_aCone_bCyl_boxroom_0055,Will the red cube touch the yellow mat?,no,no,1
Link,628,pilot_linking_nl2-3_mg01_aCone_bCyl_boxroom_0056,Will the red cube touch the yellow mat?,no,no,1
Link,629,pilot_linking_nl2-3_mg01_aCone_bCyl_boxroom_0057,Will the red cube touch the yellow mat?,yes,no,0
Link,630,pilot_linking_nl2-3_mg01_aCone_bCyl_boxroom_0058,Will the red cube touch the yellow mat?,no,no,1
Link,631,pilot_linking_nl2-3_mg01_aCone_bCyl_boxroom_0059,Will the red cube touch the yellow mat?,no,no,1
Link,632,pilot_linking_nl2-3_mg01_aCone_bCyl_boxroom_0060,Will the red cube touch the yellow mat?,no,no,1
Link,633,pilot_linking_nl2-3_mg01_aCone_bCyl_boxroom_0061,Will the red cube touch the yellow mat?,yes,no,0
Link,634,pilot_linking_nl2-3_mg01_aCone_bCyl_boxroom_0062,Will the red cube touch the yellow mat?,yes,no,0
Link,635,pilot_linking_nl2-3_mg01_aCone_bCyl_boxroom_0063,Will the red cube touch the yellow mat?,no,no,1
Link,636,pilot_linking_nl2-3_mg01_aCone_bCyl_boxroom_0064,Will the red cube touch the yellow mat?,no,no,1
Link,637,pilot_linking_nl2-3_mg01_aCone_bCyl_boxroom_0065,Will the red cube touch the yellow mat?,no,no,1
Link,638,pilot_linking_nl2-3_mg01_aCone_bCyl_boxroom_0066,Will the red cube touch the yellow mat?,yes,no,0
Link,639,pilot_linking_nl2-3_mg01_aCone_bCyl_boxroom_0067,Will the red cube touch the yellow mat?,yes,no,0
Link,640,pilot_linking_nl2-3_mg01_aCone_bCyl_boxroom_0068,Will the red cube touch the yellow mat?,no,no,1
Link,641,pilot_linking_nl2-3_mg01_aCone_bCyl_boxroom_0069,Will the red cube touch the yellow mat?,no,no,1
Link,642,pilot_linking_nl2-3_mg01_aCone_bCyl_boxroom_0070,Will the red cube touch the yellow mat?,yes,no,0
Link,643,pilot_linking_nl2-3_mg01_aCone_bCyl_boxroom_0071,Will the red cube touch the yellow mat?,no,no,1
Link,644,pilot_linking_nl2-3_mg01_aCone_bCyl_boxroom_0072,Will the red cube touch the yellow mat?,no,no,1
Link,645,pilot_linking_nl2-3_mg01_aCone_bCyl_boxroom_0073,Will the red cube touch the yellow mat?,no,no,1
Link,646,pilot_linking_nl2-3_mg01_aCone_bCyl_boxroom_0074,Will the red cube touch the yellow mat?,yes,no,0
Link,647,pilot_linking_nl2-3_mg01_aCone_bCyl_boxroom_0075,Will the red cube touch the yellow mat?,yes,no,0
Link,648,pilot_linking_nl2-3_mg01_aCone_bCyl_boxroom_0076,Will the red cube touch the yellow mat?,yes,no,0
Link,649,pilot_linking_nl2-3_mg01_aCone_bCyl_boxroom_0077,Will the red cube touch the yellow mat?,no,no,1
Link,650,pilot_linking_nl2-3_mg01_aCone_bCyl_boxroom_0078,Will the red cube touch the yellow mat?,yes,no,0
Link,651,pilot_linking_nl2-3_mg01_aCone_bCyl_boxroom_0079,Will the red cube touch the yellow mat?,yes,no,0
Link,652,pilot_linking_nl2-3_mg01_aCone_bCyl_boxroom_0080,Will the red cube touch the yellow mat?,no,no,1
Link,653,pilot_linking_nl2-3_mg01_aCone_bCyl_boxroom_0081,Will the red cube touch the yellow mat?,no,no,1
Link,654,pilot_linking_nl2-3_mg01_aCone_bCyl_boxroom_0082,Will the red cube touch the yellow mat?,yes,no,0
Link,655,pilot_linking_nl2-3_mg01_aCone_bCyl_boxroom_0083,Will the red cube touch the yellow mat?,yes,no,0
Link,656,pilot_linking_nl2-3_mg01_aCone_bCyl_boxroom_0084,Will the red cube touch the yellow mat?,yes,no,0
Link,657,pilot_linking_nl2-3_mg01_aCone_bCyl_boxroom_0085,Will the red cube touch the yellow mat?,no,no,1
Link,658,pilot_linking_nl2-3_mg01_aCone_bCyl_boxroom_0086,Will the red cube touch the yellow mat?,yes,no,0
Link,659,pilot_linking_nl2-3_mg01_aCone_bCyl_boxroom_0087,Will the red cube touch the yellow mat?,yes,no,0
Link,660,pilot_linking_nl2-3_mg01_aCone_bCyl_boxroom_0088,Will the red cube touch the yellow mat?,no,no,1
Link,661,pilot_linking_nl2-3_mg01_aCone_bCyl_boxroom_0089,Will the red cube touch the yellow mat?,no,no,1
Link,662,pilot_linking_nl2-3_mg01_aCone_bCyl_boxroom_0090,Will the red cube touch the yellow mat?,no,no,1
Link,663,pilot_linking_nl2-3_mg01_aCone_bCyl_boxroom_0091,Will the red cube touch the yellow mat?,no,no,1
Link,664,pilot_linking_nl2-3_mg01_aCone_bCyl_boxroom_0092,Will the red cube touch the yellow mat?,no,no,1
Link,665,pilot_linking_nl2-3_mg01_aCone_bCyl_boxroom_0093,Will the red cube touch the yellow mat?,no,no,1
Link,666,pilot_linking_nl2-3_mg01_aCone_bCyl_boxroom_0094,Will the red cube touch the yellow mat?,no,no,1
Link,667,pilot_linking_nl2-3_mg01_aCone_bCyl_boxroom_0095,Will the red cube touch the yellow mat?,yes,no,0
Link,668,pilot_linking_nl2-3_mg01_aCone_bCyl_boxroom_0096,Will the red cube touch the yellow mat?,no,no,1
Link,669,pilot_linking_nl2-3_mg01_aCone_bCyl_boxroom_0097,Will the red cube touch the yellow mat?,yes,no,0
Link,670,pilot_linking_nl2-3_mg01_aCone_bCyl_boxroom_0098,Will the red cube touch the yellow mat?,no,no,1
Link,671,pilot_linking_nl2-3_mg01_aCone_bCyl_boxroom_0099,Will the red cube touch the yellow mat?,no,no,1
Link,672,pilot_linking_nl2-3_mg01_aCone_bCyl_boxroom_0100,Will the red cube touch the yellow mat?,no,no,1
Link,673,pilot_linking_nl2-3_mg01_aCone_bCyl_boxroom_0101,Will the red cube touch the yellow mat?,no,no,1
Link,674,pilot_linking_nl2-3_mg01_aCone_bCyl_boxroom_0102,Will the red cube touch the yellow mat?,no,no,1
Link,675,pilot_linking_nl2-3_mg01_aCone_bCyl_boxroom_0103,Will the red cube touch the yellow mat?,no,no,1
Link,676,pilot_linking_nl2-3_mg01_aCone_bCyl_boxroom_0104,Will the red cube touch the yellow mat?,no,no,1
Link,677,pilot_linking_nl2-3_mg01_aCone_bCyl_boxroom_0105,Will the red cube touch the yellow mat?,no,no,1
Link,678,pilot_linking_nl2-3_mg01_aCone_bCyl_boxroom_0106,Will the red cube touch the yellow mat?,no,no,1
Link,679,pilot_linking_nl2-3_mg01_aCone_bCyl_boxroom_0107,Will the red cube touch the yellow mat?,no,no,1
Link,680,pilot_linking_nl2-3_mg01_aCone_bCyl_boxroom_0108,Will the red cube touch the yellow mat?,yes,no,0
Link,681,pilot_linking_nl2-3_mg01_aCone_bCyl_boxroom_0109,Will the red cube touch the yellow mat?,no,no,1
Link,682,pilot_linking_nl2-3_mg01_aCone_bCyl_boxroom_0110,Will the red cube touch the yellow mat?,yes,no,0
Link,683,pilot_linking_nl2-3_mg01_aCone_bCyl_boxroom_0111,Will the red cube touch the yellow mat?,yes,no,0
Link,684,pilot_linking_nl2-3_mg01_aCone_bCyl_boxroom_0112,Will the red cube touch the yellow mat?,no,no,1
Link,685,pilot_linking_nl2-3_mg01_aCone_bCyl_boxroom_0113,Will the red cube touch the yellow mat?,no,no,1
Link,686,pilot_linking_nl2-3_mg01_aCone_bCyl_boxroom_0114,Will the red cube touch the yellow mat?,no,no,1
Link,687,pilot_linking_nl2-3_mg01_aCone_bCyl_boxroom_0115,Will the red cube touch the yellow mat?,yes,no,0
Link,688,pilot_linking_nl2-3_mg01_aCone_bCyl_boxroom_0116,Will the red cube touch the yellow mat?,no,no,1
Link,689,pilot_linking_nl2-3_mg01_aCone_bCyl_boxroom_0117,Will the red cube touch the yellow mat?,yes,no,0
Link,690,pilot_linking_nl2-3_mg01_aCone_bCyl_boxroom_0118,Will the red cube touch the yellow mat?,no,no,1
Link,691,pilot_linking_nl2-3_mg01_aCone_bCyl_boxroom_0119,Will the red cube touch the yellow mat?,no,no,1
Link,692,pilot_linking_nl2-3_mg01_aCone_bCyl_boxroom_0120,Will the red cube touch the yellow mat?,yes,no,0
Link,693,pilot_linking_nl2-3_mg01_aCone_bCyl_boxroom_0121,Will the red cube touch the yellow mat?,yes,no,0
Link,694,pilot_linking_nl2-3_mg01_aCone_bCyl_boxroom_0122,Will the red cube touch the yellow mat?,yes,no,0
Link,695,pilot_linking_nl2-3_mg01_aCone_bCyl_boxroom_0123,Will the red cube touch the yellow mat?,no,no,1
Link,696,pilot_linking_nl2-3_mg01_aCone_bCyl_boxroom_0124,Will the red cube touch the yellow mat?,no,no,1
Link,697,pilot_linking_nl2-3_mg01_aCone_bCyl_boxroom_0125,Will the red cube touch the yellow mat?,no,no,1
Link,698,pilot_linking_nl2-3_mg01_aCone_bCyl_boxroom_0126,Will the red cube touch the yellow mat?,yes,no,0
Link,699,pilot_linking_nl2-3_mg01_aCone_bCyl_boxroom_0127,Will the red cube touch the yellow mat?,yes,no,0
Link,700,pilot_linking_nl2-3_mg01_aCone_bCyl_boxroom_0128,Will the red cube touch the yellow mat?,yes,no,0
Link,701,pilot_linking_nl2-3_mg01_aCone_bCyl_boxroom_0129,Will the red cube touch the yellow mat?,yes,no,0
Link,702,pilot_linking_nl2-3_mg01_aCone_bCyl_boxroom_0130,Will the red cube touch the yellow mat?,yes,no,0
Link,703,pilot_linking_nl2-3_mg01_aCone_bCyl_boxroom_0131,Will the red cube touch the yellow mat?,yes,no,0
Link,704,pilot_linking_nl2-3_mg01_aCone_bCyl_boxroom_0132,Will the red cube touch the yellow mat?,no,no,1
Link,705,pilot_linking_nl2-3_mg01_aCone_bCyl_boxroom_0133,Will the red cube touch the yellow mat?,yes,no,0
Link,706,pilot_linking_nl2-3_mg01_aCone_bCyl_boxroom_0134,Will the red cube touch the yellow mat?,no,no,1
Link,707,pilot_linking_nl2-3_mg01_aCone_bCyl_boxroom_0135,Will the red cube touch the yellow mat?,no,no,1
Link,708,pilot_linking_nl2-3_mg01_aCone_bCyl_boxroom_0136,Will the red cube touch the yellow mat?,no,no,1
Link,709,pilot_linking_nl2-3_mg01_aCone_bCyl_boxroom_0137,Will the red cube touch the yellow mat?,no,no,1
Link,710,pilot_linking_nl2-3_mg01_aCone_bCyl_boxroom_0138,Will the red cube touch the yellow mat?,no,no,1
Link,711,pilot_linking_nl2-3_mg01_aCone_bCyl_boxroom_0139,Will the red cube touch the yellow mat?,no,no,1
Link,712,pilot_linking_nl2-3_mg01_aCone_bCyl_boxroom_0140,Will the red cube touch the yellow mat?,yes,no,0
Link,713,pilot_linking_nl2-3_mg01_aCone_bCyl_boxroom_0141,Will the red cube touch the yellow mat?,no,no,1
Link,714,pilot_linking_nl2-3_mg01_aCone_bCyl_boxroom_0142,Will the red cube touch the yellow mat?,no,no,1
Link,715,pilot_linking_nl4-8_mg-005_aCyl_bCyl_occ1_dis1_tdwroom_0000,Will the red torus touch the yellow mat?,yes,no,0
Link,716,pilot_linking_nl4-8_mg-005_aCyl_bCyl_occ1_dis1_tdwroom_0001,Will the red torus touch the yellow mat?,yes,no,0
Link,717,pilot_linking_nl4-8_mg-005_aCyl_bCyl_occ1_dis1_tdwroom_0002,Will the red torus touch the yellow mat?,no,yes,0
Link,718,pilot_linking_nl4-8_mg-005_aCyl_bCyl_occ1_dis1_tdwroom_0003,Will the red torus touch the yellow mat?,no,no,1
Link,719,pilot_linking_nl4-8_mg-005_aCyl_bCyl_occ1_dis1_tdwroom_0004,Will the red torus touch the yellow mat?,yes,no,0
Link,720,pilot_linking_nl4-8_mg-005_aCyl_bCyl_occ1_dis1_tdwroom_0005,Will the red torus touch the yellow mat?,yes,yes,1
Link,721,pilot_linking_nl4-8_mg-005_aCyl_bCyl_occ1_dis1_tdwroom_0006,Will the red torus touch the yellow mat?,yes,no,0
Link,722,pilot_linking_nl4-8_mg-005_aCyl_bCyl_occ1_dis1_tdwroom_0007,Will the red torus touch the yellow mat?,yes,yes,1
Link,723,pilot_linking_nl4-8_mg-005_aCyl_bCyl_occ1_dis1_tdwroom_0008,Will the red torus touch the yellow mat?,no,no,1
Link,724,pilot_linking_nl4-8_mg-005_aCyl_bCyl_occ1_dis1_tdwroom_0009,Will the red torus touch the yellow mat?,no,no,1
Link,725,pilot_linking_nl4-8_mg-005_aCyl_bCyl_occ1_dis1_tdwroom_0010,Will the red torus touch the yellow mat?,no,no,1
Link,726,pilot_linking_nl4-8_mg-005_aCyl_bCyl_occ1_dis1_tdwroom_0011,Will the red torus touch the yellow mat?,no,yes,0
Link,727,pilot_linking_nl4-8_mg-005_aCyl_bCyl_occ1_dis1_tdwroom_0012,Will the red torus touch the yellow mat?,yes,no,0
Link,728,pilot_linking_nl4-8_mg-005_aCyl_bCyl_occ1_dis1_tdwroom_0013,Will the red torus touch the yellow mat?,no,yes,0
Link,729,pilot_linking_nl4-8_mg-005_aCyl_bCyl_occ1_dis1_tdwroom_0014,Will the red torus touch the yellow mat?,yes,no,0
Link,730,pilot_linking_nl4-8_mg-005_aCyl_bCyl_occ1_dis1_tdwroom_0015,Will the red torus touch the yellow mat?,no,no,1
Link,731,pilot_linking_nl4-8_mg-005_aCyl_bCyl_occ1_dis1_tdwroom_0016,Will the red torus touch the yellow mat?,yes,no,0
Link,732,pilot_linking_nl4-8_mg-005_aCyl_bCyl_occ1_dis1_tdwroom_0017,Will the red torus touch the yellow mat?,yes,yes,1
Link,733,pilot_linking_nl4-8_mg-005_aCyl_bCyl_occ1_dis1_tdwroom_0018,Will the red torus touch the yellow mat?,yes,no,0
Link,734,pilot_linking_nl4-8_mg-005_aCyl_bCyl_occ1_dis1_tdwroom_0019,Will the red torus touch the yellow mat?,no,no,1
Link,735,pilot_linking_nl4-8_mg-005_aCyl_bCyl_occ1_dis1_tdwroom_0020,Will the red torus touch the yellow mat?,yes,no,0
Link,736,pilot_linking_nl4-8_mg-005_aCyl_bCyl_occ1_dis1_tdwroom_0021,Will the red torus touch the yellow mat?,yes,no,0
Link,737,pilot_linking_nl4-8_mg-005_aCyl_bCyl_occ1_dis1_tdwroom_0022,Will the red torus touch the yellow mat?,yes,yes,1
Link,738,pilot_linking_nl4-8_mg-005_aCyl_bCyl_occ1_dis1_tdwroom_0023,Will the red torus touch the yellow mat?,yes,no,0
Link,739,pilot_linking_nl4-8_mg-005_aCyl_bCyl_occ1_dis1_tdwroom_0024,Will the red torus touch the yellow mat?,no,no,1
Link,740,pilot_linking_nl4-8_mg-005_aCyl_bCyl_occ1_dis1_tdwroom_0025,Will the red torus touch the yellow mat?,no,no,1
Link,741,pilot_linking_nl4-8_mg-005_aCyl_bCyl_occ1_dis1_tdwroom_0026,Will the red torus touch the yellow mat?,no,no,1
Link,742,pilot_linking_nl4-8_mg-005_aCyl_bCyl_occ1_dis1_tdwroom_0027,Will the red torus touch the yellow mat?,yes,no,0
Link,743,pilot_linking_nl4-8_mg-005_aCyl_bCyl_occ1_dis1_tdwroom_0028,Will the red torus touch the yellow mat?,no,no,1
Link,744,pilot_linking_nl4-8_mg-005_aCyl_bCyl_occ1_dis1_tdwroom_0029,Will the red torus touch the yellow mat?,yes,no,0
Link,745,pilot_linking_nl4-8_mg-005_aCyl_bCyl_occ1_dis1_tdwroom_0030,Will the red torus touch the yellow mat?,yes,no,0
Link,746,pilot_linking_nl4-8_mg-005_aCyl_bCyl_occ1_dis1_tdwroom_0031,Will the red torus touch the yellow mat?,yes,yes,1
Link,747,pilot_linking_nl4-8_mg-005_aCyl_bCyl_occ1_dis1_tdwroom_0032,Will the red torus touch the yellow mat?,yes,no,0
Link,748,pilot_linking_nl4-8_mg-005_aCyl_bCyl_occ1_dis1_tdwroom_0033,Will the red torus touch the yellow mat?,yes,yes,1
Link,749,pilot_linking_nl4-8_mg-005_aCyl_bCyl_occ1_dis1_tdwroom_0034,Will the red torus touch the yellow mat?,no,no,1
Link,750,pilot_linking_nl4-8_mg-005_aCyl_bCyl_occ1_dis1_tdwroom_0035,Will the red torus touch the yellow mat?,no,no,1
Link,751,pilot_linking_nl4-8_mg-005_aCyl_bCyl_occ1_dis1_tdwroom_0036,Will the red torus touch the yellow mat?,yes,yes,1
Link,752,pilot_linking_nl4-8_mg-005_aCyl_bCyl_occ1_dis1_tdwroom_0037,Will the red torus touch the yellow mat?,no,no,1
Link,753,pilot_linking_nl4-8_mg-005_aCyl_bCyl_occ1_dis1_tdwroom_0038,Will the red torus touch the yellow mat?,no,yes,0
Link,754,pilot_linking_nl4-8_mg-005_aCyl_bCyl_occ1_dis1_tdwroom_0039,Will the red torus touch the yellow mat?,yes,no,0
Link,755,pilot_linking_nl4-8_mg-005_aCyl_bCyl_occ1_dis1_tdwroom_0040,Will the red torus touch the yellow mat?,no,no,1
Link,756,pilot_linking_nl4-8_mg-005_aCyl_bCyl_occ1_dis1_tdwroom_0041,Will the red torus touch the yellow mat?,no,no,1
Link,757,pilot_linking_nl4-8_mg-005_aCyl_bCyl_occ1_dis1_tdwroom_0042,Will the red torus touch the yellow mat?,no,no,1
Link,758,pilot_linking_nl4-8_mg-005_aCyl_bCyl_occ1_dis1_tdwroom_0043,Will the red torus touch the yellow mat?,yes,no,0
Link,759,pilot_linking_nl4-8_mg-005_aCyl_bCyl_occ1_dis1_tdwroom_0044,Will the red torus touch the yellow mat?,no,no,1
Link,760,pilot_linking_nl4-8_mg-005_aCyl_bCyl_occ1_dis1_tdwroom_0045,Will the red torus touch the yellow mat?,no,no,1
Link,761,pilot_linking_nl4-8_mg-005_aCyl_bCyl_occ1_dis1_tdwroom_0046,Will the red torus touch the yellow mat?,yes,no,0
Link,762,pilot_linking_nl4-8_mg-005_aCyl_bCyl_occ1_dis1_tdwroom_0047,Will the red torus touch the yellow mat?,no,no,1
Link,763,pilot_linking_nl4-8_mg-005_aCyl_bCyl_occ1_dis1_tdwroom_0048,Will the red torus touch the yellow mat?,yes,no,0
Link,764,pilot_linking_nl4-8_mg-005_aCyl_bCyl_occ1_dis1_tdwroom_0049,Will the red torus touch the yellow mat?,yes,no,0
Link,765,pilot_linking_nl4-8_mg-005_aCyl_bCyl_occ1_dis1_tdwroom_0050,Will the red torus touch the yellow mat?,no,no,1
Link,766,pilot_linking_nl4-8_mg-005_aCyl_bCyl_occ1_dis1_tdwroom_0051,Will the red torus touch the yellow mat?,yes,no,0
Link,767,pilot_linking_nl4-8_mg-005_aCyl_bCyl_occ1_dis1_tdwroom_0052,Will the red torus touch the yellow mat?,no,no,1
Link,768,pilot_linking_nl4-8_mg-005_aCyl_bCyl_occ1_dis1_tdwroom_0053,Will the red torus touch the yellow mat?,yes,no,0
Link,769,pilot_linking_nl4-8_mg-005_aCyl_bCyl_occ1_dis1_tdwroom_0054,Will the red torus touch the yellow mat?,no,no,1
Link,770,pilot_linking_nl4-8_mg-005_aCyl_bCyl_occ1_dis1_tdwroom_0055,Will the red torus touch the yellow mat?,yes,yes,1
Link,771,pilot_linking_nl4-8_mg-005_aCyl_bCyl_occ1_dis1_tdwroom_0056,Will the red torus touch the yellow mat?,no,no,1
Link,772,pilot_linking_nl4-8_mg-005_aCyl_bCyl_occ1_dis1_tdwroom_0057,Will the red torus touch the yellow mat?,yes,no,0
Link,773,pilot_linking_nl4-8_mg-005_aCyl_bCyl_occ1_dis1_tdwroom_0058,Will the red torus touch the yellow mat?,yes,yes,1
Link,774,pilot_linking_nl4-8_mg-005_aCyl_bCyl_occ1_dis1_tdwroom_0059,Will the red torus touch the yellow mat?,no,yes,0
Link,775,pilot_linking_nl4-8_mg-005_aCyl_bCyl_occ1_dis1_tdwroom_0060,Will the red torus touch the yellow mat?,no,no,1
Link,776,pilot_linking_nl4-8_mg-005_aCyl_bCyl_occ1_dis1_tdwroom_0061,Will the red torus touch the yellow mat?,no,no,1
Link,777,pilot_linking_nl4-8_mg-005_aCyl_bCyl_occ1_dis1_tdwroom_0062,Will the red torus touch the yellow mat?,yes,yes,1
Link,778,pilot_linking_nl4-8_mg-005_aCyl_bCyl_occ1_dis1_tdwroom_0063,Will the red torus touch the yellow mat?,yes,yes,1
Link,779,pilot_linking_nl4-8_mg-005_aCyl_bCyl_occ1_dis1_tdwroom_0064,Will the red torus touch the yellow mat?,no,no,1
Link,780,pilot_linking_nl4-8_mg-005_aCyl_bCyl_occ1_dis1_tdwroom_0065,Will the red torus touch the yellow mat?,no,no,1
Link,781,pilot_linking_nl4-8_mg-005_aCyl_bCyl_occ1_dis1_tdwroom_0066,Will the red torus touch the yellow mat?,no,no,1
Link,782,pilot_linking_nl4-8_mg-005_aCyl_bCyl_occ1_dis1_tdwroom_0067,Will the red torus touch the yellow mat?,yes,yes,1
Link,783,pilot_linking_nl4-8_mg-005_aCyl_bCyl_occ1_dis1_tdwroom_0068,Will the red torus touch the yellow mat?,yes,no,0
Link,784,pilot_linking_nl4-8_mg-005_aCyl_bCyl_occ1_dis1_tdwroom_0069,Will the red torus touch the yellow mat?,no,no,1
Link,785,pilot_linking_nl4-8_mg-005_aCyl_bCyl_occ1_dis1_tdwroom_0070,Will the red torus touch the yellow mat?,yes,no,0
Link,786,pilot_linking_nl4-8_mg-005_aCyl_bCyl_occ1_dis1_tdwroom_0071,Will the red torus touch the yellow mat?,no,no,1
Link,787,pilot_linking_nl4-8_mg-005_aCyl_bCyl_occ1_dis1_tdwroom_0072,Will the red torus touch the yellow mat?,yes,no,0
Link,788,pilot_linking_nl4-8_mg-005_aCyl_bCyl_occ1_dis1_tdwroom_0073,Will the red torus touch the yellow mat?,yes,no,0
Link,789,pilot_linking_nl4-8_mg-005_aCyl_bCyl_occ1_dis1_tdwroom_0074,Will the red torus touch the yellow mat?,no,yes,0
Link,790,pilot_linking_nl4-8_mg-005_aCyl_bCyl_occ1_dis1_tdwroom_0075,Will the red torus touch the yellow mat?,yes,yes,1
Link,791,pilot_linking_nl4-8_mg-005_aCyl_bCyl_occ1_dis1_tdwroom_0076,Will the red torus touch the yellow mat?,yes,yes,1
Link,792,pilot_linking_nl4-8_mg-005_aCyl_bCyl_occ1_dis1_tdwroom_0077,Will the red torus touch the yellow mat?,no,yes,0
Link,793,pilot_linking_nl4-8_mg-005_aCyl_bCyl_occ1_dis1_tdwroom_0078,Will the red torus touch the yellow mat?,yes,no,0
Link,794,pilot_linking_nl4-8_mg-005_aCyl_bCyl_occ1_dis1_tdwroom_0079,Will the red torus touch the yellow mat?,yes,no,0
Link,795,pilot_linking_nl4-8_mg-005_aCyl_bCyl_occ1_dis1_tdwroom_0080,Will the red torus touch the yellow mat?,yes,yes,1
Link,796,pilot_linking_nl4-8_mg-005_aCyl_bCyl_occ1_dis1_tdwroom_0081,Will the red torus touch the yellow mat?,no,yes,0
Link,797,pilot_linking_nl4-8_mg-005_aCyl_bCyl_occ1_dis1_tdwroom_0082,Will the red torus touch the yellow mat?,no,no,1
Link,798,pilot_linking_nl4-8_mg-005_aCyl_bCyl_occ1_dis1_tdwroom_0083,Will the red torus touch the yellow mat?,yes,no,0
Link,799,pilot_linking_nl4-8_mg-005_aCyl_bCyl_occ1_dis1_tdwroom_0084,Will the red torus touch the yellow mat?,no,no,1
Link,800,pilot_linking_nl4-8_mg-005_aCyl_bCyl_occ1_dis1_tdwroom_0085,Will the red torus touch the yellow mat?,no,no,1
Link,801,pilot_linking_nl4-8_mg-005_aCyl_bCyl_occ1_dis1_tdwroom_0086,Will the red torus touch the yellow mat?,yes,no,0
Link,802,pilot_linking_nl4-8_mg-005_aCyl_bCyl_occ1_dis1_tdwroom_0087,Will the red torus touch the yellow mat?,yes,no,0
Link,803,pilot_linking_nl4-8_mg-005_aCyl_bCyl_occ1_dis1_tdwroom_0088,Will the red torus touch the yellow mat?,no,no,1
Link,804,pilot_linking_nl4-8_mg-005_aCyl_bCyl_occ1_dis1_tdwroom_0089,Will the red torus touch the yellow mat?,no,yes,0
Link,805,pilot_linking_nl4-8_mg-005_aCyl_bCyl_occ1_dis1_tdwroom_0090,Will the red torus touch the yellow mat?,yes,no,0
Link,806,pilot_linking_nl4-8_mg-005_aCyl_bCyl_occ1_dis1_tdwroom_0091,Will the red torus touch the yellow mat?,yes,no,0
Link,807,pilot_linking_nl4-8_mg-005_aCyl_bCyl_occ1_dis1_tdwroom_0092,Will the red torus touch the yellow mat?,no,no,1
Link,808,pilot_linking_nl4-8_mg-005_aCyl_bCyl_occ1_dis1_tdwroom_0093,Will the red torus touch the yellow mat?,yes,yes,1
Link,809,pilot_linking_nl4-8_mg-005_aCyl_bCyl_occ1_dis1_tdwroom_0094,Will the red torus touch the yellow mat?,yes,yes,1
Link,810,pilot_linking_nl4-8_mg-005_aCyl_bCyl_occ1_dis1_tdwroom_0095,Will the red torus touch the yellow mat?,yes,no,0
Link,811,pilot_linking_nl4-8_mg-005_aCyl_bCyl_occ1_dis1_tdwroom_0096,Will the red torus touch the yellow mat?,no,no,1
Link,812,pilot_linking_nl4-8_mg-005_aCyl_bCyl_occ1_dis1_tdwroom_0097,Will the red torus touch the yellow mat?,no,no,1
Link,813,pilot_linking_nl4-8_mg-005_aCyl_bCyl_occ1_dis1_tdwroom_0098,Will the red torus touch the yellow mat?,no,no,1
Link,814,pilot_linking_nl4-8_mg-005_aCyl_bCyl_occ1_dis1_tdwroom_0099,Will the red torus touch the yellow mat?,no,no,1
Link,815,pilot_linking_nl4-8_mg-005_aCyl_bCyl_occ1_dis1_tdwroom_0100,Will the red torus touch the yellow mat?,no,no,1
Link,816,pilot_linking_nl4-8_mg-005_aCyl_bCyl_occ1_dis1_tdwroom_0101,Will the red torus touch the yellow mat?,yes,no,0
Link,817,pilot_linking_nl4-8_mg-005_aCyl_bCyl_occ1_dis1_tdwroom_0102,Will the red torus touch the yellow mat?,yes,yes,1
Link,818,pilot_linking_nl4-8_mg-005_aCyl_bCyl_occ1_dis1_tdwroom_0103,Will the red torus touch the yellow mat?,yes,no,0
Link,819,pilot_linking_nl4-8_mg-005_aCyl_bCyl_occ1_dis1_tdwroom_0104,Will the red torus touch the yellow mat?,yes,yes,1
Link,820,pilot_linking_nl4-8_mg-005_aCyl_bCyl_occ1_dis1_tdwroom_0105,Will the red torus touch the yellow mat?,no,yes,0
Link,821,pilot_linking_nl4-8_mg-005_aCyl_bCyl_occ1_dis1_tdwroom_0106,Will the red torus touch the yellow mat?,no,no,1
Link,822,pilot_linking_nl4-8_mg-005_aCyl_bCyl_occ1_dis1_tdwroom_0107,Will the red torus touch the yellow mat?,yes,yes,1
Link,823,pilot_linking_nl4-8_mg-005_aCyl_bCyl_occ1_dis1_tdwroom_0108,Will the red torus touch the yellow mat?,yes,no,0
Link,824,pilot_linking_nl4-8_mg-005_aCyl_bCyl_occ1_dis1_tdwroom_0109,Will the red torus touch the yellow mat?,no,yes,0
Link,825,pilot_linking_nl4-8_mg-005_aCyl_bCyl_occ1_dis1_tdwroom_0110,Will the red torus touch the yellow mat?,no,no,1
Link,826,pilot_linking_nl4-8_mg-005_aCyl_bCyl_occ1_dis1_tdwroom_0111,Will the red torus touch the yellow mat?,yes,no,0
Link,827,pilot_linking_nl4-8_mg-005_aCyl_bCyl_occ1_dis1_tdwroom_0112,Will the red torus touch the yellow mat?,yes,no,0
Link,828,pilot_linking_nl4-8_mg-005_aCyl_bCyl_occ1_dis1_tdwroom_0113,Will the red torus touch the yellow mat?,no,yes,0
Link,829,pilot_linking_nl4-8_mg-005_aCyl_bCyl_occ1_dis1_tdwroom_0114,Will the red torus touch the yellow mat?,yes,no,0
Link,830,pilot_linking_nl4-8_mg-005_aCyl_bCyl_occ1_dis1_tdwroom_0115,Will the red torus touch the yellow mat?,no,no,1
Link,831,pilot_linking_nl4-8_mg-005_aCyl_bCyl_occ1_dis1_tdwroom_0116,Will the red torus touch the yellow mat?,no,no,1
Link,832,pilot_linking_nl4-8_mg-005_aCyl_bCyl_occ1_dis1_tdwroom_0117,Will the red torus touch the yellow mat?,no,no,1
Link,833,pilot_linking_nl4-8_mg-005_aCyl_bCyl_occ1_dis1_tdwroom_0118,Will the red torus touch the yellow mat?,yes,no,0
Link,834,pilot_linking_nl4-8_mg-005_aCyl_bCyl_occ1_dis1_tdwroom_0119,Will the red torus touch the yellow mat?,yes,yes,1
Link,835,pilot_linking_nl4-8_mg-005_aCyl_bCyl_occ1_dis1_tdwroom_0120,Will the red torus touch the yellow mat?,no,no,1
Link,836,pilot_linking_nl4-8_mg-005_aCyl_bCyl_occ1_dis1_tdwroom_0121,Will the red torus touch the yellow mat?,yes,no,0
Link,837,pilot_linking_nl4-8_mg-005_aCyl_bCyl_occ1_dis1_tdwroom_0122,Will the red torus touch the yellow mat?,yes,yes,1
Link,838,pilot_linking_nl4-8_mg-005_aCyl_bCyl_occ1_dis1_tdwroom_0123,Will the red torus touch the yellow mat?,no,no,1
Link,839,pilot_linking_nl4-8_mg-005_aCyl_bCyl_occ1_dis1_tdwroom_0124,Will the red torus touch the yellow mat?,yes,yes,1
Link,840,pilot_linking_nl4-8_mg-005_aCyl_bCyl_occ1_dis1_tdwroom_0125,Will the red torus touch the yellow mat?,yes,yes,1
Link,841,pilot_linking_nl4-8_mg-005_aCyl_bCyl_occ1_dis1_tdwroom_0126,Will the red torus touch the yellow mat?,yes,no,0
Link,842,pilot_linking_nl4-8_mg-005_aCyl_bCyl_occ1_dis1_tdwroom_0127,Will the red torus touch the yellow mat?,yes,no,0
Link,843,pilot_linking_nl4-8_mg-005_aCyl_bCyl_occ1_dis1_tdwroom_0128,Will the red torus touch the yellow mat?,yes,yes,1
Link,844,pilot_linking_nl4-8_mg-005_aCyl_bCyl_occ1_dis1_tdwroom_0129,Will the red torus touch the yellow mat?,no,no,1
Link,845,pilot_linking_nl4-8_mg-005_aCyl_bCyl_occ1_dis1_tdwroom_0130,Will the red torus touch the yellow mat?,yes,no,0
Link,846,pilot_linking_nl4-8_mg-005_aCyl_bCyl_occ1_dis1_tdwroom_0131,Will the red torus touch the yellow mat?,yes,no,0
Link,847,pilot_linking_nl4-8_mg-005_aCyl_bCyl_occ1_dis1_tdwroom_0132,Will the red torus touch the yellow mat?,no,no,1
Link,848,pilot_linking_nl4-8_mg-005_aCyl_bCyl_occ1_dis1_tdwroom_0133,Will the red torus touch the yellow mat?,yes,yes,1
Link,849,pilot_linking_nl4-8_mg-005_aCyl_bCyl_occ1_dis1_tdwroom_0134,Will the red torus touch the yellow mat?,yes,no,0
Link,850,pilot_linking_nl4-8_mg-005_aCyl_bCyl_occ1_dis1_tdwroom_0135,Will the red torus touch the yellow mat?,no,no,1
Link,851,pilot_linking_nl4-8_mg-005_aCyl_bCyl_occ1_dis1_tdwroom_0136,Will the red torus touch the yellow mat?,yes,no,0
Link,852,pilot_linking_nl4-8_mg-005_aCyl_bCyl_occ1_dis1_tdwroom_0137,Will the red torus touch the yellow mat?,yes,no,0
Link,853,pilot_linking_nl4-8_mg-005_aCyl_bCyl_occ1_dis1_tdwroom_0138,Will the red torus touch the yellow mat?,yes,no,0
Link,854,pilot_linking_nl4-8_mg-005_aCyl_bCyl_occ1_dis1_tdwroom_0139,Will the red torus touch the yellow mat?,no,no,1
Link,855,pilot_linking_nl4-8_mg-005_aCyl_bCyl_occ1_dis1_tdwroom_0140,Will the red torus touch the yellow mat?,yes,no,0
Link,856,pilot_linking_nl4-8_mg-005_aCyl_bCyl_occ1_dis1_tdwroom_0141,Will the red torus touch the yellow mat?,no,no,1
Link,857,pilot_linking_nl4-8_mg-005_aCyl_bCyl_occ1_dis1_tdwroom_0142,Will the red torus touch the yellow mat?,yes,no,0
Link,858,pilot_linking_nl6_aCyl_bCube_occ1_dis1_boxroom_0000,Will the red torus touch the yellow mat?,no,no,1
Link,859,pilot_linking_nl6_aCyl_bCube_occ1_dis1_boxroom_0001,Will the red torus touch the yellow mat?,no,yes,0
Link,860,pilot_linking_nl6_aCyl_bCube_occ1_dis1_boxroom_0002,Will the red torus touch the yellow mat?,no,no,1
Link,861,pilot_linking_nl6_aCyl_bCube_occ1_dis1_boxroom_0003,Will the red torus touch the yellow mat?,no,no,1
Link,862,pilot_linking_nl6_aCyl_bCube_occ1_dis1_boxroom_0004,Will the red torus touch the yellow mat?,no,no,1
Link,863,pilot_linking_nl6_aCyl_bCube_occ1_dis1_boxroom_0005,Will the red torus touch the yellow mat?,no,no,1
Link,864,pilot_linking_nl6_aCyl_bCube_occ1_dis1_boxroom_0006,Will the red torus touch the yellow mat?,yes,yes,1
Link,865,pilot_linking_nl6_aCyl_bCube_occ1_dis1_boxroom_0007,Will the red torus touch the yellow mat?,no,yes,0
Link,866,pilot_linking_nl6_aCyl_bCube_occ1_dis1_boxroom_0008,Will the red torus touch the yellow mat?,yes,yes,1
Link,867,pilot_linking_nl6_aCyl_bCube_occ1_dis1_boxroom_0009,Will the red torus touch the yellow mat?,yes,no,0
Link,868,pilot_linking_nl6_aCyl_bCube_occ1_dis1_boxroom_0010,Will the red torus touch the yellow mat?,no,no,1
Link,869,pilot_linking_nl6_aCyl_bCube_occ1_dis1_boxroom_0011,Will the red torus touch the yellow mat?,no,no,1
Link,870,pilot_linking_nl6_aCyl_bCube_occ1_dis1_boxroom_0012,Will the red torus touch the yellow mat?,no,no,1
Link,871,pilot_linking_nl6_aCyl_bCube_occ1_dis1_boxroom_0013,Will the red torus touch the yellow mat?,yes,yes,1
Link,872,pilot_linking_nl6_aCyl_bCube_occ1_dis1_boxroom_0014,Will the red torus touch the yellow mat?,no,no,1
Link,873,pilot_linking_nl6_aCyl_bCube_occ1_dis1_boxroom_0015,Will the red torus touch the yellow mat?,no,no,1
Link,874,pilot_linking_nl6_aCyl_bCube_occ1_dis1_boxroom_0016,Will the red torus touch the yellow mat?,no,no,1
Link,875,pilot_linking_nl6_aCyl_bCube_occ1_dis1_boxroom_0017,Will the red torus touch the yellow mat?,no,no,1
Link,876,pilot_linking_nl6_aCyl_bCube_occ1_dis1_boxroom_0018,Will the red torus touch the yellow mat?,yes,yes,1
Link,877,pilot_linking_nl6_aCyl_bCube_occ1_dis1_boxroom_0019,Will the red torus touch the yellow mat?,no,no,1
Link,878,pilot_linking_nl6_aCyl_bCube_occ1_dis1_boxroom_0020,Will the red torus touch the yellow mat?,no,no,1
Link,879,pilot_linking_nl6_aCyl_bCube_occ1_dis1_boxroom_0021,Will the red torus touch the yellow mat?,yes,no,0
Link,880,pilot_linking_nl6_aCyl_bCube_occ1_dis1_boxroom_0022,Will the red torus touch the yellow mat?,no,yes,0
Link,881,pilot_linking_nl6_aCyl_bCube_occ1_dis1_boxroom_0023,Will the red torus touch the yellow mat?,yes,yes,1
Link,882,pilot_linking_nl6_aCyl_bCube_occ1_dis1_boxroom_0024,Will the red torus touch the yellow mat?,no,yes,0
Link,883,pilot_linking_nl6_aCyl_bCube_occ1_dis1_boxroom_0025,Will the red torus touch the yellow mat?,yes,no,0
Link,884,pilot_linking_nl6_aCyl_bCube_occ1_dis1_boxroom_0026,Will the red torus touch the yellow mat?,no,no,1
Link,885,pilot_linking_nl6_aCyl_bCube_occ1_dis1_boxroom_0027,Will the red torus touch the yellow mat?,yes,yes,1
Link,886,pilot_linking_nl6_aCyl_bCube_occ1_dis1_boxroom_0028,Will the red torus touch the yellow mat?,no,no,1
Link,887,pilot_linking_nl6_aCyl_bCube_occ1_dis1_boxroom_0029,Will the red torus touch the yellow mat?,yes,yes,1
Link,888,pilot_linking_nl6_aCyl_bCube_occ1_dis1_boxroom_0030,Will the red torus touch the yellow mat?,no,no,1
Link,889,pilot_linking_nl6_aCyl_bCube_occ1_dis1_boxroom_0031,Will the red torus touch the yellow mat?,no,yes,0
Link,890,pilot_linking_nl6_aCyl_bCube_occ1_dis1_boxroom_0032,Will the red torus touch the yellow mat?,yes,yes,1
Link,891,pilot_linking_nl6_aCyl_bCube_occ1_dis1_boxroom_0033,Will the red torus touch the yellow mat?,no,no,1
Link,892,pilot_linking_nl6_aCyl_bCube_occ1_dis1_boxroom_0034,Will the red torus touch the yellow mat?,no,no,1
Link,893,pilot_linking_nl6_aCyl_bCube_occ1_dis1_boxroom_0035,Will the red torus touch the yellow mat?,no,no,1
Link,894,pilot_linking_nl6_aCyl_bCube_occ1_dis1_boxroom_0036,Will the red torus touch the yellow mat?,yes,no,0
Link,895,pilot_linking_nl6_aCyl_bCube_occ1_dis1_boxroom_0037,Will the red torus touch the yellow mat?,no,no,1
Link,896,pilot_linking_nl6_aCyl_bCube_occ1_dis1_boxroom_0038,Will the red torus touch the yellow mat?,no,yes,0
Link,897,pilot_linking_nl6_aCyl_bCube_occ1_dis1_boxroom_0039,Will the red torus touch the yellow mat?,yes,yes,1
Link,898,pilot_linking_nl6_aCyl_bCube_occ1_dis1_boxroom_0040,Will the red torus touch the yellow mat?,yes,yes,1
Link,899,pilot_linking_nl6_aCyl_bCube_occ1_dis1_boxroom_0041,Will the red torus touch the yellow mat?,no,yes,0
Link,900,pilot_linking_nl6_aCyl_bCube_occ1_dis1_boxroom_0042,Will the red torus touch the yellow mat?,no,no,1
Link,901,pilot_linking_nl6_aCyl_bCube_occ1_dis1_boxroom_0043,Will the red torus touch the yellow mat?,no,no,1
Link,902,pilot_linking_nl6_aCyl_bCube_occ1_dis1_boxroom_0044,Will the red torus touch the yellow mat?,yes,no,0
Link,903,pilot_linking_nl6_aCyl_bCube_occ1_dis1_boxroom_0045,Will the red torus touch the yellow mat?,no,no,1
Link,904,pilot_linking_nl6_aCyl_bCube_occ1_dis1_boxroom_0046,Will the red torus touch the yellow mat?,no,no,1
Link,905,pilot_linking_nl6_aCyl_bCube_occ1_dis1_boxroom_0047,Will the red torus touch the yellow mat?,yes,yes,1
Link,906,pilot_linking_nl6_aCyl_bCube_occ1_dis1_boxroom_0048,Will the red torus touch the yellow mat?,no,no,1
Link,907,pilot_linking_nl6_aCyl_bCube_occ1_dis1_boxroom_0049,Will the red torus touch the yellow mat?,no,no,1
Link,908,pilot_linking_nl6_aCyl_bCube_occ1_dis1_boxroom_0050,Will the red torus touch the yellow mat?,yes,no,0
Link,909,pilot_linking_nl6_aCyl_bCube_occ1_dis1_boxroom_0051,Will the red torus touch the yellow mat?,no,no,1
Link,910,pilot_linking_nl6_aCyl_bCube_occ1_dis1_boxroom_0052,Will the red torus touch the yellow mat?,no,no,1
Link,911,pilot_linking_nl6_aCyl_bCube_occ1_dis1_boxroom_0053,Will the red torus touch the yellow mat?,no,yes,0
Link,912,pilot_linking_nl6_aCyl_bCube_occ1_dis1_boxroom_0054,Will the red torus touch the yellow mat?,yes,no,0
Link,913,pilot_linking_nl6_aCyl_bCube_occ1_dis1_boxroom_0055,Will the red torus touch the yellow mat?,no,no,1
Link,914,pilot_linking_nl6_aCyl_bCube_occ1_dis1_boxroom_0056,Will the red torus touch the yellow mat?,no,yes,0
Link,915,pilot_linking_nl6_aCyl_bCube_occ1_dis1_boxroom_0057,Will the red torus touch the yellow mat?,yes,yes,1
Link,916,pilot_linking_nl6_aCyl_bCube_occ1_dis1_boxroom_0058,Will the red torus touch the yellow mat?,no,no,1
Link,917,pilot_linking_nl6_aCyl_bCube_occ1_dis1_boxroom_0059,Will the red torus touch the yellow mat?,no,no,1
Link,918,pilot_linking_nl6_aCyl_bCube_occ1_dis1_boxroom_0060,Will the red torus touch the yellow mat?,yes,yes,1
Link,919,pilot_linking_nl6_aCyl_bCube_occ1_dis1_boxroom_0061,Will the red torus touch the yellow mat?,yes,no,0
Link,920,pilot_linking_nl6_aCyl_bCube_occ1_dis1_boxroom_0062,Will the red torus touch the yellow mat?,no,no,1
Link,921,pilot_linking_nl6_aCyl_bCube_occ1_dis1_boxroom_0063,Will the red torus touch the yellow mat?,no,no,1
Link,922,pilot_linking_nl6_aCyl_bCube_occ1_dis1_boxroom_0064,Will the red torus touch the yellow mat?,no,no,1
Link,923,pilot_linking_nl6_aCyl_bCube_occ1_dis1_boxroom_0065,Will the red torus touch the yellow mat?,yes,yes,1
Link,924,pilot_linking_nl6_aCyl_bCube_occ1_dis1_boxroom_0066,Will the red torus touch the yellow mat?,no,no,1
Link,925,pilot_linking_nl6_aCyl_bCube_occ1_dis1_boxroom_0067,Will the red torus touch the yellow mat?,yes,yes,1
Link,926,pilot_linking_nl6_aCyl_bCube_occ1_dis1_boxroom_0068,Will the red torus touch the yellow mat?,yes,no,0
Link,927,pilot_linking_nl6_aCyl_bCube_occ1_dis1_boxroom_0069,Will the red torus touch the yellow mat?,no,no,1
Link,928,pilot_linking_nl6_aCyl_bCube_occ1_dis1_boxroom_0070,Will the red torus touch the yellow mat?,yes,no,0
Link,929,pilot_linking_nl6_aCyl_bCube_occ1_dis1_boxroom_0071,Will the red torus touch the yellow mat?,no,no,1
Link,930,pilot_linking_nl6_aCyl_bCube_occ1_dis1_boxroom_0072,Will the red torus touch the yellow mat?,yes,no,0
Link,931,pilot_linking_nl6_aCyl_bCube_occ1_dis1_boxroom_0073,Will the red torus touch the yellow mat?,no,yes,0
Link,932,pilot_linking_nl6_aCyl_bCube_occ1_dis1_boxroom_0074,Will the red torus touch the yellow mat?,no,no,1
Link,933,pilot_linking_nl6_aCyl_bCube_occ1_dis1_boxroom_0075,Will the red torus touch the yellow mat?,no,yes,0
Link,934,pilot_linking_nl6_aCyl_bCube_occ1_dis1_boxroom_0076,Will the red torus touch the yellow mat?,yes,yes,1
Link,935,pilot_linking_nl6_aCyl_bCube_occ1_dis1_boxroom_0077,Will the red torus touch the yellow mat?,no,yes,0
Link,936,pilot_linking_nl6_aCyl_bCube_occ1_dis1_boxroom_0078,Will the red torus touch the yellow mat?,no,yes,0
Link,937,pilot_linking_nl6_aCyl_bCube_occ1_dis1_boxroom_0079,Will the red torus touch the yellow mat?,no,no,1
Link,938,pilot_linking_nl6_aCyl_bCube_occ1_dis1_boxroom_0080,Will the red torus touch the yellow mat?,yes,no,0
Link,939,pilot_linking_nl6_aCyl_bCube_occ1_dis1_boxroom_0081,Will the red torus touch the yellow mat?,yes,yes,1
Link,940,pilot_linking_nl6_aCyl_bCube_occ1_dis1_boxroom_0082,Will the red torus touch the yellow mat?,no,no,1
Link,941,pilot_linking_nl6_aCyl_bCube_occ1_dis1_boxroom_0083,Will the red torus touch the yellow mat?,no,no,1
Link,942,pilot_linking_nl6_aCyl_bCube_occ1_dis1_boxroom_0084,Will the red torus touch the yellow mat?,no,no,1
Link,943,pilot_linking_nl6_aCyl_bCube_occ1_dis1_boxroom_0085,Will the red torus touch the yellow mat?,no,no,1
Link,944,pilot_linking_nl6_aCyl_bCube_occ1_dis1_boxroom_0086,Will the red torus touch the yellow mat?,no,no,1
Link,945,pilot_linking_nl6_aCyl_bCube_occ1_dis1_boxroom_0087,Will the red torus touch the yellow mat?,no,no,1
Link,946,pilot_linking_nl6_aCyl_bCube_occ1_dis1_boxroom_0088,Will the red torus touch the yellow mat?,no,yes,0
Link,947,pilot_linking_nl6_aCyl_bCube_occ1_dis1_boxroom_0089,Will the red torus touch the yellow mat?,no,no,1
Link,948,pilot_linking_nl6_aCyl_bCube_occ1_dis1_boxroom_0090,Will the red torus touch the yellow mat?,no,no,1
Link,949,pilot_linking_nl6_aCyl_bCube_occ1_dis1_boxroom_0091,Will the red torus touch the yellow mat?,no,no,1
Link,950,pilot_linking_nl6_aCyl_bCube_occ1_dis1_boxroom_0092,Will the red torus touch the yellow mat?,no,no,1
Link,951,pilot_linking_nl6_aCyl_bCube_occ1_dis1_boxroom_0093,Will the red torus touch the yellow mat?,no,no,1
Link,952,pilot_linking_nl6_aCyl_bCube_occ1_dis1_boxroom_0094,Will the red torus touch the yellow mat?,yes,yes,1
Link,953,pilot_linking_nl6_aCyl_bCube_occ1_dis1_boxroom_0095,Will the red torus touch the yellow mat?,no,yes,0
Link,954,pilot_linking_nl6_aCyl_bCube_occ1_dis1_boxroom_0096,Will the red torus touch the yellow mat?,yes,yes,1
Link,955,pilot_linking_nl6_aCyl_bCube_occ1_dis1_boxroom_0097,Will the red torus touch the yellow mat?,no,yes,0
Link,956,pilot_linking_nl6_aCyl_bCube_occ1_dis1_boxroom_0098,Will the red torus touch the yellow mat?,yes,no,0
Link,957,pilot_linking_nl6_aCyl_bCube_occ1_dis1_boxroom_0099,Will the red torus touch the yellow mat?,no,no,1
Link,958,pilot_linking_nl6_aCyl_bCube_occ1_dis1_boxroom_0100,Will the red torus touch the yellow mat?,yes,no,0
Link,959,pilot_linking_nl6_aCyl_bCube_occ1_dis1_boxroom_0101,Will the red torus touch the yellow mat?,no,no,1
Link,960,pilot_linking_nl6_aCyl_bCube_occ1_dis1_boxroom_0102,Will the red torus touch the yellow mat?,no,no,1
Link,961,pilot_linking_nl6_aCyl_bCube_occ1_dis1_boxroom_0103,Will the red torus touch the yellow mat?,no,no,1
Link,962,pilot_linking_nl6_aCyl_bCube_occ1_dis1_boxroom_0104,Will the red torus touch the yellow mat?,no,no,1
Link,963,pilot_linking_nl6_aCyl_bCube_occ1_dis1_boxroom_0105,Will the red torus touch the yellow mat?,no,no,1
Link,964,pilot_linking_nl6_aCyl_bCube_occ1_dis1_boxroom_0106,Will the red torus touch the yellow mat?,no,no,1
Link,965,pilot_linking_nl6_aCyl_bCube_occ1_dis1_boxroom_0107,Will the red torus touch the yellow mat?,no,no,1
Link,966,pilot_linking_nl6_aCyl_bCube_occ1_dis1_boxroom_0108,Will the red torus touch the yellow mat?,no,yes,0
Link,967,pilot_linking_nl6_aCyl_bCube_occ1_dis1_boxroom_0109,Will the red torus touch the yellow mat?,yes,yes,1
Link,968,pilot_linking_nl6_aCyl_bCube_occ1_dis1_boxroom_0110,Will the red torus touch the yellow mat?,no,no,1
Link,969,pilot_linking_nl6_aCyl_bCube_occ1_dis1_boxroom_0111,Will the red torus touch the yellow mat?,no,no,1
Link,970,pilot_linking_nl6_aCyl_bCube_occ1_dis1_boxroom_0112,Will the red torus touch the yellow mat?,no,yes,0
Link,971,pilot_linking_nl6_aCyl_bCube_occ1_dis1_boxroom_0113,Will the red torus touch the yellow mat?,yes,no,0
Link,972,pilot_linking_nl6_aCyl_bCube_occ1_dis1_boxroom_0114,Will the red torus touch the yellow mat?,no,no,1
Link,973,pilot_linking_nl6_aCyl_bCube_occ1_dis1_boxroom_0115,Will the red torus touch the yellow mat?,yes,no,0
Link,974,pilot_linking_nl6_aCyl_bCube_occ1_dis1_boxroom_0116,Will the red torus touch the yellow mat?,yes,yes,1
Link,975,pilot_linking_nl6_aCyl_bCube_occ1_dis1_boxroom_0117,Will the red torus touch the yellow mat?,yes,no,0
Link,976,pilot_linking_nl6_aCyl_bCube_occ1_dis1_boxroom_0118,Will the red torus touch the yellow mat?,no,yes,0
Link,977,pilot_linking_nl6_aCyl_bCube_occ1_dis1_boxroom_0119,Will the red torus touch the yellow mat?,no,no,1
Link,978,pilot_linking_nl6_aCyl_bCube_occ1_dis1_boxroom_0120,Will the red torus touch the yellow mat?,no,no,1
Link,979,pilot_linking_nl6_aCyl_bCube_occ1_dis1_boxroom_0121,Will the red torus touch the yellow mat?,yes,yes,1
Link,980,pilot_linking_nl6_aCyl_bCube_occ1_dis1_boxroom_0122,Will the red torus touch the yellow mat?,no,yes,0
Link,981,pilot_linking_nl6_aCyl_bCube_occ1_dis1_boxroom_0123,Will the red torus touch the yellow mat?,no,no,1
Link,982,pilot_linking_nl6_aCyl_bCube_occ1_dis1_boxroom_0124,Will the red torus touch the yellow mat?,yes,yes,1
Link,983,pilot_linking_nl6_aCyl_bCube_occ1_dis1_boxroom_0125,Will the red torus touch the yellow mat?,yes,no,0
Link,984,pilot_linking_nl6_aCyl_bCube_occ1_dis1_boxroom_0126,Will the red torus touch the yellow mat?,no,no,1
Link,985,pilot_linking_nl6_aCyl_bCube_occ1_dis1_boxroom_0127,Will the red torus touch the yellow mat?,no,no,1
Link,986,pilot_linking_nl6_aCyl_bCube_occ1_dis1_boxroom_0128,Will the red torus touch the yellow mat?,no,no,1
Link,987,pilot_linking_nl6_aCyl_bCube_occ1_dis1_boxroom_0129,Will the red torus touch the yellow mat?,no,yes,0
Link,988,pilot_linking_nl6_aCyl_bCube_occ1_dis1_boxroom_0130,Will the red torus touch the yellow mat?,no,no,1
Link,989,pilot_linking_nl6_aCyl_bCube_occ1_dis1_boxroom_0131,Will the red torus touch the yellow mat?,yes,no,0
Link,990,pilot_linking_nl6_aCyl_bCube_occ1_dis1_boxroom_0132,Will the red torus touch the yellow mat?,yes,yes,1
Link,991,pilot_linking_nl6_aCyl_bCube_occ1_dis1_boxroom_0133,Will the red torus touch the yellow mat?,no,no,1
Link,992,pilot_linking_nl6_aCyl_bCube_occ1_dis1_boxroom_0134,Will the red torus touch the yellow mat?,no,no,1
Roll,0,pilot_it2_rollingSliding_simple_collision_box_0000,Will the red pyramid touch the yellow mat?,no,no,1
Roll,1,pilot_it2_rollingSliding_simple_collision_box_0001,Will the red pentagon touch the yellow mat?,no,no,1
Roll,2,pilot_it2_rollingSliding_simple_collision_box_0002,Will the red pyramid touch the yellow mat?,yes,yes,1
Roll,3,pilot_it2_rollingSliding_simple_collision_box_0003,Will the red bowl touch the yellow mat?,yes,yes,1
Roll,4,pilot_it2_rollingSliding_simple_collision_box_0004,Will the red bowl touch the yellow mat?,yes,yes,1
Roll,5,pilot_it2_rollingSliding_simple_collision_box_0005,Will the red bowl touch the yellow mat?,yes,yes,1
Roll,6,pilot_it2_rollingSliding_simple_collision_box_0006,Will the red sphere touch the yellow mat?,no,no,1
Roll,7,pilot_it2_rollingSliding_simple_collision_box_0007,Will the red pentagon touch the yellow mat?,no,no,1
Roll,8,pilot_it2_rollingSliding_simple_collision_box_0008,Will the red pentagon touch the yellow mat?,yes,yes,1
Roll,9,pilot_it2_rollingSliding_simple_collision_box_0009,Will the red dumbbell touch the yellow mat?,no,no,1
Roll,10,pilot_it2_rollingSliding_simple_collision_box_0010,Will the red pipe touch the yellow mat?,yes,yes,1
Roll,11,pilot_it2_rollingSliding_simple_collision_box_0011,Will the red cube touch the yellow mat?,no,no,1
Roll,12,pilot_it2_rollingSliding_simple_collision_box_0012,Will the red dumbbell touch the yellow mat?,yes,yes,1
Roll,13,pilot_it2_rollingSliding_simple_collision_box_0013,Will the red cube touch the yellow mat?,yes,yes,1
Roll,14,pilot_it2_rollingSliding_simple_collision_box_0014,Will the red pipe touch the yellow mat?,no,no,1
Roll,15,pilot_it2_rollingSliding_simple_collision_box_0015,Will the red pyramid touch the yellow mat?,no,yes,0
Roll,16,pilot_it2_rollingSliding_simple_collision_box_0016,Will the red pipe touch the yellow mat?,no,no,1
Roll,17,pilot_it2_rollingSliding_simple_collision_box_0017,Will the red sphere touch the yellow mat?,yes,no,0
Roll,18,pilot_it2_rollingSliding_simple_collision_box_0018,Will the red cone touch the yellow mat?,no,yes,0
Roll,19,pilot_it2_rollingSliding_simple_collision_box_0019,Will the red cone touch the yellow mat?,no,no,1
Roll,20,pilot_it2_rollingSliding_simple_collision_box_0020,Will the red pyramid touch the yellow mat?,yes,yes,1
Roll,21,pilot_it2_rollingSliding_simple_collision_box_0021,Will the red pentagon touch the yellow mat?,yes,yes,1
Roll,22,pilot_it2_rollingSliding_simple_collision_box_0022,Will the red pipe touch the yellow mat?,no,no,1
Roll,23,pilot_it2_rollingSliding_simple_collision_box_0023,Will the red cylinder touch the yellow mat?,no,no,1
Roll,24,pilot_it2_rollingSliding_simple_collision_box_0024,Will the red pyramid touch the yellow mat?,yes,yes,1
Roll,25,pilot_it2_rollingSliding_simple_collision_box_0025,Will the red pipe touch the yellow mat?,yes,yes,1
Roll,26,pilot_it2_rollingSliding_simple_collision_box_0026,Will the red pentagon touch the yellow mat?,no,no,1
Roll,27,pilot_it2_rollingSliding_simple_collision_box_0027,Will the red pyramid touch the yellow mat?,no,no,1
Roll,28,pilot_it2_rollingSliding_simple_collision_box_0028,Will the red dumbbell touch the yellow mat?,no,yes,0
Roll,29,pilot_it2_rollingSliding_simple_collision_box_0029,Will the red pyramid touch the yellow mat?,yes,no,0
Roll,30,pilot_it2_rollingSliding_simple_collision_box_0030,Will the red pentagon touch the yellow mat?,no,no,1
Roll,31,pilot_it2_rollingSliding_simple_collision_box_0031,Will the red pipe touch the yellow mat?,yes,yes,1
Roll,32,pilot_it2_rollingSliding_simple_collision_box_0032,Will the red dumbbell touch the yellow mat?,yes,no,0
Roll,33,pilot_it2_rollingSliding_simple_collision_box_0033,Will the red pentagon touch the yellow mat?,no,no,1
Roll,34,pilot_it2_rollingSliding_simple_collision_box_0034,Will the red cube touch the yellow mat?,yes,no,0
Roll,35,pilot_it2_rollingSliding_simple_collision_box_0035,Will the red pyramid touch the yellow mat?,no,no,1
Roll,36,pilot_it2_rollingSliding_simple_collision_box_0036,Will the red cube touch the yellow mat?,no,no,1
Roll,37,pilot_it2_rollingSliding_simple_collision_box_0037,Will the red bowl touch the yellow mat?,no,yes,0
Roll,38,pilot_it2_rollingSliding_simple_collision_box_0038,Will the red dumbbell touch the yellow mat?,no,no,1
Roll,39,pilot_it2_rollingSliding_simple_collision_box_0039,Will the red bowl touch the yellow mat?,no,no,1
Roll,40,pilot_it2_rollingSliding_simple_collision_box_0040,Will the red bowl touch the yellow mat?,yes,yes,1
Roll,41,pilot_it2_rollingSliding_simple_collision_box_0041,Will the red cone touch the yellow mat?,no,yes,0
Roll,42,pilot_it2_rollingSliding_simple_collision_box_0042,Will the red sphere touch the yellow mat?,no,no,1
Roll,43,pilot_it2_rollingSliding_simple_collision_box_0043,Will the red pipe touch the yellow mat?,no,yes,0
Roll,44,pilot_it2_rollingSliding_simple_collision_box_0044,Will the red bowl touch the yellow mat?,yes,yes,1
Roll,45,pilot_it2_rollingSliding_simple_collision_box_0045,Will the red pyramid touch the yellow mat?,no,no,1
Roll,46,pilot_it2_rollingSliding_simple_collision_box_0046,Will the red cube touch the yellow mat?,no,no,1
Roll,47,pilot_it2_rollingSliding_simple_collision_box_0047,Will the red sphere touch the yellow mat?,yes,yes,1
Roll,48,pilot_it2_rollingSliding_simple_collision_box_0048,Will the red pipe touch the yellow mat?,no,no,1
Roll,49,pilot_it2_rollingSliding_simple_collision_box_0049,Will the red pentagon touch the yellow mat?,yes,yes,1
Roll,50,pilot_it2_rollingSliding_simple_collision_box_0050,Will the red pentagon touch the yellow mat?,yes,no,0
Roll,51,pilot_it2_rollingSliding_simple_collision_box_0051,Will the red bowl touch the yellow mat?,yes,yes,1
Roll,52,pilot_it2_rollingSliding_simple_collision_box_0052,Will the red pentagon touch the yellow mat?,yes,yes,1
Roll,53,pilot_it2_rollingSliding_simple_collision_box_0053,Will the red cube touch the yellow mat?,yes,yes,1
Roll,54,pilot_it2_rollingSliding_simple_collision_box_0054,Will the red pipe touch the yellow mat?,no,no,1
Roll,55,pilot_it2_rollingSliding_simple_collision_box_0055,Will the red bowl touch the yellow mat?,no,yes,0
Roll,56,pilot_it2_rollingSliding_simple_collision_box_0056,Will the red bowl touch the yellow mat?,yes,yes,1
Roll,57,pilot_it2_rollingSliding_simple_collision_box_0057,Will the red cylinder touch the yellow mat?,no,no,1
Roll,58,pilot_it2_rollingSliding_simple_collision_box_0058,Will the red sphere touch the yellow mat?,yes,no,0
Roll,59,pilot_it2_rollingSliding_simple_collision_box_0059,Will the red bowl touch the yellow mat?,yes,yes,1
Roll,60,pilot_it2_rollingSliding_simple_collision_box_0060,Will the red bowl touch the yellow mat?,no,yes,0
Roll,61,pilot_it2_rollingSliding_simple_collision_box_0061,Will the red pentagon touch the yellow mat?,no,yes,0
Roll,62,pilot_it2_rollingSliding_simple_collision_box_0062,Will the red pipe touch the yellow mat?,yes,yes,1
Roll,63,pilot_it2_rollingSliding_simple_collision_box_0063,Will the red bowl touch the yellow mat?,no,no,1
Roll,64,pilot_it2_rollingSliding_simple_collision_box_0064,Will the red cone touch the yellow mat?,no,no,1
Roll,65,pilot_it2_rollingSliding_simple_collision_box_0065,Will the red pyramid touch the yellow mat?,no,no,1
Roll,66,pilot_it2_rollingSliding_simple_collision_box_0066,Will the red pipe touch the yellow mat?,yes,yes,1
Roll,67,pilot_it2_rollingSliding_simple_collision_box_0067,Will the red cone touch the yellow mat?,no,yes,0
Roll,68,pilot_it2_rollingSliding_simple_collision_box_0068,Will the red pyramid touch the yellow mat?,no,yes,0
Roll,69,pilot_it2_rollingSliding_simple_collision_box_0069,Will the red pentagon touch the yellow mat?,no,no,1
Roll,70,pilot_it2_rollingSliding_simple_collision_box_0070,Will the red pyramid touch the yellow mat?,yes,yes,1
Roll,71,pilot_it2_rollingSliding_simple_collision_box_0071,Will the red cone touch the yellow mat?,yes,yes,1
Roll,72,pilot_it2_rollingSliding_simple_collision_box_1_dis_1_occ_0000,Will the red pyramid touch the yellow mat?,no,no,1
Roll,73,pilot_it2_rollingSliding_simple_collision_box_1_dis_1_occ_0001,Will the red pentagon touch the yellow mat?,no,no,1
Roll,74,pilot_it2_rollingSliding_simple_collision_box_1_dis_1_occ_0002,Will the red pyramid touch the yellow mat?,yes,yes,1
Roll,75,pilot_it2_rollingSliding_simple_collision_box_1_dis_1_occ_0003,Will the red bowl touch the yellow mat?,yes,yes,1
Roll,76,pilot_it2_rollingSliding_simple_collision_box_1_dis_1_occ_0004,Will the red bowl touch the yellow mat?,yes,yes,1
Roll,77,pilot_it2_rollingSliding_simple_collision_box_1_dis_1_occ_0005,Will the red bowl touch the yellow mat?,yes,yes,1
Roll,78,pilot_it2_rollingSliding_simple_collision_box_1_dis_1_occ_0006,Will the red sphere touch the yellow mat?,no,no,1
Roll,79,pilot_it2_rollingSliding_simple_collision_box_1_dis_1_occ_0007,Will the red pentagon touch the yellow mat?,no,no,1
Roll,80,pilot_it2_rollingSliding_simple_collision_box_1_dis_1_occ_0008,Will the red pentagon touch the yellow mat?,yes,yes,1
Roll,81,pilot_it2_rollingSliding_simple_collision_box_1_dis_1_occ_0009,Will the red dumbbell touch the yellow mat?,no,no,1
Roll,82,pilot_it2_rollingSliding_simple_collision_box_1_dis_1_occ_0010,Will the red pipe touch the yellow mat?,yes,yes,1
Roll,83,pilot_it2_rollingSliding_simple_collision_box_1_dis_1_occ_0011,Will the red cube touch the yellow mat?,no,no,1
Roll,84,pilot_it2_rollingSliding_simple_collision_box_1_dis_1_occ_0012,Will the red dumbbell touch the yellow mat?,yes,yes,1
Roll,85,pilot_it2_rollingSliding_simple_collision_box_1_dis_1_occ_0013,Will the red cube touch the yellow mat?,yes,no,0
Roll,86,pilot_it2_rollingSliding_simple_collision_box_1_dis_1_occ_0014,Will the red pipe touch the yellow mat?,no,yes,0
Roll,87,pilot_it2_rollingSliding_simple_collision_box_1_dis_1_occ_0015,Will the red pyramid touch the yellow mat?,no,yes,0
Roll,88,pilot_it2_rollingSliding_simple_collision_box_1_dis_1_occ_0016,Will the red pipe touch the yellow mat?,no,no,1
Roll,89,pilot_it2_rollingSliding_simple_collision_box_1_dis_1_occ_0017,Will the red sphere touch the yellow mat?,yes,no,0
Roll,90,pilot_it2_rollingSliding_simple_collision_box_1_dis_1_occ_0018,Will the red cone touch the yellow mat?,no,no,1
Roll,91,pilot_it2_rollingSliding_simple_collision_box_1_dis_1_occ_0019,Will the red cone touch the yellow mat?,no,no,1
Roll,92,pilot_it2_rollingSliding_simple_collision_box_1_dis_1_occ_0020,Will the red pyramid touch the yellow mat?,yes,yes,1
Roll,93,pilot_it2_rollingSliding_simple_collision_box_1_dis_1_occ_0021,Will the red pentagon touch the yellow mat?,yes,yes,1
Roll,94,pilot_it2_rollingSliding_simple_collision_box_1_dis_1_occ_0022,Will the red pipe touch the yellow mat?,no,no,1
Roll,95,pilot_it2_rollingSliding_simple_collision_box_1_dis_1_occ_0023,Will the red cylinder touch the yellow mat?,no,no,1
Roll,96,pilot_it2_rollingSliding_simple_collision_box_1_dis_1_occ_0024,Will the red pyramid touch the yellow mat?,yes,yes,1
Roll,97,pilot_it2_rollingSliding_simple_collision_box_1_dis_1_occ_0025,Will the red pipe touch the yellow mat?,yes,yes,1
Roll,98,pilot_it2_rollingSliding_simple_collision_box_1_dis_1_occ_0026,Will the red pentagon touch the yellow mat?,no,no,1
Roll,99,pilot_it2_rollingSliding_simple_collision_box_1_dis_1_occ_0027,Will the red pyramid touch the yellow mat?,no,no,1
Roll,100,pilot_it2_rollingSliding_simple_collision_box_1_dis_1_occ_0028,Will the red dumbbell touch the yellow mat?,no,yes,0
Roll,101,pilot_it2_rollingSliding_simple_collision_box_1_dis_1_occ_0029,Will the red pyramid touch the yellow mat?,yes,no,0
Roll,102,pilot_it2_rollingSliding_simple_collision_box_1_dis_1_occ_0030,Will the red pentagon touch the yellow mat?,no,no,1
Roll,103,pilot_it2_rollingSliding_simple_collision_box_1_dis_1_occ_0031,Will the red pipe touch the yellow mat?,yes,yes,1
Roll,104,pilot_it2_rollingSliding_simple_collision_box_1_dis_1_occ_0032,Will the red dumbbell touch the yellow mat?,yes,no,0
Roll,105,pilot_it2_rollingSliding_simple_collision_box_1_dis_1_occ_0033,Will the red pentagon touch the yellow mat?,no,no,1
Roll,106,pilot_it2_rollingSliding_simple_collision_box_1_dis_1_occ_0034,Will the red cube touch the yellow mat?,yes,no,0
Roll,107,pilot_it2_rollingSliding_simple_collision_box_1_dis_1_occ_0035,Will the red pyramid touch the yellow mat?,no,yes,0
Roll,108,pilot_it2_rollingSliding_simple_collision_box_1_dis_1_occ_0036,Will the red cube touch the yellow mat?,no,no,1
Roll,109,pilot_it2_rollingSliding_simple_collision_box_1_dis_1_occ_0037,Will the red bowl touch the yellow mat?,no,yes,0
Roll,110,pilot_it2_rollingSliding_simple_collision_box_1_dis_1_occ_0038,Will the red dumbbell touch the yellow mat?,no,no,1
Roll,111,pilot_it2_rollingSliding_simple_collision_box_1_dis_1_occ_0039,Will the red bowl touch the yellow mat?,no,no,1
Roll,112,pilot_it2_rollingSliding_simple_collision_box_1_dis_1_occ_0040,Will the red bowl touch the yellow mat?,yes,yes,1
Roll,113,pilot_it2_rollingSliding_simple_collision_box_1_dis_1_occ_0041,Will the red cone touch the yellow mat?,no,yes,0
Roll,114,pilot_it2_rollingSliding_simple_collision_box_1_dis_1_occ_0042,Will the red sphere touch the yellow mat?,no,no,1
Roll,115,pilot_it2_rollingSliding_simple_collision_box_1_dis_1_occ_0043,Will the red pipe touch the yellow mat?,no,no,1
Roll,116,pilot_it2_rollingSliding_simple_collision_box_1_dis_1_occ_0044,Will the red bowl touch the yellow mat?,yes,yes,1
Roll,117,pilot_it2_rollingSliding_simple_collision_box_1_dis_1_occ_0045,Will the red pyramid touch the yellow mat?,no,yes,0
Roll,118,pilot_it2_rollingSliding_simple_collision_box_1_dis_1_occ_0046,Will the red cube touch the yellow mat?,no,no,1
Roll,119,pilot_it2_rollingSliding_simple_collision_box_1_dis_1_occ_0047,Will the red sphere touch the yellow mat?,yes,yes,1
Roll,120,pilot_it2_rollingSliding_simple_collision_box_1_dis_1_occ_0048,Will the red pipe touch the yellow mat?,no,no,1
Roll,121,pilot_it2_rollingSliding_simple_collision_box_1_dis_1_occ_0049,Will the red pentagon touch the yellow mat?,yes,yes,1
Roll,122,pilot_it2_rollingSliding_simple_collision_box_1_dis_1_occ_0050,Will the red pentagon touch the yellow mat?,yes,no,0
Roll,123,pilot_it2_rollingSliding_simple_collision_box_1_dis_1_occ_0051,Will the red bowl touch the yellow mat?,no,yes,0
Roll,124,pilot_it2_rollingSliding_simple_collision_box_1_dis_1_occ_0052,Will the red pentagon touch the yellow mat?,yes,yes,1
Roll,125,pilot_it2_rollingSliding_simple_collision_box_1_dis_1_occ_0053,Will the red cube touch the yellow mat?,yes,yes,1
Roll,126,pilot_it2_rollingSliding_simple_collision_box_1_dis_1_occ_0054,Will the red pipe touch the yellow mat?,no,no,1
Roll,127,pilot_it2_rollingSliding_simple_collision_box_1_dis_1_occ_0055,Will the red bowl touch the yellow mat?,no,yes,0
Roll,128,pilot_it2_rollingSliding_simple_collision_box_1_dis_1_occ_0056,Will the red bowl touch the yellow mat?,yes,no,0
Roll,129,pilot_it2_rollingSliding_simple_collision_box_1_dis_1_occ_0057,Will the red cylinder touch the yellow mat?,no,no,1
Roll,130,pilot_it2_rollingSliding_simple_collision_box_1_dis_1_occ_0058,Will the red sphere touch the yellow mat?,yes,no,0
Roll,131,pilot_it2_rollingSliding_simple_collision_box_1_dis_1_occ_0059,Will the red bowl touch the yellow mat?,yes,no,0
Roll,132,pilot_it2_rollingSliding_simple_collision_box_1_dis_1_occ_0060,Will the red bowl touch the yellow mat?,no,yes,0
Roll,133,pilot_it2_rollingSliding_simple_collision_box_1_dis_1_occ_0061,Will the red pentagon touch the yellow mat?,no,no,1
Roll,134,pilot_it2_rollingSliding_simple_collision_box_1_dis_1_occ_0062,Will the red pipe touch the yellow mat?,yes,yes,1
Roll,135,pilot_it2_rollingSliding_simple_collision_box_1_dis_1_occ_0063,Will the red bowl touch the yellow mat?,no,no,1
Roll,136,pilot_it2_rollingSliding_simple_collision_box_1_dis_1_occ_0064,Will the red cone touch the yellow mat?,no,no,1
Roll,137,pilot_it2_rollingSliding_simple_collision_box_1_dis_1_occ_0065,Will the red pyramid touch the yellow mat?,no,no,1
Roll,138,pilot_it2_rollingSliding_simple_collision_box_1_dis_1_occ_0066,Will the red pipe touch the yellow mat?,yes,yes,1
Roll,139,pilot_it2_rollingSliding_simple_collision_box_1_dis_1_occ_0067,Will the red cone touch the yellow mat?,no,yes,0
Roll,140,pilot_it2_rollingSliding_simple_collision_box_1_dis_1_occ_0068,Will the red pyramid touch the yellow mat?,no,yes,0
Roll,141,pilot_it2_rollingSliding_simple_collision_box_1_dis_1_occ_0069,Will the red pentagon touch the yellow mat?,no,no,1
Roll,142,pilot_it2_rollingSliding_simple_collision_box_1_dis_1_occ_0070,Will the red pyramid touch the yellow mat?,yes,yes,1
Roll,143,pilot_it2_rollingSliding_simple_collision_box_1_dis_1_occ_0071,Will the red cone touch the yellow mat?,yes,yes,1
Roll,144,pilot_it2_rollingSliding_simple_collision_box_2_dis_2_occ_0000,Will the red pyramid touch the yellow mat?,no,no,1
Roll,145,pilot_it2_rollingSliding_simple_collision_box_2_dis_2_occ_0001,Will the red pentagon touch the yellow mat?,no,no,1
Roll,146,pilot_it2_rollingSliding_simple_collision_box_2_dis_2_occ_0002,Will the red pyramid touch the yellow mat?,yes,yes,1
Roll,147,pilot_it2_rollingSliding_simple_collision_box_2_dis_2_occ_0003,Will the red bowl touch the yellow mat?,yes,yes,1
Roll,148,pilot_it2_rollingSliding_simple_collision_box_2_dis_2_occ_0004,Will the red bowl touch the yellow mat?,yes,yes,1
Roll,149,pilot_it2_rollingSliding_simple_collision_box_2_dis_2_occ_0005,Will the red bowl touch the yellow mat?,yes,yes,1
Roll,150,pilot_it2_rollingSliding_simple_collision_box_2_dis_2_occ_0006,Will the red sphere touch the yellow mat?,no,no,1
Roll,151,pilot_it2_rollingSliding_simple_collision_box_2_dis_2_occ_0007,Will the red pentagon touch the yellow mat?,no,no,1
Roll,152,pilot_it2_rollingSliding_simple_collision_box_2_dis_2_occ_0008,Will the red pentagon touch the yellow mat?,yes,yes,1
Roll,153,pilot_it2_rollingSliding_simple_collision_box_2_dis_2_occ_0009,Will the red dumbbell touch the yellow mat?,no,no,1
Roll,154,pilot_it2_rollingSliding_simple_collision_box_2_dis_2_occ_0010,Will the red pipe touch the yellow mat?,yes,yes,1
Roll,155,pilot_it2_rollingSliding_simple_collision_box_2_dis_2_occ_0011,Will the red cube touch the yellow mat?,no,no,1
Roll,156,pilot_it2_rollingSliding_simple_collision_box_2_dis_2_occ_0012,Will the red dumbbell touch the yellow mat?,yes,yes,1
Roll,157,pilot_it2_rollingSliding_simple_collision_box_2_dis_2_occ_0013,Will the red cube touch the yellow mat?,yes,yes,1
Roll,158,pilot_it2_rollingSliding_simple_collision_box_2_dis_2_occ_0014,Will the red pipe touch the yellow mat?,no,yes,0
Roll,159,pilot_it2_rollingSliding_simple_collision_box_2_dis_2_occ_0015,Will the red pyramid touch the yellow mat?,no,no,1
Roll,160,pilot_it2_rollingSliding_simple_collision_box_2_dis_2_occ_0016,Will the red pipe touch the yellow mat?,no,no,1
Roll,161,pilot_it2_rollingSliding_simple_collision_box_2_dis_2_occ_0017,Will the red sphere touch the yellow mat?,yes,no,0
Roll,162,pilot_it2_rollingSliding_simple_collision_box_2_dis_2_occ_0018,Will the red cone touch the yellow mat?,no,yes,0
Roll,163,pilot_it2_rollingSliding_simple_collision_box_2_dis_2_occ_0019,Will the red cone touch the yellow mat?,no,no,1
Roll,164,pilot_it2_rollingSliding_simple_collision_box_2_dis_2_occ_0020,Will the red pyramid touch the yellow mat?,yes,yes,1
Roll,165,pilot_it2_rollingSliding_simple_collision_box_2_dis_2_occ_0021,Will the red pentagon touch the yellow mat?,yes,yes,1
Roll,166,pilot_it2_rollingSliding_simple_collision_box_2_dis_2_occ_0022,Will the red pipe touch the yellow mat?,no,no,1
Roll,167,pilot_it2_rollingSliding_simple_collision_box_2_dis_2_occ_0023,Will the red cylinder touch the yellow mat?,no,no,1
Roll,168,pilot_it2_rollingSliding_simple_collision_box_2_dis_2_occ_0024,Will the red pyramid touch the yellow mat?,yes,yes,1
Roll,169,pilot_it2_rollingSliding_simple_collision_box_2_dis_2_occ_0025,Will the red pipe touch the yellow mat?,yes,yes,1
Roll,170,pilot_it2_rollingSliding_simple_collision_box_2_dis_2_occ_0026,Will the red pentagon touch the yellow mat?,no,no,1
Roll,171,pilot_it2_rollingSliding_simple_collision_box_2_dis_2_occ_0027,Will the red pyramid touch the yellow mat?,no,no,1
Roll,172,pilot_it2_rollingSliding_simple_collision_box_2_dis_2_occ_0028,Will the red dumbbell touch the yellow mat?,no,no,1
Roll,173,pilot_it2_rollingSliding_simple_collision_box_2_dis_2_occ_0029,Will the red pyramid touch the yellow mat?,yes,no,0
Roll,174,pilot_it2_rollingSliding_simple_collision_box_2_dis_2_occ_0030,Will the red pentagon touch the yellow mat?,no,no,1
Roll,175,pilot_it2_rollingSliding_simple_collision_box_2_dis_2_occ_0031,Will the red pipe touch the yellow mat?,yes,yes,1
Roll,176,pilot_it2_rollingSliding_simple_collision_box_2_dis_2_occ_0032,Will the red dumbbell touch the yellow mat?,yes,no,0
Roll,177,pilot_it2_rollingSliding_simple_collision_box_2_dis_2_occ_0033,Will the red pentagon touch the yellow mat?,no,no,1
Roll,178,pilot_it2_rollingSliding_simple_collision_box_2_dis_2_occ_0034,Will the red cube touch the yellow mat?,yes,yes,1
Roll,179,pilot_it2_rollingSliding_simple_collision_box_2_dis_2_occ_0035,Will the red pyramid touch the yellow mat?,no,yes,0
Roll,180,pilot_it2_rollingSliding_simple_collision_box_2_dis_2_occ_0036,Will the red cube touch the yellow mat?,no,yes,0
Roll,181,pilot_it2_rollingSliding_simple_collision_box_2_dis_2_occ_0037,Will the red bowl touch the yellow mat?,no,yes,0
Roll,182,pilot_it2_rollingSliding_simple_collision_box_2_dis_2_occ_0038,Will the red dumbbell touch the yellow mat?,no,no,1
Roll,183,pilot_it2_rollingSliding_simple_collision_box_2_dis_2_occ_0039,Will the red bowl touch the yellow mat?,no,no,1
Roll,184,pilot_it2_rollingSliding_simple_collision_box_2_dis_2_occ_0040,Will the red bowl touch the yellow mat?,yes,yes,1
Roll,185,pilot_it2_rollingSliding_simple_collision_box_2_dis_2_occ_0041,Will the red cone touch the yellow mat?,no,no,1
Roll,186,pilot_it2_rollingSliding_simple_collision_box_2_dis_2_occ_0042,Will the red sphere touch the yellow mat?,no,no,1
Roll,187,pilot_it2_rollingSliding_simple_collision_box_2_dis_2_occ_0043,Will the red pipe touch the yellow mat?,no,no,1
Roll,188,pilot_it2_rollingSliding_simple_collision_box_2_dis_2_occ_0044,Will the red bowl touch the yellow mat?,yes,yes,1
Roll,189,pilot_it2_rollingSliding_simple_collision_box_2_dis_2_occ_0045,Will the red pyramid touch the yellow mat?,no,no,1
Roll,190,pilot_it2_rollingSliding_simple_collision_box_2_dis_2_occ_0046,Will the red cube touch the yellow mat?,no,no,1
Roll,191,pilot_it2_rollingSliding_simple_collision_box_2_dis_2_occ_0047,Will the red sphere touch the yellow mat?,yes,yes,1
Roll,192,pilot_it2_rollingSliding_simple_collision_box_2_dis_2_occ_0048,Will the red pipe touch the yellow mat?,no,no,1
Roll,193,pilot_it2_rollingSliding_simple_collision_box_2_dis_2_occ_0049,Will the red pentagon touch the yellow mat?,yes,yes,1
Roll,194,pilot_it2_rollingSliding_simple_collision_box_2_dis_2_occ_0050,Will the red pentagon touch the yellow mat?,yes,no,0
Roll,195,pilot_it2_rollingSliding_simple_collision_box_2_dis_2_occ_0051,Will the red bowl touch the yellow mat?,yes,yes,1
Roll,196,pilot_it2_rollingSliding_simple_collision_box_2_dis_2_occ_0052,Will the red pentagon touch the yellow mat?,yes,yes,1
Roll,197,pilot_it2_rollingSliding_simple_collision_box_2_dis_2_occ_0053,Will the red cube touch the yellow mat?,yes,yes,1
Roll,198,pilot_it2_rollingSliding_simple_collision_box_2_dis_2_occ_0054,Will the red pipe touch the yellow mat?,no,yes,0
Roll,199,pilot_it2_rollingSliding_simple_collision_box_2_dis_2_occ_0055,Will the red bowl touch the yellow mat?,no,yes,0
Roll,200,pilot_it2_rollingSliding_simple_collision_box_2_dis_2_occ_0056,Will the red bowl touch the yellow mat?,yes,no,0
Roll,201,pilot_it2_rollingSliding_simple_collision_box_2_dis_2_occ_0057,Will the red cylinder touch the yellow mat?,no,no,1
Roll,202,pilot_it2_rollingSliding_simple_collision_box_2_dis_2_occ_0058,Will the red sphere touch the yellow mat?,yes,no,0
Roll,203,pilot_it2_rollingSliding_simple_collision_box_2_dis_2_occ_0059,Will the red bowl touch the yellow mat?,yes,yes,1
Roll,204,pilot_it2_rollingSliding_simple_collision_box_2_dis_2_occ_0060,Will the red bowl touch the yellow mat?,no,yes,0
Roll,205,pilot_it2_rollingSliding_simple_collision_box_2_dis_2_occ_0061,Will the red pentagon touch the yellow mat?,no,yes,0
Roll,206,pilot_it2_rollingSliding_simple_collision_box_2_dis_2_occ_0062,Will the red pipe touch the yellow mat?,yes,yes,1
Roll,207,pilot_it2_rollingSliding_simple_collision_box_2_dis_2_occ_0063,Will the red bowl touch the yellow mat?,no,no,1
Roll,208,pilot_it2_rollingSliding_simple_collision_box_2_dis_2_occ_0064,Will the red cone touch the yellow mat?,no,no,1
Roll,209,pilot_it2_rollingSliding_simple_collision_box_2_dis_2_occ_0065,Will the red pyramid touch the yellow mat?,no,no,1
Roll,210,pilot_it2_rollingSliding_simple_collision_box_2_dis_2_occ_0066,Will the red pipe touch the yellow mat?,yes,yes,1
Roll,211,pilot_it2_rollingSliding_simple_collision_box_2_dis_2_occ_0067,Will the red cone touch the yellow mat?,no,yes,0
Roll,212,pilot_it2_rollingSliding_simple_collision_box_2_dis_2_occ_0068,Will the red pyramid touch the yellow mat?,no,yes,0
Roll,213,pilot_it2_rollingSliding_simple_collision_box_2_dis_2_occ_0069,Will the red pentagon touch the yellow mat?,no,no,1
Roll,214,pilot_it2_rollingSliding_simple_collision_box_2_dis_2_occ_0070,Will the red pyramid touch the yellow mat?,yes,yes,1
Roll,215,pilot_it2_rollingSliding_simple_collision_box_2_dis_2_occ_0071,Will the red cone touch the yellow mat?,yes,yes,1
Roll,216,pilot_it2_rollingSliding_simple_collision_tdw_1_dis_1_occ_0000,Will the red pyramid touch the yellow mat?,no,no,1
Roll,217,pilot_it2_rollingSliding_simple_collision_tdw_1_dis_1_occ_0001,Will the red pentagon touch the yellow mat?,no,no,1
Roll,218,pilot_it2_rollingSliding_simple_collision_tdw_1_dis_1_occ_0002,Will the red pyramid touch the yellow mat?,no,yes,0
Roll,219,pilot_it2_rollingSliding_simple_collision_tdw_1_dis_1_occ_0003,Will the red bowl touch the yellow mat?,yes,yes,1
Roll,220,pilot_it2_rollingSliding_simple_collision_tdw_1_dis_1_occ_0004,Will the red bowl touch the yellow mat?,yes,yes,1
Roll,221,pilot_it2_rollingSliding_simple_collision_tdw_1_dis_1_occ_0005,Will the red bowl touch the yellow mat?,yes,yes,1
Roll,222,pilot_it2_rollingSliding_simple_collision_tdw_1_dis_1_occ_0006,Will the red sphere touch the yellow mat?,no,no,1
Roll,223,pilot_it2_rollingSliding_simple_collision_tdw_1_dis_1_occ_0007,Will the red pentagon touch the yellow mat?,no,no,1
Roll,224,pilot_it2_rollingSliding_simple_collision_tdw_1_dis_1_occ_0008,Will the red pentagon touch the yellow mat?,yes,yes,1
Roll,225,pilot_it2_rollingSliding_simple_collision_tdw_1_dis_1_occ_0009,Will the red dumbbell touch the yellow mat?,no,no,1
Roll,226,pilot_it2_rollingSliding_simple_collision_tdw_1_dis_1_occ_0010,Will the red pipe touch the yellow mat?,no,no,1
Roll,227,pilot_it2_rollingSliding_simple_collision_tdw_1_dis_1_occ_0011,Will the red cube touch the yellow mat?,no,no,1
Roll,228,pilot_it2_rollingSliding_simple_collision_tdw_1_dis_1_occ_0012,Will the red dumbbell touch the yellow mat?,yes,no,0
Roll,229,pilot_it2_rollingSliding_simple_collision_tdw_1_dis_1_occ_0013,Will the red cube touch the yellow mat?,yes,no,0
Roll,230,pilot_it2_rollingSliding_simple_collision_tdw_1_dis_1_occ_0014,Will the red pipe touch the yellow mat?,no,no,1
Roll,231,pilot_it2_rollingSliding_simple_collision_tdw_1_dis_1_occ_0015,Will the red pyramid touch the yellow mat?,no,yes,0
Roll,232,pilot_it2_rollingSliding_simple_collision_tdw_1_dis_1_occ_0016,Will the red pipe touch the yellow mat?,no,no,1
Roll,233,pilot_it2_rollingSliding_simple_collision_tdw_1_dis_1_occ_0017,Will the red sphere touch the yellow mat?,yes,yes,1
Roll,234,pilot_it2_rollingSliding_simple_collision_tdw_1_dis_1_occ_0018,Will the red cone touch the yellow mat?,no,yes,0
Roll,235,pilot_it2_rollingSliding_simple_collision_tdw_1_dis_1_occ_0019,Will the red cone touch the yellow mat?,no,no,1
Roll,236,pilot_it2_rollingSliding_simple_collision_tdw_1_dis_1_occ_0020,Will the red pyramid touch the yellow mat?,yes,yes,1
Roll,237,pilot_it2_rollingSliding_simple_collision_tdw_1_dis_1_occ_0021,Will the red pentagon touch the yellow mat?,yes,yes,1
Roll,238,pilot_it2_rollingSliding_simple_collision_tdw_1_dis_1_occ_0022,Will the red pipe touch the yellow mat?,no,no,1
Roll,239,pilot_it2_rollingSliding_simple_collision_tdw_1_dis_1_occ_0023,Will the red cylinder touch the yellow mat?,no,no,1
Roll,240,pilot_it2_rollingSliding_simple_collision_tdw_1_dis_1_occ_0024,Will the red pyramid touch the yellow mat?,yes,yes,1
Roll,241,pilot_it2_rollingSliding_simple_collision_tdw_1_dis_1_occ_0025,Will the red pipe touch the yellow mat?,yes,no,0
Roll,242,pilot_it2_rollingSliding_simple_collision_tdw_1_dis_1_occ_0026,Will the red pentagon touch the yellow mat?,no,no,1
Roll,243,pilot_it2_rollingSliding_simple_collision_tdw_1_dis_1_occ_0027,Will the red pyramid touch the yellow mat?,no,no,1
Roll,244,pilot_it2_rollingSliding_simple_collision_tdw_1_dis_1_occ_0028,Will the red dumbbell touch the yellow mat?,no,yes,0
Roll,245,pilot_it2_rollingSliding_simple_collision_tdw_1_dis_1_occ_0029,Will the red pyramid touch the yellow mat?,yes,yes,1
Roll,246,pilot_it2_rollingSliding_simple_collision_tdw_1_dis_1_occ_0030,Will the red pentagon touch the yellow mat?,no,no,1
Roll,247,pilot_it2_rollingSliding_simple_collision_tdw_1_dis_1_occ_0031,Will the red pipe touch the yellow mat?,yes,yes,1
Roll,248,pilot_it2_rollingSliding_simple_collision_tdw_1_dis_1_occ_0032,Will the red dumbbell touch the yellow mat?,yes,no,0
Roll,249,pilot_it2_rollingSliding_simple_collision_tdw_1_dis_1_occ_0033,Will the red pentagon touch the yellow mat?,no,no,1
Roll,250,pilot_it2_rollingSliding_simple_collision_tdw_1_dis_1_occ_0034,Will the red cube touch the yellow mat?,yes,yes,1
Roll,251,pilot_it2_rollingSliding_simple_collision_tdw_1_dis_1_occ_0035,Will the red pyramid touch the yellow mat?,no,yes,0
Roll,252,pilot_it2_rollingSliding_simple_collision_tdw_1_dis_1_occ_0036,Will the red cube touch the yellow mat?,no,no,1
Roll,253,pilot_it2_rollingSliding_simple_collision_tdw_1_dis_1_occ_0037,Will the red bowl touch the yellow mat?,no,yes,0
Roll,254,pilot_it2_rollingSliding_simple_collision_tdw_1_dis_1_occ_0038,Will the red dumbbell touch the yellow mat?,no,no,1
Roll,255,pilot_it2_rollingSliding_simple_collision_tdw_1_dis_1_occ_0039,Will the red bowl touch the yellow mat?,no,no,1
Roll,256,pilot_it2_rollingSliding_simple_collision_tdw_1_dis_1_occ_0040,Will the red bowl touch the yellow mat?,yes,yes,1
Roll,257,pilot_it2_rollingSliding_simple_collision_tdw_1_dis_1_occ_0041,Will the red cone touch the yellow mat?,no,yes,0
Roll,258,pilot_it2_rollingSliding_simple_collision_tdw_1_dis_1_occ_0042,Will the red sphere touch the yellow mat?,no,no,1
Roll,259,pilot_it2_rollingSliding_simple_collision_tdw_1_dis_1_occ_0043,Will the red pipe touch the yellow mat?,no,no,1
Roll,260,pilot_it2_rollingSliding_simple_collision_tdw_1_dis_1_occ_0044,Will the red bowl touch the yellow mat?,yes,yes,1
Roll,261,pilot_it2_rollingSliding_simple_collision_tdw_1_dis_1_occ_0045,Will the red pyramid touch the yellow mat?,no,yes,0
Roll,262,pilot_it2_rollingSliding_simple_collision_tdw_1_dis_1_occ_0046,Will the red cube touch the yellow mat?,no,no,1
Roll,263,pilot_it2_rollingSliding_simple_collision_tdw_1_dis_1_occ_0047,Will the red sphere touch the yellow mat?,yes,yes,1
Roll,264,pilot_it2_rollingSliding_simple_collision_tdw_1_dis_1_occ_0048,Will the red pipe touch the yellow mat?,no,no,1
Roll,265,pilot_it2_rollingSliding_simple_collision_tdw_1_dis_1_occ_0049,Will the red pentagon touch the yellow mat?,yes,yes,1
Roll,266,pilot_it2_rollingSliding_simple_collision_tdw_1_dis_1_occ_0050,Will the red pentagon touch the yellow mat?,yes,yes,1
Roll,267,pilot_it2_rollingSliding_simple_collision_tdw_1_dis_1_occ_0051,Will the red bowl touch the yellow mat?,no,yes,0
Roll,268,pilot_it2_rollingSliding_simple_collision_tdw_1_dis_1_occ_0052,Will the red pentagon touch the yellow mat?,yes,yes,1
Roll,269,pilot_it2_rollingSliding_simple_collision_tdw_1_dis_1_occ_0053,Will the red cube touch the yellow mat?,yes,yes,1
Roll,270,pilot_it2_rollingSliding_simple_collision_tdw_1_dis_1_occ_0054,Will the red pipe touch the yellow mat?,no,no,1
Roll,271,pilot_it2_rollingSliding_simple_collision_tdw_1_dis_1_occ_0055,Will the red bowl touch the yellow mat?,no,yes,0
Roll,272,pilot_it2_rollingSliding_simple_collision_tdw_1_dis_1_occ_0056,Will the red bowl touch the yellow mat?,yes,yes,1
Roll,273,pilot_it2_rollingSliding_simple_collision_tdw_1_dis_1_occ_0057,Will the red cylinder touch the yellow mat?,no,yes,0
Roll,274,pilot_it2_rollingSliding_simple_collision_tdw_1_dis_1_occ_0058,Will the red sphere touch the yellow mat?,yes,yes,1
Roll,275,pilot_it2_rollingSliding_simple_collision_tdw_1_dis_1_occ_0059,Will the red bowl touch the yellow mat?,yes,yes,1
Roll,276,pilot_it2_rollingSliding_simple_collision_tdw_1_dis_1_occ_0060,Will the red bowl touch the yellow mat?,yes,no,0
Roll,277,pilot_it2_rollingSliding_simple_collision_tdw_1_dis_1_occ_0061,Will the red pentagon touch the yellow mat?,no,no,1
Roll,278,pilot_it2_rollingSliding_simple_collision_tdw_1_dis_1_occ_0062,Will the red pipe touch the yellow mat?,yes,yes,1
Roll,279,pilot_it2_rollingSliding_simple_collision_tdw_1_dis_1_occ_0063,Will the red bowl touch the yellow mat?,no,yes,0
Roll,280,pilot_it2_rollingSliding_simple_collision_tdw_1_dis_1_occ_0064,Will the red cone touch the yellow mat?,no,yes,0
Roll,281,pilot_it2_rollingSliding_simple_collision_tdw_1_dis_1_occ_0065,Will the red pyramid touch the yellow mat?,no,no,1
Roll,282,pilot_it2_rollingSliding_simple_collision_tdw_1_dis_1_occ_0066,Will the red pipe touch the yellow mat?,yes,yes,1
Roll,283,pilot_it2_rollingSliding_simple_collision_tdw_1_dis_1_occ_0067,Will the red cone touch the yellow mat?,no,yes,0
Roll,284,pilot_it2_rollingSliding_simple_collision_tdw_1_dis_1_occ_0068,Will the red pyramid touch the yellow mat?,no,yes,0
Roll,285,pilot_it2_rollingSliding_simple_collision_tdw_1_dis_1_occ_0069,Will the red pentagon touch the yellow mat?,no,no,1
Roll,286,pilot_it2_rollingSliding_simple_collision_tdw_1_dis_1_occ_0070,Will the red pyramid touch the yellow mat?,no,no,1
Roll,287,pilot_it2_rollingSliding_simple_collision_tdw_1_dis_1_occ_0071,Will the red cone touch the yellow mat?,yes,yes,1
Roll,288,pilot_it2_rollingSliding_simple_collision_tdw_2_dis_2_occ_0000,Will the red pyramid touch the yellow mat?,no,no,1
Roll,289,pilot_it2_rollingSliding_simple_collision_tdw_2_dis_2_occ_0001,Will the red pentagon touch the yellow mat?,no,no,1
Roll,290,pilot_it2_rollingSliding_simple_collision_tdw_2_dis_2_occ_0002,Will the red pyramid touch the yellow mat?,no,no,1
Roll,291,pilot_it2_rollingSliding_simple_collision_tdw_2_dis_2_occ_0003,Will the red bowl touch the yellow mat?,yes,yes,1
Roll,292,pilot_it2_rollingSliding_simple_collision_tdw_2_dis_2_occ_0004,Will the red bowl touch the yellow mat?,yes,yes,1
Roll,293,pilot_it2_rollingSliding_simple_collision_tdw_2_dis_2_occ_0005,Will the red bowl touch the yellow mat?,yes,yes,1
Roll,294,pilot_it2_rollingSliding_simple_collision_tdw_2_dis_2_occ_0006,Will the red sphere touch the yellow mat?,no,no,1
Roll,295,pilot_it2_rollingSliding_simple_collision_tdw_2_dis_2_occ_0007,Will the red pentagon touch the yellow mat?,no,no,1
Roll,296,pilot_it2_rollingSliding_simple_collision_tdw_2_dis_2_occ_0008,Will the red pentagon touch the yellow mat?,yes,yes,1
Roll,297,pilot_it2_rollingSliding_simple_collision_tdw_2_dis_2_occ_0009,Will the red dumbbell touch the yellow mat?,no,no,1
Roll,298,pilot_it2_rollingSliding_simple_collision_tdw_2_dis_2_occ_0010,Will the red pipe touch the yellow mat?,no,yes,0
Roll,299,pilot_it2_rollingSliding_simple_collision_tdw_2_dis_2_occ_0011,Will the red cube touch the yellow mat?,no,no,1
Roll,300,pilot_it2_rollingSliding_simple_collision_tdw_2_dis_2_occ_0012,Will the red dumbbell touch the yellow mat?,yes,yes,1
Roll,301,pilot_it2_rollingSliding_simple_collision_tdw_2_dis_2_occ_0013,Will the red cube touch the yellow mat?,yes,yes,1
Roll,302,pilot_it2_rollingSliding_simple_collision_tdw_2_dis_2_occ_0014,Will the red pipe touch the yellow mat?,no,yes,0
Roll,303,pilot_it2_rollingSliding_simple_collision_tdw_2_dis_2_occ_0015,Will the red pyramid touch the yellow mat?,no,no,1
Roll,304,pilot_it2_rollingSliding_simple_collision_tdw_2_dis_2_occ_0016,Will the red pipe touch the yellow mat?,no,no,1
Roll,305,pilot_it2_rollingSliding_simple_collision_tdw_2_dis_2_occ_0017,Will the red sphere touch the yellow mat?,yes,yes,1
Roll,306,pilot_it2_rollingSliding_simple_collision_tdw_2_dis_2_occ_0018,Will the red cone touch the yellow mat?,no,yes,0
Roll,307,pilot_it2_rollingSliding_simple_collision_tdw_2_dis_2_occ_0019,Will the red cone touch the yellow mat?,no,yes,0
Roll,308,pilot_it2_rollingSliding_simple_collision_tdw_2_dis_2_occ_0020,Will the red pyramid touch the yellow mat?,yes,yes,1
Roll,309,pilot_it2_rollingSliding_simple_collision_tdw_2_dis_2_occ_0021,Will the red pentagon touch the yellow mat?,yes,yes,1
Roll,310,pilot_it2_rollingSliding_simple_collision_tdw_2_dis_2_occ_0022,Will the red pipe touch the yellow mat?,no,yes,0
Roll,311,pilot_it2_rollingSliding_simple_collision_tdw_2_dis_2_occ_0023,Will the red cylinder touch the yellow mat?,no,no,1
Roll,312,pilot_it2_rollingSliding_simple_collision_tdw_2_dis_2_occ_0024,Will the red pyramid touch the yellow mat?,yes,yes,1
Roll,313,pilot_it2_rollingSliding_simple_collision_tdw_2_dis_2_occ_0025,Will the red pipe touch the yellow mat?,yes,yes,1
Roll,314,pilot_it2_rollingSliding_simple_collision_tdw_2_dis_2_occ_0026,Will the red pentagon touch the yellow mat?,no,no,1
Roll,315,pilot_it2_rollingSliding_simple_collision_tdw_2_dis_2_occ_0027,Will the red pyramid touch the yellow mat?,no,no,1
Roll,316,pilot_it2_rollingSliding_simple_collision_tdw_2_dis_2_occ_0028,Will the red dumbbell touch the yellow mat?,no,no,1
Roll,317,pilot_it2_rollingSliding_simple_collision_tdw_2_dis_2_occ_0029,Will the red pyramid touch the yellow mat?,yes,no,0
Roll,318,pilot_it2_rollingSliding_simple_collision_tdw_2_dis_2_occ_0030,Will the red pentagon touch the yellow mat?,no,no,1
Roll,319,pilot_it2_rollingSliding_simple_collision_tdw_2_dis_2_occ_0031,Will the red pipe touch the yellow mat?,yes,yes,1
Roll,320,pilot_it2_rollingSliding_simple_collision_tdw_2_dis_2_occ_0032,Will the red dumbbell touch the yellow mat?,yes,no,0
Roll,321,pilot_it2_rollingSliding_simple_collision_tdw_2_dis_2_occ_0033,Will the red pentagon touch the yellow mat?,no,no,1
Roll,322,pilot_it2_rollingSliding_simple_collision_tdw_2_dis_2_occ_0034,Will the red cube touch the yellow mat?,yes,yes,1
Roll,323,pilot_it2_rollingSliding_simple_collision_tdw_2_dis_2_occ_0035,Will the red pyramid touch the yellow mat?,no,no,1
Roll,324,pilot_it2_rollingSliding_simple_collision_tdw_2_dis_2_occ_0036,Will the red cube touch the yellow mat?,no,no,1
Roll,325,pilot_it2_rollingSliding_simple_collision_tdw_2_dis_2_occ_0037,Will the red bowl touch the yellow mat?,no,yes,0
Roll,326,pilot_it2_rollingSliding_simple_collision_tdw_2_dis_2_occ_0038,Will the red dumbbell touch the yellow mat?,no,no,1
Roll,327,pilot_it2_rollingSliding_simple_collision_tdw_2_dis_2_occ_0039,Will the red bowl touch the yellow mat?,no,no,1
Roll,328,pilot_it2_rollingSliding_simple_collision_tdw_2_dis_2_occ_0040,Will the red bowl touch the yellow mat?,yes,yes,1
Roll,329,pilot_it2_rollingSliding_simple_collision_tdw_2_dis_2_occ_0041,Will the red cone touch the yellow mat?,no,yes,0
Roll,330,pilot_it2_rollingSliding_simple_collision_tdw_2_dis_2_occ_0042,Will the red sphere touch the yellow mat?,no,yes,0
Roll,331,pilot_it2_rollingSliding_simple_collision_tdw_2_dis_2_occ_0043,Will the red pipe touch the yellow mat?,no,yes,0
Roll,332,pilot_it2_rollingSliding_simple_collision_tdw_2_dis_2_occ_0044,Will the red bowl touch the yellow mat?,yes,yes,1
Roll,333,pilot_it2_rollingSliding_simple_collision_tdw_2_dis_2_occ_0045,Will the red pyramid touch the yellow mat?,no,yes,0
Roll,334,pilot_it2_rollingSliding_simple_collision_tdw_2_dis_2_occ_0046,Will the red cube touch the yellow mat?,no,no,1
Roll,335,pilot_it2_rollingSliding_simple_collision_tdw_2_dis_2_occ_0047,Will the red sphere touch the yellow mat?,yes,yes,1
Roll,336,pilot_it2_rollingSliding_simple_collision_tdw_2_dis_2_occ_0048,Will the red pipe touch the yellow mat?,no,no,1
Roll,337,pilot_it2_rollingSliding_simple_collision_tdw_2_dis_2_occ_0049,Will the red pentagon touch the yellow mat?,yes,yes,1
Roll,338,pilot_it2_rollingSliding_simple_collision_tdw_2_dis_2_occ_0050,Will the red pentagon touch the yellow mat?,yes,yes,1
Roll,339,pilot_it2_rollingSliding_simple_collision_tdw_2_dis_2_occ_0051,Will the red bowl touch the yellow mat?,yes,yes,1
Roll,340,pilot_it2_rollingSliding_simple_collision_tdw_2_dis_2_occ_0052,Will the red pentagon touch the yellow mat?,yes,yes,1
Roll,341,pilot_it2_rollingSliding_simple_collision_tdw_2_dis_2_occ_0053,Will the red cube touch the yellow mat?,yes,yes,1
Roll,342,pilot_it2_rollingSliding_simple_collision_tdw_2_dis_2_occ_0054,Will the red pipe touch the yellow mat?,no,yes,0
Roll,343,pilot_it2_rollingSliding_simple_collision_tdw_2_dis_2_occ_0055,Will the red bowl touch the yellow mat?,no,yes,0
Roll,344,pilot_it2_rollingSliding_simple_collision_tdw_2_dis_2_occ_0056,Will the red bowl touch the yellow mat?,yes,yes,1
Roll,345,pilot_it2_rollingSliding_simple_collision_tdw_2_dis_2_occ_0057,Will the red cylinder touch the yellow mat?,no,no,1
Roll,346,pilot_it2_rollingSliding_simple_collision_tdw_2_dis_2_occ_0058,Will the red sphere touch the yellow mat?,yes,yes,1
Roll,347,pilot_it2_rollingSliding_simple_collision_tdw_2_dis_2_occ_0059,Will the red bowl touch the yellow mat?,yes,yes,1
Roll,348,pilot_it2_rollingSliding_simple_collision_tdw_2_dis_2_occ_0060,Will the red bowl touch the yellow mat?,yes,no,0
Roll,349,pilot_it2_rollingSliding_simple_collision_tdw_2_dis_2_occ_0061,Will the red pentagon touch the yellow mat?,no,no,1
Roll,350,pilot_it2_rollingSliding_simple_collision_tdw_2_dis_2_occ_0062,Will the red pipe touch the yellow mat?,yes,yes,1
Roll,351,pilot_it2_rollingSliding_simple_collision_tdw_2_dis_2_occ_0063,Will the red bowl touch the yellow mat?,no,yes,0
Roll,352,pilot_it2_rollingSliding_simple_collision_tdw_2_dis_2_occ_0064,Will the red cone touch the yellow mat?,no,no,1
Roll,353,pilot_it2_rollingSliding_simple_collision_tdw_2_dis_2_occ_0065,Will the red pyramid touch the yellow mat?,no,no,1
Roll,354,pilot_it2_rollingSliding_simple_collision_tdw_2_dis_2_occ_0066,Will the red pipe touch the yellow mat?,yes,yes,1
Roll,355,pilot_it2_rollingSliding_simple_collision_tdw_2_dis_2_occ_0067,Will the red cone touch the yellow mat?,no,yes,0
Roll,356,pilot_it2_rollingSliding_simple_collision_tdw_2_dis_2_occ_0068,Will the red pyramid touch the yellow mat?,no,yes,0
Roll,357,pilot_it2_rollingSliding_simple_collision_tdw_2_dis_2_occ_0069,Will the red pentagon touch the yellow mat?,no,no,1
Roll,358,pilot_it2_rollingSliding_simple_collision_tdw_2_dis_2_occ_0070,Will the red pyramid touch the yellow mat?,no,yes,0
Roll,359,pilot_it2_rollingSliding_simple_collision_tdw_2_dis_2_occ_0071,Will the red cone touch the yellow mat?,yes,yes,1
Roll,360,pilot_it2_rollingSliding_simple_ledge_box_0000,Will the red sphere touch the yellow mat?,yes,yes,1
Roll,361,pilot_it2_rollingSliding_simple_ledge_box_0001,Will the red pipe touch the yellow mat?,yes,yes,1
Roll,362,pilot_it2_rollingSliding_simple_ledge_box_0002,Will the red sphere touch the yellow mat?,yes,yes,1
Roll,363,pilot_it2_rollingSliding_simple_ledge_box_0003,Will the red cube touch the yellow mat?,no,yes,0
Roll,364,pilot_it2_rollingSliding_simple_ledge_box_0004,Will the red cube touch the yellow mat?,yes,yes,1
Roll,365,pilot_it2_rollingSliding_simple_ledge_box_0005,Will the red cube touch the yellow mat?,yes,yes,1
Roll,366,pilot_it2_rollingSliding_simple_ledge_box_0006,Will the red pipe touch the yellow mat?,yes,yes,1
Roll,367,pilot_it2_rollingSliding_simple_ledge_box_0007,Will the red pipe touch the yellow mat?,yes,yes,1
Roll,368,pilot_it2_rollingSliding_simple_ledge_box_0008,Will the red pipe touch the yellow mat?,yes,yes,1
Roll,369,pilot_it2_rollingSliding_simple_ledge_box_0009,Will the red pipe touch the yellow mat?,no,yes,0
Roll,370,pilot_it2_rollingSliding_simple_ledge_box_0010,Will the red sphere touch the yellow mat?,yes,yes,1
Roll,371,pilot_it2_rollingSliding_simple_ledge_box_0011,Will the red pentagon touch the yellow mat?,yes,yes,1
Roll,372,pilot_it2_rollingSliding_simple_ledge_box_0012,Will the red pipe touch the yellow mat?,no,no,1
Roll,373,pilot_it2_rollingSliding_simple_ledge_box_0013,Will the red pentagon touch the yellow mat?,yes,yes,1
Roll,374,pilot_it2_rollingSliding_simple_ledge_box_0014,Will the red sphere touch the yellow mat?,yes,yes,1
Roll,375,pilot_it2_rollingSliding_simple_ledge_box_0015,Will the red sphere touch the yellow mat?,yes,yes,1
Roll,376,pilot_it2_rollingSliding_simple_ledge_box_0016,Will the red sphere touch the yellow mat?,yes,yes,1
Roll,377,pilot_it2_rollingSliding_simple_ledge_box_0017,Will the red cube touch the yellow mat?,no,yes,0
Roll,378,pilot_it2_rollingSliding_simple_ledge_box_0018,Will the red cube touch the yellow mat?,yes,yes,1
Roll,379,pilot_it2_rollingSliding_simple_ledge_box_0019,Will the red cube touch the yellow mat?,yes,yes,1
Roll,380,pilot_it2_rollingSliding_simple_ledge_box_0020,Will the red sphere touch the yellow mat?,yes,yes,1
Roll,381,pilot_it2_rollingSliding_simple_ledge_box_0021,Will the red pipe touch the yellow mat?,no,yes,0
Roll,382,pilot_it2_rollingSliding_simple_ledge_box_0022,Will the red sphere touch the yellow mat?,yes,yes,1
Roll,383,pilot_it2_rollingSliding_simple_ledge_box_0023,Will the red pentagon touch the yellow mat?,yes,yes,1
Roll,384,pilot_it2_rollingSliding_simple_ledge_box_0024,Will the red sphere touch the yellow mat?,yes,yes,1
Roll,385,pilot_it2_rollingSliding_simple_ledge_box_0025,Will the red sphere touch the yellow mat?,yes,yes,1
Roll,386,pilot_it2_rollingSliding_simple_ledge_box_0026,Will the red pipe touch the yellow mat?,yes,yes,1
Roll,387,pilot_it2_rollingSliding_simple_ledge_box_0027,Will the red sphere touch the yellow mat?,yes,yes,1
Roll,388,pilot_it2_rollingSliding_simple_ledge_box_0028,Will the red pipe touch the yellow mat?,no,yes,0
Roll,389,pilot_it2_rollingSliding_simple_ledge_box_0029,Will the red sphere touch the yellow mat?,yes,yes,1
Roll,390,pilot_it2_rollingSliding_simple_ledge_box_0030,Will the red pipe touch the yellow mat?,no,yes,0
Roll,391,pilot_it2_rollingSliding_simple_ledge_box_0031,Will the red sphere touch the yellow mat?,yes,yes,1
Roll,392,pilot_it2_rollingSliding_simple_ledge_box_0032,Will the red pipe touch the yellow mat?,no,yes,0
Roll,393,pilot_it2_rollingSliding_simple_ledge_box_0033,Will the red pipe touch the yellow mat?,yes,yes,1
Roll,394,pilot_it2_rollingSliding_simple_ledge_box_0034,Will the red pentagon touch the yellow mat?,no,no,1
Roll,395,pilot_it2_rollingSliding_simple_ledge_box_0035,Will the red sphere touch the yellow mat?,yes,yes,1
Roll,396,pilot_it2_rollingSliding_simple_ledge_box_0036,Will the red pentagon touch the yellow mat?,yes,yes,1
Roll,397,pilot_it2_rollingSliding_simple_ledge_box_0037,Will the red cube touch the yellow mat?,yes,yes,1
Roll,398,pilot_it2_rollingSliding_simple_ledge_box_0038,Will the red pipe touch the yellow mat?,no,no,1
Roll,399,pilot_it2_rollingSliding_simple_ledge_box_0039,Will the red cube touch the yellow mat?,yes,yes,1
Roll,400,pilot_it2_rollingSliding_simple_ledge_box_0040,Will the red cube touch the yellow mat?,yes,yes,1
Roll,401,pilot_it2_rollingSliding_simple_ledge_box_0041,Will the red cube touch the yellow mat?,yes,yes,1
Roll,402,pilot_it2_rollingSliding_simple_ledge_box_0042,Will the red sphere touch the yellow mat?,yes,yes,1
Roll,403,pilot_it2_rollingSliding_simple_ledge_box_0043,Will the red sphere touch the yellow mat?,yes,yes,1
Roll,404,pilot_it2_rollingSliding_simple_ledge_box_0044,Will the red cube touch the yellow mat?,no,yes,0
Roll,405,pilot_it2_rollingSliding_simple_ledge_box_0045,Will the red sphere touch the yellow mat?,yes,yes,1
Roll,406,pilot_it2_rollingSliding_simple_ledge_box_0046,Will the red pentagon touch the yellow mat?,yes,yes,1
Roll,407,pilot_it2_rollingSliding_simple_ledge_box_0047,Will the red cube touch the yellow mat?,no,yes,0
Roll,408,pilot_it2_rollingSliding_simple_ledge_box_0048,Will the red sphere touch the yellow mat?,yes,yes,1
Roll,409,pilot_it2_rollingSliding_simple_ledge_box_0049,Will the red pipe touch the yellow mat?,no,no,1
Roll,410,pilot_it2_rollingSliding_simple_ledge_box_0050,Will the red pipe touch the yellow mat?,yes,yes,1
Roll,411,pilot_it2_rollingSliding_simple_ledge_box_0051,Will the red cube touch the yellow mat?,yes,yes,1
Roll,412,pilot_it2_rollingSliding_simple_ledge_box_0052,Will the red pipe touch the yellow mat?,yes,yes,1
Roll,413,pilot_it2_rollingSliding_simple_ledge_box_0053,Will the red pentagon touch the yellow mat?,yes,yes,1
Roll,414,pilot_it2_rollingSliding_simple_ledge_box_0054,Will the red sphere touch the yellow mat?,yes,yes,1
Roll,415,pilot_it2_rollingSliding_simple_ledge_box_0055,Will the red cube touch the yellow mat?,yes,yes,1
Roll,416,pilot_it2_rollingSliding_simple_ledge_box_0056,Will the red cube touch the yellow mat?,yes,yes,1
Roll,417,pilot_it2_rollingSliding_simple_ledge_box_0057,Will the red pentagon touch the yellow mat?,yes,no,0
Roll,418,pilot_it2_rollingSliding_simple_ledge_box_0058,Will the red pipe touch the yellow mat?,yes,yes,1
Roll,419,pilot_it2_rollingSliding_simple_ledge_box_0059,Will the red cube touch the yellow mat?,yes,yes,1
Roll,420,pilot_it2_rollingSliding_simple_ledge_box_0060,Will the red cube touch the yellow mat?,yes,yes,1
Roll,421,pilot_it2_rollingSliding_simple_ledge_box_0061,Will the red pipe touch the yellow mat?,yes,yes,1
Roll,422,pilot_it2_rollingSliding_simple_ledge_box_0062,Will the red sphere touch the yellow mat?,yes,yes,1
Roll,423,pilot_it2_rollingSliding_simple_ledge_box_0063,Will the red cube touch the yellow mat?,yes,yes,1
Roll,424,pilot_it2_rollingSliding_simple_ledge_box_0064,Will the red cube touch the yellow mat?,yes,yes,1
Roll,425,pilot_it2_rollingSliding_simple_ledge_box_0065,Will the red sphere touch the yellow mat?,yes,yes,1
Roll,426,pilot_it2_rollingSliding_simple_ledge_box_0066,Will the red sphere touch the yellow mat?,yes,yes,1
Roll,427,pilot_it2_rollingSliding_simple_ledge_box_0067,Will the red cube touch the yellow mat?,no,no,1
Roll,428,pilot_it2_rollingSliding_simple_ledge_box_0068,Will the red sphere touch the yellow mat?,yes,yes,1
Roll,429,pilot_it2_rollingSliding_simple_ledge_box_0069,Will the red pipe touch the yellow mat?,no,yes,0
Roll,430,pilot_it2_rollingSliding_simple_ledge_box_0070,Will the red sphere touch the yellow mat?,yes,yes,1
Roll,431,pilot_it2_rollingSliding_simple_ledge_box_1_dis_1_occ_0000,Will the red sphere touch the yellow mat?,yes,yes,1
Roll,432,pilot_it2_rollingSliding_simple_ledge_box_1_dis_1_occ_0001,Will the red pipe touch the yellow mat?,yes,yes,1
Roll,433,pilot_it2_rollingSliding_simple_ledge_box_1_dis_1_occ_0002,Will the red sphere touch the yellow mat?,yes,yes,1
Roll,434,pilot_it2_rollingSliding_simple_ledge_box_1_dis_1_occ_0003,Will the red cube touch the yellow mat?,no,no,1
Roll,435,pilot_it2_rollingSliding_simple_ledge_box_1_dis_1_occ_0004,Will the red cube touch the yellow mat?,yes,no,0
Roll,436,pilot_it2_rollingSliding_simple_ledge_box_1_dis_1_occ_0005,Will the red cube touch the yellow mat?,yes,yes,1
Roll,437,pilot_it2_rollingSliding_simple_ledge_box_1_dis_1_occ_0006,Will the red pipe touch the yellow mat?,yes,yes,1
Roll,438,pilot_it2_rollingSliding_simple_ledge_box_1_dis_1_occ_0007,Will the red pipe touch the yellow mat?,yes,yes,1
Roll,439,pilot_it2_rollingSliding_simple_ledge_box_1_dis_1_occ_0008,Will the red pipe touch the yellow mat?,yes,yes,1
Roll,440,pilot_it2_rollingSliding_simple_ledge_box_1_dis_1_occ_0009,Will the red pipe touch the yellow mat?,no,no,1
Roll,441,pilot_it2_rollingSliding_simple_ledge_box_1_dis_1_occ_0010,Will the red sphere touch the yellow mat?,yes,yes,1
Roll,442,pilot_it2_rollingSliding_simple_ledge_box_1_dis_1_occ_0011,Will the red pentagon touch the yellow mat?,yes,yes,1
Roll,443,pilot_it2_rollingSliding_simple_ledge_box_1_dis_1_occ_0012,Will the red pipe touch the yellow mat?,no,yes,0
Roll,444,pilot_it2_rollingSliding_simple_ledge_box_1_dis_1_occ_0013,Will the red pentagon touch the yellow mat?,yes,no,0
Roll,445,pilot_it2_rollingSliding_simple_ledge_box_1_dis_1_occ_0014,Will the red sphere touch the yellow mat?,yes,yes,1
Roll,446,pilot_it2_rollingSliding_simple_ledge_box_1_dis_1_occ_0015,Will the red sphere touch the yellow mat?,yes,yes,1
Roll,447,pilot_it2_rollingSliding_simple_ledge_box_1_dis_1_occ_0016,Will the red sphere touch the yellow mat?,yes,yes,1
Roll,448,pilot_it2_rollingSliding_simple_ledge_box_1_dis_1_occ_0017,Will the red cube touch the yellow mat?,no,no,1
Roll,449,pilot_it2_rollingSliding_simple_ledge_box_1_dis_1_occ_0018,Will the red cube touch the yellow mat?,yes,yes,1
Roll,450,pilot_it2_rollingSliding_simple_ledge_box_1_dis_1_occ_0019,Will the red cube touch the yellow mat?,yes,yes,1
Roll,451,pilot_it2_rollingSliding_simple_ledge_box_1_dis_1_occ_0020,Will the red sphere touch the yellow mat?,yes,yes,1
Roll,452,pilot_it2_rollingSliding_simple_ledge_box_1_dis_1_occ_0021,Will the red pipe touch the yellow mat?,no,yes,0
Roll,453,pilot_it2_rollingSliding_simple_ledge_box_1_dis_1_occ_0022,Will the red sphere touch the yellow mat?,yes,yes,1
Roll,454,pilot_it2_rollingSliding_simple_ledge_box_1_dis_1_occ_0023,Will the red pentagon touch the yellow mat?,yes,no,0
Roll,455,pilot_it2_rollingSliding_simple_ledge_box_1_dis_1_occ_0024,Will the red sphere touch the yellow mat?,yes,yes,1
Roll,456,pilot_it2_rollingSliding_simple_ledge_box_1_dis_1_occ_0025,Will the red sphere touch the yellow mat?,yes,yes,1
Roll,457,pilot_it2_rollingSliding_simple_ledge_box_1_dis_1_occ_0026,Will the red pipe touch the yellow mat?,yes,yes,1
Roll,458,pilot_it2_rollingSliding_simple_ledge_box_1_dis_1_occ_0027,Will the red sphere touch the yellow mat?,yes,yes,1
Roll,459,pilot_it2_rollingSliding_simple_ledge_box_1_dis_1_occ_0028,Will the red pipe touch the yellow mat?,no,yes,0
Roll,460,pilot_it2_rollingSliding_simple_ledge_box_1_dis_1_occ_0029,Will the red sphere touch the yellow mat?,yes,yes,1
Roll,461,pilot_it2_rollingSliding_simple_ledge_box_1_dis_1_occ_0030,Will the red pipe touch the yellow mat?,no,no,1
Roll,462,pilot_it2_rollingSliding_simple_ledge_box_1_dis_1_occ_0031,Will the red sphere touch the yellow mat?,yes,yes,1
Roll,463,pilot_it2_rollingSliding_simple_ledge_box_1_dis_1_occ_0032,Will the red pipe touch the yellow mat?,no,yes,0
Roll,464,pilot_it2_rollingSliding_simple_ledge_box_1_dis_1_occ_0033,Will the red pipe touch the yellow mat?,yes,yes,1
Roll,465,pilot_it2_rollingSliding_simple_ledge_box_1_dis_1_occ_0034,Will the red pentagon touch the yellow mat?,no,no,1
Roll,466,pilot_it2_rollingSliding_simple_ledge_box_1_dis_1_occ_0035,Will the red sphere touch the yellow mat?,yes,yes,1
Roll,467,pilot_it2_rollingSliding_simple_ledge_box_1_dis_1_occ_0036,Will the red pentagon touch the yellow mat?,yes,yes,1
Roll,468,pilot_it2_rollingSliding_simple_ledge_box_1_dis_1_occ_0037,Will the red cube touch the yellow mat?,yes,yes,1
Roll,469,pilot_it2_rollingSliding_simple_ledge_box_1_dis_1_occ_0038,Will the red pipe touch the yellow mat?,no,no,1
Roll,470,pilot_it2_rollingSliding_simple_ledge_box_1_dis_1_occ_0039,Will the red cube touch the yellow mat?,yes,yes,1
Roll,471,pilot_it2_rollingSliding_simple_ledge_box_1_dis_1_occ_0040,Will the red cube touch the yellow mat?,yes,yes,1
Roll,472,pilot_it2_rollingSliding_simple_ledge_box_1_dis_1_occ_0041,Will the red cube touch the yellow mat?,yes,yes,1
Roll,473,pilot_it2_rollingSliding_simple_ledge_box_1_dis_1_occ_0042,Will the red sphere touch the yellow mat?,yes,yes,1
Roll,474,pilot_it2_rollingSliding_simple_ledge_box_1_dis_1_occ_0043,Will the red sphere touch the yellow mat?,yes,yes,1
Roll,475,pilot_it2_rollingSliding_simple_ledge_box_1_dis_1_occ_0044,Will the red cube touch the yellow mat?,no,yes,0
Roll,476,pilot_it2_rollingSliding_simple_ledge_box_1_dis_1_occ_0045,Will the red sphere touch the yellow mat?,yes,yes,1
Roll,477,pilot_it2_rollingSliding_simple_ledge_box_1_dis_1_occ_0046,Will the red pentagon touch the yellow mat?,yes,yes,1
Roll,478,pilot_it2_rollingSliding_simple_ledge_box_1_dis_1_occ_0047,Will the red cube touch the yellow mat?,no,yes,0
Roll,479,pilot_it2_rollingSliding_simple_ledge_box_1_dis_1_occ_0048,Will the red sphere touch the yellow mat?,yes,yes,1
Roll,480,pilot_it2_rollingSliding_simple_ledge_box_1_dis_1_occ_0049,Will the red pipe touch the yellow mat?,no,no,1
Roll,481,pilot_it2_rollingSliding_simple_ledge_box_1_dis_1_occ_0050,Will the red pipe touch the yellow mat?,no,no,1
Roll,482,pilot_it2_rollingSliding_simple_ledge_box_1_dis_1_occ_0051,Will the red cube touch the yellow mat?,yes,yes,1
Roll,483,pilot_it2_rollingSliding_simple_ledge_box_1_dis_1_occ_0052,Will the red pipe touch the yellow mat?,yes,yes,1
Roll,484,pilot_it2_rollingSliding_simple_ledge_box_1_dis_1_occ_0053,Will the red pentagon touch the yellow mat?,yes,yes,1
Roll,485,pilot_it2_rollingSliding_simple_ledge_box_1_dis_1_occ_0054,Will the red sphere touch the yellow mat?,yes,yes,1
Roll,486,pilot_it2_rollingSliding_simple_ledge_box_1_dis_1_occ_0055,Will the red cube touch the yellow mat?,yes,yes,1
Roll,487,pilot_it2_rollingSliding_simple_ledge_box_1_dis_1_occ_0056,Will the red cube touch the yellow mat?,yes,yes,1
Roll,488,pilot_it2_rollingSliding_simple_ledge_box_1_dis_1_occ_0057,Will the red pentagon touch the yellow mat?,yes,no,0
Roll,489,pilot_it2_rollingSliding_simple_ledge_box_1_dis_1_occ_0058,Will the red pipe touch the yellow mat?,yes,yes,1
Roll,490,pilot_it2_rollingSliding_simple_ledge_box_1_dis_1_occ_0059,Will the red cube touch the yellow mat?,yes,no,0
Roll,491,pilot_it2_rollingSliding_simple_ledge_box_1_dis_1_occ_0060,Will the red cube touch the yellow mat?,yes,yes,1
Roll,492,pilot_it2_rollingSliding_simple_ledge_box_1_dis_1_occ_0061,Will the red pipe touch the yellow mat?,yes,yes,1
Roll,493,pilot_it2_rollingSliding_simple_ledge_box_1_dis_1_occ_0062,Will the red sphere touch the yellow mat?,yes,yes,1
Roll,494,pilot_it2_rollingSliding_simple_ledge_box_1_dis_1_occ_0063,Will the red cube touch the yellow mat?,yes,yes,1
Roll,495,pilot_it2_rollingSliding_simple_ledge_box_1_dis_1_occ_0064,Will the red cube touch the yellow mat?,yes,yes,1
Roll,496,pilot_it2_rollingSliding_simple_ledge_box_1_dis_1_occ_0065,Will the red sphere touch the yellow mat?,yes,yes,1
Roll,497,pilot_it2_rollingSliding_simple_ledge_box_1_dis_1_occ_0066,Will the red sphere touch the yellow mat?,yes,yes,1
Roll,498,pilot_it2_rollingSliding_simple_ledge_box_1_dis_1_occ_0067,Will the red cube touch the yellow mat?,no,yes,0
Roll,499,pilot_it2_rollingSliding_simple_ledge_box_1_dis_1_occ_0068,Will the red sphere touch the yellow mat?,yes,yes,1
Roll,500,pilot_it2_rollingSliding_simple_ledge_box_1_dis_1_occ_0069,Will the red pipe touch the yellow mat?,no,no,1
Roll,501,pilot_it2_rollingSliding_simple_ledge_box_1_dis_1_occ_0070,Will the red sphere touch the yellow mat?,yes,yes,1
Roll,502,pilot_it2_rollingSliding_simple_ledge_box_2_dis_2_occ_0000,Will the red sphere touch the yellow mat?,yes,yes,1
Roll,503,pilot_it2_rollingSliding_simple_ledge_box_2_dis_2_occ_0001,Will the red pipe touch the yellow mat?,yes,yes,1
Roll,504,pilot_it2_rollingSliding_simple_ledge_box_2_dis_2_occ_0002,Will the red sphere touch the yellow mat?,yes,yes,1
Roll,505,pilot_it2_rollingSliding_simple_ledge_box_2_dis_2_occ_0003,Will the red cube touch the yellow mat?,no,yes,0
Roll,506,pilot_it2_rollingSliding_simple_ledge_box_2_dis_2_occ_0004,Will the red cube touch the yellow mat?,yes,yes,1
Roll,507,pilot_it2_rollingSliding_simple_ledge_box_2_dis_2_occ_0005,Will the red cube touch the yellow mat?,yes,yes,1
Roll,508,pilot_it2_rollingSliding_simple_ledge_box_2_dis_2_occ_0006,Will the red pipe touch the yellow mat?,yes,yes,1
Roll,509,pilot_it2_rollingSliding_simple_ledge_box_2_dis_2_occ_0007,Will the red pipe touch the yellow mat?,yes,yes,1
Roll,510,pilot_it2_rollingSliding_simple_ledge_box_2_dis_2_occ_0008,Will the red pipe touch the yellow mat?,yes,yes,1
Roll,511,pilot_it2_rollingSliding_simple_ledge_box_2_dis_2_occ_0009,Will the red pipe touch the yellow mat?,no,yes,0
Roll,512,pilot_it2_rollingSliding_simple_ledge_box_2_dis_2_occ_0010,Will the red sphere touch the yellow mat?,yes,yes,1
Roll,513,pilot_it2_rollingSliding_simple_ledge_box_2_dis_2_occ_0011,Will the red pentagon touch the yellow mat?,yes,yes,1
Roll,514,pilot_it2_rollingSliding_simple_ledge_box_2_dis_2_occ_0012,Will the red pipe touch the yellow mat?,no,no,1
Roll,515,pilot_it2_rollingSliding_simple_ledge_box_2_dis_2_occ_0013,Will the red pentagon touch the yellow mat?,yes,yes,1
Roll,516,pilot_it2_rollingSliding_simple_ledge_box_2_dis_2_occ_0014,Will the red sphere touch the yellow mat?,yes,yes,1
Roll,517,pilot_it2_rollingSliding_simple_ledge_box_2_dis_2_occ_0015,Will the red sphere touch the yellow mat?,yes,yes,1
Roll,518,pilot_it2_rollingSliding_simple_ledge_box_2_dis_2_occ_0016,Will the red sphere touch the yellow mat?,yes,yes,1
Roll,519,pilot_it2_rollingSliding_simple_ledge_box_2_dis_2_occ_0017,Will the red cube touch the yellow mat?,no,yes,0
Roll,520,pilot_it2_rollingSliding_simple_ledge_box_2_dis_2_occ_0018,Will the red cube touch the yellow mat?,yes,yes,1
Roll,521,pilot_it2_rollingSliding_simple_ledge_box_2_dis_2_occ_0019,Will the red cube touch the yellow mat?,yes,yes,1
Roll,522,pilot_it2_rollingSliding_simple_ledge_box_2_dis_2_occ_0020,Will the red sphere touch the yellow mat?,yes,yes,1
Roll,523,pilot_it2_rollingSliding_simple_ledge_box_2_dis_2_occ_0021,Will the red pipe touch the yellow mat?,no,yes,0
Roll,524,pilot_it2_rollingSliding_simple_ledge_box_2_dis_2_occ_0022,Will the red sphere touch the yellow mat?,yes,yes,1
Roll,525,pilot_it2_rollingSliding_simple_ledge_box_2_dis_2_occ_0023,Will the red pentagon touch the yellow mat?,yes,yes,1
Roll,526,pilot_it2_rollingSliding_simple_ledge_box_2_dis_2_occ_0024,Will the red sphere touch the yellow mat?,yes,yes,1
Roll,527,pilot_it2_rollingSliding_simple_ledge_box_2_dis_2_occ_0025,Will the red sphere touch the yellow mat?,yes,yes,1
Roll,528,pilot_it2_rollingSliding_simple_ledge_box_2_dis_2_occ_0026,Will the red pipe touch the yellow mat?,yes,yes,1
Roll,529,pilot_it2_rollingSliding_simple_ledge_box_2_dis_2_occ_0027,Will the red sphere touch the yellow mat?,yes,yes,1
Roll,530,pilot_it2_rollingSliding_simple_ledge_box_2_dis_2_occ_0028,Will the red pipe touch the yellow mat?,no,yes,0
Roll,531,pilot_it2_rollingSliding_simple_ledge_box_2_dis_2_occ_0029,Will the red sphere touch the yellow mat?,yes,yes,1
Roll,532,pilot_it2_rollingSliding_simple_ledge_box_2_dis_2_occ_0030,Will the red pipe touch the yellow mat?,no,yes,0
Roll,533,pilot_it2_rollingSliding_simple_ledge_box_2_dis_2_occ_0031,Will the red sphere touch the yellow mat?,yes,yes,1
Roll,534,pilot_it2_rollingSliding_simple_ledge_box_2_dis_2_occ_0032,Will the red pipe touch the yellow mat?,no,yes,0
Roll,535,pilot_it2_rollingSliding_simple_ledge_box_2_dis_2_occ_0033,Will the red pipe touch the yellow mat?,yes,yes,1
Roll,536,pilot_it2_rollingSliding_simple_ledge_box_2_dis_2_occ_0034,Will the red pentagon touch the yellow mat?,no,yes,0
Roll,537,pilot_it2_rollingSliding_simple_ledge_box_2_dis_2_occ_0035,Will the red sphere touch the yellow mat?,yes,yes,1
Roll,538,pilot_it2_rollingSliding_simple_ledge_box_2_dis_2_occ_0036,Will the red pentagon touch the yellow mat?,yes,yes,1
Roll,539,pilot_it2_rollingSliding_simple_ledge_box_2_dis_2_occ_0037,Will the red cube touch the yellow mat?,yes,yes,1
Roll,540,pilot_it2_rollingSliding_simple_ledge_box_2_dis_2_occ_0038,Will the red pipe touch the yellow mat?,no,no,1
Roll,541,pilot_it2_rollingSliding_simple_ledge_box_2_dis_2_occ_0039,Will the red cube touch the yellow mat?,yes,yes,1
Roll,542,pilot_it2_rollingSliding_simple_ledge_box_2_dis_2_occ_0040,Will the red cube touch the yellow mat?,yes,yes,1
Roll,543,pilot_it2_rollingSliding_simple_ledge_box_2_dis_2_occ_0041,Will the red cube touch the yellow mat?,yes,yes,1
Roll,544,pilot_it2_rollingSliding_simple_ledge_box_2_dis_2_occ_0042,Will the red sphere touch the yellow mat?,yes,yes,1
Roll,545,pilot_it2_rollingSliding_simple_ledge_box_2_dis_2_occ_0043,Will the red sphere touch the yellow mat?,yes,yes,1
Roll,546,pilot_it2_rollingSliding_simple_ledge_box_2_dis_2_occ_0044,Will the red cube touch the yellow mat?,no,yes,0
Roll,547,pilot_it2_rollingSliding_simple_ledge_box_2_dis_2_occ_0045,Will the red sphere touch the yellow mat?,yes,yes,1
Roll,548,pilot_it2_rollingSliding_simple_ledge_box_2_dis_2_occ_0046,Will the red pentagon touch the yellow mat?,yes,yes,1
Roll,549,pilot_it2_rollingSliding_simple_ledge_box_2_dis_2_occ_0047,Will the red cube touch the yellow mat?,no,yes,0
Roll,550,pilot_it2_rollingSliding_simple_ledge_box_2_dis_2_occ_0048,Will the red sphere touch the yellow mat?,yes,yes,1
Roll,551,pilot_it2_rollingSliding_simple_ledge_box_2_dis_2_occ_0049,Will the red pipe touch the yellow mat?,no,no,1
Roll,552,pilot_it2_rollingSliding_simple_ledge_box_2_dis_2_occ_0050,Will the red pipe touch the yellow mat?,no,yes,0
Roll,553,pilot_it2_rollingSliding_simple_ledge_box_2_dis_2_occ_0051,Will the red cube touch the yellow mat?,yes,yes,1
Roll,554,pilot_it2_rollingSliding_simple_ledge_box_2_dis_2_occ_0052,Will the red pipe touch the yellow mat?,yes,yes,1
Roll,555,pilot_it2_rollingSliding_simple_ledge_box_2_dis_2_occ_0053,Will the red pentagon touch the yellow mat?,yes,yes,1
Roll,556,pilot_it2_rollingSliding_simple_ledge_box_2_dis_2_occ_0054,Will the red sphere touch the yellow mat?,yes,yes,1
Roll,557,pilot_it2_rollingSliding_simple_ledge_box_2_dis_2_occ_0055,Will the red cube touch the yellow mat?,yes,yes,1
Roll,558,pilot_it2_rollingSliding_simple_ledge_box_2_dis_2_occ_0056,Will the red cube touch the yellow mat?,yes,yes,1
Roll,559,pilot_it2_rollingSliding_simple_ledge_box_2_dis_2_occ_0057,Will the red pentagon touch the yellow mat?,yes,no,0
Roll,560,pilot_it2_rollingSliding_simple_ledge_box_2_dis_2_occ_0058,Will the red pipe touch the yellow mat?,yes,no,0
Roll,561,pilot_it2_rollingSliding_simple_ledge_box_2_dis_2_occ_0059,Will the red cube touch the yellow mat?,yes,yes,1
Roll,562,pilot_it2_rollingSliding_simple_ledge_box_2_dis_2_occ_0060,Will the red cube touch the yellow mat?,yes,yes,1
Roll,563,pilot_it2_rollingSliding_simple_ledge_box_2_dis_2_occ_0061,Will the red pipe touch the yellow mat?,yes,yes,1
Roll,564,pilot_it2_rollingSliding_simple_ledge_box_2_dis_2_occ_0062,Will the red sphere touch the yellow mat?,yes,yes,1
Roll,565,pilot_it2_rollingSliding_simple_ledge_box_2_dis_2_occ_0063,Will the red cube touch the yellow mat?,yes,yes,1
Roll,566,pilot_it2_rollingSliding_simple_ledge_box_2_dis_2_occ_0064,Will the red cube touch the yellow mat?,yes,yes,1
Roll,567,pilot_it2_rollingSliding_simple_ledge_box_2_dis_2_occ_0065,Will the red sphere touch the yellow mat?,yes,no,0
Roll,568,pilot_it2_rollingSliding_simple_ledge_box_2_dis_2_occ_0066,Will the red sphere touch the yellow mat?,yes,yes,1
Roll,569,pilot_it2_rollingSliding_simple_ledge_box_2_dis_2_occ_0067,Will the red cube touch the yellow mat?,no,yes,0
Roll,570,pilot_it2_rollingSliding_simple_ledge_box_2_dis_2_occ_0068,Will the red sphere touch the yellow mat?,yes,yes,1
Roll,571,pilot_it2_rollingSliding_simple_ledge_box_2_dis_2_occ_0069,Will the red pipe touch the yellow mat?,no,no,1
Roll,572,pilot_it2_rollingSliding_simple_ledge_box_2_dis_2_occ_0070,Will the red sphere touch the yellow mat?,yes,yes,1
Roll,573,pilot_it2_rollingSliding_simple_ledge_tdw_1_dis_1_occ_0000,Will the red sphere touch the yellow mat?,yes,yes,1
Roll,574,pilot_it2_rollingSliding_simple_ledge_tdw_1_dis_1_occ_0001,Will the red pipe touch the yellow mat?,yes,yes,1
Roll,575,pilot_it2_rollingSliding_simple_ledge_tdw_1_dis_1_occ_0002,Will the red sphere touch the yellow mat?,yes,yes,1
Roll,576,pilot_it2_rollingSliding_simple_ledge_tdw_1_dis_1_occ_0003,Will the red cube touch the yellow mat?,no,yes,0
Roll,577,pilot_it2_rollingSliding_simple_ledge_tdw_1_dis_1_occ_0004,Will the red cube touch the yellow mat?,yes,no,0
Roll,578,pilot_it2_rollingSliding_simple_ledge_tdw_1_dis_1_occ_0005,Will the red cube touch the yellow mat?,yes,yes,1
Roll,579,pilot_it2_rollingSliding_simple_ledge_tdw_1_dis_1_occ_0006,Will the red pipe touch the yellow mat?,yes,yes,1
Roll,580,pilot_it2_rollingSliding_simple_ledge_tdw_1_dis_1_occ_0007,Will the red pipe touch the yellow mat?,yes,yes,1
Roll,581,pilot_it2_rollingSliding_simple_ledge_tdw_1_dis_1_occ_0008,Will the red pipe touch the yellow mat?,no,no,1
Roll,582,pilot_it2_rollingSliding_simple_ledge_tdw_1_dis_1_occ_0009,Will the red pipe touch the yellow mat?,no,yes,0
Roll,583,pilot_it2_rollingSliding_simple_ledge_tdw_1_dis_1_occ_0010,Will the red sphere touch the yellow mat?,yes,yes,1
Roll,584,pilot_it2_rollingSliding_simple_ledge_tdw_1_dis_1_occ_0011,Will the red pentagon touch the yellow mat?,yes,yes,1
Roll,585,pilot_it2_rollingSliding_simple_ledge_tdw_1_dis_1_occ_0012,Will the red pipe touch the yellow mat?,no,no,1
Roll,586,pilot_it2_rollingSliding_simple_ledge_tdw_1_dis_1_occ_0013,Will the red pentagon touch the yellow mat?,yes,yes,1
Roll,587,pilot_it2_rollingSliding_simple_ledge_tdw_1_dis_1_occ_0014,Will the red sphere touch the yellow mat?,yes,yes,1
Roll,588,pilot_it2_rollingSliding_simple_ledge_tdw_1_dis_1_occ_0015,Will the red sphere touch the yellow mat?,yes,yes,1
Roll,589,pilot_it2_rollingSliding_simple_ledge_tdw_1_dis_1_occ_0016,Will the red sphere touch the yellow mat?,yes,yes,1
Roll,590,pilot_it2_rollingSliding_simple_ledge_tdw_1_dis_1_occ_0017,Will the red cube touch the yellow mat?,no,yes,0
Roll,591,pilot_it2_rollingSliding_simple_ledge_tdw_1_dis_1_occ_0018,Will the red cube touch the yellow mat?,yes,yes,1
Roll,592,pilot_it2_rollingSliding_simple_ledge_tdw_1_dis_1_occ_0019,Will the red cube touch the yellow mat?,yes,yes,1
Roll,593,pilot_it2_rollingSliding_simple_ledge_tdw_1_dis_1_occ_0020,Will the red sphere touch the yellow mat?,yes,yes,1
Roll,594,pilot_it2_rollingSliding_simple_ledge_tdw_1_dis_1_occ_0021,Will the red pipe touch the yellow mat?,no,yes,0
Roll,595,pilot_it2_rollingSliding_simple_ledge_tdw_1_dis_1_occ_0022,Will the red sphere touch the yellow mat?,yes,yes,1
Roll,596,pilot_it2_rollingSliding_simple_ledge_tdw_1_dis_1_occ_0023,Will the red pentagon touch the yellow mat?,yes,yes,1
Roll,597,pilot_it2_rollingSliding_simple_ledge_tdw_1_dis_1_occ_0024,Will the red sphere touch the yellow mat?,yes,yes,1
Roll,598,pilot_it2_rollingSliding_simple_ledge_tdw_1_dis_1_occ_0025,Will the red sphere touch the yellow mat?,yes,yes,1
Roll,599,pilot_it2_rollingSliding_simple_ledge_tdw_1_dis_1_occ_0026,Will the red pipe touch the yellow mat?,yes,yes,1
Roll,600,pilot_it2_rollingSliding_simple_ledge_tdw_1_dis_1_occ_0027,Will the red sphere touch the yellow mat?,yes,yes,1
Roll,601,pilot_it2_rollingSliding_simple_ledge_tdw_1_dis_1_occ_0028,Will the red pipe touch the yellow mat?,no,yes,0
Roll,602,pilot_it2_rollingSliding_simple_ledge_tdw_1_dis_1_occ_0029,Will the red sphere touch the yellow mat?,yes,yes,1
Roll,603,pilot_it2_rollingSliding_simple_ledge_tdw_1_dis_1_occ_0030,Will the red pipe touch the yellow mat?,yes,no,0
Roll,604,pilot_it2_rollingSliding_simple_ledge_tdw_1_dis_1_occ_0031,Will the red sphere touch the yellow mat?,yes,yes,1
Roll,605,pilot_it2_rollingSliding_simple_ledge_tdw_1_dis_1_occ_0032,Will the red pipe touch the yellow mat?,no,yes,0
Roll,606,pilot_it2_rollingSliding_simple_ledge_tdw_1_dis_1_occ_0033,Will the red pipe touch the yellow mat?,yes,yes,1
Roll,607,pilot_it2_rollingSliding_simple_ledge_tdw_1_dis_1_occ_0034,Will the red pentagon touch the yellow mat?,no,no,1
Roll,608,pilot_it2_rollingSliding_simple_ledge_tdw_1_dis_1_occ_0035,Will the red sphere touch the yellow mat?,yes,yes,1
Roll,609,pilot_it2_rollingSliding_simple_ledge_tdw_1_dis_1_occ_0036,Will the red pentagon touch the yellow mat?,yes,yes,1
Roll,610,pilot_it2_rollingSliding_simple_ledge_tdw_1_dis_1_occ_0037,Will the red cube touch the yellow mat?,yes,yes,1
Roll,611,pilot_it2_rollingSliding_simple_ledge_tdw_1_dis_1_occ_0038,Will the red pipe touch the yellow mat?,no,yes,0
Roll,612,pilot_it2_rollingSliding_simple_ledge_tdw_1_dis_1_occ_0039,Will the red cube touch the yellow mat?,yes,yes,1
Roll,613,pilot_it2_rollingSliding_simple_ledge_tdw_1_dis_1_occ_0040,Will the red cube touch the yellow mat?,no,no,1
Roll,614,pilot_it2_rollingSliding_simple_ledge_tdw_1_dis_1_occ_0041,Will the red cube touch the yellow mat?,yes,yes,1
Roll,615,pilot_it2_rollingSliding_simple_ledge_tdw_1_dis_1_occ_0042,Will the red sphere touch the yellow mat?,yes,yes,1
Roll,616,pilot_it2_rollingSliding_simple_ledge_tdw_1_dis_1_occ_0043,Will the red sphere touch the yellow mat?,yes,yes,1
Roll,617,pilot_it2_rollingSliding_simple_ledge_tdw_1_dis_1_occ_0044,Will the red cube touch the yellow mat?,no,yes,0
Roll,618,pilot_it2_rollingSliding_simple_ledge_tdw_1_dis_1_occ_0045,Will the red sphere touch the yellow mat?,yes,yes,1
Roll,619,pilot_it2_rollingSliding_simple_ledge_tdw_1_dis_1_occ_0046,Will the red pentagon touch the yellow mat?,no,yes,0
Roll,620,pilot_it2_rollingSliding_simple_ledge_tdw_1_dis_1_occ_0047,Will the red cube touch the yellow mat?,no,yes,0
Roll,621,pilot_it2_rollingSliding_simple_ledge_tdw_1_dis_1_occ_0048,Will the red sphere touch the yellow mat?,yes,yes,1
Roll,622,pilot_it2_rollingSliding_simple_ledge_tdw_1_dis_1_occ_0049,Will the red pipe touch the yellow mat?,no,no,1
Roll,623,pilot_it2_rollingSliding_simple_ledge_tdw_1_dis_1_occ_0050,Will the red pipe touch the yellow mat?,no,yes,0
Roll,624,pilot_it2_rollingSliding_simple_ledge_tdw_1_dis_1_occ_0051,Will the red cube touch the yellow mat?,yes,yes,1
Roll,625,pilot_it2_rollingSliding_simple_ledge_tdw_1_dis_1_occ_0052,Will the red pipe touch the yellow mat?,no,no,1
Roll,626,pilot_it2_rollingSliding_simple_ledge_tdw_1_dis_1_occ_0053,Will the red pentagon touch the yellow mat?,yes,yes,1
Roll,627,pilot_it2_rollingSliding_simple_ledge_tdw_1_dis_1_occ_0054,Will the red sphere touch the yellow mat?,yes,yes,1
Roll,628,pilot_it2_rollingSliding_simple_ledge_tdw_1_dis_1_occ_0055,Will the red cube touch the yellow mat?,yes,yes,1
Roll,629,pilot_it2_rollingSliding_simple_ledge_tdw_1_dis_1_occ_0056,Will the red cube touch the yellow mat?,yes,yes,1
Roll,630,pilot_it2_rollingSliding_simple_ledge_tdw_1_dis_1_occ_0057,Will the red pentagon touch the yellow mat?,yes,yes,1
Roll,631,pilot_it2_rollingSliding_simple_ledge_tdw_1_dis_1_occ_0058,Will the red pipe touch the yellow mat?,yes,yes,1
Roll,632,pilot_it2_rollingSliding_simple_ledge_tdw_1_dis_1_occ_0059,Will the red cube touch the yellow mat?,yes,yes,1
Roll,633,pilot_it2_rollingSliding_simple_ledge_tdw_1_dis_1_occ_0060,Will the red cube touch the yellow mat?,yes,yes,1
Roll,634,pilot_it2_rollingSliding_simple_ledge_tdw_1_dis_1_occ_0061,Will the red pipe touch the yellow mat?,yes,yes,1
Roll,635,pilot_it2_rollingSliding_simple_ledge_tdw_1_dis_1_occ_0062,Will the red sphere touch the yellow mat?,yes,yes,1
Roll,636,pilot_it2_rollingSliding_simple_ledge_tdw_1_dis_1_occ_0063,Will the red cube touch the yellow mat?,yes,yes,1
Roll,637,pilot_it2_rollingSliding_simple_ledge_tdw_1_dis_1_occ_0064,Will the red cube touch the yellow mat?,yes,yes,1
Roll,638,pilot_it2_rollingSliding_simple_ledge_tdw_1_dis_1_occ_0065,Will the red sphere touch the yellow mat?,yes,yes,1
Roll,639,pilot_it2_rollingSliding_simple_ledge_tdw_1_dis_1_occ_0066,Will the red sphere touch the yellow mat?,yes,yes,1
Roll,640,pilot_it2_rollingSliding_simple_ledge_tdw_1_dis_1_occ_0067,Will the red cube touch the yellow mat?,no,yes,0
Roll,641,pilot_it2_rollingSliding_simple_ledge_tdw_1_dis_1_occ_0068,Will the red sphere touch the yellow mat?,yes,yes,1
Roll,642,pilot_it2_rollingSliding_simple_ledge_tdw_1_dis_1_occ_0069,Will the red pipe touch the yellow mat?,no,no,1
Roll,643,pilot_it2_rollingSliding_simple_ledge_tdw_1_dis_1_occ_0070,Will the red sphere touch the yellow mat?,yes,yes,1
Roll,644,pilot_it2_rollingSliding_simple_ledge_tdw_2_dis_2_occ_0000,Will the red sphere touch the yellow mat?,yes,yes,1
Roll,645,pilot_it2_rollingSliding_simple_ledge_tdw_2_dis_2_occ_0001,Will the red pipe touch the yellow mat?,yes,yes,1
Roll,646,pilot_it2_rollingSliding_simple_ledge_tdw_2_dis_2_occ_0002,Will the red sphere touch the yellow mat?,yes,yes,1
Roll,647,pilot_it2_rollingSliding_simple_ledge_tdw_2_dis_2_occ_0003,Will the red cube touch the yellow mat?,no,yes,0
Roll,648,pilot_it2_rollingSliding_simple_ledge_tdw_2_dis_2_occ_0004,Will the red cube touch the yellow mat?,yes,no,0
Roll,649,pilot_it2_rollingSliding_simple_ledge_tdw_2_dis_2_occ_0005,Will the red cube touch the yellow mat?,yes,yes,1
Roll,650,pilot_it2_rollingSliding_simple_ledge_tdw_2_dis_2_occ_0006,Will the red pipe touch the yellow mat?,yes,yes,1
Roll,651,pilot_it2_rollingSliding_simple_ledge_tdw_2_dis_2_occ_0007,Will the red pipe touch the yellow mat?,yes,yes,1
Roll,652,pilot_it2_rollingSliding_simple_ledge_tdw_2_dis_2_occ_0008,Will the red pipe touch the yellow mat?,yes,yes,1
Roll,653,pilot_it2_rollingSliding_simple_ledge_tdw_2_dis_2_occ_0009,Will the red pipe touch the yellow mat?,no,yes,0
Roll,654,pilot_it2_rollingSliding_simple_ledge_tdw_2_dis_2_occ_0010,Will the red sphere touch the yellow mat?,yes,yes,1
Roll,655,pilot_it2_rollingSliding_simple_ledge_tdw_2_dis_2_occ_0011,Will the red pentagon touch the yellow mat?,yes,yes,1
Roll,656,pilot_it2_rollingSliding_simple_ledge_tdw_2_dis_2_occ_0012,Will the red pipe touch the yellow mat?,no,no,1
Roll,657,pilot_it2_rollingSliding_simple_ledge_tdw_2_dis_2_occ_0013,Will the red pentagon touch the yellow mat?,yes,no,0
Roll,658,pilot_it2_rollingSliding_simple_ledge_tdw_2_dis_2_occ_0014,Will the red sphere touch the yellow mat?,yes,yes,1
Roll,659,pilot_it2_rollingSliding_simple_ledge_tdw_2_dis_2_occ_0015,Will the red sphere touch the yellow mat?,yes,yes,1
Roll,660,pilot_it2_rollingSliding_simple_ledge_tdw_2_dis_2_occ_0016,Will the red sphere touch the yellow mat?,yes,yes,1
Roll,661,pilot_it2_rollingSliding_simple_ledge_tdw_2_dis_2_occ_0017,Will the red cube touch the yellow mat?,no,yes,0
Roll,662,pilot_it2_rollingSliding_simple_ledge_tdw_2_dis_2_occ_0018,Will the red cube touch the yellow mat?,yes,yes,1
Roll,663,pilot_it2_rollingSliding_simple_ledge_tdw_2_dis_2_occ_0019,Will the red cube touch the yellow mat?,yes,yes,1
Roll,664,pilot_it2_rollingSliding_simple_ledge_tdw_2_dis_2_occ_0020,Will the red sphere touch the yellow mat?,yes,yes,1
Roll,665,pilot_it2_rollingSliding_simple_ledge_tdw_2_dis_2_occ_0021,Will the red pipe touch the yellow mat?,no,yes,0
Roll,666,pilot_it2_rollingSliding_simple_ledge_tdw_2_dis_2_occ_0022,Will the red sphere touch the yellow mat?,yes,yes,1
Roll,667,pilot_it2_rollingSliding_simple_ledge_tdw_2_dis_2_occ_0023,Will the red pentagon touch the yellow mat?,yes,yes,1
Roll,668,pilot_it2_rollingSliding_simple_ledge_tdw_2_dis_2_occ_0024,Will the red sphere touch the yellow mat?,yes,yes,1
Roll,669,pilot_it2_rollingSliding_simple_ledge_tdw_2_dis_2_occ_0025,Will the red sphere touch the yellow mat?,yes,yes,1
Roll,670,pilot_it2_rollingSliding_simple_ledge_tdw_2_dis_2_occ_0026,Will the red pipe touch the yellow mat?,yes,yes,1
Roll,671,pilot_it2_rollingSliding_simple_ledge_tdw_2_dis_2_occ_0027,Will the red sphere touch the yellow mat?,yes,yes,1
Roll,672,pilot_it2_rollingSliding_simple_ledge_tdw_2_dis_2_occ_0028,Will the red pipe touch the yellow mat?,no,yes,0
Roll,673,pilot_it2_rollingSliding_simple_ledge_tdw_2_dis_2_occ_0029,Will the red sphere touch the yellow mat?,yes,yes,1
Roll,674,pilot_it2_rollingSliding_simple_ledge_tdw_2_dis_2_occ_0030,Will the red pipe touch the yellow mat?,yes,yes,1
Roll,675,pilot_it2_rollingSliding_simple_ledge_tdw_2_dis_2_occ_0031,Will the red sphere touch the yellow mat?,yes,yes,1
Roll,676,pilot_it2_rollingSliding_simple_ledge_tdw_2_dis_2_occ_0032,Will the red pipe touch the yellow mat?,no,yes,0
Roll,677,pilot_it2_rollingSliding_simple_ledge_tdw_2_dis_2_occ_0033,Will the red pipe touch the yellow mat?,yes,yes,1
Roll,678,pilot_it2_rollingSliding_simple_ledge_tdw_2_dis_2_occ_0034,Will the red pentagon touch the yellow mat?,no,yes,0
Roll,679,pilot_it2_rollingSliding_simple_ledge_tdw_2_dis_2_occ_0035,Will the red sphere touch the yellow mat?,yes,yes,1
Roll,680,pilot_it2_rollingSliding_simple_ledge_tdw_2_dis_2_occ_0036,Will the red pentagon touch the yellow mat?,yes,yes,1
Roll,681,pilot_it2_rollingSliding_simple_ledge_tdw_2_dis_2_occ_0037,Will the red cube touch the yellow mat?,yes,yes,1
Roll,682,pilot_it2_rollingSliding_simple_ledge_tdw_2_dis_2_occ_0038,Will the red pipe touch the yellow mat?,no,yes,0
Roll,683,pilot_it2_rollingSliding_simple_ledge_tdw_2_dis_2_occ_0039,Will the red cube touch the yellow mat?,yes,yes,1
Roll,684,pilot_it2_rollingSliding_simple_ledge_tdw_2_dis_2_occ_0040,Will the red cube touch the yellow mat?,yes,yes,1
Roll,685,pilot_it2_rollingSliding_simple_ledge_tdw_2_dis_2_occ_0041,Will the red cube touch the yellow mat?,yes,yes,1
Roll,686,pilot_it2_rollingSliding_simple_ledge_tdw_2_dis_2_occ_0042,Will the red sphere touch the yellow mat?,yes,yes,1
Roll,687,pilot_it2_rollingSliding_simple_ledge_tdw_2_dis_2_occ_0043,Will the red sphere touch the yellow mat?,yes,yes,1
Roll,688,pilot_it2_rollingSliding_simple_ledge_tdw_2_dis_2_occ_0044,Will the red cube touch the yellow mat?,no,yes,0
Roll,689,pilot_it2_rollingSliding_simple_ledge_tdw_2_dis_2_occ_0045,Will the red sphere touch the yellow mat?,yes,yes,1
Roll,690,pilot_it2_rollingSliding_simple_ledge_tdw_2_dis_2_occ_0046,Will the red pentagon touch the yellow mat?,no,yes,0
Roll,691,pilot_it2_rollingSliding_simple_ledge_tdw_2_dis_2_occ_0047,Will the red cube touch the yellow mat?,no,yes,0
Roll,692,pilot_it2_rollingSliding_simple_ledge_tdw_2_dis_2_occ_0048,Will the red sphere touch the yellow mat?,yes,yes,1
Roll,693,pilot_it2_rollingSliding_simple_ledge_tdw_2_dis_2_occ_0049,Will the red pipe touch the yellow mat?,no,yes,0
Roll,694,pilot_it2_rollingSliding_simple_ledge_tdw_2_dis_2_occ_0050,Will the red pipe touch the yellow mat?,yes,yes,1
Roll,695,pilot_it2_rollingSliding_simple_ledge_tdw_2_dis_2_occ_0051,Will the red cube touch the yellow mat?,yes,yes,1
Roll,696,pilot_it2_rollingSliding_simple_ledge_tdw_2_dis_2_occ_0052,Will the red pipe touch the yellow mat?,yes,yes,1
Roll,697,pilot_it2_rollingSliding_simple_ledge_tdw_2_dis_2_occ_0053,Will the red pentagon touch the yellow mat?,yes,yes,1
Roll,698,pilot_it2_rollingSliding_simple_ledge_tdw_2_dis_2_occ_0054,Will the red sphere touch the yellow mat?,yes,yes,1
Roll,699,pilot_it2_rollingSliding_simple_ledge_tdw_2_dis_2_occ_0055,Will the red cube touch the yellow mat?,yes,yes,1
Roll,700,pilot_it2_rollingSliding_simple_ledge_tdw_2_dis_2_occ_0056,Will the red cube touch the yellow mat?,yes,yes,1
Roll,701,pilot_it2_rollingSliding_simple_ledge_tdw_2_dis_2_occ_0057,Will the red pentagon touch the yellow mat?,yes,no,0
Roll,702,pilot_it2_rollingSliding_simple_ledge_tdw_2_dis_2_occ_0058,Will the red pipe touch the yellow mat?,yes,yes,1
Roll,703,pilot_it2_rollingSliding_simple_ledge_tdw_2_dis_2_occ_0059,Will the red cube touch the yellow mat?,yes,yes,1
Roll,704,pilot_it2_rollingSliding_simple_ledge_tdw_2_dis_2_occ_0060,Will the red cube touch the yellow mat?,yes,yes,1
Roll,705,pilot_it2_rollingSliding_simple_ledge_tdw_2_dis_2_occ_0061,Will the red pipe touch the yellow mat?,yes,yes,1
Roll,706,pilot_it2_rollingSliding_simple_ledge_tdw_2_dis_2_occ_0062,Will the red sphere touch the yellow mat?,yes,yes,1
Roll,707,pilot_it2_rollingSliding_simple_ledge_tdw_2_dis_2_occ_0063,Will the red cube touch the yellow mat?,yes,yes,1
Roll,708,pilot_it2_rollingSliding_simple_ledge_tdw_2_dis_2_occ_0064,Will the red cube touch the yellow mat?,yes,yes,1
Roll,709,pilot_it2_rollingSliding_simple_ledge_tdw_2_dis_2_occ_0065,Will the red sphere touch the yellow mat?,yes,yes,1
Roll,710,pilot_it2_rollingSliding_simple_ledge_tdw_2_dis_2_occ_0066,Will the red sphere touch the yellow mat?,yes,yes,1
Roll,711,pilot_it2_rollingSliding_simple_ledge_tdw_2_dis_2_occ_0067,Will the red cube touch the yellow mat?,no,yes,0
Roll,712,pilot_it2_rollingSliding_simple_ledge_tdw_2_dis_2_occ_0068,Will the red sphere touch the yellow mat?,yes,yes,1
Roll,713,pilot_it2_rollingSliding_simple_ledge_tdw_2_dis_2_occ_0069,Will the red pipe touch the yellow mat?,no,no,1
Roll,714,pilot_it2_rollingSliding_simple_ledge_tdw_2_dis_2_occ_0070,Will the red sphere touch the yellow mat?,yes,yes,1
Roll,715,pilot_it2_rollingSliding_simple_ramp_box_0000,Will the red sphere touch the yellow mat?,yes,no,0
Roll,716,pilot_it2_rollingSliding_simple_ramp_box_0001,Will the red pipe touch the yellow mat?,yes,no,0
Roll,717,pilot_it2_rollingSliding_simple_ramp_box_0002,Will the red sphere touch the yellow mat?,yes,yes,1
Roll,718,pilot_it2_rollingSliding_simple_ramp_box_0003,Will the red cube touch the yellow mat?,no,yes,0
Roll,719,pilot_it2_rollingSliding_simple_ramp_box_0004,Will the red cube touch the yellow mat?,no,yes,0
Roll,720,pilot_it2_rollingSliding_simple_ramp_box_0005,Will the red cube touch the yellow mat?,no,yes,0
Roll,721,pilot_it2_rollingSliding_simple_ramp_box_0006,Will the red pipe touch the yellow mat?,no,yes,0
Roll,722,pilot_it2_rollingSliding_simple_ramp_box_0007,Will the red pipe touch the yellow mat?,yes,yes,1
Roll,723,pilot_it2_rollingSliding_simple_ramp_box_0008,Will the red pipe touch the yellow mat?,yes,yes,1
Roll,724,pilot_it2_rollingSliding_simple_ramp_box_0009,Will the red pipe touch the yellow mat?,yes,yes,1
Roll,725,pilot_it2_rollingSliding_simple_ramp_box_0010,Will the red sphere touch the yellow mat?,yes,yes,1
Roll,726,pilot_it2_rollingSliding_simple_ramp_box_0011,Will the red pentagon touch the yellow mat?,no,no,1
Roll,727,pilot_it2_rollingSliding_simple_ramp_box_0012,Will the red pipe touch the yellow mat?,yes,yes,1
Roll,728,pilot_it2_rollingSliding_simple_ramp_box_0013,Will the red pentagon touch the yellow mat?,no,no,1
Roll,729,pilot_it2_rollingSliding_simple_ramp_box_0014,Will the red sphere touch the yellow mat?,yes,yes,1
Roll,730,pilot_it2_rollingSliding_simple_ramp_box_0015,Will the red sphere touch the yellow mat?,yes,yes,1
Roll,731,pilot_it2_rollingSliding_simple_ramp_box_0016,Will the red sphere touch the yellow mat?,yes,yes,1
Roll,732,pilot_it2_rollingSliding_simple_ramp_box_0017,Will the red cube touch the yellow mat?,no,yes,0
Roll,733,pilot_it2_rollingSliding_simple_ramp_box_0018,Will the red cube touch the yellow mat?,no,no,1
Roll,734,pilot_it2_rollingSliding_simple_ramp_box_0019,Will the red cube touch the yellow mat?,no,yes,0
Roll,735,pilot_it2_rollingSliding_simple_ramp_box_0020,Will the red sphere touch the yellow mat?,yes,yes,1
Roll,736,pilot_it2_rollingSliding_simple_ramp_box_0021,Will the red pipe touch the yellow mat?,yes,yes,1
Roll,737,pilot_it2_rollingSliding_simple_ramp_box_0022,Will the red sphere touch the yellow mat?,yes,yes,1
Roll,738,pilot_it2_rollingSliding_simple_ramp_box_0023,Will the red pentagon touch the yellow mat?,no,no,1
Roll,739,pilot_it2_rollingSliding_simple_ramp_box_0024,Will the red sphere touch the yellow mat?,yes,no,0
Roll,740,pilot_it2_rollingSliding_simple_ramp_box_0025,Will the red sphere touch the yellow mat?,yes,no,0
Roll,741,pilot_it2_rollingSliding_simple_ramp_box_0026,Will the red pipe touch the yellow mat?,yes,yes,1
Roll,742,pilot_it2_rollingSliding_simple_ramp_box_0027,Will the red sphere touch the yellow mat?,yes,yes,1
Roll,743,pilot_it2_rollingSliding_simple_ramp_box_0028,Will the red pipe touch the yellow mat?,no,yes,0
Roll,744,pilot_it2_rollingSliding_simple_ramp_box_0029,Will the red sphere touch the yellow mat?,yes,yes,1
Roll,745,pilot_it2_rollingSliding_simple_ramp_box_0030,Will the red pipe touch the yellow mat?,yes,no,0
Roll,746,pilot_it2_rollingSliding_simple_ramp_box_0031,Will the red sphere touch the yellow mat?,yes,yes,1
Roll,747,pilot_it2_rollingSliding_simple_ramp_box_0032,Will the red pipe touch the yellow mat?,yes,yes,1
Roll,748,pilot_it2_rollingSliding_simple_ramp_box_0033,Will the red pipe touch the yellow mat?,yes,yes,1
Roll,749,pilot_it2_rollingSliding_simple_ramp_box_0034,Will the red pentagon touch the yellow mat?,no,yes,0
Roll,750,pilot_it2_rollingSliding_simple_ramp_box_0035,Will the red sphere touch the yellow mat?,yes,yes,1
Roll,751,pilot_it2_rollingSliding_simple_ramp_box_0036,Will the red pentagon touch the yellow mat?,no,no,1
Roll,752,pilot_it2_rollingSliding_simple_ramp_box_0037,Will the red cube touch the yellow mat?,no,no,1
Roll,753,pilot_it2_rollingSliding_simple_ramp_box_0038,Will the red pipe touch the yellow mat?,yes,yes,1
Roll,754,pilot_it2_rollingSliding_simple_ramp_box_0039,Will the red cube touch the yellow mat?,no,no,1
Roll,755,pilot_it2_rollingSliding_simple_ramp_box_0040,Will the red cube touch the yellow mat?,yes,yes,1
Roll,756,pilot_it2_rollingSliding_simple_ramp_box_0041,Will the red cube touch the yellow mat?,no,yes,0
Roll,757,pilot_it2_rollingSliding_simple_ramp_box_0042,Will the red sphere touch the yellow mat?,yes,no,0
Roll,758,pilot_it2_rollingSliding_simple_ramp_box_0043,Will the red sphere touch the yellow mat?,yes,yes,1
Roll,759,pilot_it2_rollingSliding_simple_ramp_box_0044,Will the red cube touch the yellow mat?,no,no,1
Roll,760,pilot_it2_rollingSliding_simple_ramp_box_0045,Will the red sphere touch the yellow mat?,yes,yes,1
Roll,761,pilot_it2_rollingSliding_simple_ramp_box_0046,Will the red pentagon touch the yellow mat?,no,no,1
Roll,762,pilot_it2_rollingSliding_simple_ramp_box_0047,Will the red cube touch the yellow mat?,no,yes,0
Roll,763,pilot_it2_rollingSliding_simple_ramp_box_0048,Will the red sphere touch the yellow mat?,yes,yes,1
Roll,764,pilot_it2_rollingSliding_simple_ramp_box_0049,Will the red pipe touch the yellow mat?,yes,yes,1
Roll,765,pilot_it2_rollingSliding_simple_ramp_box_0050,Will the red pipe touch the yellow mat?,yes,yes,1
Roll,766,pilot_it2_rollingSliding_simple_ramp_box_0051,Will the red cube touch the yellow mat?,no,no,1
Roll,767,pilot_it2_rollingSliding_simple_ramp_box_0052,Will the red pipe touch the yellow mat?,yes,yes,1
Roll,768,pilot_it2_rollingSliding_simple_ramp_box_0053,Will the red pentagon touch the yellow mat?,no,yes,0
Roll,769,pilot_it2_rollingSliding_simple_ramp_box_0054,Will the red sphere touch the yellow mat?,yes,yes,1
Roll,770,pilot_it2_rollingSliding_simple_ramp_box_0055,Will the red cube touch the yellow mat?,no,no,1
Roll,771,pilot_it2_rollingSliding_simple_ramp_box_0056,Will the red cube touch the yellow mat?,no,yes,0
Roll,772,pilot_it2_rollingSliding_simple_ramp_box_0057,Will the red pentagon touch the yellow mat?,no,yes,0
Roll,773,pilot_it2_rollingSliding_simple_ramp_box_0058,Will the red pipe touch the yellow mat?,yes,yes,1
Roll,774,pilot_it2_rollingSliding_simple_ramp_box_0059,Will the red cube touch the yellow mat?,no,no,1
Roll,775,pilot_it2_rollingSliding_simple_ramp_box_0060,Will the red cube touch the yellow mat?,no,no,1
Roll,776,pilot_it2_rollingSliding_simple_ramp_box_0061,Will the red pipe touch the yellow mat?,no,no,1
Roll,777,pilot_it2_rollingSliding_simple_ramp_box_0062,Will the red sphere touch the yellow mat?,yes,yes,1
Roll,778,pilot_it2_rollingSliding_simple_ramp_box_0063,Will the red cube touch the yellow mat?,no,yes,0
Roll,779,pilot_it2_rollingSliding_simple_ramp_box_0064,Will the red cube touch the yellow mat?,no,no,1
Roll,780,pilot_it2_rollingSliding_simple_ramp_box_0065,Will the red sphere touch the yellow mat?,yes,yes,1
Roll,781,pilot_it2_rollingSliding_simple_ramp_box_0066,Will the red sphere touch the yellow mat?,yes,yes,1
Roll,782,pilot_it2_rollingSliding_simple_ramp_box_0067,Will the red cube touch the yellow mat?,no,yes,0
Roll,783,pilot_it2_rollingSliding_simple_ramp_box_0068,Will the red sphere touch the yellow mat?,yes,no,0
Roll,784,pilot_it2_rollingSliding_simple_ramp_box_0069,Will the red pipe touch the yellow mat?,yes,yes,1
Roll,785,pilot_it2_rollingSliding_simple_ramp_box_0070,Will the red sphere touch the yellow mat?,yes,no,0
Roll,786,pilot_it2_rollingSliding_simple_ramp_box_1_dis_1_occ_0000,Will the red sphere touch the yellow mat?,yes,no,0
Roll,787,pilot_it2_rollingSliding_simple_ramp_box_1_dis_1_occ_0001,Will the red pipe touch the yellow mat?,yes,yes,1
Roll,788,pilot_it2_rollingSliding_simple_ramp_box_1_dis_1_occ_0002,Will the red sphere touch the yellow mat?,yes,yes,1
Roll,789,pilot_it2_rollingSliding_simple_ramp_box_1_dis_1_occ_0003,Will the red cube touch the yellow mat?,no,yes,0
Roll,790,pilot_it2_rollingSliding_simple_ramp_box_1_dis_1_occ_0004,Will the red cube touch the yellow mat?,no,yes,0
Roll,791,pilot_it2_rollingSliding_simple_ramp_box_1_dis_1_occ_0005,Will the red cube touch the yellow mat?,no,yes,0
Roll,792,pilot_it2_rollingSliding_simple_ramp_box_1_dis_1_occ_0006,Will the red pipe touch the yellow mat?,yes,yes,1
Roll,793,pilot_it2_rollingSliding_simple_ramp_box_1_dis_1_occ_0007,Will the red pipe touch the yellow mat?,no,no,1
Roll,794,pilot_it2_rollingSliding_simple_ramp_box_1_dis_1_occ_0008,Will the red pipe touch the yellow mat?,yes,no,0
Roll,795,pilot_it2_rollingSliding_simple_ramp_box_1_dis_1_occ_0009,Will the red pipe touch the yellow mat?,yes,yes,1
Roll,796,pilot_it2_rollingSliding_simple_ramp_box_1_dis_1_occ_0010,Will the red sphere touch the yellow mat?,yes,yes,1
Roll,797,pilot_it2_rollingSliding_simple_ramp_box_1_dis_1_occ_0011,Will the red pentagon touch the yellow mat?,no,yes,0
Roll,798,pilot_it2_rollingSliding_simple_ramp_box_1_dis_1_occ_0012,Will the red pipe touch the yellow mat?,yes,yes,1
Roll,799,pilot_it2_rollingSliding_simple_ramp_box_1_dis_1_occ_0013,Will the red pentagon touch the yellow mat?,no,no,1
Roll,800,pilot_it2_rollingSliding_simple_ramp_box_1_dis_1_occ_0014,Will the red sphere touch the yellow mat?,yes,yes,1
Roll,801,pilot_it2_rollingSliding_simple_ramp_box_1_dis_1_occ_0015,Will the red sphere touch the yellow mat?,yes,yes,1
Roll,802,pilot_it2_rollingSliding_simple_ramp_box_1_dis_1_occ_0016,Will the red sphere touch the yellow mat?,yes,yes,1
Roll,803,pilot_it2_rollingSliding_simple_ramp_box_1_dis_1_occ_0017,Will the red cube touch the yellow mat?,no,no,1
Roll,804,pilot_it2_rollingSliding_simple_ramp_box_1_dis_1_occ_0018,Will the red cube touch the yellow mat?,no,yes,0
Roll,805,pilot_it2_rollingSliding_simple_ramp_box_1_dis_1_occ_0019,Will the red cube touch the yellow mat?,no,yes,0
Roll,806,pilot_it2_rollingSliding_simple_ramp_box_1_dis_1_occ_0020,Will the red sphere touch the yellow mat?,yes,yes,1
Roll,807,pilot_it2_rollingSliding_simple_ramp_box_1_dis_1_occ_0021,Will the red pipe touch the yellow mat?,yes,yes,1
Roll,808,pilot_it2_rollingSliding_simple_ramp_box_1_dis_1_occ_0022,Will the red sphere touch the yellow mat?,yes,yes,1
Roll,809,pilot_it2_rollingSliding_simple_ramp_box_1_dis_1_occ_0023,Will the red pentagon touch the yellow mat?,no,no,1
Roll,810,pilot_it2_rollingSliding_simple_ramp_box_1_dis_1_occ_0024,Will the red sphere touch the yellow mat?,yes,yes,1
Roll,811,pilot_it2_rollingSliding_simple_ramp_box_1_dis_1_occ_0025,Will the red sphere touch the yellow mat?,yes,no,0
Roll,812,pilot_it2_rollingSliding_simple_ramp_box_1_dis_1_occ_0026,Will the red pipe touch the yellow mat?,yes,no,0
Roll,813,pilot_it2_rollingSliding_simple_ramp_box_1_dis_1_occ_0027,Will the red sphere touch the yellow mat?,yes,yes,1
Roll,814,pilot_it2_rollingSliding_simple_ramp_box_1_dis_1_occ_0028,Will the red pipe touch the yellow mat?,no,yes,0
Roll,815,pilot_it2_rollingSliding_simple_ramp_box_1_dis_1_occ_0029,Will the red sphere touch the yellow mat?,yes,yes,1
Roll,816,pilot_it2_rollingSliding_simple_ramp_box_1_dis_1_occ_0030,Will the red pipe touch the yellow mat?,yes,yes,1
Roll,817,pilot_it2_rollingSliding_simple_ramp_box_1_dis_1_occ_0031,Will the red sphere touch the yellow mat?,yes,yes,1
Roll,818,pilot_it2_rollingSliding_simple_ramp_box_1_dis_1_occ_0032,Will the red pipe touch the yellow mat?,yes,no,0
Roll,819,pilot_it2_rollingSliding_simple_ramp_box_1_dis_1_occ_0033,Will the red pipe touch the yellow mat?,yes,yes,1
Roll,820,pilot_it2_rollingSliding_simple_ramp_box_1_dis_1_occ_0034,Will the red pentagon touch the yellow mat?,no,no,1
Roll,821,pilot_it2_rollingSliding_simple_ramp_box_1_dis_1_occ_0035,Will the red sphere touch the yellow mat?,yes,yes,1
Roll,822,pilot_it2_rollingSliding_simple_ramp_box_1_dis_1_occ_0036,Will the red pentagon touch the yellow mat?,no,no,1
Roll,823,pilot_it2_rollingSliding_simple_ramp_box_1_dis_1_occ_0037,Will the red cube touch the yellow mat?,no,yes,0
Roll,824,pilot_it2_rollingSliding_simple_ramp_box_1_dis_1_occ_0038,Will the red pipe touch the yellow mat?,no,no,1
Roll,825,pilot_it2_rollingSliding_simple_ramp_box_1_dis_1_occ_0039,Will the red cube touch the yellow mat?,no,yes,0
Roll,826,pilot_it2_rollingSliding_simple_ramp_box_1_dis_1_occ_0040,Will the red cube touch the yellow mat?,no,yes,0
Roll,827,pilot_it2_rollingSliding_simple_ramp_box_1_dis_1_occ_0041,Will the red cube touch the yellow mat?,no,no,1
Roll,828,pilot_it2_rollingSliding_simple_ramp_box_1_dis_1_occ_0042,Will the red sphere touch the yellow mat?,yes,yes,1
Roll,829,pilot_it2_rollingSliding_simple_ramp_box_1_dis_1_occ_0043,Will the red sphere touch the yellow mat?,yes,yes,1
Roll,830,pilot_it2_rollingSliding_simple_ramp_box_1_dis_1_occ_0044,Will the red cube touch the yellow mat?,no,no,1
Roll,831,pilot_it2_rollingSliding_simple_ramp_box_1_dis_1_occ_0045,Will the red sphere touch the yellow mat?,yes,yes,1
Roll,832,pilot_it2_rollingSliding_simple_ramp_box_1_dis_1_occ_0046,Will the red pentagon touch the yellow mat?,no,no,1
Roll,833,pilot_it2_rollingSliding_simple_ramp_box_1_dis_1_occ_0047,Will the red cube touch the yellow mat?,no,yes,0
Roll,834,pilot_it2_rollingSliding_simple_ramp_box_1_dis_1_occ_0048,Will the red sphere touch the yellow mat?,yes,yes,1
Roll,835,pilot_it2_rollingSliding_simple_ramp_box_1_dis_1_occ_0049,Will the red pipe touch the yellow mat?,yes,yes,1
Roll,836,pilot_it2_rollingSliding_simple_ramp_box_1_dis_1_occ_0050,Will the red pipe touch the yellow mat?,yes,yes,1
Roll,837,pilot_it2_rollingSliding_simple_ramp_box_1_dis_1_occ_0051,Will the red cube touch the yellow mat?,no,no,1
Roll,838,pilot_it2_rollingSliding_simple_ramp_box_1_dis_1_occ_0052,Will the red pipe touch the yellow mat?,no,yes,0
Roll,839,pilot_it2_rollingSliding_simple_ramp_box_1_dis_1_occ_0053,Will the red pentagon touch the yellow mat?,no,no,1
Roll,840,pilot_it2_rollingSliding_simple_ramp_box_1_dis_1_occ_0054,Will the red sphere touch the yellow mat?,yes,yes,1
Roll,841,pilot_it2_rollingSliding_simple_ramp_box_1_dis_1_occ_0055,Will the red cube touch the yellow mat?,no,no,1
Roll,842,pilot_it2_rollingSliding_simple_ramp_box_1_dis_1_occ_0056,Will the red cube touch the yellow mat?,no,no,1
Roll,843,pilot_it2_rollingSliding_simple_ramp_box_1_dis_1_occ_0057,Will the red pentagon touch the yellow mat?,no,no,1
Roll,844,pilot_it2_rollingSliding_simple_ramp_box_1_dis_1_occ_0058,Will the red pipe touch the yellow mat?,yes,yes,1
Roll,845,pilot_it2_rollingSliding_simple_ramp_box_1_dis_1_occ_0059,Will the red cube touch the yellow mat?,no,no,1
Roll,846,pilot_it2_rollingSliding_simple_ramp_box_1_dis_1_occ_0060,Will the red cube touch the yellow mat?,no,yes,0
Roll,847,pilot_it2_rollingSliding_simple_ramp_box_1_dis_1_occ_0061,Will the red pipe touch the yellow mat?,no,yes,0
Roll,848,pilot_it2_rollingSliding_simple_ramp_box_1_dis_1_occ_0062,Will the red sphere touch the yellow mat?,yes,yes,1
Roll,849,pilot_it2_rollingSliding_simple_ramp_box_1_dis_1_occ_0063,Will the red cube touch the yellow mat?,no,no,1
Roll,850,pilot_it2_rollingSliding_simple_ramp_box_1_dis_1_occ_0064,Will the red cube touch the yellow mat?,no,no,1
Roll,851,pilot_it2_rollingSliding_simple_ramp_box_1_dis_1_occ_0065,Will the red sphere touch the yellow mat?,yes,yes,1
Roll,852,pilot_it2_rollingSliding_simple_ramp_box_1_dis_1_occ_0066,Will the red sphere touch the yellow mat?,yes,yes,1
Roll,853,pilot_it2_rollingSliding_simple_ramp_box_1_dis_1_occ_0067,Will the red cube touch the yellow mat?,no,yes,0
Roll,854,pilot_it2_rollingSliding_simple_ramp_box_1_dis_1_occ_0068,Will the red sphere touch the yellow mat?,yes,no,0
Roll,855,pilot_it2_rollingSliding_simple_ramp_box_1_dis_1_occ_0069,Will the red pipe touch the yellow mat?,no,no,1
Roll,856,pilot_it2_rollingSliding_simple_ramp_box_1_dis_1_occ_0070,Will the red sphere touch the yellow mat?,yes,yes,1
Roll,857,pilot_it2_rollingSliding_simple_ramp_box_2_dis_2_occ_0000,Will the red sphere touch the yellow mat?,yes,yes,1
Roll,858,pilot_it2_rollingSliding_simple_ramp_box_2_dis_2_occ_0001,Will the red pipe touch the yellow mat?,yes,yes,1
Roll,859,pilot_it2_rollingSliding_simple_ramp_box_2_dis_2_occ_0002,Will the red sphere touch the yellow mat?,yes,yes,1
Roll,860,pilot_it2_rollingSliding_simple_ramp_box_2_dis_2_occ_0003,Will the red cube touch the yellow mat?,no,yes,0
Roll,861,pilot_it2_rollingSliding_simple_ramp_box_2_dis_2_occ_0004,Will the red cube touch the yellow mat?,no,no,1
Roll,862,pilot_it2_rollingSliding_simple_ramp_box_2_dis_2_occ_0005,Will the red cube touch the yellow mat?,no,yes,0
Roll,863,pilot_it2_rollingSliding_simple_ramp_box_2_dis_2_occ_0006,Will the red pipe touch the yellow mat?,yes,yes,1
Roll,864,pilot_it2_rollingSliding_simple_ramp_box_2_dis_2_occ_0007,Will the red pipe touch the yellow mat?,yes,no,0
Roll,865,pilot_it2_rollingSliding_simple_ramp_box_2_dis_2_occ_0008,Will the red pipe touch the yellow mat?,yes,yes,1
Roll,866,pilot_it2_rollingSliding_simple_ramp_box_2_dis_2_occ_0009,Will the red pipe touch the yellow mat?,yes,yes,1
Roll,867,pilot_it2_rollingSliding_simple_ramp_box_2_dis_2_occ_0010,Will the red sphere touch the yellow mat?,yes,yes,1
Roll,868,pilot_it2_rollingSliding_simple_ramp_box_2_dis_2_occ_0011,Will the red pentagon touch the yellow mat?,no,no,1
Roll,869,pilot_it2_rollingSliding_simple_ramp_box_2_dis_2_occ_0012,Will the red pipe touch the yellow mat?,yes,yes,1
Roll,870,pilot_it2_rollingSliding_simple_ramp_box_2_dis_2_occ_0013,Will the red pentagon touch the yellow mat?,no,no,1
Roll,871,pilot_it2_rollingSliding_simple_ramp_box_2_dis_2_occ_0014,Will the red sphere touch the yellow mat?,yes,yes,1
Roll,872,pilot_it2_rollingSliding_simple_ramp_box_2_dis_2_occ_0015,Will the red sphere touch the yellow mat?,yes,yes,1
Roll,873,pilot_it2_rollingSliding_simple_ramp_box_2_dis_2_occ_0016,Will the red sphere touch the yellow mat?,yes,yes,1
Roll,874,pilot_it2_rollingSliding_simple_ramp_box_2_dis_2_occ_0017,Will the red cube touch the yellow mat?,no,yes,0
Roll,875,pilot_it2_rollingSliding_simple_ramp_box_2_dis_2_occ_0018,Will the red cube touch the yellow mat?,no,no,1
Roll,876,pilot_it2_rollingSliding_simple_ramp_box_2_dis_2_occ_0019,Will the red cube touch the yellow mat?,no,yes,0
Roll,877,pilot_it2_rollingSliding_simple_ramp_box_2_dis_2_occ_0020,Will the red sphere touch the yellow mat?,yes,yes,1
Roll,878,pilot_it2_rollingSliding_simple_ramp_box_2_dis_2_occ_0021,Will the red pipe touch the yellow mat?,yes,yes,1
Roll,879,pilot_it2_rollingSliding_simple_ramp_box_2_dis_2_occ_0022,Will the red sphere touch the yellow mat?,yes,yes,1
Roll,880,pilot_it2_rollingSliding_simple_ramp_box_2_dis_2_occ_0023,Will the red pentagon touch the yellow mat?,no,no,1
Roll,881,pilot_it2_rollingSliding_simple_ramp_box_2_dis_2_occ_0024,Will the red sphere touch the yellow mat?,yes,yes,1
Roll,882,pilot_it2_rollingSliding_simple_ramp_box_2_dis_2_occ_0025,Will the red sphere touch the yellow mat?,yes,no,0
Roll,883,pilot_it2_rollingSliding_simple_ramp_box_2_dis_2_occ_0026,Will the red pipe touch the yellow mat?,yes,yes,1
Roll,884,pilot_it2_rollingSliding_simple_ramp_box_2_dis_2_occ_0027,Will the red sphere touch the yellow mat?,yes,yes,1
Roll,885,pilot_it2_rollingSliding_simple_ramp_box_2_dis_2_occ_0028,Will the red pipe touch the yellow mat?,no,no,1
Roll,886,pilot_it2_rollingSliding_simple_ramp_box_2_dis_2_occ_0029,Will the red sphere touch the yellow mat?,yes,yes,1
Roll,887,pilot_it2_rollingSliding_simple_ramp_box_2_dis_2_occ_0030,Will the red pipe touch the yellow mat?,yes,no,0
Roll,888,pilot_it2_rollingSliding_simple_ramp_box_2_dis_2_occ_0031,Will the red sphere touch the yellow mat?,yes,yes,1
Roll,889,pilot_it2_rollingSliding_simple_ramp_box_2_dis_2_occ_0032,Will the red pipe touch the yellow mat?,yes,no,0
Roll,890,pilot_it2_rollingSliding_simple_ramp_box_2_dis_2_occ_0033,Will the red pipe touch the yellow mat?,no,yes,0
Roll,891,pilot_it2_rollingSliding_simple_ramp_box_2_dis_2_occ_0034,Will the red pentagon touch the yellow mat?,no,no,1
Roll,892,pilot_it2_rollingSliding_simple_ramp_box_2_dis_2_occ_0035,Will the red sphere touch the yellow mat?,yes,no,0
Roll,893,pilot_it2_rollingSliding_simple_ramp_box_2_dis_2_occ_0036,Will the red pentagon touch the yellow mat?,no,no,1
Roll,894,pilot_it2_rollingSliding_simple_ramp_box_2_dis_2_occ_0037,Will the red cube touch the yellow mat?,no,yes,0
Roll,895,pilot_it2_rollingSliding_simple_ramp_box_2_dis_2_occ_0038,Will the red pipe touch the yellow mat?,yes,yes,1
Roll,896,pilot_it2_rollingSliding_simple_ramp_box_2_dis_2_occ_0039,Will the red cube touch the yellow mat?,no,yes,0
Roll,897,pilot_it2_rollingSliding_simple_ramp_box_2_dis_2_occ_0040,Will the red cube touch the yellow mat?,no,yes,0
Roll,898,pilot_it2_rollingSliding_simple_ramp_box_2_dis_2_occ_0041,Will the red cube touch the yellow mat?,no,no,1
Roll,899,pilot_it2_rollingSliding_simple_ramp_box_2_dis_2_occ_0042,Will the red sphere touch the yellow mat?,yes,yes,1
Roll,900,pilot_it2_rollingSliding_simple_ramp_box_2_dis_2_occ_0043,Will the red sphere touch the yellow mat?,yes,yes,1
Roll,901,pilot_it2_rollingSliding_simple_ramp_box_2_dis_2_occ_0044,Will the red cube touch the yellow mat?,no,no,1
Roll,902,pilot_it2_rollingSliding_simple_ramp_box_2_dis_2_occ_0045,Will the red sphere touch the yellow mat?,yes,no,0
Roll,903,pilot_it2_rollingSliding_simple_ramp_box_2_dis_2_occ_0046,Will the red pentagon touch the yellow mat?,no,no,1
Roll,904,pilot_it2_rollingSliding_simple_ramp_box_2_dis_2_occ_0047,Will the red cube touch the yellow mat?,no,yes,0
Roll,905,pilot_it2_rollingSliding_simple_ramp_box_2_dis_2_occ_0048,Will the red sphere touch the yellow mat?,yes,yes,1
Roll,906,pilot_it2_rollingSliding_simple_ramp_box_2_dis_2_occ_0049,Will the red pipe touch the yellow mat?,yes,yes,1
Roll,907,pilot_it2_rollingSliding_simple_ramp_box_2_dis_2_occ_0050,Will the red pipe touch the yellow mat?,yes,yes,1
Roll,908,pilot_it2_rollingSliding_simple_ramp_box_2_dis_2_occ_0051,Will the red cube touch the yellow mat?,no,no,1
Roll,909,pilot_it2_rollingSliding_simple_ramp_box_2_dis_2_occ_0052,Will the red pipe touch the yellow mat?,no,yes,0
Roll,910,pilot_it2_rollingSliding_simple_ramp_box_2_dis_2_occ_0053,Will the red pentagon touch the yellow mat?,no,yes,0
Roll,911,pilot_it2_rollingSliding_simple_ramp_box_2_dis_2_occ_0054,Will the red sphere touch the yellow mat?,yes,yes,1
Roll,912,pilot_it2_rollingSliding_simple_ramp_box_2_dis_2_occ_0055,Will the red cube touch the yellow mat?,no,yes,0
Roll,913,pilot_it2_rollingSliding_simple_ramp_box_2_dis_2_occ_0056,Will the red cube touch the yellow mat?,no,no,1
Roll,914,pilot_it2_rollingSliding_simple_ramp_box_2_dis_2_occ_0057,Will the red pentagon touch the yellow mat?,no,no,1
Roll,915,pilot_it2_rollingSliding_simple_ramp_box_2_dis_2_occ_0058,Will the red pipe touch the yellow mat?,yes,yes,1
Roll,916,pilot_it2_rollingSliding_simple_ramp_box_2_dis_2_occ_0059,Will the red cube touch the yellow mat?,no,no,1
Roll,917,pilot_it2_rollingSliding_simple_ramp_box_2_dis_2_occ_0060,Will the red cube touch the yellow mat?,no,no,1
Roll,918,pilot_it2_rollingSliding_simple_ramp_box_2_dis_2_occ_0061,Will the red pipe touch the yellow mat?,no,no,1
Roll,919,pilot_it2_rollingSliding_simple_ramp_box_2_dis_2_occ_0062,Will the red sphere touch the yellow mat?,yes,yes,1
Roll,920,pilot_it2_rollingSliding_simple_ramp_box_2_dis_2_occ_0063,Will the red cube touch the yellow mat?,no,no,1
Roll,921,pilot_it2_rollingSliding_simple_ramp_box_2_dis_2_occ_0064,Will the red cube touch the yellow mat?,no,no,1
Roll,922,pilot_it2_rollingSliding_simple_ramp_box_2_dis_2_occ_0065,Will the red sphere touch the yellow mat?,yes,yes,1
Roll,923,pilot_it2_rollingSliding_simple_ramp_box_2_dis_2_occ_0066,Will the red sphere touch the yellow mat?,yes,yes,1
Roll,924,pilot_it2_rollingSliding_simple_ramp_box_2_dis_2_occ_0067,Will the red cube touch the yellow mat?,no,yes,0
Roll,925,pilot_it2_rollingSliding_simple_ramp_box_2_dis_2_occ_0068,Will the red sphere touch the yellow mat?,yes,no,0
Roll,926,pilot_it2_rollingSliding_simple_ramp_box_2_dis_2_occ_0069,Will the red pipe touch the yellow mat?,no,no,1
Roll,927,pilot_it2_rollingSliding_simple_ramp_box_2_dis_2_occ_0070,Will the red sphere touch the yellow mat?,yes,yes,1
Roll,928,pilot_it2_rollingSliding_simple_ramp_tdw_1_dis_1_occ_0000,Will the red sphere touch the yellow mat?,yes,yes,1
Roll,929,pilot_it2_rollingSliding_simple_ramp_tdw_1_dis_1_occ_0001,Will the red pipe touch the yellow mat?,yes,yes,1
Roll,930,pilot_it2_rollingSliding_simple_ramp_tdw_1_dis_1_occ_0002,Will the red sphere touch the yellow mat?,yes,yes,1
Roll,931,pilot_it2_rollingSliding_simple_ramp_tdw_1_dis_1_occ_0003,Will the red cube touch the yellow mat?,no,yes,0
Roll,932,pilot_it2_rollingSliding_simple_ramp_tdw_1_dis_1_occ_0004,Will the red cube touch the yellow mat?,no,yes,0
Roll,933,pilot_it2_rollingSliding_simple_ramp_tdw_1_dis_1_occ_0005,Will the red cube touch the yellow mat?,no,yes,0
Roll,934,pilot_it2_rollingSliding_simple_ramp_tdw_1_dis_1_occ_0006,Will the red pipe touch the yellow mat?,yes,yes,1
Roll,935,pilot_it2_rollingSliding_simple_ramp_tdw_1_dis_1_occ_0007,Will the red pipe touch the yellow mat?,no,no,1
Roll,936,pilot_it2_rollingSliding_simple_ramp_tdw_1_dis_1_occ_0008,Will the red pipe touch the yellow mat?,yes,no,0
Roll,937,pilot_it2_rollingSliding_simple_ramp_tdw_1_dis_1_occ_0009,Will the red pipe touch the yellow mat?,yes,yes,1
Roll,938,pilot_it2_rollingSliding_simple_ramp_tdw_1_dis_1_occ_0010,Will the red sphere touch the yellow mat?,yes,yes,1
Roll,939,pilot_it2_rollingSliding_simple_ramp_tdw_1_dis_1_occ_0011,Will the red pentagon touch the yellow mat?,no,yes,0
Roll,940,pilot_it2_rollingSliding_simple_ramp_tdw_1_dis_1_occ_0012,Will the red pipe touch the yellow mat?,yes,yes,1
Roll,941,pilot_it2_rollingSliding_simple_ramp_tdw_1_dis_1_occ_0013,Will the red pentagon touch the yellow mat?,no,no,1
Roll,942,pilot_it2_rollingSliding_simple_ramp_tdw_1_dis_1_occ_0014,Will the red sphere touch the yellow mat?,yes,yes,1
Roll,943,pilot_it2_rollingSliding_simple_ramp_tdw_1_dis_1_occ_0015,Will the red sphere touch the yellow mat?,yes,yes,1
Roll,944,pilot_it2_rollingSliding_simple_ramp_tdw_1_dis_1_occ_0016,Will the red sphere touch the yellow mat?,yes,yes,1
Roll,945,pilot_it2_rollingSliding_simple_ramp_tdw_1_dis_1_occ_0017,Will the red cube touch the yellow mat?,no,yes,0
Roll,946,pilot_it2_rollingSliding_simple_ramp_tdw_1_dis_1_occ_0018,Will the red cube touch the yellow mat?,no,yes,0
Roll,947,pilot_it2_rollingSliding_simple_ramp_tdw_1_dis_1_occ_0019,Will the red cube touch the yellow mat?,no,yes,0
Roll,948,pilot_it2_rollingSliding_simple_ramp_tdw_1_dis_1_occ_0020,Will the red sphere touch the yellow mat?,yes,yes,1
Roll,949,pilot_it2_rollingSliding_simple_ramp_tdw_1_dis_1_occ_0021,Will the red pipe touch the yellow mat?,yes,yes,1
Roll,950,pilot_it2_rollingSliding_simple_ramp_tdw_1_dis_1_occ_0022,Will the red sphere touch the yellow mat?,yes,yes,1
Roll,951,pilot_it2_rollingSliding_simple_ramp_tdw_1_dis_1_occ_0023,Will the red pentagon touch the yellow mat?,no,no,1
Roll,952,pilot_it2_rollingSliding_simple_ramp_tdw_1_dis_1_occ_0024,Will the red sphere touch the yellow mat?,yes,yes,1
Roll,953,pilot_it2_rollingSliding_simple_ramp_tdw_1_dis_1_occ_0025,Will the red sphere touch the yellow mat?,yes,no,0
Roll,954,pilot_it2_rollingSliding_simple_ramp_tdw_1_dis_1_occ_0026,Will the red pipe touch the yellow mat?,yes,yes,1
Roll,955,pilot_it2_rollingSliding_simple_ramp_tdw_1_dis_1_occ_0027,Will the red sphere touch the yellow mat?,yes,yes,1
Roll,956,pilot_it2_rollingSliding_simple_ramp_tdw_1_dis_1_occ_0028,Will the red pipe touch the yellow mat?,no,no,1
Roll,957,pilot_it2_rollingSliding_simple_ramp_tdw_1_dis_1_occ_0029,Will the red sphere touch the yellow mat?,yes,yes,1
Roll,958,pilot_it2_rollingSliding_simple_ramp_tdw_1_dis_1_occ_0030,Will the red pipe touch the yellow mat?,yes,yes,1
Roll,959,pilot_it2_rollingSliding_simple_ramp_tdw_1_dis_1_occ_0031,Will the red sphere touch the yellow mat?,yes,yes,1
Roll,960,pilot_it2_rollingSliding_simple_ramp_tdw_1_dis_1_occ_0032,Will the red pipe touch the yellow mat?,yes,yes,1
Roll,961,pilot_it2_rollingSliding_simple_ramp_tdw_1_dis_1_occ_0033,Will the red pipe touch the yellow mat?,yes,yes,1
Roll,962,pilot_it2_rollingSliding_simple_ramp_tdw_1_dis_1_occ_0034,Will the red pentagon touch the yellow mat?,no,no,1
Roll,963,pilot_it2_rollingSliding_simple_ramp_tdw_1_dis_1_occ_0035,Will the red sphere touch the yellow mat?,yes,yes,1
Roll,964,pilot_it2_rollingSliding_simple_ramp_tdw_1_dis_1_occ_0036,Will the red pentagon touch the yellow mat?,no,no,1
Roll,965,pilot_it2_rollingSliding_simple_ramp_tdw_1_dis_1_occ_0037,Will the red cube touch the yellow mat?,no,yes,0
Roll,966,pilot_it2_rollingSliding_simple_ramp_tdw_1_dis_1_occ_0038,Will the red pipe touch the yellow mat?,no,no,1
Roll,967,pilot_it2_rollingSliding_simple_ramp_tdw_1_dis_1_occ_0039,Will the red cube touch the yellow mat?,no,no,1
Roll,968,pilot_it2_rollingSliding_simple_ramp_tdw_1_dis_1_occ_0040,Will the red cube touch the yellow mat?,no,yes,0
Roll,969,pilot_it2_rollingSliding_simple_ramp_tdw_1_dis_1_occ_0041,Will the red cube touch the yellow mat?,no,yes,0
Roll,970,pilot_it2_rollingSliding_simple_ramp_tdw_1_dis_1_occ_0042,Will the red sphere touch the yellow mat?,yes,yes,1
Roll,971,pilot_it2_rollingSliding_simple_ramp_tdw_1_dis_1_occ_0043,Will the red sphere touch the yellow mat?,yes,yes,1
Roll,972,pilot_it2_rollingSliding_simple_ramp_tdw_1_dis_1_occ_0044,Will the red cube touch the yellow mat?,no,no,1
Roll,973,pilot_it2_rollingSliding_simple_ramp_tdw_1_dis_1_occ_0045,Will the red sphere touch the yellow mat?,yes,yes,1
Roll,974,pilot_it2_rollingSliding_simple_ramp_tdw_1_dis_1_occ_0046,Will the red pentagon touch the yellow mat?,no,yes,0
Roll,975,pilot_it2_rollingSliding_simple_ramp_tdw_1_dis_1_occ_0047,Will the red cube touch the yellow mat?,no,yes,0
Roll,976,pilot_it2_rollingSliding_simple_ramp_tdw_1_dis_1_occ_0048,Will the red sphere touch the yellow mat?,yes,yes,1
Roll,977,pilot_it2_rollingSliding_simple_ramp_tdw_1_dis_1_occ_0049,Will the red pipe touch the yellow mat?,yes,yes,1
Roll,978,pilot_it2_rollingSliding_simple_ramp_tdw_1_dis_1_occ_0050,Will the red pipe touch the yellow mat?,yes,yes,1
Roll,979,pilot_it2_rollingSliding_simple_ramp_tdw_1_dis_1_occ_0051,Will the red cube touch the yellow mat?,no,no,1
Roll,980,pilot_it2_rollingSliding_simple_ramp_tdw_1_dis_1_occ_0052,Will the red pipe touch the yellow mat?,no,yes,0
Roll,981,pilot_it2_rollingSliding_simple_ramp_tdw_1_dis_1_occ_0053,Will the red pentagon touch the yellow mat?,no,yes,0
Roll,982,pilot_it2_rollingSliding_simple_ramp_tdw_1_dis_1_occ_0054,Will the red sphere touch the yellow mat?,yes,yes,1
Roll,983,pilot_it2_rollingSliding_simple_ramp_tdw_1_dis_1_occ_0055,Will the red cube touch the yellow mat?,no,no,1
Roll,984,pilot_it2_rollingSliding_simple_ramp_tdw_1_dis_1_occ_0056,Will the red cube touch the yellow mat?,no,no,1
Roll,985,pilot_it2_rollingSliding_simple_ramp_tdw_1_dis_1_occ_0057,Will the red pentagon touch the yellow mat?,no,yes,0
Roll,986,pilot_it2_rollingSliding_simple_ramp_tdw_1_dis_1_occ_0058,Will the red pipe touch the yellow mat?,yes,yes,1
Roll,987,pilot_it2_rollingSliding_simple_ramp_tdw_1_dis_1_occ_0059,Will the red cube touch the yellow mat?,no,yes,0
Roll,988,pilot_it2_rollingSliding_simple_ramp_tdw_1_dis_1_occ_0060,Will the red cube touch the yellow mat?,no,yes,0
Roll,989,pilot_it2_rollingSliding_simple_ramp_tdw_1_dis_1_occ_0061,Will the red pipe touch the yellow mat?,no,yes,0
Roll,990,pilot_it2_rollingSliding_simple_ramp_tdw_1_dis_1_occ_0062,Will the red sphere touch the yellow mat?,yes,yes,1
Roll,991,pilot_it2_rollingSliding_simple_ramp_tdw_1_dis_1_occ_0063,Will the red cube touch the yellow mat?,no,yes,0
Roll,992,pilot_it2_rollingSliding_simple_ramp_tdw_1_dis_1_occ_0064,Will the red cube touch the yellow mat?,no,yes,0
Roll,993,pilot_it2_rollingSliding_simple_ramp_tdw_1_dis_1_occ_0065,Will the red sphere touch the yellow mat?,yes,yes,1
Roll,994,pilot_it2_rollingSliding_simple_ramp_tdw_1_dis_1_occ_0066,Will the red sphere touch the yellow mat?,yes,yes,1
Roll,995,pilot_it2_rollingSliding_simple_ramp_tdw_1_dis_1_occ_0067,Will the red cube touch the yellow mat?,no,yes,0
Roll,996,pilot_it2_rollingSliding_simple_ramp_tdw_1_dis_1_occ_0068,Will the red sphere touch the yellow mat?,yes,no,0
Roll,997,pilot_it2_rollingSliding_simple_ramp_tdw_1_dis_1_occ_0069,Will the red pipe touch the yellow mat?,yes,yes,1
Roll,998,pilot_it2_rollingSliding_simple_ramp_tdw_1_dis_1_occ_0070,Will the red sphere touch the yellow mat?,yes,yes,1
Support,0,pilot_towers_nb2_fr015_SJ010_mono0_dis0_occ0_tdwroom_0000,Will the red cylinder touch the yellow mat?,yes,yes,1
Support,1,pilot_towers_nb2_fr015_SJ010_mono0_dis0_occ0_tdwroom_0001,Will the red cylinder touch the yellow mat?,no,yes,0
Support,2,pilot_towers_nb2_fr015_SJ010_mono0_dis0_occ0_tdwroom_0002,Will the red cylinder touch the yellow mat?,no,no,1
Support,3,pilot_towers_nb2_fr015_SJ010_mono0_dis0_occ0_tdwroom_0003,Will the red cylinder touch the yellow mat?,no,no,1
Support,4,pilot_towers_nb2_fr015_SJ010_mono0_dis0_occ0_tdwroom_0004,Will the red cylinder touch the yellow mat?,yes,yes,1
Support,5,pilot_towers_nb2_fr015_SJ010_mono0_dis0_occ0_tdwroom_0005,Will the red cylinder touch the yellow mat?,no,no,1
Support,6,pilot_towers_nb2_fr015_SJ010_mono0_dis0_occ0_tdwroom_0006,Will the red cylinder touch the yellow mat?,yes,yes,1
Support,7,pilot_towers_nb2_fr015_SJ010_mono0_dis0_occ0_tdwroom_0007,Will the red cylinder touch the yellow mat?,yes,yes,1
Support,8,pilot_towers_nb2_fr015_SJ010_mono0_dis0_occ0_tdwroom_0008,Will the red cylinder touch the yellow mat?,no,no,1
Support,9,pilot_towers_nb2_fr015_SJ010_mono0_dis0_occ0_tdwroom_0009,Will the red cylinder touch the yellow mat?,yes,yes,1
Support,10,pilot_towers_nb2_fr015_SJ010_mono0_dis0_occ0_tdwroom_0010,Will the red cylinder touch the yellow mat?,yes,yes,1
Support,11,pilot_towers_nb2_fr015_SJ010_mono0_dis0_occ0_tdwroom_0011,Will the red cylinder touch the yellow mat?,no,no,1
Support,12,pilot_towers_nb2_fr015_SJ010_mono0_dis0_occ0_tdwroom_0012,Will the red cylinder touch the yellow mat?,no,no,1
Support,13,pilot_towers_nb2_fr015_SJ010_mono0_dis0_occ0_tdwroom_0013,Will the red cylinder touch the yellow mat?,yes,yes,1
Support,14,pilot_towers_nb2_fr015_SJ010_mono0_dis0_occ0_tdwroom_0014,Will the red cylinder touch the yellow mat?,yes,yes,1
Support,15,pilot_towers_nb2_fr015_SJ010_mono0_dis0_occ0_tdwroom_0015,Will the red cylinder touch the yellow mat?,no,no,1
Support,16,pilot_towers_nb2_fr015_SJ010_mono0_dis0_occ0_tdwroom_0016,Will the red cylinder touch the yellow mat?,no,yes,0
Support,17,pilot_towers_nb2_fr015_SJ010_mono0_dis0_occ0_tdwroom_0017,Will the red cylinder touch the yellow mat?,no,no,1
Support,18,pilot_towers_nb2_fr015_SJ010_mono0_dis0_occ0_tdwroom_0018,Will the red cylinder touch the yellow mat?,no,no,1
Support,19,pilot_towers_nb2_fr015_SJ010_mono0_dis0_occ0_tdwroom_0019,Will the red cylinder touch the yellow mat?,no,no,1
Support,20,pilot_towers_nb2_fr015_SJ010_mono0_dis0_occ0_tdwroom_0020,Will the red cylinder touch the yellow mat?,yes,yes,1
Support,21,pilot_towers_nb2_fr015_SJ010_mono0_dis0_occ0_tdwroom_0021,Will the red cylinder touch the yellow mat?,no,no,1
Support,22,pilot_towers_nb2_fr015_SJ010_mono0_dis0_occ0_tdwroom_0022,Will the red cylinder touch the yellow mat?,yes,yes,1
Support,23,pilot_towers_nb2_fr015_SJ010_mono0_dis0_occ0_tdwroom_0023,Will the red cylinder touch the yellow mat?,no,no,1
Support,24,pilot_towers_nb2_fr015_SJ010_mono0_dis0_occ0_tdwroom_0024,Will the red cylinder touch the yellow mat?,yes,yes,1
Support,25,pilot_towers_nb2_fr015_SJ010_mono0_dis0_occ0_tdwroom_0025,Will the red cylinder touch the yellow mat?,yes,yes,1
Support,26,pilot_towers_nb2_fr015_SJ010_mono0_dis0_occ0_tdwroom_0026,Will the red cylinder touch the yellow mat?,no,yes,0
Support,27,pilot_towers_nb2_fr015_SJ010_mono0_dis0_occ0_tdwroom_0027,Will the red cylinder touch the yellow mat?,no,no,1
Support,28,pilot_towers_nb2_fr015_SJ010_mono0_dis0_occ0_tdwroom_0028,Will the red cylinder touch the yellow mat?,no,yes,0
Support,29,pilot_towers_nb2_fr015_SJ010_mono0_dis0_occ0_tdwroom_0029,Will the red cylinder touch the yellow mat?,no,yes,0
Support,30,pilot_towers_nb2_fr015_SJ010_mono0_dis0_occ0_tdwroom_0030,Will the red cylinder touch the yellow mat?,no,no,1
Support,31,pilot_towers_nb2_fr015_SJ010_mono0_dis0_occ0_tdwroom_0031,Will the red cylinder touch the yellow mat?,yes,yes,1
Support,32,pilot_towers_nb2_fr015_SJ010_mono0_dis0_occ0_tdwroom_0032,Will the red cylinder touch the yellow mat?,yes,yes,1
Support,33,pilot_towers_nb2_fr015_SJ010_mono0_dis0_occ0_tdwroom_0033,Will the red cylinder touch the yellow mat?,no,no,1
Support,34,pilot_towers_nb2_fr015_SJ010_mono0_dis0_occ0_tdwroom_0034,Will the red cylinder touch the yellow mat?,no,no,1
Support,35,pilot_towers_nb2_fr015_SJ010_mono0_dis0_occ0_tdwroom_0035,Will the red cylinder touch the yellow mat?,yes,yes,1
Support,36,pilot_towers_nb2_fr015_SJ010_mono0_dis0_occ0_tdwroom_0036,Will the red cylinder touch the yellow mat?,no,no,1
Support,37,pilot_towers_nb2_fr015_SJ010_mono0_dis0_occ0_tdwroom_0037,Will the red cylinder touch the yellow mat?,no,no,1
Support,38,pilot_towers_nb2_fr015_SJ010_mono0_dis0_occ0_tdwroom_0038,Will the red cylinder touch the yellow mat?,no,no,1
Support,39,pilot_towers_nb2_fr015_SJ010_mono0_dis0_occ0_tdwroom_0039,Will the red cylinder touch the yellow mat?,yes,yes,1
Support,40,pilot_towers_nb2_fr015_SJ010_mono0_dis0_occ0_tdwroom_0040,Will the red cylinder touch the yellow mat?,yes,yes,1
Support,41,pilot_towers_nb2_fr015_SJ010_mono0_dis0_occ0_tdwroom_0041,Will the red cylinder touch the yellow mat?,yes,yes,1
Support,42,pilot_towers_nb2_fr015_SJ010_mono0_dis0_occ0_tdwroom_0042,Will the red cylinder touch the yellow mat?,no,no,1
Support,43,pilot_towers_nb2_fr015_SJ010_mono0_dis0_occ0_tdwroom_0043,Will the red cylinder touch the yellow mat?,no,no,1
Support,44,pilot_towers_nb2_fr015_SJ010_mono0_dis0_occ0_tdwroom_0044,Will the red cylinder touch the yellow mat?,no,yes,0
Support,45,pilot_towers_nb2_fr015_SJ010_mono0_dis0_occ0_tdwroom_0045,Will the red cylinder touch the yellow mat?,no,no,1
Support,46,pilot_towers_nb2_fr015_SJ010_mono0_dis0_occ0_tdwroom_0046,Will the red cylinder touch the yellow mat?,no,no,1
Support,47,pilot_towers_nb2_fr015_SJ010_mono0_dis0_occ0_tdwroom_0047,Will the red cylinder touch the yellow mat?,no,no,1
Support,48,pilot_towers_nb2_fr015_SJ010_mono0_dis0_occ0_tdwroom_0048,Will the red cylinder touch the yellow mat?,no,yes,0
Support,49,pilot_towers_nb2_fr015_SJ010_mono0_dis0_occ0_tdwroom_0049,Will the red cylinder touch the yellow mat?,yes,yes,1
Support,50,pilot_towers_nb2_fr015_SJ010_mono0_dis0_occ0_tdwroom_0050,Will the red cylinder touch the yellow mat?,no,no,1
Support,51,pilot_towers_nb2_fr015_SJ010_mono0_dis0_occ0_tdwroom_0051,Will the red cylinder touch the yellow mat?,no,yes,0
Support,52,pilot_towers_nb2_fr015_SJ010_mono0_dis0_occ0_tdwroom_0052,Will the red cylinder touch the yellow mat?,no,no,1
Support,53,pilot_towers_nb2_fr015_SJ010_mono0_dis0_occ0_tdwroom_0053,Will the red cylinder touch the yellow mat?,no,no,1
Support,54,pilot_towers_nb2_fr015_SJ010_mono0_dis0_occ0_tdwroom_0054,Will the red cylinder touch the yellow mat?,no,no,1
Support,55,pilot_towers_nb2_fr015_SJ010_mono0_dis0_occ0_tdwroom_0055,Will the red cylinder touch the yellow mat?,yes,yes,1
Support,56,pilot_towers_nb2_fr015_SJ010_mono0_dis0_occ0_tdwroom_0056,Will the red cylinder touch the yellow mat?,no,yes,0
Support,57,pilot_towers_nb2_fr015_SJ010_mono0_dis0_occ0_tdwroom_0057,Will the red cylinder touch the yellow mat?,yes,yes,1
Support,58,pilot_towers_nb2_fr015_SJ010_mono0_dis0_occ0_tdwroom_0058,Will the red cylinder touch the yellow mat?,yes,yes,1
Support,59,pilot_towers_nb2_fr015_SJ010_mono0_dis0_occ0_tdwroom_0059,Will the red cylinder touch the yellow mat?,no,no,1
Support,60,pilot_towers_nb2_fr015_SJ010_mono0_dis0_occ0_tdwroom_0060,Will the red cylinder touch the yellow mat?,no,no,1
Support,61,pilot_towers_nb2_fr015_SJ010_mono0_dis0_occ0_tdwroom_0061,Will the red cylinder touch the yellow mat?,no,no,1
Support,62,pilot_towers_nb2_fr015_SJ010_mono0_dis0_occ0_tdwroom_0062,Will the red cylinder touch the yellow mat?,yes,yes,1
Support,63,pilot_towers_nb2_fr015_SJ010_mono0_dis0_occ0_tdwroom_0063,Will the red cylinder touch the yellow mat?,no,no,1
Support,64,pilot_towers_nb2_fr015_SJ010_mono0_dis0_occ0_tdwroom_0064,Will the red cylinder touch the yellow mat?,no,no,1
Support,65,pilot_towers_nb2_fr015_SJ010_mono0_dis0_occ0_tdwroom_0065,Will the red cylinder touch the yellow mat?,no,no,1
Support,66,pilot_towers_nb2_fr015_SJ010_mono0_dis0_occ0_tdwroom_0066,Will the red cylinder touch the yellow mat?,yes,yes,1
Support,67,pilot_towers_nb2_fr015_SJ010_mono0_dis0_occ0_tdwroom_0067,Will the red cylinder touch the yellow mat?,no,no,1
Support,68,pilot_towers_nb2_fr015_SJ010_mono0_dis0_occ0_tdwroom_0068,Will the red cylinder touch the yellow mat?,no,no,1
Support,69,pilot_towers_nb2_fr015_SJ010_mono0_dis0_occ0_tdwroom_0069,Will the red cylinder touch the yellow mat?,no,no,1
Support,70,pilot_towers_nb2_fr015_SJ010_mono0_dis0_occ0_tdwroom_0070,Will the red cylinder touch the yellow mat?,no,no,1
Support,71,pilot_towers_nb2_fr015_SJ010_mono0_dis0_occ0_tdwroom_0071,Will the red cylinder touch the yellow mat?,yes,yes,1
Support,72,pilot_towers_nb2_fr015_SJ010_mono0_dis0_occ0_tdwroom_0072,Will the red cylinder touch the yellow mat?,yes,yes,1
Support,73,pilot_towers_nb2_fr015_SJ010_mono0_dis0_occ0_tdwroom_0073,Will the red cylinder touch the yellow mat?,yes,yes,1
Support,74,pilot_towers_nb2_fr015_SJ010_mono0_dis0_occ0_tdwroom_0074,Will the red cylinder touch the yellow mat?,no,no,1
Support,75,pilot_towers_nb2_fr015_SJ010_mono0_dis0_occ0_tdwroom_0075,Will the red cylinder touch the yellow mat?,no,no,1
Support,76,pilot_towers_nb2_fr015_SJ010_mono0_dis0_occ0_tdwroom_0076,Will the red cylinder touch the yellow mat?,yes,yes,1
Support,77,pilot_towers_nb2_fr015_SJ010_mono0_dis0_occ0_tdwroom_0077,Will the red cylinder touch the yellow mat?,yes,yes,1
Support,78,pilot_towers_nb2_fr015_SJ010_mono0_dis0_occ0_tdwroom_0078,Will the red cylinder touch the yellow mat?,yes,yes,1
Support,79,pilot_towers_nb2_fr015_SJ010_mono0_dis0_occ0_tdwroom_0079,Will the red cylinder touch the yellow mat?,no,no,1
Support,80,pilot_towers_nb2_fr015_SJ010_mono0_dis0_occ0_tdwroom_0080,Will the red cylinder touch the yellow mat?,no,no,1
Support,81,pilot_towers_nb2_fr015_SJ010_mono0_dis0_occ0_tdwroom_0081,Will the red cylinder touch the yellow mat?,yes,yes,1
Support,82,pilot_towers_nb2_fr015_SJ010_mono0_dis0_occ0_tdwroom_0082,Will the red cylinder touch the yellow mat?,no,no,1
Support,83,pilot_towers_nb2_fr015_SJ010_mono0_dis0_occ0_tdwroom_0083,Will the red cylinder touch the yellow mat?,no,no,1
Support,84,pilot_towers_nb2_fr015_SJ010_mono0_dis0_occ0_tdwroom_0084,Will the red cylinder touch the yellow mat?,yes,yes,1
Support,85,pilot_towers_nb2_fr015_SJ010_mono0_dis0_occ0_tdwroom_0085,Will the red cylinder touch the yellow mat?,no,no,1
Support,86,pilot_towers_nb2_fr015_SJ010_mono0_dis0_occ0_tdwroom_0086,Will the red cylinder touch the yellow mat?,yes,yes,1
Support,87,pilot_towers_nb2_fr015_SJ010_mono0_dis0_occ0_tdwroom_0087,Will the red cylinder touch the yellow mat?,no,no,1
Support,88,pilot_towers_nb2_fr015_SJ010_mono0_dis0_occ0_tdwroom_0088,Will the red cylinder touch the yellow mat?,no,no,1
Support,89,pilot_towers_nb2_fr015_SJ010_mono0_dis0_occ0_tdwroom_0089,Will the red cylinder touch the yellow mat?,no,no,1
Support,90,pilot_towers_nb2_fr015_SJ010_mono0_dis0_occ0_tdwroom_0090,Will the red cylinder touch the yellow mat?,yes,yes,1
Support,91,pilot_towers_nb2_fr015_SJ010_mono1_dis1_occ1_tdwroom_0000,Will the red cylinder touch the yellow mat?,yes,no,0
Support,92,pilot_towers_nb2_fr015_SJ010_mono1_dis1_occ1_tdwroom_0001,Will the red cylinder touch the yellow mat?,no,no,1
Support,93,pilot_towers_nb2_fr015_SJ010_mono1_dis1_occ1_tdwroom_0002,Will the red cylinder touch the yellow mat?,no,no,1
Support,94,pilot_towers_nb2_fr015_SJ010_mono1_dis1_occ1_tdwroom_0003,Will the red cylinder touch the yellow mat?,yes,no,0
Support,95,pilot_towers_nb2_fr015_SJ010_mono1_dis1_occ1_tdwroom_0004,Will the red cylinder touch the yellow mat?,yes,yes,1
Support,96,pilot_towers_nb2_fr015_SJ010_mono1_dis1_occ1_tdwroom_0005,Will the red cylinder touch the yellow mat?,no,no,1
Support,97,pilot_towers_nb2_fr015_SJ010_mono1_dis1_occ1_tdwroom_0006,Will the red cylinder touch the yellow mat?,yes,no,0
Support,98,pilot_towers_nb2_fr015_SJ010_mono1_dis1_occ1_tdwroom_0007,Will the red cylinder touch the yellow mat?,yes,yes,1
Support,99,pilot_towers_nb2_fr015_SJ010_mono1_dis1_occ1_tdwroom_0008,Will the red cylinder touch the yellow mat?,yes,yes,1
Support,100,pilot_towers_nb2_fr015_SJ010_mono1_dis1_occ1_tdwroom_0009,Will the red cylinder touch the yellow mat?,yes,yes,1
Support,101,pilot_towers_nb2_fr015_SJ010_mono1_dis1_occ1_tdwroom_0010,Will the red cylinder touch the yellow mat?,yes,no,0
Support,102,pilot_towers_nb2_fr015_SJ010_mono1_dis1_occ1_tdwroom_0011,Will the red cylinder touch the yellow mat?,no,no,1
Support,103,pilot_towers_nb2_fr015_SJ010_mono1_dis1_occ1_tdwroom_0012,Will the red cylinder touch the yellow mat?,yes,yes,1
Support,104,pilot_towers_nb2_fr015_SJ010_mono1_dis1_occ1_tdwroom_0013,Will the red cylinder touch the yellow mat?,yes,yes,1
Support,105,pilot_towers_nb2_fr015_SJ010_mono1_dis1_occ1_tdwroom_0014,Will the red cylinder touch the yellow mat?,yes,yes,1
Support,106,pilot_towers_nb2_fr015_SJ010_mono1_dis1_occ1_tdwroom_0015,Will the red cylinder touch the yellow mat?,no,no,1
Support,107,pilot_towers_nb2_fr015_SJ010_mono1_dis1_occ1_tdwroom_0016,Will the red cylinder touch the yellow mat?,no,no,1
Support,108,pilot_towers_nb2_fr015_SJ010_mono1_dis1_occ1_tdwroom_0017,Will the red cylinder touch the yellow mat?,no,no,1
Support,109,pilot_towers_nb2_fr015_SJ010_mono1_dis1_occ1_tdwroom_0018,Will the red cylinder touch the yellow mat?,no,no,1
Support,110,pilot_towers_nb2_fr015_SJ010_mono1_dis1_occ1_tdwroom_0019,Will the red cylinder touch the yellow mat?,no,no,1
Support,111,pilot_towers_nb2_fr015_SJ010_mono1_dis1_occ1_tdwroom_0020,Will the red cylinder touch the yellow mat?,yes,no,0
Support,112,pilot_towers_nb2_fr015_SJ010_mono1_dis1_occ1_tdwroom_0021,Will the red cylinder touch the yellow mat?,yes,yes,1
Support,113,pilot_towers_nb2_fr015_SJ010_mono1_dis1_occ1_tdwroom_0022,Will the red cylinder touch the yellow mat?,no,no,1
Support,114,pilot_towers_nb2_fr015_SJ010_mono1_dis1_occ1_tdwroom_0023,Will the red cylinder touch the yellow mat?,no,no,1
Support,115,pilot_towers_nb2_fr015_SJ010_mono1_dis1_occ1_tdwroom_0024,Will the red cylinder touch the yellow mat?,yes,yes,1
Support,116,pilot_towers_nb2_fr015_SJ010_mono1_dis1_occ1_tdwroom_0025,Will the red cylinder touch the yellow mat?,yes,yes,1
Support,117,pilot_towers_nb2_fr015_SJ010_mono1_dis1_occ1_tdwroom_0026,Will the red cylinder touch the yellow mat?,no,no,1
Support,118,pilot_towers_nb2_fr015_SJ010_mono1_dis1_occ1_tdwroom_0027,Will the red cylinder touch the yellow mat?,no,no,1
Support,119,pilot_towers_nb2_fr015_SJ010_mono1_dis1_occ1_tdwroom_0028,Will the red cylinder touch the yellow mat?,yes,yes,1
Support,120,pilot_towers_nb2_fr015_SJ010_mono1_dis1_occ1_tdwroom_0029,Will the red cylinder touch the yellow mat?,yes,yes,1
Support,121,pilot_towers_nb2_fr015_SJ010_mono1_dis1_occ1_tdwroom_0030,Will the red cylinder touch the yellow mat?,no,no,1
Support,122,pilot_towers_nb2_fr015_SJ010_mono1_dis1_occ1_tdwroom_0031,Will the red cylinder touch the yellow mat?,yes,no,0
Support,123,pilot_towers_nb2_fr015_SJ010_mono1_dis1_occ1_tdwroom_0032,Will the red cylinder touch the yellow mat?,yes,yes,1
Support,124,pilot_towers_nb2_fr015_SJ010_mono1_dis1_occ1_tdwroom_0033,Will the red cylinder touch the yellow mat?,no,no,1
Support,125,pilot_towers_nb2_fr015_SJ010_mono1_dis1_occ1_tdwroom_0034,Will the red cylinder touch the yellow mat?,no,no,1
Support,126,pilot_towers_nb2_fr015_SJ010_mono1_dis1_occ1_tdwroom_0035,Will the red cylinder touch the yellow mat?,yes,yes,1
Support,127,pilot_towers_nb2_fr015_SJ010_mono1_dis1_occ1_tdwroom_0036,Will the red cylinder touch the yellow mat?,no,no,1
Support,128,pilot_towers_nb2_fr015_SJ010_mono1_dis1_occ1_tdwroom_0037,Will the red cylinder touch the yellow mat?,no,no,1
Support,129,pilot_towers_nb2_fr015_SJ010_mono1_dis1_occ1_tdwroom_0038,Will the red cylinder touch the yellow mat?,no,no,1
Support,130,pilot_towers_nb2_fr015_SJ010_mono1_dis1_occ1_tdwroom_0039,Will the red cylinder touch the yellow mat?,no,no,1
Support,131,pilot_towers_nb2_fr015_SJ010_mono1_dis1_occ1_tdwroom_0040,Will the red cylinder touch the yellow mat?,yes,yes,1
Support,132,pilot_towers_nb2_fr015_SJ010_mono1_dis1_occ1_tdwroom_0041,Will the red cylinder touch the yellow mat?,yes,no,0
Support,133,pilot_towers_nb2_fr015_SJ010_mono1_dis1_occ1_tdwroom_0042,Will the red cylinder touch the yellow mat?,no,no,1
Support,134,pilot_towers_nb2_fr015_SJ010_mono1_dis1_occ1_tdwroom_0043,Will the red cylinder touch the yellow mat?,no,no,1
Support,135,pilot_towers_nb2_fr015_SJ010_mono1_dis1_occ1_tdwroom_0044,Will the red cylinder touch the yellow mat?,yes,yes,1
Support,136,pilot_towers_nb2_fr015_SJ010_mono1_dis1_occ1_tdwroom_0045,Will the red cylinder touch the yellow mat?,yes,yes,1
Support,137,pilot_towers_nb2_fr015_SJ010_mono1_dis1_occ1_tdwroom_0046,Will the red cylinder touch the yellow mat?,no,no,1
Support,138,pilot_towers_nb2_fr015_SJ010_mono1_dis1_occ1_tdwroom_0047,Will the red cylinder touch the yellow mat?,no,no,1
Support,139,pilot_towers_nb2_fr015_SJ010_mono1_dis1_occ1_tdwroom_0048,Will the red cylinder touch the yellow mat?,no,yes,0
Support,140,pilot_towers_nb2_fr015_SJ010_mono1_dis1_occ1_tdwroom_0049,Will the red cylinder touch the yellow mat?,yes,yes,1
Support,141,pilot_towers_nb2_fr015_SJ010_mono1_dis1_occ1_tdwroom_0050,Will the red cylinder touch the yellow mat?,yes,no,0
Support,142,pilot_towers_nb2_fr015_SJ010_mono1_dis1_occ1_tdwroom_0051,Will the red cylinder touch the yellow mat?,no,no,1
Support,143,pilot_towers_nb2_fr015_SJ010_mono1_dis1_occ1_tdwroom_0052,Will the red cylinder touch the yellow mat?,no,no,1
Support,144,pilot_towers_nb2_fr015_SJ010_mono1_dis1_occ1_tdwroom_0053,Will the red cylinder touch the yellow mat?,no,no,1
Support,145,pilot_towers_nb2_fr015_SJ010_mono1_dis1_occ1_tdwroom_0054,Will the red cylinder touch the yellow mat?,no,no,1
Support,146,pilot_towers_nb2_fr015_SJ010_mono1_dis1_occ1_tdwroom_0055,Will the red cylinder touch the yellow mat?,yes,yes,1
Support,147,pilot_towers_nb2_fr015_SJ010_mono1_dis1_occ1_tdwroom_0056,Will the red cylinder touch the yellow mat?,no,no,1
Support,148,pilot_towers_nb2_fr015_SJ010_mono1_dis1_occ1_tdwroom_0057,Will the red cylinder touch the yellow mat?,yes,no,0
Support,149,pilot_towers_nb2_fr015_SJ010_mono1_dis1_occ1_tdwroom_0058,Will the red cylinder touch the yellow mat?,yes,yes,1
Support,150,pilot_towers_nb2_fr015_SJ010_mono1_dis1_occ1_tdwroom_0059,Will the red cylinder touch the yellow mat?,no,no,1
Support,151,pilot_towers_nb2_fr015_SJ010_mono1_dis1_occ1_tdwroom_0060,Will the red cylinder touch the yellow mat?,yes,yes,1
Support,152,pilot_towers_nb2_fr015_SJ010_mono1_dis1_occ1_tdwroom_0061,Will the red cylinder touch the yellow mat?,yes,yes,1
Support,153,pilot_towers_nb2_fr015_SJ010_mono1_dis1_occ1_tdwroom_0062,Will the red cylinder touch the yellow mat?,yes,no,0
Support,154,pilot_towers_nb2_fr015_SJ010_mono1_dis1_occ1_tdwroom_0063,Will the red cylinder touch the yellow mat?,no,no,1
Support,155,pilot_towers_nb2_fr015_SJ010_mono1_dis1_occ1_tdwroom_0064,Will the red cylinder touch the yellow mat?,no,no,1
Support,156,pilot_towers_nb2_fr015_SJ010_mono1_dis1_occ1_tdwroom_0065,Will the red cylinder touch the yellow mat?,no,no,1
Support,157,pilot_towers_nb2_fr015_SJ010_mono1_dis1_occ1_tdwroom_0066,Will the red cylinder touch the yellow mat?,no,no,1
Support,158,pilot_towers_nb2_fr015_SJ010_mono1_dis1_occ1_tdwroom_0067,Will the red cylinder touch the yellow mat?,yes,yes,1
Support,159,pilot_towers_nb2_fr015_SJ010_mono1_dis1_occ1_tdwroom_0068,Will the red cylinder touch the yellow mat?,no,no,1
Support,160,pilot_towers_nb2_fr015_SJ010_mono1_dis1_occ1_tdwroom_0069,Will the red cylinder touch the yellow mat?,no,no,1
Support,161,pilot_towers_nb2_fr015_SJ010_mono1_dis1_occ1_tdwroom_0070,Will the red cylinder touch the yellow mat?,yes,no,0
Support,162,pilot_towers_nb2_fr015_SJ010_mono1_dis1_occ1_tdwroom_0071,Will the red cylinder touch the yellow mat?,no,no,1
Support,163,pilot_towers_nb2_fr015_SJ010_mono1_dis1_occ1_tdwroom_0072,Will the red cylinder touch the yellow mat?,yes,yes,1
Support,164,pilot_towers_nb2_fr015_SJ010_mono1_dis1_occ1_tdwroom_0073,Will the red cylinder touch the yellow mat?,yes,yes,1
Support,165,pilot_towers_nb2_fr015_SJ010_mono1_dis1_occ1_tdwroom_0074,Will the red cylinder touch the yellow mat?,yes,no,0
Support,166,pilot_towers_nb2_fr015_SJ010_mono1_dis1_occ1_tdwroom_0075,Will the red cylinder touch the yellow mat?,no,no,1
Support,167,pilot_towers_nb2_fr015_SJ010_mono1_dis1_occ1_tdwroom_0076,Will the red cylinder touch the yellow mat?,yes,yes,1
Support,168,pilot_towers_nb2_fr015_SJ010_mono1_dis1_occ1_tdwroom_0077,Will the red cylinder touch the yellow mat?,yes,yes,1
Support,169,pilot_towers_nb2_fr015_SJ010_mono1_dis1_occ1_tdwroom_0078,Will the red cylinder touch the yellow mat?,yes,yes,1
Support,170,pilot_towers_nb2_fr015_SJ010_mono1_dis1_occ1_tdwroom_0079,Will the red cylinder touch the yellow mat?,no,no,1
Support,171,pilot_towers_nb2_fr015_SJ010_mono1_dis1_occ1_tdwroom_0080,Will the red cylinder touch the yellow mat?,no,no,1
Support,172,pilot_towers_nb2_fr015_SJ010_mono1_dis1_occ1_tdwroom_0081,Will the red cylinder touch the yellow mat?,yes,no,0
Support,173,pilot_towers_nb2_fr015_SJ010_mono1_dis1_occ1_tdwroom_0082,Will the red cylinder touch the yellow mat?,no,no,1
Support,174,pilot_towers_nb2_fr015_SJ010_mono1_dis1_occ1_tdwroom_0083,Will the red cylinder touch the yellow mat?,no,no,1
Support,175,pilot_towers_nb2_fr015_SJ010_mono1_dis1_occ1_tdwroom_0084,Will the red cylinder touch the yellow mat?,yes,yes,1
Support,176,pilot_towers_nb2_fr015_SJ010_mono1_dis1_occ1_tdwroom_0085,Will the red cylinder touch the yellow mat?,no,no,1
Support,177,pilot_towers_nb2_fr015_SJ010_mono1_dis1_occ1_tdwroom_0086,Will the red cylinder touch the yellow mat?,no,yes,0
Support,178,pilot_towers_nb2_fr015_SJ010_mono1_dis1_occ1_tdwroom_0087,Will the red cylinder touch the yellow mat?,no,no,1
Support,179,pilot_towers_nb2_fr015_SJ010_mono1_dis1_occ1_tdwroom_0088,Will the red cylinder touch the yellow mat?,yes,yes,1
Support,180,pilot_towers_nb2_fr015_SJ010_mono1_dis1_occ1_tdwroom_0089,Will the red cylinder touch the yellow mat?,no,no,1
Support,181,pilot_towers_nb2_fr015_SJ010_mono1_dis1_occ1_tdwroom_0090,Will the red cylinder touch the yellow mat?,no,no,1
Support,182,pilot_towers_nb3_fr015_SJ025_mono1_dis0_occ0_tdwroom_0000,Will the red cone touch the yellow mat?,yes,no,0
Support,183,pilot_towers_nb3_fr015_SJ025_mono1_dis0_occ0_tdwroom_0001,Will the red cone touch the yellow mat?,yes,yes,1
Support,184,pilot_towers_nb3_fr015_SJ025_mono1_dis0_occ0_tdwroom_0002,Will the red cone touch the yellow mat?,yes,yes,1
Support,185,pilot_towers_nb3_fr015_SJ025_mono1_dis0_occ0_tdwroom_0003,Will the red cone touch the yellow mat?,yes,yes,1
Support,186,pilot_towers_nb3_fr015_SJ025_mono1_dis0_occ0_tdwroom_0004,Will the red cone touch the yellow mat?,yes,yes,1
Support,187,pilot_towers_nb3_fr015_SJ025_mono1_dis0_occ0_tdwroom_0005,Will the red cone touch the yellow mat?,no,no,1
Support,188,pilot_towers_nb3_fr015_SJ025_mono1_dis0_occ0_tdwroom_0006,Will the red cone touch the yellow mat?,yes,no,0
Support,189,pilot_towers_nb3_fr015_SJ025_mono1_dis0_occ0_tdwroom_0007,Will the red cone touch the yellow mat?,yes,yes,1
Support,190,pilot_towers_nb3_fr015_SJ025_mono1_dis0_occ0_tdwroom_0008,Will the red cone touch the yellow mat?,no,no,1
Support,191,pilot_towers_nb3_fr015_SJ025_mono1_dis0_occ0_tdwroom_0009,Will the red cone touch the yellow mat?,yes,no,0
Support,192,pilot_towers_nb3_fr015_SJ025_mono1_dis0_occ0_tdwroom_0010,Will the red cone touch the yellow mat?,no,no,1
Support,193,pilot_towers_nb3_fr015_SJ025_mono1_dis0_occ0_tdwroom_0011,Will the red cone touch the yellow mat?,yes,yes,1
Support,194,pilot_towers_nb3_fr015_SJ025_mono1_dis0_occ0_tdwroom_0012,Will the red cone touch the yellow mat?,no,no,1
Support,195,pilot_towers_nb3_fr015_SJ025_mono1_dis0_occ0_tdwroom_0013,Will the red cone touch the yellow mat?,yes,no,0
Support,196,pilot_towers_nb3_fr015_SJ025_mono1_dis0_occ0_tdwroom_0014,Will the red cone touch the yellow mat?,yes,no,0
Support,197,pilot_towers_nb3_fr015_SJ025_mono1_dis0_occ0_tdwroom_0015,Will the red cone touch the yellow mat?,yes,no,0
Support,198,pilot_towers_nb3_fr015_SJ025_mono1_dis0_occ0_tdwroom_0016,Will the red cone touch the yellow mat?,yes,yes,1
Support,199,pilot_towers_nb3_fr015_SJ025_mono1_dis0_occ0_tdwroom_0017,Will the red cone touch the yellow mat?,no,no,1
Support,200,pilot_towers_nb3_fr015_SJ025_mono1_dis0_occ0_tdwroom_0018,Will the red cone touch the yellow mat?,no,no,1
Support,201,pilot_towers_nb3_fr015_SJ025_mono1_dis0_occ0_tdwroom_0019,Will the red cone touch the yellow mat?,yes,no,0
Support,202,pilot_towers_nb3_fr015_SJ025_mono1_dis0_occ0_tdwroom_0020,Will the red cone touch the yellow mat?,no,no,1
Support,203,pilot_towers_nb3_fr015_SJ025_mono1_dis0_occ0_tdwroom_0021,Will the red cone touch the yellow mat?,no,no,1
Support,204,pilot_towers_nb3_fr015_SJ025_mono1_dis0_occ0_tdwroom_0022,Will the red cone touch the yellow mat?,yes,yes,1
Support,205,pilot_towers_nb3_fr015_SJ025_mono1_dis0_occ0_tdwroom_0023,Will the red cone touch the yellow mat?,no,no,1
Support,206,pilot_towers_nb3_fr015_SJ025_mono1_dis0_occ0_tdwroom_0024,Will the red cone touch the yellow mat?,yes,yes,1
Support,207,pilot_towers_nb3_fr015_SJ025_mono1_dis0_occ0_tdwroom_0025,Will the red cone touch the yellow mat?,yes,no,0
Support,208,pilot_towers_nb3_fr015_SJ025_mono1_dis0_occ0_tdwroom_0026,Will the red cone touch the yellow mat?,yes,yes,1
Support,209,pilot_towers_nb3_fr015_SJ025_mono1_dis0_occ0_tdwroom_0027,Will the red cone touch the yellow mat?,no,no,1
Support,210,pilot_towers_nb3_fr015_SJ025_mono1_dis0_occ0_tdwroom_0028,Will the red cone touch the yellow mat?,yes,no,0
Support,211,pilot_towers_nb3_fr015_SJ025_mono1_dis0_occ0_tdwroom_0029,Will the red cone touch the yellow mat?,no,no,1
Support,212,pilot_towers_nb3_fr015_SJ025_mono1_dis0_occ0_tdwroom_0030,Will the red cone touch the yellow mat?,no,no,1
Support,213,pilot_towers_nb3_fr015_SJ025_mono1_dis0_occ0_tdwroom_0031,Will the red cone touch the yellow mat?,no,no,1
Support,214,pilot_towers_nb3_fr015_SJ025_mono1_dis0_occ0_tdwroom_0032,Will the red cone touch the yellow mat?,no,no,1
Support,215,pilot_towers_nb3_fr015_SJ025_mono1_dis0_occ0_tdwroom_0033,Will the red cone touch the yellow mat?,no,no,1
Support,216,pilot_towers_nb3_fr015_SJ025_mono1_dis0_occ0_tdwroom_0034,Will the red cone touch the yellow mat?,no,no,1
Support,217,pilot_towers_nb3_fr015_SJ025_mono1_dis0_occ0_tdwroom_0035,Will the red cone touch the yellow mat?,yes,yes,1
Support,218,pilot_towers_nb3_fr015_SJ025_mono1_dis0_occ0_tdwroom_0036,Will the red cone touch the yellow mat?,no,no,1
Support,219,pilot_towers_nb3_fr015_SJ025_mono1_dis0_occ0_tdwroom_0037,Will the red cone touch the yellow mat?,no,no,1
Support,220,pilot_towers_nb3_fr015_SJ025_mono1_dis0_occ0_tdwroom_0038,Will the red cone touch the yellow mat?,yes,no,0
Support,221,pilot_towers_nb3_fr015_SJ025_mono1_dis0_occ0_tdwroom_0039,Will the red cone touch the yellow mat?,yes,yes,1
Support,222,pilot_towers_nb3_fr015_SJ025_mono1_dis0_occ0_tdwroom_0040,Will the red cone touch the yellow mat?,yes,yes,1
Support,223,pilot_towers_nb3_fr015_SJ025_mono1_dis0_occ0_tdwroom_0041,Will the red cone touch the yellow mat?,no,no,1
Support,224,pilot_towers_nb3_fr015_SJ025_mono1_dis0_occ0_tdwroom_0042,Will the red cone touch the yellow mat?,yes,yes,1
Support,225,pilot_towers_nb3_fr015_SJ025_mono1_dis0_occ0_tdwroom_0043,Will the red cone touch the yellow mat?,yes,yes,1
Support,226,pilot_towers_nb3_fr015_SJ025_mono1_dis0_occ0_tdwroom_0044,Will the red cone touch the yellow mat?,yes,yes,1
Support,227,pilot_towers_nb3_fr015_SJ025_mono1_dis0_occ0_tdwroom_0045,Will the red cone touch the yellow mat?,no,no,1
Support,228,pilot_towers_nb3_fr015_SJ025_mono1_dis0_occ0_tdwroom_0046,Will the red cone touch the yellow mat?,no,no,1
Support,229,pilot_towers_nb3_fr015_SJ025_mono1_dis0_occ0_tdwroom_0047,Will the red cone touch the yellow mat?,no,no,1
Support,230,pilot_towers_nb3_fr015_SJ025_mono1_dis0_occ0_tdwroom_0048,Will the red cone touch the yellow mat?,yes,no,0
Support,231,pilot_towers_nb3_fr015_SJ025_mono1_dis0_occ0_tdwroom_0049,Will the red cone touch the yellow mat?,yes,yes,1
Support,232,pilot_towers_nb3_fr015_SJ025_mono1_dis0_occ0_tdwroom_0050,Will the red cone touch the yellow mat?,yes,yes,1
Support,233,pilot_towers_nb3_fr015_SJ025_mono1_dis0_occ0_tdwroom_0051,Will the red cone touch the yellow mat?,yes,no,0
Support,234,pilot_towers_nb3_fr015_SJ025_mono1_dis0_occ0_tdwroom_0052,Will the red cone touch the yellow mat?,yes,no,0
Support,235,pilot_towers_nb3_fr015_SJ025_mono1_dis0_occ0_tdwroom_0053,Will the red cone touch the yellow mat?,yes,no,0
Support,236,pilot_towers_nb3_fr015_SJ025_mono1_dis0_occ0_tdwroom_0054,Will the red cone touch the yellow mat?,no,no,1
Support,237,pilot_towers_nb3_fr015_SJ025_mono1_dis0_occ0_tdwroom_0055,Will the red cone touch the yellow mat?,no,no,1
Support,238,pilot_towers_nb3_fr015_SJ025_mono1_dis0_occ0_tdwroom_0056,Will the red cone touch the yellow mat?,no,no,1
Support,239,pilot_towers_nb3_fr015_SJ025_mono1_dis0_occ0_tdwroom_0057,Will the red cone touch the yellow mat?,yes,no,0
Support,240,pilot_towers_nb3_fr015_SJ025_mono1_dis0_occ0_tdwroom_0058,Will the red cone touch the yellow mat?,yes,yes,1
Support,241,pilot_towers_nb3_fr015_SJ025_mono1_dis0_occ0_tdwroom_0059,Will the red cone touch the yellow mat?,yes,yes,1
Support,242,pilot_towers_nb3_fr015_SJ025_mono1_dis0_occ0_tdwroom_0060,Will the red cone touch the yellow mat?,yes,no,0
Support,243,pilot_towers_nb3_fr015_SJ025_mono1_dis0_occ0_tdwroom_0061,Will the red cone touch the yellow mat?,no,no,1
Support,244,pilot_towers_nb3_fr015_SJ025_mono1_dis0_occ0_tdwroom_0062,Will the red cone touch the yellow mat?,no,no,1
Support,245,pilot_towers_nb3_fr015_SJ025_mono1_dis0_occ0_tdwroom_0063,Will the red cone touch the yellow mat?,no,no,1
Support,246,pilot_towers_nb3_fr015_SJ025_mono1_dis0_occ0_tdwroom_0064,Will the red cone touch the yellow mat?,yes,yes,1
Support,247,pilot_towers_nb3_fr015_SJ025_mono1_dis0_occ0_tdwroom_0065,Will the red cone touch the yellow mat?,yes,yes,1
Support,248,pilot_towers_nb3_fr015_SJ025_mono1_dis0_occ0_tdwroom_0066,Will the red cone touch the yellow mat?,no,no,1
Support,249,pilot_towers_nb3_fr015_SJ025_mono1_dis0_occ0_tdwroom_0067,Will the red cone touch the yellow mat?,yes,yes,1
Support,250,pilot_towers_nb3_fr015_SJ025_mono1_dis0_occ0_tdwroom_0068,Will the red cone touch the yellow mat?,no,no,1
Support,251,pilot_towers_nb3_fr015_SJ025_mono1_dis0_occ0_tdwroom_0069,Will the red cone touch the yellow mat?,no,no,1
Support,252,pilot_towers_nb3_fr015_SJ025_mono1_dis0_occ0_tdwroom_0070,Will the red cone touch the yellow mat?,no,no,1
Support,253,pilot_towers_nb3_fr015_SJ025_mono1_dis0_occ0_tdwroom_0071,Will the red cone touch the yellow mat?,yes,no,0
Support,254,pilot_towers_nb3_fr015_SJ025_mono1_dis0_occ0_tdwroom_0072,Will the red cone touch the yellow mat?,no,yes,0
Support,255,pilot_towers_nb3_fr015_SJ025_mono1_dis0_occ0_tdwroom_0073,Will the red cone touch the yellow mat?,yes,yes,1
Support,256,pilot_towers_nb3_fr015_SJ025_mono1_dis0_occ0_tdwroom_0074,Will the red cone touch the yellow mat?,yes,yes,1
Support,257,pilot_towers_nb3_fr015_SJ025_mono1_dis0_occ0_tdwroom_0075,Will the red cone touch the yellow mat?,yes,no,0
Support,258,pilot_towers_nb3_fr015_SJ025_mono1_dis0_occ0_tdwroom_0076,Will the red cone touch the yellow mat?,no,no,1
Support,259,pilot_towers_nb3_fr015_SJ025_mono1_dis0_occ0_tdwroom_0077,Will the red cone touch the yellow mat?,no,no,1
Support,260,pilot_towers_nb3_fr015_SJ025_mono1_dis0_occ0_tdwroom_0078,Will the red cone touch the yellow mat?,no,no,1
Support,261,pilot_towers_nb3_fr015_SJ025_mono1_dis0_occ0_tdwroom_0079,Will the red cone touch the yellow mat?,yes,no,0
Support,262,pilot_towers_nb3_fr015_SJ025_mono1_dis0_occ0_tdwroom_0080,Will the red cone touch the yellow mat?,yes,yes,1
Support,263,pilot_towers_nb3_fr015_SJ025_mono1_dis0_occ0_tdwroom_0081,Will the red cone touch the yellow mat?,yes,no,0
Support,264,pilot_towers_nb3_fr015_SJ025_mono1_dis0_occ0_tdwroom_0082,Will the red cone touch the yellow mat?,yes,yes,1
Support,265,pilot_towers_nb3_fr015_SJ025_mono1_dis0_occ0_tdwroom_0083,Will the red cone touch the yellow mat?,yes,no,0
Support,266,pilot_towers_nb3_fr015_SJ025_mono1_dis0_occ0_tdwroom_0084,Will the red cone touch the yellow mat?,no,no,1
Support,267,pilot_towers_nb3_fr015_SJ025_mono1_dis0_occ0_tdwroom_0085,Will the red cone touch the yellow mat?,no,no,1
Support,268,pilot_towers_nb3_fr015_SJ025_mono1_dis0_occ0_tdwroom_0086,Will the red cone touch the yellow mat?,yes,yes,1
Support,269,pilot_towers_nb3_fr015_SJ025_mono1_dis0_occ0_tdwroom_0087,Will the red cone touch the yellow mat?,yes,yes,1
Support,270,pilot_towers_nb3_fr015_SJ025_mono1_dis0_occ0_tdwroom_0088,Will the red cone touch the yellow mat?,no,no,1
Support,271,pilot_towers_nb3_fr015_SJ025_mono1_dis0_occ0_tdwroom_0089,Will the red cone touch the yellow mat?,no,no,1
Support,272,pilot_towers_nb3_fr015_SJ025_mono1_dis0_occ0_tdwroom_0090,Will the red cone touch the yellow mat?,yes,yes,1
Support,273,pilot_towers_nb4_SJ025_mono1_dis0_occ0_tdwroom_0000,Will the red sphere touch the yellow mat?,yes,yes,1
Support,274,pilot_towers_nb4_SJ025_mono1_dis0_occ0_tdwroom_0001,Will the red sphere touch the yellow mat?,yes,yes,1
Support,275,pilot_towers_nb4_SJ025_mono1_dis0_occ0_tdwroom_0002,Will the red sphere touch the yellow mat?,yes,yes,1
Support,276,pilot_towers_nb4_SJ025_mono1_dis0_occ0_tdwroom_0003,Will the red sphere touch the yellow mat?,yes,yes,1
Support,277,pilot_towers_nb4_SJ025_mono1_dis0_occ0_tdwroom_0004,Will the red sphere touch the yellow mat?,yes,yes,1
Support,278,pilot_towers_nb4_SJ025_mono1_dis0_occ0_tdwroom_0005,Will the red sphere touch the yellow mat?,yes,no,0
Support,279,pilot_towers_nb4_SJ025_mono1_dis0_occ0_tdwroom_0006,Will the red sphere touch the yellow mat?,yes,yes,1
Support,280,pilot_towers_nb4_SJ025_mono1_dis0_occ0_tdwroom_0007,Will the red sphere touch the yellow mat?,yes,yes,1
Support,281,pilot_towers_nb4_SJ025_mono1_dis0_occ0_tdwroom_0008,Will the red sphere touch the yellow mat?,no,no,1
Support,282,pilot_towers_nb4_SJ025_mono1_dis0_occ0_tdwroom_0009,Will the red sphere touch the yellow mat?,yes,yes,1
Support,283,pilot_towers_nb4_SJ025_mono1_dis0_occ0_tdwroom_0010,Will the red sphere touch the yellow mat?,yes,yes,1
Support,284,pilot_towers_nb4_SJ025_mono1_dis0_occ0_tdwroom_0011,Will the red sphere touch the yellow mat?,yes,yes,1
Support,285,pilot_towers_nb4_SJ025_mono1_dis0_occ0_tdwroom_0012,Will the red sphere touch the yellow mat?,yes,yes,1
Support,286,pilot_towers_nb4_SJ025_mono1_dis0_occ0_tdwroom_0013,Will the red sphere touch the yellow mat?,yes,yes,1
Support,287,pilot_towers_nb4_SJ025_mono1_dis0_occ0_tdwroom_0014,Will the red sphere touch the yellow mat?,yes,yes,1
Support,288,pilot_towers_nb4_SJ025_mono1_dis0_occ0_tdwroom_0015,Will the red sphere touch the yellow mat?,yes,yes,1
Support,289,pilot_towers_nb4_SJ025_mono1_dis0_occ0_tdwroom_0016,Will the red sphere touch the yellow mat?,yes,yes,1
Support,290,pilot_towers_nb4_SJ025_mono1_dis0_occ0_tdwroom_0017,Will the red sphere touch the yellow mat?,no,no,1
Support,291,pilot_towers_nb4_SJ025_mono1_dis0_occ0_tdwroom_0018,Will the red sphere touch the yellow mat?,no,yes,0
Support,292,pilot_towers_nb4_SJ025_mono1_dis0_occ0_tdwroom_0019,Will the red sphere touch the yellow mat?,yes,yes,1
Support,293,pilot_towers_nb4_SJ025_mono1_dis0_occ0_tdwroom_0020,Will the red sphere touch the yellow mat?,no,no,1
Support,294,pilot_towers_nb4_SJ025_mono1_dis0_occ0_tdwroom_0021,Will the red sphere touch the yellow mat?,yes,yes,1
Support,295,pilot_towers_nb4_SJ025_mono1_dis0_occ0_tdwroom_0022,Will the red sphere touch the yellow mat?,yes,yes,1
Support,296,pilot_towers_nb4_SJ025_mono1_dis0_occ0_tdwroom_0023,Will the red sphere touch the yellow mat?,yes,yes,1
Support,297,pilot_towers_nb4_SJ025_mono1_dis0_occ0_tdwroom_0024,Will the red sphere touch the yellow mat?,yes,yes,1
Support,298,pilot_towers_nb4_SJ025_mono1_dis0_occ0_tdwroom_0025,Will the red sphere touch the yellow mat?,yes,yes,1
Support,299,pilot_towers_nb4_SJ025_mono1_dis0_occ0_tdwroom_0026,Will the red sphere touch the yellow mat?,yes,yes,1
Support,300,pilot_towers_nb4_SJ025_mono1_dis0_occ0_tdwroom_0027,Will the red sphere touch the yellow mat?,no,no,1
Support,301,pilot_towers_nb4_SJ025_mono1_dis0_occ0_tdwroom_0028,Will the red sphere touch the yellow mat?,yes,yes,1
Support,302,pilot_towers_nb4_SJ025_mono1_dis0_occ0_tdwroom_0029,Will the red sphere touch the yellow mat?,no,yes,0
Support,303,pilot_towers_nb4_SJ025_mono1_dis0_occ0_tdwroom_0030,Will the red sphere touch the yellow mat?,no,yes,0
Support,304,pilot_towers_nb4_SJ025_mono1_dis0_occ0_tdwroom_0031,Will the red sphere touch the yellow mat?,yes,yes,1
Support,305,pilot_towers_nb4_SJ025_mono1_dis0_occ0_tdwroom_0032,Will the red sphere touch the yellow mat?,yes,yes,1
Support,306,pilot_towers_nb4_SJ025_mono1_dis0_occ0_tdwroom_0033,Will the red sphere touch the yellow mat?,yes,yes,1
Support,307,pilot_towers_nb4_SJ025_mono1_dis0_occ0_tdwroom_0034,Will the red sphere touch the yellow mat?,yes,yes,1
Support,308,pilot_towers_nb4_SJ025_mono1_dis0_occ0_tdwroom_0035,Will the red sphere touch the yellow mat?,yes,no,0
Support,309,pilot_towers_nb4_SJ025_mono1_dis0_occ0_tdwroom_0036,Will the red sphere touch the yellow mat?,yes,yes,1
Support,310,pilot_towers_nb4_SJ025_mono1_dis0_occ0_tdwroom_0037,Will the red sphere touch the yellow mat?,yes,yes,1
Support,311,pilot_towers_nb4_SJ025_mono1_dis0_occ0_tdwroom_0038,Will the red sphere touch the yellow mat?,yes,yes,1
Support,312,pilot_towers_nb4_SJ025_mono1_dis0_occ0_tdwroom_0039,Will the red sphere touch the yellow mat?,yes,yes,1
Support,313,pilot_towers_nb4_SJ025_mono1_dis0_occ0_tdwroom_0040,Will the red sphere touch the yellow mat?,yes,yes,1
Support,314,pilot_towers_nb4_SJ025_mono1_dis0_occ0_tdwroom_0041,Will the red sphere touch the yellow mat?,yes,yes,1
Support,315,pilot_towers_nb4_SJ025_mono1_dis0_occ0_tdwroom_0042,Will the red sphere touch the yellow mat?,yes,yes,1
Support,316,pilot_towers_nb4_SJ025_mono1_dis0_occ0_tdwroom_0043,Will the red sphere touch the yellow mat?,yes,yes,1
Support,317,pilot_towers_nb4_SJ025_mono1_dis0_occ0_tdwroom_0044,Will the red sphere touch the yellow mat?,no,no,1
Support,318,pilot_towers_nb4_SJ025_mono1_dis0_occ0_tdwroom_0045,Will the red sphere touch the yellow mat?,no,no,1
Support,319,pilot_towers_nb4_SJ025_mono1_dis0_occ0_tdwroom_0046,Will the red sphere touch the yellow mat?,yes,yes,1
Support,321,pilot_towers_nb4_SJ025_mono1_dis0_occ0_tdwroom_0048,Will the red sphere touch the yellow mat?,yes,yes,1
Support,322,pilot_towers_nb4_SJ025_mono1_dis0_occ0_tdwroom_0049,Will the red sphere touch the yellow mat?,yes,yes,1
Support,323,pilot_towers_nb4_SJ025_mono1_dis0_occ0_tdwroom_0050,Will the red sphere touch the yellow mat?,yes,yes,1
Support,324,pilot_towers_nb4_SJ025_mono1_dis0_occ0_tdwroom_0051,Will the red sphere touch the yellow mat?,yes,yes,1
Support,325,pilot_towers_nb4_SJ025_mono1_dis0_occ0_tdwroom_0052,Will the red sphere touch the yellow mat?,yes,yes,1
Support,326,pilot_towers_nb4_SJ025_mono1_dis0_occ0_tdwroom_0053,Will the red sphere touch the yellow mat?,yes,no,0
Support,327,pilot_towers_nb4_SJ025_mono1_dis0_occ0_tdwroom_0054,Will the red sphere touch the yellow mat?,no,yes,0
Support,328,pilot_towers_nb4_SJ025_mono1_dis0_occ0_tdwroom_0055,Will the red sphere touch the yellow mat?,no,no,1
Support,329,pilot_towers_nb4_SJ025_mono1_dis0_occ0_tdwroom_0056,Will the red sphere touch the yellow mat?,yes,yes,1
Support,330,pilot_towers_nb4_SJ025_mono1_dis0_occ0_tdwroom_0057,Will the red sphere touch the yellow mat?,yes,yes,1
Support,331,pilot_towers_nb4_SJ025_mono1_dis0_occ0_tdwroom_0058,Will the red sphere touch the yellow mat?,yes,yes,1
Support,332,pilot_towers_nb4_SJ025_mono1_dis0_occ0_tdwroom_0059,Will the red sphere touch the yellow mat?,yes,yes,1
Support,333,pilot_towers_nb4_SJ025_mono1_dis0_occ0_tdwroom_0060,Will the red sphere touch the yellow mat?,yes,yes,1
Support,334,pilot_towers_nb4_SJ025_mono1_dis0_occ0_tdwroom_0061,Will the red sphere touch the yellow mat?,yes,yes,1
Support,335,pilot_towers_nb4_SJ025_mono1_dis0_occ0_tdwroom_0062,Will the red sphere touch the yellow mat?,yes,yes,1
Support,336,pilot_towers_nb4_SJ025_mono1_dis0_occ0_tdwroom_0063,Will the red sphere touch the yellow mat?,no,no,1
Support,337,pilot_towers_nb4_SJ025_mono1_dis0_occ0_tdwroom_0064,Will the red sphere touch the yellow mat?,yes,yes,1
Support,338,pilot_towers_nb4_SJ025_mono1_dis0_occ0_tdwroom_0065,Will the red sphere touch the yellow mat?,yes,yes,1
Support,339,pilot_towers_nb4_SJ025_mono1_dis0_occ0_tdwroom_0066,Will the red sphere touch the yellow mat?,yes,yes,1
Support,340,pilot_towers_nb4_SJ025_mono1_dis0_occ0_tdwroom_0067,Will the red sphere touch the yellow mat?,no,no,1
Support,341,pilot_towers_nb4_SJ025_mono1_dis0_occ0_tdwroom_0068,Will the red sphere touch the yellow mat?,yes,yes,1
Support,342,pilot_towers_nb4_SJ025_mono1_dis0_occ0_tdwroom_0069,Will the red sphere touch the yellow mat?,yes,yes,1
Support,343,pilot_towers_nb4_SJ025_mono1_dis0_occ0_tdwroom_0070,Will the red sphere touch the yellow mat?,yes,yes,1
Support,344,pilot_towers_nb4_SJ025_mono1_dis0_occ0_tdwroom_0071,Will the red sphere touch the yellow mat?,yes,yes,1
Support,345,pilot_towers_nb4_SJ025_mono1_dis0_occ0_tdwroom_0072,Will the red sphere touch the yellow mat?,no,yes,0
Support,346,pilot_towers_nb4_SJ025_mono1_dis0_occ0_tdwroom_0073,Will the red sphere touch the yellow mat?,yes,yes,1
Support,347,pilot_towers_nb4_SJ025_mono1_dis0_occ0_tdwroom_0074,Will the red sphere touch the yellow mat?,no,no,1
Support,348,pilot_towers_nb4_SJ025_mono1_dis0_occ0_tdwroom_0075,Will the red sphere touch the yellow mat?,yes,yes,1
Support,349,pilot_towers_nb4_SJ025_mono1_dis0_occ0_tdwroom_0076,Will the red sphere touch the yellow mat?,no,no,1
Support,350,pilot_towers_nb4_SJ025_mono1_dis0_occ0_tdwroom_0077,Will the red sphere touch the yellow mat?,yes,no,0
Support,351,pilot_towers_nb4_SJ025_mono1_dis0_occ0_tdwroom_0078,Will the red sphere touch the yellow mat?,yes,yes,1
Support,352,pilot_towers_nb4_SJ025_mono1_dis0_occ0_tdwroom_0079,Will the red sphere touch the yellow mat?,yes,yes,1
Support,353,pilot_towers_nb4_SJ025_mono1_dis0_occ0_tdwroom_0080,Will the red sphere touch the yellow mat?,yes,yes,1
Support,354,pilot_towers_nb4_SJ025_mono1_dis0_occ0_tdwroom_0081,Will the red sphere touch the yellow mat?,yes,yes,1
Support,355,pilot_towers_nb4_SJ025_mono1_dis0_occ0_tdwroom_0082,Will the red sphere touch the yellow mat?,yes,yes,1
Support,356,pilot_towers_nb4_SJ025_mono1_dis0_occ0_tdwroom_0083,Will the red sphere touch the yellow mat?,no,yes,0
Support,357,pilot_towers_nb4_SJ025_mono1_dis0_occ0_tdwroom_0084,Will the red sphere touch the yellow mat?,yes,yes,1
Support,358,pilot_towers_nb4_SJ025_mono1_dis0_occ0_tdwroom_0085,Will the red sphere touch the yellow mat?,no,yes,0
Support,359,pilot_towers_nb4_SJ025_mono1_dis0_occ0_tdwroom_0086,Will the red sphere touch the yellow mat?,no,yes,0
Support,360,pilot_towers_nb4_SJ025_mono1_dis0_occ0_tdwroom_0087,Will the red sphere touch the yellow mat?,yes,no,0
Support,361,pilot_towers_nb4_SJ025_mono1_dis0_occ0_tdwroom_0088,Will the red sphere touch the yellow mat?,yes,yes,1
Support,362,pilot_towers_nb4_SJ025_mono1_dis0_occ0_tdwroom_0089,Will the red sphere touch the yellow mat?,yes,yes,1
Support,363,pilot_towers_nb4_SJ025_mono1_dis0_occ0_tdwroom_0090,Will the red sphere touch the yellow mat?,yes,yes,1
Support,364,pilot_towers_nb4_SJ025_mono1_dis1_occ1_boxroom_0000,Will the red sphere touch the yellow mat?,yes,yes,1
Support,365,pilot_towers_nb4_SJ025_mono1_dis1_occ1_boxroom_0001,Will the red sphere touch the yellow mat?,yes,yes,1
Support,366,pilot_towers_nb4_SJ025_mono1_dis1_occ1_boxroom_0002,Will the red sphere touch the yellow mat?,yes,yes,1
Support,367,pilot_towers_nb4_SJ025_mono1_dis1_occ1_boxroom_0003,Will the red sphere touch the yellow mat?,yes,no,0
Support,368,pilot_towers_nb4_SJ025_mono1_dis1_occ1_boxroom_0004,Will the red sphere touch the yellow mat?,yes,yes,1
Support,369,pilot_towers_nb4_SJ025_mono1_dis1_occ1_boxroom_0005,Will the red sphere touch the yellow mat?,yes,no,0
Support,370,pilot_towers_nb4_SJ025_mono1_dis1_occ1_boxroom_0006,Will the red sphere touch the yellow mat?,yes,yes,1
Support,371,pilot_towers_nb4_SJ025_mono1_dis1_occ1_boxroom_0007,Will the red sphere touch the yellow mat?,yes,no,0
Support,372,pilot_towers_nb4_SJ025_mono1_dis1_occ1_boxroom_0008,Will the red sphere touch the yellow mat?,no,no,1
Support,373,pilot_towers_nb4_SJ025_mono1_dis1_occ1_boxroom_0009,Will the red sphere touch the yellow mat?,yes,yes,1
Support,374,pilot_towers_nb4_SJ025_mono1_dis1_occ1_boxroom_0010,Will the red sphere touch the yellow mat?,yes,yes,1
Support,375,pilot_towers_nb4_SJ025_mono1_dis1_occ1_boxroom_0011,Will the red sphere touch the yellow mat?,yes,yes,1
Support,376,pilot_towers_nb4_SJ025_mono1_dis1_occ1_boxroom_0012,Will the red sphere touch the yellow mat?,yes,yes,1
Support,377,pilot_towers_nb4_SJ025_mono1_dis1_occ1_boxroom_0013,Will the red sphere touch the yellow mat?,yes,yes,1
Support,378,pilot_towers_nb4_SJ025_mono1_dis1_occ1_boxroom_0014,Will the red sphere touch the yellow mat?,yes,yes,1
Support,379,pilot_towers_nb4_SJ025_mono1_dis1_occ1_boxroom_0015,Will the red sphere touch the yellow mat?,yes,yes,1
Support,380,pilot_towers_nb4_SJ025_mono1_dis1_occ1_boxroom_0016,Will the red sphere touch the yellow mat?,yes,yes,1
Support,381,pilot_towers_nb4_SJ025_mono1_dis1_occ1_boxroom_0017,Will the red sphere touch the yellow mat?,no,yes,0
Support,382,pilot_towers_nb4_SJ025_mono1_dis1_occ1_boxroom_0018,Will the red sphere touch the yellow mat?,no,no,1
Support,383,pilot_towers_nb4_SJ025_mono1_dis1_occ1_boxroom_0019,Will the red sphere touch the yellow mat?,yes,no,0
Support,384,pilot_towers_nb4_SJ025_mono1_dis1_occ1_boxroom_0020,Will the red sphere touch the yellow mat?,no,no,1
Support,385,pilot_towers_nb4_SJ025_mono1_dis1_occ1_boxroom_0021,Will the red sphere touch the yellow mat?,no,yes,0
Support,386,pilot_towers_nb4_SJ025_mono1_dis1_occ1_boxroom_0022,Will the red sphere touch the yellow mat?,yes,yes,1
Support,387,pilot_towers_nb4_SJ025_mono1_dis1_occ1_boxroom_0023,Will the red sphere touch the yellow mat?,yes,yes,1
Support,388,pilot_towers_nb4_SJ025_mono1_dis1_occ1_boxroom_0024,Will the red sphere touch the yellow mat?,yes,yes,1
Support,389,pilot_towers_nb4_SJ025_mono1_dis1_occ1_boxroom_0025,Will the red sphere touch the yellow mat?,yes,yes,1
Support,390,pilot_towers_nb4_SJ025_mono1_dis1_occ1_boxroom_0026,Will the red sphere touch the yellow mat?,yes,yes,1
Support,391,pilot_towers_nb4_SJ025_mono1_dis1_occ1_boxroom_0027,Will the red sphere touch the yellow mat?,no,no,1
Support,392,pilot_towers_nb4_SJ025_mono1_dis1_occ1_boxroom_0028,Will the red sphere touch the yellow mat?,yes,yes,1
Support,393,pilot_towers_nb4_SJ025_mono1_dis1_occ1_boxroom_0029,Will the red sphere touch the yellow mat?,yes,yes,1
Support,394,pilot_towers_nb4_SJ025_mono1_dis1_occ1_boxroom_0030,Will the red sphere touch the yellow mat?,no,no,1
Support,395,pilot_towers_nb4_SJ025_mono1_dis1_occ1_boxroom_0031,Will the red sphere touch the yellow mat?,yes,yes,1
Support,396,pilot_towers_nb4_SJ025_mono1_dis1_occ1_boxroom_0032,Will the red sphere touch the yellow mat?,yes,yes,1
Support,397,pilot_towers_nb4_SJ025_mono1_dis1_occ1_boxroom_0033,Will the red sphere touch the yellow mat?,yes,yes,1
Support,398,pilot_towers_nb4_SJ025_mono1_dis1_occ1_boxroom_0034,Will the red sphere touch the yellow mat?,yes,no,0
Support,399,pilot_towers_nb4_SJ025_mono1_dis1_occ1_boxroom_0035,Will the red sphere touch the yellow mat?,yes,no,0
Support,400,pilot_towers_nb4_SJ025_mono1_dis1_occ1_boxroom_0036,Will the red sphere touch the yellow mat?,yes,yes,1
Support,401,pilot_towers_nb4_SJ025_mono1_dis1_occ1_boxroom_0037,Will the red sphere touch the yellow mat?,yes,yes,1
Support,402,pilot_towers_nb4_SJ025_mono1_dis1_occ1_boxroom_0038,Will the red sphere touch the yellow mat?,yes,no,0
Support,403,pilot_towers_nb4_SJ025_mono1_dis1_occ1_boxroom_0039,Will the red sphere touch the yellow mat?,yes,yes,1
Support,404,pilot_towers_nb4_SJ025_mono1_dis1_occ1_boxroom_0040,Will the red sphere touch the yellow mat?,yes,yes,1
Support,405,pilot_towers_nb4_SJ025_mono1_dis1_occ1_boxroom_0041,Will the red sphere touch the yellow mat?,yes,no,0
Support,406,pilot_towers_nb4_SJ025_mono1_dis1_occ1_boxroom_0042,Will the red sphere touch the yellow mat?,yes,yes,1
Support,407,pilot_towers_nb4_SJ025_mono1_dis1_occ1_boxroom_0043,Will the red sphere touch the yellow mat?,yes,yes,1
Support,408,pilot_towers_nb4_SJ025_mono1_dis1_occ1_boxroom_0044,Will the red sphere touch the yellow mat?,no,yes,0
Support,409,pilot_towers_nb4_SJ025_mono1_dis1_occ1_boxroom_0045,Will the red sphere touch the yellow mat?,no,no,1
Support,410,pilot_towers_nb4_SJ025_mono1_dis1_occ1_boxroom_0046,Will the red sphere touch the yellow mat?,no,no,1
Support,411,pilot_towers_nb4_SJ025_mono1_dis1_occ1_boxroom_0047,Will the red sphere touch the yellow mat?,yes,yes,1
Support,412,pilot_towers_nb4_SJ025_mono1_dis1_occ1_boxroom_0048,Will the red sphere touch the yellow mat?,yes,yes,1
Support,413,pilot_towers_nb4_SJ025_mono1_dis1_occ1_boxroom_0049,Will the red sphere touch the yellow mat?,yes,yes,1
Support,414,pilot_towers_nb4_SJ025_mono1_dis1_occ1_boxroom_0050,Will the red sphere touch the yellow mat?,yes,yes,1
Support,415,pilot_towers_nb4_SJ025_mono1_dis1_occ1_boxroom_0051,Will the red sphere touch the yellow mat?,yes,yes,1
Support,416,pilot_towers_nb4_SJ025_mono1_dis1_occ1_boxroom_0052,Will the red sphere touch the yellow mat?,yes,yes,1
Support,417,pilot_towers_nb4_SJ025_mono1_dis1_occ1_boxroom_0053,Will the red sphere touch the yellow mat?,yes,yes,1
Support,418,pilot_towers_nb4_SJ025_mono1_dis1_occ1_boxroom_0054,Will the red sphere touch the yellow mat?,no,yes,0
Support,419,pilot_towers_nb4_SJ025_mono1_dis1_occ1_boxroom_0055,Will the red sphere touch the yellow mat?,yes,yes,1
Support,420,pilot_towers_nb4_SJ025_mono1_dis1_occ1_boxroom_0056,Will the red sphere touch the yellow mat?,no,yes,0
Support,421,pilot_towers_nb4_SJ025_mono1_dis1_occ1_boxroom_0057,Will the red sphere touch the yellow mat?,yes,yes,1
Support,422,pilot_towers_nb4_SJ025_mono1_dis1_occ1_boxroom_0058,Will the red sphere touch the yellow mat?,yes,no,0
Support,423,pilot_towers_nb4_SJ025_mono1_dis1_occ1_boxroom_0059,Will the red sphere touch the yellow mat?,yes,yes,1
Support,424,pilot_towers_nb4_SJ025_mono1_dis1_occ1_boxroom_0060,Will the red sphere touch the yellow mat?,yes,yes,1
Support,425,pilot_towers_nb4_SJ025_mono1_dis1_occ1_boxroom_0061,Will the red sphere touch the yellow mat?,yes,yes,1
Support,426,pilot_towers_nb4_SJ025_mono1_dis1_occ1_boxroom_0062,Will the red sphere touch the yellow mat?,no,no,1
Support,427,pilot_towers_nb4_SJ025_mono1_dis1_occ1_boxroom_0063,Will the red sphere touch the yellow mat?,no,no,1
Support,428,pilot_towers_nb4_SJ025_mono1_dis1_occ1_boxroom_0064,Will the red sphere touch the yellow mat?,yes,yes,1
Support,429,pilot_towers_nb4_SJ025_mono1_dis1_occ1_boxroom_0065,Will the red sphere touch the yellow mat?,yes,yes,1
Support,430,pilot_towers_nb4_SJ025_mono1_dis1_occ1_boxroom_0066,Will the red sphere touch the yellow mat?,yes,yes,1
Support,431,pilot_towers_nb4_SJ025_mono1_dis1_occ1_boxroom_0067,Will the red sphere touch the yellow mat?,yes,yes,1
Support,432,pilot_towers_nb4_SJ025_mono1_dis1_occ1_boxroom_0068,Will the red sphere touch the yellow mat?,yes,yes,1
Support,433,pilot_towers_nb4_SJ025_mono1_dis1_occ1_boxroom_0069,Will the red sphere touch the yellow mat?,yes,yes,1
Support,434,pilot_towers_nb4_SJ025_mono1_dis1_occ1_boxroom_0070,Will the red sphere touch the yellow mat?,yes,yes,1
Support,435,pilot_towers_nb4_SJ025_mono1_dis1_occ1_boxroom_0071,Will the red sphere touch the yellow mat?,yes,yes,1
Support,436,pilot_towers_nb4_SJ025_mono1_dis1_occ1_boxroom_0072,Will the red sphere touch the yellow mat?,yes,no,0
Support,437,pilot_towers_nb4_SJ025_mono1_dis1_occ1_boxroom_0073,Will the red sphere touch the yellow mat?,yes,yes,1
Support,438,pilot_towers_nb4_SJ025_mono1_dis1_occ1_boxroom_0074,Will the red sphere touch the yellow mat?,yes,yes,1
Support,439,pilot_towers_nb4_SJ025_mono1_dis1_occ1_boxroom_0075,Will the red sphere touch the yellow mat?,yes,yes,1
Support,440,pilot_towers_nb4_SJ025_mono1_dis1_occ1_boxroom_0076,Will the red sphere touch the yellow mat?,no,no,1
Support,441,pilot_towers_nb4_SJ025_mono1_dis1_occ1_boxroom_0077,Will the red sphere touch the yellow mat?,yes,yes,1
Support,442,pilot_towers_nb4_SJ025_mono1_dis1_occ1_boxroom_0078,Will the red sphere touch the yellow mat?,no,no,1
Support,443,pilot_towers_nb4_SJ025_mono1_dis1_occ1_boxroom_0079,Will the red sphere touch the yellow mat?,yes,yes,1
Support,444,pilot_towers_nb4_SJ025_mono1_dis1_occ1_boxroom_0080,Will the red sphere touch the yellow mat?,yes,yes,1
Support,445,pilot_towers_nb4_SJ025_mono1_dis1_occ1_boxroom_0081,Will the red sphere touch the yellow mat?,yes,no,0
Support,446,pilot_towers_nb4_SJ025_mono1_dis1_occ1_boxroom_0082,Will the red sphere touch the yellow mat?,yes,yes,1
Support,447,pilot_towers_nb4_SJ025_mono1_dis1_occ1_boxroom_0083,Will the red sphere touch the yellow mat?,yes,yes,1
Support,448,pilot_towers_nb4_SJ025_mono1_dis1_occ1_boxroom_0084,Will the red sphere touch the yellow mat?,yes,yes,1
Support,449,pilot_towers_nb4_SJ025_mono1_dis1_occ1_boxroom_0085,Will the red sphere touch the yellow mat?,no,no,1
Support,450,pilot_towers_nb4_SJ025_mono1_dis1_occ1_boxroom_0086,Will the red sphere touch the yellow mat?,yes,yes,1
Support,451,pilot_towers_nb4_SJ025_mono1_dis1_occ1_boxroom_0087,Will the red sphere touch the yellow mat?,no,yes,0
Support,452,pilot_towers_nb4_SJ025_mono1_dis1_occ1_boxroom_0088,Will the red sphere touch the yellow mat?,no,no,1
Support,453,pilot_towers_nb4_SJ025_mono1_dis1_occ1_boxroom_0089,Will the red sphere touch the yellow mat?,yes,yes,1
Support,454,pilot_towers_nb4_SJ025_mono1_dis1_occ1_boxroom_0090,Will the red sphere touch the yellow mat?,yes,yes,1
Support,455,pilot_towers_nb4_fr015_SJ000_gr-01_mono1_dis1_occ1_boxroom_0000,Will the red torus touch the yellow mat?,yes,yes,1
Support,456,pilot_towers_nb4_fr015_SJ000_gr-01_mono1_dis1_occ1_boxroom_0001,Will the red pipe touch the yellow mat?,yes,yes,1
Support,457,pilot_towers_nb4_fr015_SJ000_gr-01_mono1_dis1_occ1_boxroom_0002,Will the red torus touch the yellow mat?,no,no,1
Support,458,pilot_towers_nb4_fr015_SJ000_gr-01_mono1_dis1_occ1_boxroom_0003,Will the red cone touch the yellow mat?,yes,no,0
Support,459,pilot_towers_nb4_fr015_SJ000_gr-01_mono1_dis1_occ1_boxroom_0004,Will the red pipe touch the yellow mat?,yes,no,0
Support,460,pilot_towers_nb4_fr015_SJ000_gr-01_mono1_dis1_occ1_boxroom_0005,Will the red cone touch the yellow mat?,yes,yes,1
Support,461,pilot_towers_nb4_fr015_SJ000_gr-01_mono1_dis1_occ1_boxroom_0006,Will the red pipe touch the yellow mat?,yes,yes,1
Support,462,pilot_towers_nb4_fr015_SJ000_gr-01_mono1_dis1_occ1_boxroom_0007,Will the red torus touch the yellow mat?,yes,no,0
Support,463,pilot_towers_nb4_fr015_SJ000_gr-01_mono1_dis1_occ1_boxroom_0008,Will the red pipe touch the yellow mat?,no,yes,0
Support,464,pilot_towers_nb4_fr015_SJ000_gr-01_mono1_dis1_occ1_boxroom_0009,Will the red pipe touch the yellow mat?,yes,no,0
Support,465,pilot_towers_nb4_fr015_SJ000_gr-01_mono1_dis1_occ1_boxroom_0010,Will the red pipe touch the yellow mat?,yes,no,0
Support,466,pilot_towers_nb4_fr015_SJ000_gr-01_mono1_dis1_occ1_boxroom_0011,Will the red torus touch the yellow mat?,yes,no,0
Support,467,pilot_towers_nb4_fr015_SJ000_gr-01_mono1_dis1_occ1_boxroom_0012,Will the red pipe touch the yellow mat?,yes,no,0
Support,468,pilot_towers_nb4_fr015_SJ000_gr-01_mono1_dis1_occ1_boxroom_0013,Will the red cone touch the yellow mat?,yes,no,0
Support,469,pilot_towers_nb4_fr015_SJ000_gr-01_mono1_dis1_occ1_boxroom_0014,Will the red pipe touch the yellow mat?,yes,no,0
Support,470,pilot_towers_nb4_fr015_SJ000_gr-01_mono1_dis1_occ1_boxroom_0015,Will the red cone touch the yellow mat?,yes,yes,1
Support,471,pilot_towers_nb4_fr015_SJ000_gr-01_mono1_dis1_occ1_boxroom_0016,Will the red pipe touch the yellow mat?,yes,yes,1
Support,472,pilot_towers_nb4_fr015_SJ000_gr-01_mono1_dis1_occ1_boxroom_0017,Will the red pipe touch the yellow mat?,no,yes,0
Support,473,pilot_towers_nb4_fr015_SJ000_gr-01_mono1_dis1_occ1_boxroom_0018,Will the red torus touch the yellow mat?,yes,no,0
Support,474,pilot_towers_nb4_fr015_SJ000_gr-01_mono1_dis1_occ1_boxroom_0019,Will the red cone touch the yellow mat?,yes,no,0
Support,475,pilot_towers_nb4_fr015_SJ000_gr-01_mono1_dis1_occ1_boxroom_0020,Will the red cone touch the yellow mat?,yes,no,0
Support,476,pilot_towers_nb4_fr015_SJ000_gr-01_mono1_dis1_occ1_boxroom_0021,Will the red cone touch the yellow mat?,yes,yes,1
Support,477,pilot_towers_nb4_fr015_SJ000_gr-01_mono1_dis1_occ1_boxroom_0022,Will the red torus touch the yellow mat?,yes,no,0
Support,478,pilot_towers_nb4_fr015_SJ000_gr-01_mono1_dis1_occ1_boxroom_0023,Will the red cone touch the yellow mat?,no,no,1
Support,479,pilot_towers_nb4_fr015_SJ000_gr-01_mono1_dis1_occ1_boxroom_0024,Will the red torus touch the yellow mat?,yes,yes,1
Support,480,pilot_towers_nb4_fr015_SJ000_gr-01_mono1_dis1_occ1_boxroom_0025,Will the red torus touch the yellow mat?,yes,yes,1
Support,481,pilot_towers_nb4_fr015_SJ000_gr-01_mono1_dis1_occ1_boxroom_0026,Will the red pipe touch the yellow mat?,no,no,1
Support,482,pilot_towers_nb4_fr015_SJ000_gr-01_mono1_dis1_occ1_boxroom_0027,Will the red cone touch the yellow mat?,yes,no,0
Support,483,pilot_towers_nb4_fr015_SJ000_gr-01_mono1_dis1_occ1_boxroom_0028,Will the red torus touch the yellow mat?,yes,yes,1
Support,484,pilot_towers_nb4_fr015_SJ000_gr-01_mono1_dis1_occ1_boxroom_0029,Will the red cone touch the yellow mat?,yes,no,0
Support,485,pilot_towers_nb4_fr015_SJ000_gr-01_mono1_dis1_occ1_boxroom_0030,Will the red pipe touch the yellow mat?,no,no,1
Support,486,pilot_towers_nb4_fr015_SJ000_gr-01_mono1_dis1_occ1_boxroom_0031,Will the red pipe touch the yellow mat?,yes,no,0
Support,487,pilot_towers_nb4_fr015_SJ000_gr-01_mono1_dis1_occ1_boxroom_0032,Will the red pipe touch the yellow mat?,yes,yes,1
Support,488,pilot_towers_nb4_fr015_SJ000_gr-01_mono1_dis1_occ1_boxroom_0033,Will the red pipe touch the yellow mat?,yes,no,0
Support,489,pilot_towers_nb4_fr015_SJ000_gr-01_mono1_dis1_occ1_boxroom_0034,Will the red torus touch the yellow mat?,no,no,1
Support,490,pilot_towers_nb4_fr015_SJ000_gr-01_mono1_dis1_occ1_boxroom_0035,Will the red cone touch the yellow mat?,yes,no,0
Support,491,pilot_towers_nb4_fr015_SJ000_gr-01_mono1_dis1_occ1_boxroom_0036,Will the red pipe touch the yellow mat?,no,no,1
Support,492,pilot_towers_nb4_fr015_SJ000_gr-01_mono1_dis1_occ1_boxroom_0037,Will the red cone touch the yellow mat?,yes,yes,1
Support,493,pilot_towers_nb4_fr015_SJ000_gr-01_mono1_dis1_occ1_boxroom_0038,Will the red pipe touch the yellow mat?,yes,no,0
Support,494,pilot_towers_nb4_fr015_SJ000_gr-01_mono1_dis1_occ1_boxroom_0039,Will the red cone touch the yellow mat?,yes,yes,1
Support,495,pilot_towers_nb4_fr015_SJ000_gr-01_mono1_dis1_occ1_boxroom_0040,Will the red cone touch the yellow mat?,yes,yes,1
Support,496,pilot_towers_nb4_fr015_SJ000_gr-01_mono1_dis1_occ1_boxroom_0041,Will the red cone touch the yellow mat?,yes,yes,1
Support,497,pilot_towers_nb4_fr015_SJ000_gr-01_mono1_dis1_occ1_boxroom_0042,Will the red pipe touch the yellow mat?,yes,yes,1
Support,498,pilot_towers_nb4_fr015_SJ000_gr-01_mono1_dis1_occ1_boxroom_0043,Will the red pipe touch the yellow mat?,no,no,1
Support,499,pilot_towers_nb4_fr015_SJ000_gr-01_mono1_dis1_occ1_boxroom_0044,Will the red torus touch the yellow mat?,yes,no,0
Support,500,pilot_towers_nb4_fr015_SJ000_gr-01_mono1_dis1_occ1_boxroom_0045,Will the red torus touch the yellow mat?,yes,yes,1
Support,501,pilot_towers_nb4_fr015_SJ000_gr-01_mono1_dis1_occ1_boxroom_0046,Will the red pipe touch the yellow mat?,no,no,1
Support,502,pilot_towers_nb4_fr015_SJ000_gr-01_mono1_dis1_occ1_boxroom_0047,Will the red pipe touch the yellow mat?,yes,yes,1
Support,503,pilot_towers_nb4_fr015_SJ000_gr-01_mono1_dis1_occ1_boxroom_0048,Will the red pipe touch the yellow mat?,yes,yes,1
Support,504,pilot_towers_nb4_fr015_SJ000_gr-01_mono1_dis1_occ1_boxroom_0049,Will the red cone touch the yellow mat?,yes,yes,1
Support,505,pilot_towers_nb4_fr015_SJ000_gr-01_mono1_dis1_occ1_boxroom_0050,Will the red torus touch the yellow mat?,yes,no,0
Support,506,pilot_towers_nb4_fr015_SJ000_gr-01_mono1_dis1_occ1_boxroom_0051,Will the red torus touch the yellow mat?,yes,no,0
Support,507,pilot_towers_nb4_fr015_SJ000_gr-01_mono1_dis1_occ1_boxroom_0052,Will the red torus touch the yellow mat?,yes,no,0
Support,508,pilot_towers_nb4_fr015_SJ000_gr-01_mono1_dis1_occ1_boxroom_0053,Will the red cone touch the yellow mat?,no,no,1
Support,509,pilot_towers_nb4_fr015_SJ000_gr-01_mono1_dis1_occ1_boxroom_0054,Will the red cone touch the yellow mat?,yes,no,0
Support,510,pilot_towers_nb4_fr015_SJ000_gr-01_mono1_dis1_occ1_boxroom_0055,Will the red pipe touch the yellow mat?,yes,no,0
Support,511,pilot_towers_nb4_fr015_SJ000_gr-01_mono1_dis1_occ1_boxroom_0056,Will the red cone touch the yellow mat?,yes,no,0
Support,512,pilot_towers_nb4_fr015_SJ000_gr-01_mono1_dis1_occ1_boxroom_0057,Will the red torus touch the yellow mat?,yes,no,0
Support,513,pilot_towers_nb4_fr015_SJ000_gr-01_mono1_dis1_occ1_boxroom_0058,Will the red cone touch the yellow mat?,yes,yes,1
Support,514,pilot_towers_nb4_fr015_SJ000_gr-01_mono1_dis1_occ1_boxroom_0059,Will the red torus touch the yellow mat?,yes,no,0
Support,515,pilot_towers_nb4_fr015_SJ000_gr-01_mono1_dis1_occ1_boxroom_0060,Will the red torus touch the yellow mat?,yes,no,0
Support,516,pilot_towers_nb4_fr015_SJ000_gr-01_mono1_dis1_occ1_boxroom_0061,Will the red cone touch the yellow mat?,yes,no,0
Support,517,pilot_towers_nb4_fr015_SJ000_gr-01_mono1_dis1_occ1_boxroom_0062,Will the red cone touch the yellow mat?,yes,no,0
Support,518,pilot_towers_nb4_fr015_SJ000_gr-01_mono1_dis1_occ1_boxroom_0063,Will the red cone touch the yellow mat?,yes,no,0
Support,519,pilot_towers_nb4_fr015_SJ000_gr-01_mono1_dis1_occ1_boxroom_0064,Will the red pipe touch the yellow mat?,yes,no,0
Support,520,pilot_towers_nb4_fr015_SJ000_gr-01_mono1_dis1_occ1_boxroom_0065,Will the red cone touch the yellow mat?,yes,no,0
Support,521,pilot_towers_nb4_fr015_SJ000_gr-01_mono1_dis1_occ1_boxroom_0066,Will the red cone touch the yellow mat?,yes,no,0
Support,522,pilot_towers_nb4_fr015_SJ000_gr-01_mono1_dis1_occ1_boxroom_0067,Will the red pipe touch the yellow mat?,yes,no,0
Support,523,pilot_towers_nb4_fr015_SJ000_gr-01_mono1_dis1_occ1_boxroom_0068,Will the red pipe touch the yellow mat?,no,no,1
Support,524,pilot_towers_nb4_fr015_SJ000_gr-01_mono1_dis1_occ1_boxroom_0069,Will the red pipe touch the yellow mat?,no,no,1
Support,525,pilot_towers_nb4_fr015_SJ000_gr-01_mono1_dis1_occ1_boxroom_0070,Will the red pipe touch the yellow mat?,yes,no,0
Support,526,pilot_towers_nb4_fr015_SJ000_gr-01_mono1_dis1_occ1_boxroom_0071,Will the red torus touch the yellow mat?,yes,no,0
Support,527,pilot_towers_nb4_fr015_SJ000_gr-01_mono1_dis1_occ1_boxroom_0072,Will the red torus touch the yellow mat?,yes,yes,1
Support,528,pilot_towers_nb4_fr015_SJ000_gr-01_mono1_dis1_occ1_boxroom_0073,Will the red pipe touch the yellow mat?,no,no,1
Support,529,pilot_towers_nb4_fr015_SJ000_gr-01_mono1_dis1_occ1_boxroom_0074,Will the red pipe touch the yellow mat?,no,no,1
Support,530,pilot_towers_nb4_fr015_SJ000_gr-01_mono1_dis1_occ1_boxroom_0075,Will the red torus touch the yellow mat?,yes,yes,1
Support,531,pilot_towers_nb4_fr015_SJ000_gr-01_mono1_dis1_occ1_boxroom_0076,Will the red cone touch the yellow mat?,no,no,1
Support,532,pilot_towers_nb4_fr015_SJ000_gr-01_mono1_dis1_occ1_boxroom_0077,Will the red pipe touch the yellow mat?,no,no,1
Support,533,pilot_towers_nb4_fr015_SJ000_gr-01_mono1_dis1_occ1_boxroom_0078,Will the red cone touch the yellow mat?,no,no,1
Support,534,pilot_towers_nb4_fr015_SJ000_gr-01_mono1_dis1_occ1_boxroom_0079,Will the red cone touch the yellow mat?,no,no,1
Support,535,pilot_towers_nb4_fr015_SJ000_gr-01_mono1_dis1_occ1_boxroom_0080,Will the red cone touch the yellow mat?,yes,yes,1
Support,536,pilot_towers_nb4_fr015_SJ000_gr-01_mono1_dis1_occ1_boxroom_0081,Will the red torus touch the yellow mat?,yes,no,0
Support,537,pilot_towers_nb4_fr015_SJ000_gr-01_mono1_dis1_occ1_boxroom_0082,Will the red torus touch the yellow mat?,yes,no,0
Support,538,pilot_towers_nb4_fr015_SJ000_gr-01_mono1_dis1_occ1_boxroom_0083,Will the red pipe touch the yellow mat?,yes,yes,1
Support,539,pilot_towers_nb4_fr015_SJ000_gr-01_mono1_dis1_occ1_boxroom_0084,Will the red cone touch the yellow mat?,yes,yes,1
Support,540,pilot_towers_nb4_fr015_SJ000_gr-01_mono1_dis1_occ1_boxroom_0085,Will the red pipe touch the yellow mat?,no,no,1
Support,541,pilot_towers_nb4_fr015_SJ000_gr-01_mono1_dis1_occ1_boxroom_0086,Will the red cone touch the yellow mat?,yes,yes,1
Support,542,pilot_towers_nb4_fr015_SJ000_gr-01_mono1_dis1_occ1_boxroom_0087,Will the red pipe touch the yellow mat?,yes,yes,1
Support,543,pilot_towers_nb4_fr015_SJ000_gr-01_mono1_dis1_occ1_boxroom_0088,Will the red pipe touch the yellow mat?,yes,yes,1
Support,544,pilot_towers_nb4_fr015_SJ000_gr-01_mono1_dis1_occ1_boxroom_0089,Will the red pipe touch the yellow mat?,yes,no,0
Support,545,pilot_towers_nb4_fr015_SJ000_gr-01_mono1_dis1_occ1_boxroom_0090,Will the red pipe touch the yellow mat?,no,no,1
Support,546,pilot_towers_nb4_fr015_SJ000_gr000sph_mono1_dis0_occ0_tdwroom_0000,Will the red sphere touch the yellow mat?,no,yes,0
Support,547,pilot_towers_nb4_fr015_SJ000_gr000sph_mono1_dis0_occ0_tdwroom_0001,Will the red sphere touch the yellow mat?,no,no,1
Support,548,pilot_towers_nb4_fr015_SJ000_gr000sph_mono1_dis0_occ0_tdwroom_0002,Will the red sphere touch the yellow mat?,no,yes,0
Support,549,pilot_towers_nb4_fr015_SJ000_gr000sph_mono1_dis0_occ0_tdwroom_0003,Will the red sphere touch the yellow mat?,yes,yes,1
Support,550,pilot_towers_nb4_fr015_SJ000_gr000sph_mono1_dis0_occ0_tdwroom_0004,Will the red sphere touch the yellow mat?,no,yes,0
Support,551,pilot_towers_nb4_fr015_SJ000_gr000sph_mono1_dis0_occ0_tdwroom_0005,Will the red sphere touch the yellow mat?,yes,yes,1
Support,552,pilot_towers_nb4_fr015_SJ000_gr000sph_mono1_dis0_occ0_tdwroom_0006,Will the red sphere touch the yellow mat?,no,yes,0
Support,553,pilot_towers_nb4_fr015_SJ000_gr000sph_mono1_dis0_occ0_tdwroom_0007,Will the red sphere touch the yellow mat?,no,yes,0
Support,554,pilot_towers_nb4_fr015_SJ000_gr000sph_mono1_dis0_occ0_tdwroom_0008,Will the red sphere touch the yellow mat?,no,no,1
Support,555,pilot_towers_nb4_fr015_SJ000_gr000sph_mono1_dis0_occ0_tdwroom_0009,Will the red sphere touch the yellow mat?,yes,yes,1
Support,556,pilot_towers_nb4_fr015_SJ000_gr000sph_mono1_dis0_occ0_tdwroom_0010,Will the red sphere touch the yellow mat?,no,yes,0
Support,557,pilot_towers_nb4_fr015_SJ000_gr000sph_mono1_dis0_occ0_tdwroom_0011,Will the red sphere touch the yellow mat?,no,no,1
Support,558,pilot_towers_nb4_fr015_SJ000_gr000sph_mono1_dis0_occ0_tdwroom_0012,Will the red sphere touch the yellow mat?,no,no,1
Support,559,pilot_towers_nb4_fr015_SJ000_gr000sph_mono1_dis0_occ0_tdwroom_0013,Will the red sphere touch the yellow mat?,no,yes,0
Support,560,pilot_towers_nb4_fr015_SJ000_gr000sph_mono1_dis0_occ0_tdwroom_0014,Will the red sphere touch the yellow mat?,no,yes,0
Support,561,pilot_towers_nb4_fr015_SJ000_gr000sph_mono1_dis0_occ0_tdwroom_0015,Will the red sphere touch the yellow mat?,yes,yes,1
Support,562,pilot_towers_nb4_fr015_SJ000_gr000sph_mono1_dis0_occ0_tdwroom_0016,Will the red sphere touch the yellow mat?,no,no,1
Support,563,pilot_towers_nb4_fr015_SJ000_gr000sph_mono1_dis0_occ0_tdwroom_0017,Will the red sphere touch the yellow mat?,no,no,1
Support,564,pilot_towers_nb4_fr015_SJ000_gr000sph_mono1_dis0_occ0_tdwroom_0018,Will the red sphere touch the yellow mat?,yes,yes,1
Support,565,pilot_towers_nb4_fr015_SJ000_gr000sph_mono1_dis0_occ0_tdwroom_0019,Will the red sphere touch the yellow mat?,yes,yes,1
Support,566,pilot_towers_nb4_fr015_SJ000_gr000sph_mono1_dis0_occ0_tdwroom_0020,Will the red sphere touch the yellow mat?,no,yes,0
Support,567,pilot_towers_nb4_fr015_SJ000_gr000sph_mono1_dis0_occ0_tdwroom_0021,Will the red sphere touch the yellow mat?,yes,yes,1
Support,568,pilot_towers_nb4_fr015_SJ000_gr000sph_mono1_dis0_occ0_tdwroom_0022,Will the red sphere touch the yellow mat?,no,yes,0
Support,569,pilot_towers_nb4_fr015_SJ000_gr000sph_mono1_dis0_occ0_tdwroom_0023,Will the red sphere touch the yellow mat?,yes,yes,1
Support,570,pilot_towers_nb4_fr015_SJ000_gr000sph_mono1_dis0_occ0_tdwroom_0024,Will the red sphere touch the yellow mat?,no,yes,0
Support,571,pilot_towers_nb4_fr015_SJ000_gr000sph_mono1_dis0_occ0_tdwroom_0025,Will the red sphere touch the yellow mat?,no,yes,0
Support,572,pilot_towers_nb4_fr015_SJ000_gr000sph_mono1_dis0_occ0_tdwroom_0026,Will the red sphere touch the yellow mat?,no,yes,0
Support,573,pilot_towers_nb4_fr015_SJ000_gr000sph_mono1_dis0_occ0_tdwroom_0027,Will the red sphere touch the yellow mat?,no,no,1
Support,574,pilot_towers_nb4_fr015_SJ000_gr000sph_mono1_dis0_occ0_tdwroom_0028,Will the red sphere touch the yellow mat?,yes,yes,1
Support,575,pilot_towers_nb4_fr015_SJ000_gr000sph_mono1_dis0_occ0_tdwroom_0029,Will the red sphere touch the yellow mat?,no,yes,0
Support,576,pilot_towers_nb4_fr015_SJ000_gr000sph_mono1_dis0_occ0_tdwroom_0030,Will the red sphere touch the yellow mat?,no,no,1
Support,577,pilot_towers_nb4_fr015_SJ000_gr000sph_mono1_dis0_occ0_tdwroom_0031,Will the red sphere touch the yellow mat?,yes,yes,1
Support,578,pilot_towers_nb4_fr015_SJ000_gr000sph_mono1_dis0_occ0_tdwroom_0032,Will the red sphere touch the yellow mat?,no,yes,0
Support,579,pilot_towers_nb4_fr015_SJ000_gr000sph_mono1_dis0_occ0_tdwroom_0033,Will the red sphere touch the yellow mat?,yes,yes,1
Support,580,pilot_towers_nb4_fr015_SJ000_gr000sph_mono1_dis0_occ0_tdwroom_0034,Will the red sphere touch the yellow mat?,no,yes,0
Support,581,pilot_towers_nb4_fr015_SJ000_gr000sph_mono1_dis0_occ0_tdwroom_0035,Will the red sphere touch the yellow mat?,no,no,1
Support,582,pilot_towers_nb4_fr015_SJ000_gr000sph_mono1_dis0_occ0_tdwroom_0036,Will the red sphere touch the yellow mat?,no,no,1
Support,583,pilot_towers_nb4_fr015_SJ000_gr000sph_mono1_dis0_occ0_tdwroom_0037,Will the red sphere touch the yellow mat?,yes,yes,1
Support,584,pilot_towers_nb4_fr015_SJ000_gr000sph_mono1_dis0_occ0_tdwroom_0038,Will the red sphere touch the yellow mat?,yes,yes,1
Support,585,pilot_towers_nb4_fr015_SJ000_gr000sph_mono1_dis0_occ0_tdwroom_0039,Will the red sphere touch the yellow mat?,yes,yes,1
Support,586,pilot_towers_nb4_fr015_SJ000_gr000sph_mono1_dis0_occ0_tdwroom_0040,Will the red sphere touch the yellow mat?,no,yes,0
Support,587,pilot_towers_nb4_fr015_SJ000_gr000sph_mono1_dis0_occ0_tdwroom_0041,Will the red sphere touch the yellow mat?,no,no,1
Support,588,pilot_towers_nb4_fr015_SJ000_gr000sph_mono1_dis0_occ0_tdwroom_0042,Will the red sphere touch the yellow mat?,no,yes,0
Support,589,pilot_towers_nb4_fr015_SJ000_gr000sph_mono1_dis0_occ0_tdwroom_0043,Will the red sphere touch the yellow mat?,yes,yes,1
Support,590,pilot_towers_nb4_fr015_SJ000_gr000sph_mono1_dis0_occ0_tdwroom_0044,Will the red sphere touch the yellow mat?,no,yes,0
Support,591,pilot_towers_nb4_fr015_SJ000_gr000sph_mono1_dis0_occ0_tdwroom_0045,Will the red sphere touch the yellow mat?,no,yes,0
Support,592,pilot_towers_nb4_fr015_SJ000_gr000sph_mono1_dis0_occ0_tdwroom_0046,Will the red sphere touch the yellow mat?,no,no,1
Support,593,pilot_towers_nb4_fr015_SJ000_gr000sph_mono1_dis0_occ0_tdwroom_0047,Will the red sphere touch the yellow mat?,no,yes,0
Support,594,pilot_towers_nb4_fr015_SJ000_gr000sph_mono1_dis0_occ0_tdwroom_0048,Will the red sphere touch the yellow mat?,no,yes,0
Support,595,pilot_towers_nb4_fr015_SJ000_gr000sph_mono1_dis0_occ0_tdwroom_0049,Will the red sphere touch the yellow mat?,no,yes,0
Support,596,pilot_towers_nb4_fr015_SJ000_gr000sph_mono1_dis0_occ0_tdwroom_0050,Will the red sphere touch the yellow mat?,yes,yes,1
Support,597,pilot_towers_nb4_fr015_SJ000_gr000sph_mono1_dis0_occ0_tdwroom_0051,Will the red sphere touch the yellow mat?,no,yes,0
Support,598,pilot_towers_nb4_fr015_SJ000_gr000sph_mono1_dis0_occ0_tdwroom_0052,Will the red sphere touch the yellow mat?,no,no,1
Support,599,pilot_towers_nb4_fr015_SJ000_gr000sph_mono1_dis0_occ0_tdwroom_0053,Will the red sphere touch the yellow mat?,no,no,1
Support,600,pilot_towers_nb4_fr015_SJ000_gr000sph_mono1_dis0_occ0_tdwroom_0054,Will the red sphere touch the yellow mat?,no,no,1
Support,601,pilot_towers_nb4_fr015_SJ000_gr000sph_mono1_dis0_occ0_tdwroom_0055,Will the red sphere touch the yellow mat?,yes,yes,1
Support,602,pilot_towers_nb4_fr015_SJ000_gr000sph_mono1_dis0_occ0_tdwroom_0056,Will the red sphere touch the yellow mat?,yes,yes,1
Support,603,pilot_towers_nb4_fr015_SJ000_gr000sph_mono1_dis0_occ0_tdwroom_0057,Will the red sphere touch the yellow mat?,no,yes,0
Support,604,pilot_towers_nb4_fr015_SJ000_gr000sph_mono1_dis0_occ0_tdwroom_0058,Will the red sphere touch the yellow mat?,no,no,1
Support,605,pilot_towers_nb4_fr015_SJ000_gr000sph_mono1_dis0_occ0_tdwroom_0059,Will the red sphere touch the yellow mat?,yes,yes,1
Support,606,pilot_towers_nb4_fr015_SJ000_gr000sph_mono1_dis0_occ0_tdwroom_0060,Will the red sphere touch the yellow mat?,no,yes,0
Support,607,pilot_towers_nb4_fr015_SJ000_gr000sph_mono1_dis0_occ0_tdwroom_0061,Will the red sphere touch the yellow mat?,no,no,1
Support,608,pilot_towers_nb4_fr015_SJ000_gr000sph_mono1_dis0_occ0_tdwroom_0062,Will the red sphere touch the yellow mat?,no,no,1
Support,609,pilot_towers_nb4_fr015_SJ000_gr000sph_mono1_dis0_occ0_tdwroom_0063,Will the red sphere touch the yellow mat?,yes,yes,1
Support,610,pilot_towers_nb4_fr015_SJ000_gr000sph_mono1_dis0_occ0_tdwroom_0064,Will the red sphere touch the yellow mat?,no,yes,0
Support,611,pilot_towers_nb4_fr015_SJ000_gr000sph_mono1_dis0_occ0_tdwroom_0065,Will the red sphere touch the yellow mat?,yes,yes,1
Support,612,pilot_towers_nb4_fr015_SJ000_gr000sph_mono1_dis0_occ0_tdwroom_0066,Will the red sphere touch the yellow mat?,no,no,1
Support,613,pilot_towers_nb4_fr015_SJ000_gr000sph_mono1_dis0_occ0_tdwroom_0067,Will the red sphere touch the yellow mat?,no,no,1
Support,614,pilot_towers_nb4_fr015_SJ000_gr000sph_mono1_dis0_occ0_tdwroom_0068,Will the red sphere touch the yellow mat?,no,no,1
Support,615,pilot_towers_nb4_fr015_SJ000_gr000sph_mono1_dis0_occ0_tdwroom_0069,Will the red sphere touch the yellow mat?,no,no,1
Support,616,pilot_towers_nb4_fr015_SJ000_gr000sph_mono1_dis0_occ0_tdwroom_0070,Will the red sphere touch the yellow mat?,yes,yes,1
Support,617,pilot_towers_nb4_fr015_SJ000_gr000sph_mono1_dis0_occ0_tdwroom_0071,Will the red sphere touch the yellow mat?,yes,yes,1
Support,618,pilot_towers_nb4_fr015_SJ000_gr000sph_mono1_dis0_occ0_tdwroom_0072,Will the red sphere touch the yellow mat?,no,yes,0
Support,619,pilot_towers_nb4_fr015_SJ000_gr000sph_mono1_dis0_occ0_tdwroom_0073,Will the red sphere touch the yellow mat?,no,no,1
Support,620,pilot_towers_nb4_fr015_SJ000_gr000sph_mono1_dis0_occ0_tdwroom_0074,Will the red sphere touch the yellow mat?,no,yes,0
Support,621,pilot_towers_nb4_fr015_SJ000_gr000sph_mono1_dis0_occ0_tdwroom_0075,Will the red sphere touch the yellow mat?,no,no,1
Support,622,pilot_towers_nb4_fr015_SJ000_gr000sph_mono1_dis0_occ0_tdwroom_0076,Will the red sphere touch the yellow mat?,no,yes,0
Support,623,pilot_towers_nb4_fr015_SJ000_gr000sph_mono1_dis0_occ0_tdwroom_0077,Will the red sphere touch the yellow mat?,no,yes,0
Support,624,pilot_towers_nb4_fr015_SJ000_gr000sph_mono1_dis0_occ0_tdwroom_0078,Will the red sphere touch the yellow mat?,no,yes,0
Support,625,pilot_towers_nb4_fr015_SJ000_gr000sph_mono1_dis0_occ0_tdwroom_0079,Will the red sphere touch the yellow mat?,no,yes,0
Support,626,pilot_towers_nb4_fr015_SJ000_gr000sph_mono1_dis0_occ0_tdwroom_0080,Will the red sphere touch the yellow mat?,yes,yes,1
Support,627,pilot_towers_nb4_fr015_SJ000_gr000sph_mono1_dis0_occ0_tdwroom_0081,Will the red sphere touch the yellow mat?,no,no,1
Support,628,pilot_towers_nb4_fr015_SJ000_gr000sph_mono1_dis0_occ0_tdwroom_0082,Will the red sphere touch the yellow mat?,yes,yes,1
Support,629,pilot_towers_nb4_fr015_SJ000_gr000sph_mono1_dis0_occ0_tdwroom_0083,Will the red sphere touch the yellow mat?,no,no,1
Support,630,pilot_towers_nb4_fr015_SJ000_gr000sph_mono1_dis0_occ0_tdwroom_0084,Will the red sphere touch the yellow mat?,no,no,1
Support,631,pilot_towers_nb4_fr015_SJ000_gr000sph_mono1_dis0_occ0_tdwroom_0085,Will the red sphere touch the yellow mat?,no,no,1
Support,632,pilot_towers_nb4_fr015_SJ000_gr000sph_mono1_dis0_occ0_tdwroom_0086,Will the red sphere touch the yellow mat?,no,yes,0
Support,633,pilot_towers_nb4_fr015_SJ000_gr000sph_mono1_dis0_occ0_tdwroom_0087,Will the red sphere touch the yellow mat?,no,yes,0
Support,634,pilot_towers_nb4_fr015_SJ000_gr000sph_mono1_dis0_occ0_tdwroom_0088,Will the red sphere touch the yellow mat?,no,no,1
Support,635,pilot_towers_nb4_fr015_SJ000_gr000sph_mono1_dis0_occ0_tdwroom_0089,Will the red sphere touch the yellow mat?,no,no,1
Support,636,pilot_towers_nb4_fr015_SJ000_gr000sph_mono1_dis0_occ0_tdwroom_0090,Will the red sphere touch the yellow mat?,yes,yes,1
Support,637,pilot_towers_nb4_fr015_SJ000_gr015sph_mono1_dis0_occ0_tdwroom_0000,Will the red sphere touch the yellow mat?,no,no,1
Support,638,pilot_towers_nb4_fr015_SJ000_gr015sph_mono1_dis0_occ0_tdwroom_0001,Will the red sphere touch the yellow mat?,yes,yes,1
Support,639,pilot_towers_nb4_fr015_SJ000_gr015sph_mono1_dis0_occ0_tdwroom_0002,Will the red sphere touch the yellow mat?,yes,yes,1
Support,640,pilot_towers_nb4_fr015_SJ000_gr015sph_mono1_dis0_occ0_tdwroom_0003,Will the red sphere touch the yellow mat?,no,no,1
Support,641,pilot_towers_nb4_fr015_SJ000_gr015sph_mono1_dis0_occ0_tdwroom_0004,Will the red sphere touch the yellow mat?,yes,yes,1
Support,642,pilot_towers_nb4_fr015_SJ000_gr015sph_mono1_dis0_occ0_tdwroom_0005,Will the red sphere touch the yellow mat?,no,no,1
Support,643,pilot_towers_nb4_fr015_SJ000_gr015sph_mono1_dis0_occ0_tdwroom_0006,Will the red sphere touch the yellow mat?,yes,yes,1
Support,644,pilot_towers_nb4_fr015_SJ000_gr015sph_mono1_dis0_occ0_tdwroom_0007,Will the red sphere touch the yellow mat?,no,no,1
Support,645,pilot_towers_nb4_fr015_SJ000_gr015sph_mono1_dis0_occ0_tdwroom_0008,Will the red sphere touch the yellow mat?,no,no,1
Support,646,pilot_towers_nb4_fr015_SJ000_gr015sph_mono1_dis0_occ0_tdwroom_0009,Will the red sphere touch the yellow mat?,yes,yes,1
Support,647,pilot_towers_nb4_fr015_SJ000_gr015sph_mono1_dis0_occ0_tdwroom_0010,Will the red sphere touch the yellow mat?,no,yes,0
Support,648,pilot_towers_nb4_fr015_SJ000_gr015sph_mono1_dis0_occ0_tdwroom_0011,Will the red sphere touch the yellow mat?,no,no,1
Support,649,pilot_towers_nb4_fr015_SJ000_gr015sph_mono1_dis0_occ0_tdwroom_0012,Will the red sphere touch the yellow mat?,yes,yes,1
Support,650,pilot_towers_nb4_fr015_SJ000_gr015sph_mono1_dis0_occ0_tdwroom_0013,Will the red sphere touch the yellow mat?,no,yes,0
Support,651,pilot_towers_nb4_fr015_SJ000_gr015sph_mono1_dis0_occ0_tdwroom_0014,Will the red sphere touch the yellow mat?,no,no,1
Support,652,pilot_towers_nb4_fr015_SJ000_gr015sph_mono1_dis0_occ0_tdwroom_0015,Will the red sphere touch the yellow mat?,yes,yes,1
Support,653,pilot_towers_nb4_fr015_SJ000_gr015sph_mono1_dis0_occ0_tdwroom_0016,Will the red sphere touch the yellow mat?,yes,yes,1
Support,654,pilot_towers_nb4_fr015_SJ000_gr015sph_mono1_dis0_occ0_tdwroom_0017,Will the red sphere touch the yellow mat?,no,no,1
Support,655,pilot_towers_nb4_fr015_SJ000_gr015sph_mono1_dis0_occ0_tdwroom_0018,Will the red sphere touch the yellow mat?,no,no,1
Support,656,pilot_towers_nb4_fr015_SJ000_gr015sph_mono1_dis0_occ0_tdwroom_0019,Will the red sphere touch the yellow mat?,no,no,1
Support,657,pilot_towers_nb4_fr015_SJ000_gr015sph_mono1_dis0_occ0_tdwroom_0020,Will the red sphere touch the yellow mat?,yes,yes,1
Support,658,pilot_towers_nb4_fr015_SJ000_gr015sph_mono1_dis0_occ0_tdwroom_0021,Will the red sphere touch the yellow mat?,no,yes,0
Support,659,pilot_towers_nb4_fr015_SJ000_gr015sph_mono1_dis0_occ0_tdwroom_0022,Will the red sphere touch the yellow mat?,no,yes,0
Support,660,pilot_towers_nb4_fr015_SJ000_gr015sph_mono1_dis0_occ0_tdwroom_0023,Will the red sphere touch the yellow mat?,no,no,1
Support,661,pilot_towers_nb4_fr015_SJ000_gr015sph_mono1_dis0_occ0_tdwroom_0024,Will the red sphere touch the yellow mat?,no,yes,0
Support,662,pilot_towers_nb4_fr015_SJ000_gr015sph_mono1_dis0_occ0_tdwroom_0025,Will the red sphere touch the yellow mat?,no,yes,0
Support,663,pilot_towers_nb4_fr015_SJ000_gr015sph_mono1_dis0_occ0_tdwroom_0026,Will the red sphere touch the yellow mat?,no,yes,0
Support,664,pilot_towers_nb4_fr015_SJ000_gr015sph_mono1_dis0_occ0_tdwroom_0027,Will the red sphere touch the yellow mat?,no,no,1
Support,665,pilot_towers_nb4_fr015_SJ000_gr015sph_mono1_dis0_occ0_tdwroom_0028,Will the red sphere touch the yellow mat?,yes,yes,1
Support,666,pilot_towers_nb4_fr015_SJ000_gr015sph_mono1_dis0_occ0_tdwroom_0029,Will the red sphere touch the yellow mat?,no,no,1
Support,667,pilot_towers_nb4_fr015_SJ000_gr015sph_mono1_dis0_occ0_tdwroom_0030,Will the red sphere touch the yellow mat?,yes,yes,1
Support,668,pilot_towers_nb4_fr015_SJ000_gr015sph_mono1_dis0_occ0_tdwroom_0031,Will the red sphere touch the yellow mat?,yes,yes,1
Support,669,pilot_towers_nb4_fr015_SJ000_gr015sph_mono1_dis0_occ0_tdwroom_0032,Will the red sphere touch the yellow mat?,no,yes,0
Support,670,pilot_towers_nb4_fr015_SJ000_gr015sph_mono1_dis0_occ0_tdwroom_0033,Will the red sphere touch the yellow mat?,yes,yes,1
Support,671,pilot_towers_nb4_fr015_SJ000_gr015sph_mono1_dis0_occ0_tdwroom_0034,Will the red sphere touch the yellow mat?,no,yes,0
Support,672,pilot_towers_nb4_fr015_SJ000_gr015sph_mono1_dis0_occ0_tdwroom_0035,Will the red sphere touch the yellow mat?,yes,yes,1
Support,673,pilot_towers_nb4_fr015_SJ000_gr015sph_mono1_dis0_occ0_tdwroom_0036,Will the red sphere touch the yellow mat?,yes,yes,1
Support,674,pilot_towers_nb4_fr015_SJ000_gr015sph_mono1_dis0_occ0_tdwroom_0037,Will the red sphere touch the yellow mat?,no,no,1
Support,675,pilot_towers_nb4_fr015_SJ000_gr015sph_mono1_dis0_occ0_tdwroom_0038,Will the red sphere touch the yellow mat?,yes,yes,1
Support,676,pilot_towers_nb4_fr015_SJ000_gr015sph_mono1_dis0_occ0_tdwroom_0039,Will the red sphere touch the yellow mat?,yes,yes,1
Support,677,pilot_towers_nb4_fr015_SJ000_gr015sph_mono1_dis0_occ0_tdwroom_0040,Will the red sphere touch the yellow mat?,yes,yes,1
Support,678,pilot_towers_nb4_fr015_SJ000_gr015sph_mono1_dis0_occ0_tdwroom_0041,Will the red sphere touch the yellow mat?,no,no,1
Support,679,pilot_towers_nb4_fr015_SJ000_gr015sph_mono1_dis0_occ0_tdwroom_0042,Will the red sphere touch the yellow mat?,no,yes,0
Support,680,pilot_towers_nb4_fr015_SJ000_gr015sph_mono1_dis0_occ0_tdwroom_0043,Will the red sphere touch the yellow mat?,yes,yes,1
Support,681,pilot_towers_nb4_fr015_SJ000_gr015sph_mono1_dis0_occ0_tdwroom_0044,Will the red sphere touch the yellow mat?,no,no,1
Support,682,pilot_towers_nb4_fr015_SJ000_gr015sph_mono1_dis0_occ0_tdwroom_0045,Will the red sphere touch the yellow mat?,yes,yes,1
Support,683,pilot_towers_nb4_fr015_SJ000_gr015sph_mono1_dis0_occ0_tdwroom_0046,Will the red sphere touch the yellow mat?,no,yes,0
Support,684,pilot_towers_nb4_fr015_SJ000_gr015sph_mono1_dis0_occ0_tdwroom_0047,Will the red sphere touch the yellow mat?,no,no,1
Support,685,pilot_towers_nb4_fr015_SJ000_gr015sph_mono1_dis0_occ0_tdwroom_0048,Will the red sphere touch the yellow mat?,no,yes,0
Support,686,pilot_towers_nb4_fr015_SJ000_gr015sph_mono1_dis0_occ0_tdwroom_0049,Will the red sphere touch the yellow mat?,yes,yes,1
Support,687,pilot_towers_nb4_fr015_SJ000_gr015sph_mono1_dis0_occ0_tdwroom_0050,Will the red sphere touch the yellow mat?,yes,yes,1
Support,688,pilot_towers_nb4_fr015_SJ000_gr015sph_mono1_dis0_occ0_tdwroom_0051,Will the red sphere touch the yellow mat?,yes,yes,1
Support,689,pilot_towers_nb4_fr015_SJ000_gr015sph_mono1_dis0_occ0_tdwroom_0052,Will the red sphere touch the yellow mat?,yes,yes,1
Support,690,pilot_towers_nb4_fr015_SJ000_gr015sph_mono1_dis0_occ0_tdwroom_0053,Will the red sphere touch the yellow mat?,yes,yes,1
Support,691,pilot_towers_nb4_fr015_SJ000_gr015sph_mono1_dis0_occ0_tdwroom_0054,Will the red sphere touch the yellow mat?,no,no,1
Support,692,pilot_towers_nb4_fr015_SJ000_gr015sph_mono1_dis0_occ0_tdwroom_0055,Will the red sphere touch the yellow mat?,no,no,1
Support,693,pilot_towers_nb4_fr015_SJ000_gr015sph_mono1_dis0_occ0_tdwroom_0056,Will the red sphere touch the yellow mat?,no,no,1
Support,694,pilot_towers_nb4_fr015_SJ000_gr015sph_mono1_dis0_occ0_tdwroom_0057,Will the red sphere touch the yellow mat?,yes,yes,1
Support,695,pilot_towers_nb4_fr015_SJ000_gr015sph_mono1_dis0_occ0_tdwroom_0058,Will the red sphere touch the yellow mat?,yes,yes,1
Support,696,pilot_towers_nb4_fr015_SJ000_gr015sph_mono1_dis0_occ0_tdwroom_0059,Will the red sphere touch the yellow mat?,yes,yes,1
Support,697,pilot_towers_nb4_fr015_SJ000_gr015sph_mono1_dis0_occ0_tdwroom_0060,Will the red sphere touch the yellow mat?,yes,yes,1
Support,698,pilot_towers_nb4_fr015_SJ000_gr015sph_mono1_dis0_occ0_tdwroom_0061,Will the red sphere touch the yellow mat?,no,yes,0
Support,699,pilot_towers_nb4_fr015_SJ000_gr015sph_mono1_dis0_occ0_tdwroom_0062,Will the red sphere touch the yellow mat?,no,yes,0
Support,700,pilot_towers_nb4_fr015_SJ000_gr015sph_mono1_dis0_occ0_tdwroom_0063,Will the red sphere touch the yellow mat?,yes,yes,1
Support,701,pilot_towers_nb4_fr015_SJ000_gr015sph_mono1_dis0_occ0_tdwroom_0064,Will the red sphere touch the yellow mat?,no,no,1
Support,702,pilot_towers_nb4_fr015_SJ000_gr015sph_mono1_dis0_occ0_tdwroom_0065,Will the red sphere touch the yellow mat?,yes,yes,1
Support,703,pilot_towers_nb4_fr015_SJ000_gr015sph_mono1_dis0_occ0_tdwroom_0066,Will the red sphere touch the yellow mat?,yes,yes,1
Support,704,pilot_towers_nb4_fr015_SJ000_gr015sph_mono1_dis0_occ0_tdwroom_0067,Will the red sphere touch the yellow mat?,yes,yes,1
Support,705,pilot_towers_nb4_fr015_SJ000_gr015sph_mono1_dis0_occ0_tdwroom_0068,Will the red sphere touch the yellow mat?,yes,no,0
Support,706,pilot_towers_nb4_fr015_SJ000_gr015sph_mono1_dis0_occ0_tdwroom_0069,Will the red sphere touch the yellow mat?,no,no,1
Support,707,pilot_towers_nb4_fr015_SJ000_gr015sph_mono1_dis0_occ0_tdwroom_0070,Will the red sphere touch the yellow mat?,no,no,1
Support,708,pilot_towers_nb4_fr015_SJ000_gr015sph_mono1_dis0_occ0_tdwroom_0071,Will the red sphere touch the yellow mat?,yes,yes,1
Support,709,pilot_towers_nb4_fr015_SJ000_gr015sph_mono1_dis0_occ0_tdwroom_0072,Will the red sphere touch the yellow mat?,yes,yes,1
Support,710,pilot_towers_nb4_fr015_SJ000_gr015sph_mono1_dis0_occ0_tdwroom_0073,Will the red sphere touch the yellow mat?,no,no,1
Support,711,pilot_towers_nb4_fr015_SJ000_gr015sph_mono1_dis0_occ0_tdwroom_0074,Will the red sphere touch the yellow mat?,no,no,1
Support,712,pilot_towers_nb4_fr015_SJ000_gr015sph_mono1_dis0_occ0_tdwroom_0075,Will the red sphere touch the yellow mat?,no,yes,0
Support,713,pilot_towers_nb4_fr015_SJ000_gr015sph_mono1_dis0_occ0_tdwroom_0076,Will the red sphere touch the yellow mat?,no,no,1
Support,714,pilot_towers_nb4_fr015_SJ000_gr015sph_mono1_dis0_occ0_tdwroom_0077,Will the red sphere touch the yellow mat?,no,yes,0
Support,715,pilot_towers_nb4_fr015_SJ000_gr015sph_mono1_dis0_occ0_tdwroom_0078,Will the red sphere touch the yellow mat?,yes,yes,1
Support,716,pilot_towers_nb4_fr015_SJ000_gr015sph_mono1_dis0_occ0_tdwroom_0079,Will the red sphere touch the yellow mat?,no,yes,0
Support,717,pilot_towers_nb4_fr015_SJ000_gr015sph_mono1_dis0_occ0_tdwroom_0080,Will the red sphere touch the yellow mat?,yes,yes,1
Support,718,pilot_towers_nb4_fr015_SJ000_gr015sph_mono1_dis0_occ0_tdwroom_0081,Will the red sphere touch the yellow mat?,yes,yes,1
Support,719,pilot_towers_nb4_fr015_SJ000_gr015sph_mono1_dis0_occ0_tdwroom_0082,Will the red sphere touch the yellow mat?,yes,yes,1
Support,720,pilot_towers_nb4_fr015_SJ000_gr015sph_mono1_dis0_occ0_tdwroom_0083,Will the red sphere touch the yellow mat?,yes,yes,1
Support,721,pilot_towers_nb4_fr015_SJ000_gr015sph_mono1_dis0_occ0_tdwroom_0084,Will the red sphere touch the yellow mat?,no,no,1
Support,722,pilot_towers_nb4_fr015_SJ000_gr015sph_mono1_dis0_occ0_tdwroom_0085,Will the red sphere touch the yellow mat?,no,no,1
Support,723,pilot_towers_nb4_fr015_SJ000_gr015sph_mono1_dis0_occ0_tdwroom_0086,Will the red sphere touch the yellow mat?,no,no,1
Support,724,pilot_towers_nb4_fr015_SJ000_gr015sph_mono1_dis0_occ0_tdwroom_0087,Will the red sphere touch the yellow mat?,yes,yes,1
Support,725,pilot_towers_nb4_fr015_SJ000_gr015sph_mono1_dis0_occ0_tdwroom_0088,Will the red sphere touch the yellow mat?,yes,yes,1
Support,726,pilot_towers_nb4_fr015_SJ000_gr015sph_mono1_dis0_occ0_tdwroom_0089,Will the red sphere touch the yellow mat?,yes,yes,1
Support,727,pilot_towers_nb4_fr015_SJ000_gr015sph_mono1_dis0_occ0_tdwroom_0090,Will the red sphere touch the yellow mat?,no,yes,0
Support,728,pilot_towers_nb4_fr015_SJ000_gr01_mono0_dis1_occ1_tdwroom_0000,Will the red torus touch the yellow mat?,yes,yes,1
Support,729,pilot_towers_nb4_fr015_SJ000_gr01_mono0_dis1_occ1_tdwroom_0001,Will the red bowl touch the yellow mat?,no,no,1
Support,730,pilot_towers_nb4_fr015_SJ000_gr01_mono0_dis1_occ1_tdwroom_0002,Will the red bowl touch the yellow mat?,no,no,1
Support,731,pilot_towers_nb4_fr015_SJ000_gr01_mono0_dis1_occ1_tdwroom_0003,Will the red torus touch the yellow mat?,no,no,1
Support,732,pilot_towers_nb4_fr015_SJ000_gr01_mono0_dis1_occ1_tdwroom_0004,Will the red torus touch the yellow mat?,yes,no,0
Support,733,pilot_towers_nb4_fr015_SJ000_gr01_mono0_dis1_occ1_tdwroom_0005,Will the red torus touch the yellow mat?,yes,yes,1
Support,734,pilot_towers_nb4_fr015_SJ000_gr01_mono0_dis1_occ1_tdwroom_0006,Will the red bowl touch the yellow mat?,yes,yes,1
Support,735,pilot_towers_nb4_fr015_SJ000_gr01_mono0_dis1_occ1_tdwroom_0007,Will the red torus touch the yellow mat?,no,no,1
Support,736,pilot_towers_nb4_fr015_SJ000_gr01_mono0_dis1_occ1_tdwroom_0008,Will the red torus touch the yellow mat?,no,no,1
Support,737,pilot_towers_nb4_fr015_SJ000_gr01_mono0_dis1_occ1_tdwroom_0009,Will the red bowl touch the yellow mat?,no,no,1
Support,738,pilot_towers_nb4_fr015_SJ000_gr01_mono0_dis1_occ1_tdwroom_0010,Will the red pipe touch the yellow mat?,no,no,1
Support,739,pilot_towers_nb4_fr015_SJ000_gr01_mono0_dis1_occ1_tdwroom_0011,Will the red bowl touch the yellow mat?,no,yes,0
Support,740,pilot_towers_nb4_fr015_SJ000_gr01_mono0_dis1_occ1_tdwroom_0012,Will the red torus touch the yellow mat?,no,no,1
Support,741,pilot_towers_nb4_fr015_SJ000_gr01_mono0_dis1_occ1_tdwroom_0013,Will the red bowl touch the yellow mat?,no,no,1
Support,742,pilot_towers_nb4_fr015_SJ000_gr01_mono0_dis1_occ1_tdwroom_0014,Will the red torus touch the yellow mat?,yes,yes,1
Support,743,pilot_towers_nb4_fr015_SJ000_gr01_mono0_dis1_occ1_tdwroom_0015,Will the red bowl touch the yellow mat?,no,no,1
Support,744,pilot_towers_nb4_fr015_SJ000_gr01_mono0_dis1_occ1_tdwroom_0016,Will the red bowl touch the yellow mat?,yes,yes,1
Support,745,pilot_towers_nb4_fr015_SJ000_gr01_mono0_dis1_occ1_tdwroom_0017,Will the red bowl touch the yellow mat?,no,no,1
Support,746,pilot_towers_nb4_fr015_SJ000_gr01_mono0_dis1_occ1_tdwroom_0018,Will the red torus touch the yellow mat?,no,no,1
Support,747,pilot_towers_nb4_fr015_SJ000_gr01_mono0_dis1_occ1_tdwroom_0019,Will the red torus touch the yellow mat?,yes,yes,1
Support,748,pilot_towers_nb4_fr015_SJ000_gr01_mono0_dis1_occ1_tdwroom_0020,Will the red pipe touch the yellow mat?,yes,no,0
Support,749,pilot_towers_nb4_fr015_SJ000_gr01_mono0_dis1_occ1_tdwroom_0021,Will the red pipe touch the yellow mat?,no,no,1
Support,750,pilot_towers_nb4_fr015_SJ000_gr01_mono0_dis1_occ1_tdwroom_0022,Will the red torus touch the yellow mat?,no,no,1
Support,751,pilot_towers_nb4_fr015_SJ000_gr01_mono0_dis1_occ1_tdwroom_0023,Will the red bowl touch the yellow mat?,no,no,1
Support,752,pilot_towers_nb4_fr015_SJ000_gr01_mono0_dis1_occ1_tdwroom_0024,Will the red pipe touch the yellow mat?,no,yes,0
Support,753,pilot_towers_nb4_fr015_SJ000_gr01_mono0_dis1_occ1_tdwroom_0025,Will the red torus touch the yellow mat?,no,no,1
Support,754,pilot_towers_nb4_fr015_SJ000_gr01_mono0_dis1_occ1_tdwroom_0026,Will the red pipe touch the yellow mat?,no,no,1
Support,755,pilot_towers_nb4_fr015_SJ000_gr01_mono0_dis1_occ1_tdwroom_0027,Will the red pipe touch the yellow mat?,no,no,1
Support,756,pilot_towers_nb4_fr015_SJ000_gr01_mono0_dis1_occ1_tdwroom_0028,Will the red pipe touch the yellow mat?,no,no,1
Support,757,pilot_towers_nb4_fr015_SJ000_gr01_mono0_dis1_occ1_tdwroom_0029,Will the red torus touch the yellow mat?,yes,no,0
Support,758,pilot_towers_nb4_fr015_SJ000_gr01_mono0_dis1_occ1_tdwroom_0030,Will the red bowl touch the yellow mat?,no,no,1
Support,759,pilot_towers_nb4_fr015_SJ000_gr01_mono0_dis1_occ1_tdwroom_0031,Will the red pipe touch the yellow mat?,yes,yes,1
Support,760,pilot_towers_nb4_fr015_SJ000_gr01_mono0_dis1_occ1_tdwroom_0032,Will the red torus touch the yellow mat?,no,no,1
Support,761,pilot_towers_nb4_fr015_SJ000_gr01_mono0_dis1_occ1_tdwroom_0033,Will the red bowl touch the yellow mat?,no,no,1
Support,762,pilot_towers_nb4_fr015_SJ000_gr01_mono0_dis1_occ1_tdwroom_0034,Will the red bowl touch the yellow mat?,no,no,1
Support,763,pilot_towers_nb4_fr015_SJ000_gr01_mono0_dis1_occ1_tdwroom_0035,Will the red torus touch the yellow mat?,no,no,1
Support,764,pilot_towers_nb4_fr015_SJ000_gr01_mono0_dis1_occ1_tdwroom_0036,Will the red pipe touch the yellow mat?,yes,yes,1
Support,765,pilot_towers_nb4_fr015_SJ000_gr01_mono0_dis1_occ1_tdwroom_0037,Will the red bowl touch the yellow mat?,yes,no,0
Support,766,pilot_towers_nb4_fr015_SJ000_gr01_mono0_dis1_occ1_tdwroom_0038,Will the red bowl touch the yellow mat?,yes,no,0
Support,767,pilot_towers_nb4_fr015_SJ000_gr01_mono0_dis1_occ1_tdwroom_0039,Will the red pipe touch the yellow mat?,no,yes,0
Support,768,pilot_towers_nb4_fr015_SJ000_gr01_mono0_dis1_occ1_tdwroom_0040,Will the red torus touch the yellow mat?,no,no,1
Support,769,pilot_towers_nb4_fr015_SJ000_gr01_mono0_dis1_occ1_tdwroom_0041,Will the red pipe touch the yellow mat?,yes,yes,1
Support,770,pilot_towers_nb4_fr015_SJ000_gr01_mono0_dis1_occ1_tdwroom_0042,Will the red pipe touch the yellow mat?,no,no,1
Support,771,pilot_towers_nb4_fr015_SJ000_gr01_mono0_dis1_occ1_tdwroom_0043,Will the red pipe touch the yellow mat?,no,no,1
Support,772,pilot_towers_nb4_fr015_SJ000_gr01_mono0_dis1_occ1_tdwroom_0044,Will the red pipe touch the yellow mat?,no,no,1
Support,773,pilot_towers_nb4_fr015_SJ000_gr01_mono0_dis1_occ1_tdwroom_0045,Will the red pipe touch the yellow mat?,no,yes,0
Support,774,pilot_towers_nb4_fr015_SJ000_gr01_mono0_dis1_occ1_tdwroom_0046,Will the red torus touch the yellow mat?,yes,yes,1
Support,775,pilot_towers_nb4_fr015_SJ000_gr01_mono0_dis1_occ1_tdwroom_0047,Will the red pipe touch the yellow mat?,no,no,1
Support,776,pilot_towers_nb4_fr015_SJ000_gr01_mono0_dis1_occ1_tdwroom_0048,Will the red torus touch the yellow mat?,no,no,1
Support,777,pilot_towers_nb4_fr015_SJ000_gr01_mono0_dis1_occ1_tdwroom_0049,Will the red pipe touch the yellow mat?,yes,yes,1
Support,778,pilot_towers_nb4_fr015_SJ000_gr01_mono0_dis1_occ1_tdwroom_0050,Will the red torus touch the yellow mat?,yes,no,0
Support,779,pilot_towers_nb4_fr015_SJ000_gr01_mono0_dis1_occ1_tdwroom_0051,Will the red pipe touch the yellow mat?,no,no,1
Support,780,pilot_towers_nb4_fr015_SJ000_gr01_mono0_dis1_occ1_tdwroom_0052,Will the red pipe touch the yellow mat?,yes,yes,1
Support,781,pilot_towers_nb4_fr015_SJ000_gr01_mono0_dis1_occ1_tdwroom_0053,Will the red torus touch the yellow mat?,no,no,1
Support,782,pilot_towers_nb4_fr015_SJ000_gr01_mono0_dis1_occ1_tdwroom_0054,Will the red bowl touch the yellow mat?,yes,yes,1
Support,783,pilot_towers_nb4_fr015_SJ000_gr01_mono0_dis1_occ1_tdwroom_0055,Will the red torus touch the yellow mat?,yes,no,0
Support,784,pilot_towers_nb4_fr015_SJ000_gr01_mono0_dis1_occ1_tdwroom_0056,Will the red torus touch the yellow mat?,no,no,1
Support,785,pilot_towers_nb4_fr015_SJ000_gr01_mono0_dis1_occ1_tdwroom_0057,Will the red torus touch the yellow mat?,yes,yes,1
Support,786,pilot_towers_nb4_fr015_SJ000_gr01_mono0_dis1_occ1_tdwroom_0058,Will the red bowl touch the yellow mat?,no,no,1
Support,787,pilot_towers_nb4_fr015_SJ000_gr01_mono0_dis1_occ1_tdwroom_0059,Will the red torus touch the yellow mat?,no,no,1
Support,788,pilot_towers_nb4_fr015_SJ000_gr01_mono0_dis1_occ1_tdwroom_0060,Will the red torus touch the yellow mat?,yes,no,0
Support,789,pilot_towers_nb4_fr015_SJ000_gr01_mono0_dis1_occ1_tdwroom_0061,Will the red bowl touch the yellow mat?,yes,yes,1
Support,790,pilot_towers_nb4_fr015_SJ000_gr01_mono0_dis1_occ1_tdwroom_0062,Will the red pipe touch the yellow mat?,yes,yes,1
Support,791,pilot_towers_nb4_fr015_SJ000_gr01_mono0_dis1_occ1_tdwroom_0063,Will the red pipe touch the yellow mat?,yes,yes,1
Support,792,pilot_towers_nb4_fr015_SJ000_gr01_mono0_dis1_occ1_tdwroom_0064,Will the red torus touch the yellow mat?,yes,yes,1
Support,793,pilot_towers_nb4_fr015_SJ000_gr01_mono0_dis1_occ1_tdwroom_0065,Will the red pipe touch the yellow mat?,yes,yes,1
Support,794,pilot_towers_nb4_fr015_SJ000_gr01_mono0_dis1_occ1_tdwroom_0066,Will the red torus touch the yellow mat?,yes,no,0
Support,795,pilot_towers_nb4_fr015_SJ000_gr01_mono0_dis1_occ1_tdwroom_0067,Will the red pipe touch the yellow mat?,yes,no,0
Support,796,pilot_towers_nb4_fr015_SJ000_gr01_mono0_dis1_occ1_tdwroom_0068,Will the red pipe touch the yellow mat?,no,no,1
Support,797,pilot_towers_nb4_fr015_SJ000_gr01_mono0_dis1_occ1_tdwroom_0069,Will the red bowl touch the yellow mat?,no,no,1
Support,798,pilot_towers_nb4_fr015_SJ000_gr01_mono0_dis1_occ1_tdwroom_0070,Will the red pipe touch the yellow mat?,yes,no,0
Support,799,pilot_towers_nb4_fr015_SJ000_gr01_mono0_dis1_occ1_tdwroom_0071,Will the red bowl touch the yellow mat?,no,no,1
Support,800,pilot_towers_nb4_fr015_SJ000_gr01_mono0_dis1_occ1_tdwroom_0072,Will the red bowl touch the yellow mat?,yes,no,0
Support,801,pilot_towers_nb4_fr015_SJ000_gr01_mono0_dis1_occ1_tdwroom_0073,Will the red bowl touch the yellow mat?,no,yes,0
Support,802,pilot_towers_nb4_fr015_SJ000_gr01_mono0_dis1_occ1_tdwroom_0074,Will the red torus touch the yellow mat?,no,no,1
Support,803,pilot_towers_nb4_fr015_SJ000_gr01_mono0_dis1_occ1_tdwroom_0075,Will the red pipe touch the yellow mat?,no,yes,0
Support,804,pilot_towers_nb4_fr015_SJ000_gr01_mono0_dis1_occ1_tdwroom_0076,Will the red pipe touch the yellow mat?,no,no,1
Support,805,pilot_towers_nb4_fr015_SJ000_gr01_mono0_dis1_occ1_tdwroom_0077,Will the red pipe touch the yellow mat?,no,no,1
Support,806,pilot_towers_nb4_fr015_SJ000_gr01_mono0_dis1_occ1_tdwroom_0078,Will the red pipe touch the yellow mat?,no,no,1
Support,807,pilot_towers_nb4_fr015_SJ000_gr01_mono0_dis1_occ1_tdwroom_0079,Will the red bowl touch the yellow mat?,yes,no,0
Support,808,pilot_towers_nb4_fr015_SJ000_gr01_mono0_dis1_occ1_tdwroom_0080,Will the red torus touch the yellow mat?,no,no,1
Support,809,pilot_towers_nb4_fr015_SJ000_gr01_mono0_dis1_occ1_tdwroom_0081,Will the red bowl touch the yellow mat?,yes,yes,1
Support,810,pilot_towers_nb4_fr015_SJ000_gr01_mono0_dis1_occ1_tdwroom_0082,Will the red torus touch the yellow mat?,no,no,1
Support,811,pilot_towers_nb4_fr015_SJ000_gr01_mono0_dis1_occ1_tdwroom_0083,Will the red pipe touch the yellow mat?,no,yes,0
Support,812,pilot_towers_nb4_fr015_SJ000_gr01_mono0_dis1_occ1_tdwroom_0084,Will the red torus touch the yellow mat?,no,no,1
Support,813,pilot_towers_nb4_fr015_SJ000_gr01_mono0_dis1_occ1_tdwroom_0085,Will the red pipe touch the yellow mat?,yes,no,0
Support,814,pilot_towers_nb4_fr015_SJ000_gr01_mono0_dis1_occ1_tdwroom_0086,Will the red bowl touch the yellow mat?,no,no,1
Support,815,pilot_towers_nb4_fr015_SJ000_gr01_mono0_dis1_occ1_tdwroom_0087,Will the red pipe touch the yellow mat?,no,yes,0
Support,816,pilot_towers_nb4_fr015_SJ000_gr01_mono0_dis1_occ1_tdwroom_0088,Will the red pipe touch the yellow mat?,yes,no,0
Support,817,pilot_towers_nb4_fr015_SJ000_gr01_mono0_dis1_occ1_tdwroom_0089,Will the red bowl touch the yellow mat?,yes,no,0
Support,818,pilot_towers_nb4_fr015_SJ000_gr01_mono0_dis1_occ1_tdwroom_0090,Will the red bowl touch the yellow mat?,no,no,1
Support,819,pilot_towers_nb4_fr015_SJ000_gr01_mono1_dis0_occ0_boxroom_0000,Will the red pyramid touch the yellow mat?,no,yes,0
Support,820,pilot_towers_nb4_fr015_SJ000_gr01_mono1_dis0_occ0_boxroom_0001,Will the red cylinder touch the yellow mat?,no,no,1
Support,821,pilot_towers_nb4_fr015_SJ000_gr01_mono1_dis0_occ0_boxroom_0002,Will the red pyramid touch the yellow mat?,no,no,1
Support,822,pilot_towers_nb4_fr015_SJ000_gr01_mono1_dis0_occ0_boxroom_0003,Will the red cone touch the yellow mat?,no,no,1
Support,823,pilot_towers_nb4_fr015_SJ000_gr01_mono1_dis0_occ0_boxroom_0004,Will the red cylinder touch the yellow mat?,yes,no,0
Support,824,pilot_towers_nb4_fr015_SJ000_gr01_mono1_dis0_occ0_boxroom_0005,Will the red cone touch the yellow mat?,no,no,1
Support,825,pilot_towers_nb4_fr015_SJ000_gr01_mono1_dis0_occ0_boxroom_0006,Will the red cylinder touch the yellow mat?,yes,yes,1
Support,826,pilot_towers_nb4_fr015_SJ000_gr01_mono1_dis0_occ0_boxroom_0007,Will the red pyramid touch the yellow mat?,no,no,1
Support,827,pilot_towers_nb4_fr015_SJ000_gr01_mono1_dis0_occ0_boxroom_0008,Will the red cylinder touch the yellow mat?,yes,no,0
Support,828,pilot_towers_nb4_fr015_SJ000_gr01_mono1_dis0_occ0_boxroom_0009,Will the red cylinder touch the yellow mat?,no,no,1
Support,829,pilot_towers_nb4_fr015_SJ000_gr01_mono1_dis0_occ0_boxroom_0010,Will the red cylinder touch the yellow mat?,no,no,1
Support,830,pilot_towers_nb4_fr015_SJ000_gr01_mono1_dis0_occ0_boxroom_0011,Will the red pyramid touch the yellow mat?,yes,yes,1
Support,831,pilot_towers_nb4_fr015_SJ000_gr01_mono1_dis0_occ0_boxroom_0012,Will the red cylinder touch the yellow mat?,no,no,1
Support,832,pilot_towers_nb4_fr015_SJ000_gr01_mono1_dis0_occ0_boxroom_0013,Will the red cone touch the yellow mat?,no,no,1
Support,833,pilot_towers_nb4_fr015_SJ000_gr01_mono1_dis0_occ0_boxroom_0014,Will the red cylinder touch the yellow mat?,yes,yes,1
Support,834,pilot_towers_nb4_fr015_SJ000_gr01_mono1_dis0_occ0_boxroom_0015,Will the red cone touch the yellow mat?,no,no,1
Support,835,pilot_towers_nb4_fr015_SJ000_gr01_mono1_dis0_occ0_boxroom_0016,Will the red cylinder touch the yellow mat?,yes,no,0
Support,836,pilot_towers_nb4_fr015_SJ000_gr01_mono1_dis0_occ0_boxroom_0017,Will the red cylinder touch the yellow mat?,no,yes,0
Support,837,pilot_towers_nb4_fr015_SJ000_gr01_mono1_dis0_occ0_boxroom_0018,Will the red pyramid touch the yellow mat?,no,no,1
Support,838,pilot_towers_nb4_fr015_SJ000_gr01_mono1_dis0_occ0_boxroom_0019,Will the red cone touch the yellow mat?,no,yes,0
Support,839,pilot_towers_nb4_fr015_SJ000_gr01_mono1_dis0_occ0_boxroom_0020,Will the red cone touch the yellow mat?,no,yes,0
Support,840,pilot_towers_nb4_fr015_SJ000_gr01_mono1_dis0_occ0_boxroom_0021,Will the red cone touch the yellow mat?,no,yes,0
Support,841,pilot_towers_nb4_fr015_SJ000_gr01_mono1_dis0_occ0_boxroom_0022,Will the red pyramid touch the yellow mat?,no,yes,0
Support,842,pilot_towers_nb4_fr015_SJ000_gr01_mono1_dis0_occ0_boxroom_0023,Will the red cone touch the yellow mat?,no,no,1
Support,843,pilot_towers_nb4_fr015_SJ000_gr01_mono1_dis0_occ0_boxroom_0024,Will the red pyramid touch the yellow mat?,no,no,1
Support,844,pilot_towers_nb4_fr015_SJ000_gr01_mono1_dis0_occ0_boxroom_0025,Will the red pyramid touch the yellow mat?,no,yes,0
Support,845,pilot_towers_nb4_fr015_SJ000_gr01_mono1_dis0_occ0_boxroom_0026,Will the red cylinder touch the yellow mat?,no,no,1
Support,846,pilot_towers_nb4_fr015_SJ000_gr01_mono1_dis0_occ0_boxroom_0027,Will the red cone touch the yellow mat?,yes,yes,1
Support,847,pilot_towers_nb4_fr015_SJ000_gr01_mono1_dis0_occ0_boxroom_0028,Will the red pyramid touch the yellow mat?,no,no,1
Support,848,pilot_towers_nb4_fr015_SJ000_gr01_mono1_dis0_occ0_boxroom_0029,Will the red cone touch the yellow mat?,yes,yes,1
Support,849,pilot_towers_nb4_fr015_SJ000_gr01_mono1_dis0_occ0_boxroom_0030,Will the red cylinder touch the yellow mat?,no,no,1
Support,850,pilot_towers_nb4_fr015_SJ000_gr01_mono1_dis0_occ0_boxroom_0031,Will the red cylinder touch the yellow mat?,no,no,1
Support,851,pilot_towers_nb4_fr015_SJ000_gr01_mono1_dis0_occ0_boxroom_0032,Will the red cylinder touch the yellow mat?,no,no,1
Support,852,pilot_towers_nb4_fr015_SJ000_gr01_mono1_dis0_occ0_boxroom_0033,Will the red cylinder touch the yellow mat?,no,no,1
Support,853,pilot_towers_nb4_fr015_SJ000_gr01_mono1_dis0_occ0_boxroom_0034,Will the red pyramid touch the yellow mat?,no,yes,0
Support,854,pilot_towers_nb4_fr015_SJ000_gr01_mono1_dis0_occ0_boxroom_0035,Will the red cone touch the yellow mat?,yes,no,0
Support,855,pilot_towers_nb4_fr015_SJ000_gr01_mono1_dis0_occ0_boxroom_0036,Will the red cylinder touch the yellow mat?,no,no,1
Support,856,pilot_towers_nb4_fr015_SJ000_gr01_mono1_dis0_occ0_boxroom_0037,Will the red cone touch the yellow mat?,yes,no,0
Support,857,pilot_towers_nb4_fr015_SJ000_gr01_mono1_dis0_occ0_boxroom_0038,Will the red cylinder touch the yellow mat?,yes,no,0
Support,858,pilot_towers_nb4_fr015_SJ000_gr01_mono1_dis0_occ0_boxroom_0039,Will the red cone touch the yellow mat?,no,no,1
Support,859,pilot_towers_nb4_fr015_SJ000_gr01_mono1_dis0_occ0_boxroom_0040,Will the red cone touch the yellow mat?,yes,no,0
Support,860,pilot_towers_nb4_fr015_SJ000_gr01_mono1_dis0_occ0_boxroom_0041,Will the red cone touch the yellow mat?,yes,no,0
Support,861,pilot_towers_nb4_fr015_SJ000_gr01_mono1_dis0_occ0_boxroom_0042,Will the red cylinder touch the yellow mat?,yes,no,0
Support,862,pilot_towers_nb4_fr015_SJ000_gr01_mono1_dis0_occ0_boxroom_0043,Will the red cylinder touch the yellow mat?,yes,no,0
Support,863,pilot_towers_nb4_fr015_SJ000_gr01_mono1_dis0_occ0_boxroom_0044,Will the red pyramid touch the yellow mat?,yes,yes,1
Support,864,pilot_towers_nb4_fr015_SJ000_gr01_mono1_dis0_occ0_boxroom_0045,Will the red pyramid touch the yellow mat?,no,no,1
Support,865,pilot_towers_nb4_fr015_SJ000_gr01_mono1_dis0_occ0_boxroom_0046,Will the red cylinder touch the yellow mat?,yes,yes,1
Support,866,pilot_towers_nb4_fr015_SJ000_gr01_mono1_dis0_occ0_boxroom_0047,Will the red cylinder touch the yellow mat?,no,no,1
Support,867,pilot_towers_nb4_fr015_SJ000_gr01_mono1_dis0_occ0_boxroom_0048,Will the red cylinder touch the yellow mat?,no,yes,0
Support,868,pilot_towers_nb4_fr015_SJ000_gr01_mono1_dis0_occ0_boxroom_0049,Will the red cone touch the yellow mat?,yes,yes,1
Support,869,pilot_towers_nb4_fr015_SJ000_gr01_mono1_dis0_occ0_boxroom_0050,Will the red pyramid touch the yellow mat?,no,yes,0
Support,870,pilot_towers_nb4_fr015_SJ000_gr01_mono1_dis0_occ0_boxroom_0051,Will the red pyramid touch the yellow mat?,no,no,1
Support,871,pilot_towers_nb4_fr015_SJ000_gr01_mono1_dis0_occ0_boxroom_0052,Will the red pyramid touch the yellow mat?,no,no,1
Support,872,pilot_towers_nb4_fr015_SJ000_gr01_mono1_dis0_occ0_boxroom_0053,Will the red cone touch the yellow mat?,no,no,1
Support,873,pilot_towers_nb4_fr015_SJ000_gr01_mono1_dis0_occ0_boxroom_0054,Will the red cone touch the yellow mat?,yes,yes,1
Support,874,pilot_towers_nb4_fr015_SJ000_gr01_mono1_dis0_occ0_boxroom_0055,Will the red cylinder touch the yellow mat?,no,yes,0
Support,875,pilot_towers_nb4_fr015_SJ000_gr01_mono1_dis0_occ0_boxroom_0056,Will the red cone touch the yellow mat?,no,no,1
Support,876,pilot_towers_nb4_fr015_SJ000_gr01_mono1_dis0_occ0_boxroom_0057,Will the red pyramid touch the yellow mat?,yes,no,0
Support,877,pilot_towers_nb4_fr015_SJ000_gr01_mono1_dis0_occ0_boxroom_0058,Will the red cone touch the yellow mat?,no,yes,0
Support,878,pilot_towers_nb4_fr015_SJ000_gr01_mono1_dis0_occ0_boxroom_0059,Will the red pyramid touch the yellow mat?,yes,no,0
Support,879,pilot_towers_nb4_fr015_SJ000_gr01_mono1_dis0_occ0_boxroom_0060,Will the red pyramid touch the yellow mat?,yes,no,0
Support,880,pilot_towers_nb4_fr015_SJ000_gr01_mono1_dis0_occ0_boxroom_0061,Will the red cone touch the yellow mat?,yes,yes,1
Support,881,pilot_towers_nb4_fr015_SJ000_gr01_mono1_dis0_occ0_boxroom_0062,Will the red cone touch the yellow mat?,yes,yes,1
Support,882,pilot_towers_nb4_fr015_SJ000_gr01_mono1_dis0_occ0_boxroom_0063,Will the red cone touch the yellow mat?,no,no,1
Support,883,pilot_towers_nb4_fr015_SJ000_gr01_mono1_dis0_occ0_boxroom_0064,Will the red cylinder touch the yellow mat?,yes,yes,1
Support,884,pilot_towers_nb4_fr015_SJ000_gr01_mono1_dis0_occ0_boxroom_0065,Will the red cone touch the yellow mat?,yes,no,0
Support,885,pilot_towers_nb4_fr015_SJ000_gr01_mono1_dis0_occ0_boxroom_0066,Will the red cone touch the yellow mat?,no,no,1
Support,886,pilot_towers_nb4_fr015_SJ000_gr01_mono1_dis0_occ0_boxroom_0067,Will the red cylinder touch the yellow mat?,yes,yes,1
Support,887,pilot_towers_nb4_fr015_SJ000_gr01_mono1_dis0_occ0_boxroom_0068,Will the red cylinder touch the yellow mat?,no,no,1
Support,888,pilot_towers_nb4_fr015_SJ000_gr01_mono1_dis0_occ0_boxroom_0069,Will the red cylinder touch the yellow mat?,no,no,1
Support,889,pilot_towers_nb4_fr015_SJ000_gr01_mono1_dis0_occ0_boxroom_0070,Will the red cylinder touch the yellow mat?,yes,yes,1
Support,890,pilot_towers_nb4_fr015_SJ000_gr01_mono1_dis0_occ0_boxroom_0071,Will the red pyramid touch the yellow mat?,no,no,1
Support,891,pilot_towers_nb4_fr015_SJ000_gr01_mono1_dis0_occ0_boxroom_0072,Will the red pyramid touch the yellow mat?,no,yes,0
Support,892,pilot_towers_nb4_fr015_SJ000_gr01_mono1_dis0_occ0_boxroom_0073,Will the red cylinder touch the yellow mat?,no,no,1
Support,893,pilot_towers_nb4_fr015_SJ000_gr01_mono1_dis0_occ0_boxroom_0074,Will the red cylinder touch the yellow mat?,no,no,1
Support,894,pilot_towers_nb4_fr015_SJ000_gr01_mono1_dis0_occ0_boxroom_0075,Will the red pyramid touch the yellow mat?,no,yes,0
Support,895,pilot_towers_nb4_fr015_SJ000_gr01_mono1_dis0_occ0_boxroom_0076,Will the red cone touch the yellow mat?,no,no,1
Support,896,pilot_towers_nb4_fr015_SJ000_gr01_mono1_dis0_occ0_boxroom_0077,Will the red cylinder touch the yellow mat?,no,yes,0
Support,897,pilot_towers_nb4_fr015_SJ000_gr01_mono1_dis0_occ0_boxroom_0078,Will the red cone touch the yellow mat?,no,no,1
Support,898,pilot_towers_nb4_fr015_SJ000_gr01_mono1_dis0_occ0_boxroom_0079,Will the red cone touch the yellow mat?,no,no,1
Support,899,pilot_towers_nb4_fr015_SJ000_gr01_mono1_dis0_occ0_boxroom_0080,Will the red cone touch the yellow mat?,no,no,1
Support,900,pilot_towers_nb4_fr015_SJ000_gr01_mono1_dis0_occ0_boxroom_0081,Will the red pyramid touch the yellow mat?,no,no,1
Support,901,pilot_towers_nb4_fr015_SJ000_gr01_mono1_dis0_occ0_boxroom_0082,Will the red pyramid touch the yellow mat?,no,yes,0
Support,902,pilot_towers_nb4_fr015_SJ000_gr01_mono1_dis0_occ0_boxroom_0083,Will the red cylinder touch the yellow mat?,yes,yes,1
Support,903,pilot_towers_nb4_fr015_SJ000_gr01_mono1_dis0_occ0_boxroom_0084,Will the red cone touch the yellow mat?,no,no,1
Support,904,pilot_towers_nb4_fr015_SJ000_gr01_mono1_dis0_occ0_boxroom_0085,Will the red cylinder touch the yellow mat?,yes,yes,1
Support,905,pilot_towers_nb4_fr015_SJ000_gr01_mono1_dis0_occ0_boxroom_0086,Will the red cone touch the yellow mat?,no,no,1
Support,906,pilot_towers_nb4_fr015_SJ000_gr01_mono1_dis0_occ0_boxroom_0087,Will the red cylinder touch the yellow mat?,yes,yes,1
Support,907,pilot_towers_nb4_fr015_SJ000_gr01_mono1_dis0_occ0_boxroom_0088,Will the red cylinder touch the yellow mat?,yes,no,0
Support,908,pilot_towers_nb4_fr015_SJ000_gr01_mono1_dis0_occ0_boxroom_0089,Will the red cylinder touch the yellow mat?,yes,yes,1
Support,909,pilot_towers_nb4_fr015_SJ000_gr01_mono1_dis0_occ0_boxroom_0090,Will the red cylinder touch the yellow mat?,no,no,1
Support,910,pilot_towers_nb5_fr015_SJ030_mono0_dis0_occ0_boxroom_0000,Will the red cone touch the yellow mat?,yes,yes,1
Support,911,pilot_towers_nb5_fr015_SJ030_mono0_dis0_occ0_boxroom_0001,Will the red cone touch the yellow mat?,yes,no,0
Support,912,pilot_towers_nb5_fr015_SJ030_mono0_dis0_occ0_boxroom_0002,Will the red cone touch the yellow mat?,yes,no,0
Support,913,pilot_towers_nb5_fr015_SJ030_mono0_dis0_occ0_boxroom_0003,Will the red cone touch the yellow mat?,yes,no,0
Support,914,pilot_towers_nb5_fr015_SJ030_mono0_dis0_occ0_boxroom_0004,Will the red cone touch the yellow mat?,yes,no,0
Support,915,pilot_towers_nb5_fr015_SJ030_mono0_dis0_occ0_boxroom_0005,Will the red cone touch the yellow mat?,no,no,1
Support,916,pilot_towers_nb5_fr015_SJ030_mono0_dis0_occ0_boxroom_0006,Will the red cone touch the yellow mat?,no,no,1
Support,917,pilot_towers_nb5_fr015_SJ030_mono0_dis0_occ0_boxroom_0007,Will the red cone touch the yellow mat?,yes,yes,1
Support,918,pilot_towers_nb5_fr015_SJ030_mono0_dis0_occ0_boxroom_0008,Will the red cone touch the yellow mat?,yes,no,0
Support,919,pilot_towers_nb5_fr015_SJ030_mono0_dis0_occ0_boxroom_0009,Will the red cone touch the yellow mat?,yes,no,0
Support,920,pilot_towers_nb5_fr015_SJ030_mono0_dis0_occ0_boxroom_0010,Will the red cone touch the yellow mat?,no,no,1
Support,921,pilot_towers_nb5_fr015_SJ030_mono0_dis0_occ0_boxroom_0011,Will the red cone touch the yellow mat?,yes,no,0
Support,922,pilot_towers_nb5_fr015_SJ030_mono0_dis0_occ0_boxroom_0012,Will the red cone touch the yellow mat?,yes,yes,1
Support,923,pilot_towers_nb5_fr015_SJ030_mono0_dis0_occ0_boxroom_0013,Will the red cone touch the yellow mat?,no,no,1
Support,924,pilot_towers_nb5_fr015_SJ030_mono0_dis0_occ0_boxroom_0014,Will the red cone touch the yellow mat?,no,no,1
Support,925,pilot_towers_nb5_fr015_SJ030_mono0_dis0_occ0_boxroom_0015,Will the red cone touch the yellow mat?,yes,no,0
Support,926,pilot_towers_nb5_fr015_SJ030_mono0_dis0_occ0_boxroom_0016,Will the red cone touch the yellow mat?,yes,no,0
Support,927,pilot_towers_nb5_fr015_SJ030_mono0_dis0_occ0_boxroom_0017,Will the red cone touch the yellow mat?,no,no,1
Support,928,pilot_towers_nb5_fr015_SJ030_mono0_dis0_occ0_boxroom_0018,Will the red cone touch the yellow mat?,no,no,1
Support,929,pilot_towers_nb5_fr015_SJ030_mono0_dis0_occ0_boxroom_0019,Will the red cone touch the yellow mat?,no,no,1
Support,930,pilot_towers_nb5_fr015_SJ030_mono0_dis0_occ0_boxroom_0020,Will the red cone touch the yellow mat?,yes,yes,1
Support,931,pilot_towers_nb5_fr015_SJ030_mono0_dis0_occ0_boxroom_0021,Will the red cone touch the yellow mat?,no,no,1
Support,932,pilot_towers_nb5_fr015_SJ030_mono0_dis0_occ0_boxroom_0022,Will the red cone touch the yellow mat?,yes,no,0
Support,933,pilot_towers_nb5_fr015_SJ030_mono0_dis0_occ0_boxroom_0023,Will the red cone touch the yellow mat?,no,no,1
Support,934,pilot_towers_nb5_fr015_SJ030_mono0_dis0_occ0_boxroom_0024,Will the red cone touch the yellow mat?,yes,yes,1
Support,935,pilot_towers_nb5_fr015_SJ030_mono0_dis0_occ0_boxroom_0025,Will the red cone touch the yellow mat?,yes,no,0
Support,936,pilot_towers_nb5_fr015_SJ030_mono0_dis0_occ0_boxroom_0026,Will the red cone touch the yellow mat?,yes,no,0
Support,937,pilot_towers_nb5_fr015_SJ030_mono0_dis0_occ0_boxroom_0027,Will the red cone touch the yellow mat?,no,no,1
Support,938,pilot_towers_nb5_fr015_SJ030_mono0_dis0_occ0_boxroom_0028,Will the red cone touch the yellow mat?,yes,yes,1
Support,939,pilot_towers_nb5_fr015_SJ030_mono0_dis0_occ0_boxroom_0029,Will the red cone touch the yellow mat?,yes,yes,1
Support,940,pilot_towers_nb5_fr015_SJ030_mono0_dis0_occ0_boxroom_0030,Will the red cone touch the yellow mat?,yes,yes,1
Support,941,pilot_towers_nb5_fr015_SJ030_mono0_dis0_occ0_boxroom_0031,Will the red cone touch the yellow mat?,yes,no,0
Support,942,pilot_towers_nb5_fr015_SJ030_mono0_dis0_occ0_boxroom_0032,Will the red cone touch the yellow mat?,no,no,1
Support,943,pilot_towers_nb5_fr015_SJ030_mono0_dis0_occ0_boxroom_0033,Will the red cone touch the yellow mat?,no,no,1
Support,944,pilot_towers_nb5_fr015_SJ030_mono0_dis0_occ0_boxroom_0034,Will the red cone touch the yellow mat?,yes,yes,1
Support,945,pilot_towers_nb5_fr015_SJ030_mono0_dis0_occ0_boxroom_0035,Will the red cone touch the yellow mat?,yes,no,0
Support,946,pilot_towers_nb5_fr015_SJ030_mono0_dis0_occ0_boxroom_0036,Will the red cone touch the yellow mat?,no,no,1
Support,947,pilot_towers_nb5_fr015_SJ030_mono0_dis0_occ0_boxroom_0037,Will the red cone touch the yellow mat?,yes,no,0
Support,948,pilot_towers_nb5_fr015_SJ030_mono0_dis0_occ0_boxroom_0038,Will the red cone touch the yellow mat?,yes,no,0
Support,949,pilot_towers_nb5_fr015_SJ030_mono0_dis0_occ0_boxroom_0039,Will the red cone touch the yellow mat?,yes,yes,1
Support,950,pilot_towers_nb5_fr015_SJ030_mono0_dis0_occ0_boxroom_0040,Will the red cone touch the yellow mat?,yes,yes,1
Support,951,pilot_towers_nb5_fr015_SJ030_mono0_dis0_occ0_boxroom_0041,Will the red cone touch the yellow mat?,yes,yes,1
Support,952,pilot_towers_nb5_fr015_SJ030_mono0_dis0_occ0_boxroom_0042,Will the red cone touch the yellow mat?,yes,no,0
Support,953,pilot_towers_nb5_fr015_SJ030_mono0_dis0_occ0_boxroom_0043,Will the red cone touch the yellow mat?,yes,no,0
Support,954,pilot_towers_nb5_fr015_SJ030_mono0_dis0_occ0_boxroom_0044,Will the red cone touch the yellow mat?,no,no,1
Support,955,pilot_towers_nb5_fr015_SJ030_mono0_dis0_occ0_boxroom_0045,Will the red cone touch the yellow mat?,yes,no,0
Support,956,pilot_towers_nb5_fr015_SJ030_mono0_dis0_occ0_boxroom_0046,Will the red cone touch the yellow mat?,yes,yes,1
Support,957,pilot_towers_nb5_fr015_SJ030_mono0_dis0_occ0_boxroom_0047,Will the red cone touch the yellow mat?,yes,yes,1
Support,958,pilot_towers_nb5_fr015_SJ030_mono0_dis0_occ0_boxroom_0048,Will the red cone touch the yellow mat?,yes,no,0
Support,959,pilot_towers_nb5_fr015_SJ030_mono0_dis0_occ0_boxroom_0049,Will the red cone touch the yellow mat?,yes,no,0
Support,960,pilot_towers_nb5_fr015_SJ030_mono0_dis0_occ0_boxroom_0050,Will the red cone touch the yellow mat?,yes,no,0
Support,961,pilot_towers_nb5_fr015_SJ030_mono0_dis0_occ0_boxroom_0051,Will the red cone touch the yellow mat?,no,no,1
Support,962,pilot_towers_nb5_fr015_SJ030_mono0_dis0_occ0_boxroom_0052,Will the red cone touch the yellow mat?,yes,no,0
Support,963,pilot_towers_nb5_fr015_SJ030_mono0_dis0_occ0_boxroom_0053,Will the red cone touch the yellow mat?,yes,yes,1
Support,964,pilot_towers_nb5_fr015_SJ030_mono0_dis0_occ0_boxroom_0054,Will the red cone touch the yellow mat?,no,no,1
Support,965,pilot_towers_nb5_fr015_SJ030_mono0_dis0_occ0_boxroom_0055,Will the red cone touch the yellow mat?,no,no,1
Support,966,pilot_towers_nb5_fr015_SJ030_mono0_dis0_occ0_boxroom_0056,Will the red cone touch the yellow mat?,no,no,1
Support,967,pilot_towers_nb5_fr015_SJ030_mono0_dis0_occ0_boxroom_0057,Will the red cone touch the yellow mat?,yes,no,0
Support,968,pilot_towers_nb5_fr015_SJ030_mono0_dis0_occ0_boxroom_0058,Will the red cone touch the yellow mat?,yes,no,0
Support,969,pilot_towers_nb5_fr015_SJ030_mono0_dis0_occ0_boxroom_0059,Will the red cone touch the yellow mat?,yes,no,0
Support,970,pilot_towers_nb5_fr015_SJ030_mono0_dis0_occ0_boxroom_0060,Will the red cone touch the yellow mat?,yes,no,0
Support,971,pilot_towers_nb5_fr015_SJ030_mono0_dis0_occ0_boxroom_0061,Will the red cone touch the yellow mat?,yes,no,0
Support,972,pilot_towers_nb5_fr015_SJ030_mono0_dis0_occ0_boxroom_0062,Will the red cone touch the yellow mat?,yes,yes,1
Support,973,pilot_towers_nb5_fr015_SJ030_mono0_dis0_occ0_boxroom_0063,Will the red cone touch the yellow mat?,yes,no,0
Support,974,pilot_towers_nb5_fr015_SJ030_mono0_dis0_occ0_boxroom_0064,Will the red cone touch the yellow mat?,yes,yes,1
Support,975,pilot_towers_nb5_fr015_SJ030_mono0_dis0_occ0_boxroom_0065,Will the red cone touch the yellow mat?,no,no,1
Support,976,pilot_towers_nb5_fr015_SJ030_mono0_dis0_occ0_boxroom_0066,Will the red cone touch the yellow mat?,no,no,1
Support,977,pilot_towers_nb5_fr015_SJ030_mono0_dis0_occ0_boxroom_0067,Will the red cone touch the yellow mat?,yes,yes,1
Support,978,pilot_towers_nb5_fr015_SJ030_mono0_dis0_occ0_boxroom_0068,Will the red cone touch the yellow mat?,yes,no,0
Support,979,pilot_towers_nb5_fr015_SJ030_mono0_dis0_occ0_boxroom_0069,Will the red cone touch the yellow mat?,no,no,1
Support,980,pilot_towers_nb5_fr015_SJ030_mono0_dis0_occ0_boxroom_0070,Will the red cone touch the yellow mat?,yes,no,0
Support,981,pilot_towers_nb5_fr015_SJ030_mono0_dis0_occ0_boxroom_0071,Will the red cone touch the yellow mat?,yes,no,0
Support,982,pilot_towers_nb5_fr015_SJ030_mono0_dis0_occ0_boxroom_0072,Will the red cone touch the yellow mat?,yes,yes,1
Support,983,pilot_towers_nb5_fr015_SJ030_mono0_dis0_occ0_boxroom_0073,Will the red cone touch the yellow mat?,no,yes,0
Support,984,pilot_towers_nb5_fr015_SJ030_mono0_dis0_occ0_boxroom_0074,Will the red cone touch the yellow mat?,yes,yes,1
Support,985,pilot_towers_nb5_fr015_SJ030_mono0_dis0_occ0_boxroom_0075,Will the red cone touch the yellow mat?,yes,yes,1
Support,986,pilot_towers_nb5_fr015_SJ030_mono0_dis0_occ0_boxroom_0076,Will the red cone touch the yellow mat?,no,no,1
Support,987,pilot_towers_nb5_fr015_SJ030_mono0_dis0_occ0_boxroom_0077,Will the red cone touch the yellow mat?,yes,no,0
Support,988,pilot_towers_nb5_fr015_SJ030_mono0_dis0_occ0_boxroom_0078,Will the red cone touch the yellow mat?,no,no,1
Support,989,pilot_towers_nb5_fr015_SJ030_mono0_dis0_occ0_boxroom_0079,Will the red cone touch the yellow mat?,no,no,1
Support,990,pilot_towers_nb5_fr015_SJ030_mono0_dis0_occ0_boxroom_0080,Will the red cone touch the yellow mat?,yes,yes,1
Support,991,pilot_towers_nb5_fr015_SJ030_mono0_dis0_occ0_boxroom_0081,Will the red cone touch the yellow mat?,yes,yes,1
Support,992,pilot_towers_nb5_fr015_SJ030_mono0_dis0_occ0_boxroom_0082,Will the red cone touch the yellow mat?,yes,yes,1
Support,993,pilot_towers_nb5_fr015_SJ030_mono0_dis0_occ0_boxroom_0083,Will the red cone touch the yellow mat?,no,no,1
Support,994,pilot_towers_nb5_fr015_SJ030_mono0_dis0_occ0_boxroom_0084,Will the red cone touch the yellow mat?,yes,no,0
Support,995,pilot_towers_nb5_fr015_SJ030_mono0_dis0_occ0_boxroom_0085,Will the red cone touch the yellow mat?,yes,no,0
Support,996,pilot_towers_nb5_fr015_SJ030_mono0_dis0_occ0_boxroom_0086,Will the red cone touch the yellow mat?,yes,no,0
Support,997,pilot_towers_nb5_fr015_SJ030_mono0_dis0_occ0_boxroom_0087,Will the red cone touch the yellow mat?,no,no,1
Support,998,pilot_towers_nb5_fr015_SJ030_mono0_dis0_occ0_boxroom_0088,Will the red cone touch the yellow mat?,no,no,1
Support,999,pilot_towers_nb5_fr015_SJ030_mono0_dis0_occ0_boxroom_0089,Will the red cone touch the yellow mat?,yes,yes,1
Support,1000,pilot_towers_nb5_fr015_SJ030_mono0_dis0_occ0_boxroom_0090,Will the red cone touch the yellow mat?,yes,yes,1
